"terme","beta","SE","z","p_value","IC95_inf","IC95_sup","ratio","ratio_IC95_inf","ratio_IC95_sup","modele","reponse","source","vent","version"
"(Intercept)",5.81848955368714,0.521243581178084,11.1627073479476,6.20719958062853e-29,4.7968521345781,6.84012697279618,336.463459632787,121.128520472633,934.607796960928,"presence_IC_moyen_complet","presence","IC","moyen","complet"
"temperature_z",0.0844626152217896,0.119783107417132,0.705129605025667,0.480729584290735,-0.15031227531579,0.319237505759369,1.08813216389199,0.860439240531893,1.3760781125746,"presence_IC_moyen_complet","presence","IC","moyen","complet"
"humidite_z",0.00662824294350201,0.110616685497096,0.0599208240033192,0.952218694537173,-0.210180460630807,0.223436946517811,1.00665025836006,0.810437980623803,1.25036679781023,"presence_IC_moyen_complet","presence","IC","moyen","complet"
"pression_z",-0.233084126843984,0.090134138922004,-2.58596941882009,0.00971055456787675,-0.409747039131112,-0.0564212145568565,0.792086934947308,0.663818148915247,0.945140944910088,"presence_IC_moyen_complet","presence","IC","moyen","complet"
"vent_IC_moyen_z",-0.117783170654655,0.0682614879679644,-1.7254703077954,0.0844427502995718,-0.251575687071866,0.0160093457625548,0.888888768890433,0.77757460303767,1.01613818194789,"presence_IC_moyen_complet","presence","IC","moyen","complet"
"direction_IC_sin",-0.00630432849859224,0.0995487531261993,-0.0633290553684802,0.949504479355437,-0.201419884625943,0.188811227628758,0.993715502085594,0.81756907478864,1.20781292925066,"presence_IC_moyen_complet","presence","IC","moyen","complet"
"direction_IC_cos",-0.122225860435552,0.107996688171757,-1.13175563533176,0.257737184184395,-0.333899369252195,0.0894476483810904,0.884948471081898,0.71612584288048,1.09357008164959,"presence_IC_moyen_complet","presence","IC","moyen","complet"
"pluie",-0.153538140242737,0.193907768821664,-0.791810153743479,0.42847138094347,-0.533597367133199,0.226521086647725,0.857668051907317,0.586491345526401,1.25422905704135,"presence_IC_moyen_complet","presence","IC","moyen","complet"
"saisonete",-0.0115860883457932,0.287284647371816,-0.040329646752052,0.967830318309696,-0.574663997194552,0.551491820502966,0.98848077191039,0.562893970989167,1.73584064991765,"presence_IC_moyen_complet","presence","IC","moyen","complet"
"saisonprintemps",-0.821864348630752,0.31510792392695,-2.60819956029186,0.00910198734441206,-1.43947587952757,-0.20425281773393,0.439611301303781,0.237051969918916,0.815256233897183,"presence_IC_moyen_complet","presence","IC","moyen","complet"
"heure10",0.190474443909476,0.198369341014895,0.960201021664807,0.336954052767075,-0.198329464479717,0.57927835229867,1.20982345488467,0.820099614930381,1.78475000517263,"presence_IC_moyen_complet","presence","IC","moyen","complet"
"heure11",0.0698563089823376,0.206430895548726,0.338400455012552,0.735061431284624,-0.334748246293166,0.474460864257841,1.07235408253377,0.71551819803838,1.60714749321464,"presence_IC_moyen_complet","presence","IC","moyen","complet"
"heure12",0.334648316651067,0.217583495841958,1.53802252030245,0.124043108517849,-0.0918153351991708,0.761111968501305,1.39744883930551,0.912273598813713,2.14065523875265,"presence_IC_moyen_complet","presence","IC","moyen","complet"
"heure13",0.662237090274508,0.229321026190176,2.88781670515164,0.00387925857230076,0.212767878941762,1.11170630160725,1.93912548453339,1.23709746154158,3.03954034476892,"presence_IC_moyen_complet","presence","IC","moyen","complet"
"heure14",0.305235230166102,0.236097337498784,1.29283639281902,0.196067650567972,-0.157515551331514,0.767986011663718,1.35694415966718,0.854263528569847,2.15542088696853,"presence_IC_moyen_complet","presence","IC","moyen","complet"
"heure15",0.215354814411674,0.240795290245386,0.894348116992713,0.371135662803344,-0.256603954469281,0.68731358329263,1.24030189588995,0.773674563450318,1.98836677024474,"presence_IC_moyen_complet","presence","IC","moyen","complet"
"heure16",0.119509870036949,0.242133146366769,0.493570879618119,0.621609270791662,-0.355071096841918,0.594090836915816,1.12694436699486,0.701123593763213,1.81138335323279,"presence_IC_moyen_complet","presence","IC","moyen","complet"
"heure17",-0.297197810600342,0.239727663628268,-1.23973097681872,0.215074915577988,-0.767064031311747,0.172668410111062,0.742897044916112,0.464374457702433,1.18847195445608,"presence_IC_moyen_complet","presence","IC","moyen","complet"
"heure18",0.00593782381223647,0.231911173370852,0.0256038711974487,0.979573298314518,-0.448608075994633,0.460483723619106,1.00595548763229,0.638516299526313,1.5848404243529,"presence_IC_moyen_complet","presence","IC","moyen","complet"
"heure19",-0.0590756129075552,0.223497488630633,-0.264323385777222,0.791530741645706,-0.497130690623596,0.378979464808485,0.942635491052118,0.608273482975476,1.46079303777063,"presence_IC_moyen_complet","presence","IC","moyen","complet"
"heure20",-0.0920431256449111,0.223860608132041,-0.411162671329029,0.680953257943607,-0.530809917583712,0.34672366629389,0.912065815270454,0.588128441164013,1.41442581783419,"presence_IC_moyen_complet","presence","IC","moyen","complet"
"groupeG2",-5.21045576423333,0.467626082781477,-11.142354877301,7.80284251969122e-29,-6.12700288648503,-4.29390864198164,0.00545918501928591,0.00218311420647799,0.0136514622031049,"presence_IC_moyen_complet","presence","IC","moyen","complet"
"groupeG3",-8.85300151244889,0.553763210752491,-15.986980248144,1.5748192469012e-57,-9.93837740552377,-7.767625619374,0.000142952019432757,4.82855890333519e-05,0.000423216952904692,"presence_IC_moyen_complet","presence","IC","moyen","complet"
"groupeG4",-6.23680040670411,0.628619942694166,-9.92141671480254,3.35953359243205e-23,-7.46889549438468,-5.00470531902355,0.00195610425888003,0.000570558133646986,0.00670631728120451,"presence_IC_moyen_complet","presence","IC","moyen","complet"
"groupeG5",-7.69072841739053,0.719551705712762,-10.6882220642815,1.15565045431009e-26,-9.10104976058754,-6.28040707419352,0.00045704513083184,0.000111548647631571,0.00187263813638538,"presence_IC_moyen_complet","presence","IC","moyen","complet"
"groupeG6",-7.84471544829737,0.474489257466171,-16.5329674483867,2.12423341678526e-61,-8.77471439293107,-6.91471650366368,0.000391817084480975,0.000154593047621159,0.000993062948518774,"presence_IC_moyen_complet","presence","IC","moyen","complet"
"groupeG7",-1.60450445295707,0.47320837458432,-3.39069327411316,0.000697160780410193,-2.53199286714234,-0.677016038771806,0.200989129805108,0.0795004285204261,0.508130975538518,"presence_IC_moyen_complet","presence","IC","moyen","complet"
"groupeG8",-2.53203593020671,0.680565329877063,-3.72048915666053,0.000198837279568079,-3.86594397676575,-1.19812788364766,0.0794970050620683,0.0209431432623384,0.301758610666778,"presence_IC_moyen_complet","presence","IC","moyen","complet"
"groupeG9",-2.27796010752345,0.455370042828623,-5.00243734386531,5.66099839011732e-07,-3.17048539146755,-1.38543482357935,0.102493068454606,0.0419832146627427,0.2502149767622,"presence_IC_moyen_complet","presence","IC","moyen","complet"
"(Intercept)",3.53174494877369,0.0903819913580031,39.0757594041544,0,3.354596245712,3.70889365183538,34.1835641715446,28.6340407397359,40.8086329865607,"intensite_IC_moyen_complet","intensite","IC","moyen","complet"
"temperature_z",-0.0335991866816772,0.0270709245073534,-1.24115401646333,0.214548858165155,-0.0866581987160898,0.0194598253527353,0.966958997020543,0.916990470594302,1.01965040194256,"intensite_IC_moyen_complet","intensite","IC","moyen","complet"
"humidite_z",0.086287780292592,0.0231050166015775,3.73459070731421,0.000188020716722296,0.0410019477535,0.131573612831684,1.090119998221,1.04185413481854,1.14062186903768,"intensite_IC_moyen_complet","intensite","IC","moyen","complet"
"pression_z",-0.00673277805418003,0.0208201259145945,-0.323378354280772,0.746408720434915,-0.0475402248467853,0.0340746687384252,0.993289836315011,0.95357211506893,1.03466186073969,"intensite_IC_moyen_complet","intensite","IC","moyen","complet"
"vent_IC_moyen_z",-0.008032021975726,0.0128253668587114,-0.626260602461474,0.531144023110572,-0.0331697410188003,0.0171056970673483,0.992000148523777,0.967374342545777,1.01725283728479,"intensite_IC_moyen_complet","intensite","IC","moyen","complet"
"direction_IC_sin",0.0367573028759543,0.0206554441760463,1.77954550687325,0.0751503711128757,-0.00372736770909634,0.077241973461005,1.03744120628493,0.996279570303072,1.08030344953326,"intensite_IC_moyen_complet","intensite","IC","moyen","complet"
"direction_IC_cos",0.0255276860195237,0.021697046761655,1.17655118228526,0.23937469237948,-0.0169985256333201,0.0680538976723675,1.02585630775505,0.983145134150268,1.0704230002322,"intensite_IC_moyen_complet","intensite","IC","moyen","complet"
"pluie",0.00829355852817086,0.0327467628516671,0.253263461971437,0.800064628963363,-0.0558900966610967,0.0724772137174384,1.00832804535829,0.945643059509166,1.07516830672219,"intensite_IC_moyen_complet","intensite","IC","moyen","complet"
"saisonete",0.241605167583693,0.0756953158310304,3.19181134170854,0.00141383645717816,0.0932423485548731,0.389967986612512,1.27329135685167,1.09772773576477,1.47693351148101,"intensite_IC_moyen_complet","intensite","IC","moyen","complet"
"saisonprintemps",0.058440467340892,0.0854387978854719,0.684003857582707,0.493972729886377,-0.109019576514633,0.225900511196417,1.06018186837008,0.896712862813926,1.2534509547388,"intensite_IC_moyen_complet","intensite","IC","moyen","complet"
"heure10",-0.0782512084533721,0.0359210807826964,-2.17842021309856,0.0293747663826937,-0.148656526787457,-0.00784589011928714,0.924732096843337,0.861865091637811,0.992184808538032,"intensite_IC_moyen_complet","intensite","IC","moyen","complet"
"heure11",-0.11819160992653,0.0386525246873626,-3.05779792866087,0.00222969875062962,-0.193950558313761,-0.0424326615392998,0.888525785942181,0.823698628310972,0.958455004232589,"intensite_IC_moyen_complet","intensite","IC","moyen","complet"
"heure12",-0.0935603579134944,0.0411103965762332,-2.27583204506433,0.0228560639855446,-0.174136735202912,-0.0129839806240773,0.910683048838639,0.840182007346578,0.987099947618767,"intensite_IC_moyen_complet","intensite","IC","moyen","complet"
"heure13",-0.0808672687517426,0.0432927241638544,-1.86791823137939,0.0617734692555378,-0.165721008112897,0.0039864706094119,0.92231610348818,0.847282586185351,1.0039944271527,"intensite_IC_moyen_complet","intensite","IC","moyen","complet"
"heure14",-0.129838401886206,0.0454548314401042,-2.85642686976618,0.004284386889811,-0.21892987150881,-0.040746932263602,0.878237340951817,0.803378055869077,0.960072062470939,"intensite_IC_moyen_complet","intensite","IC","moyen","complet"
"heure15",-0.0888589207740526,0.0464726379423701,-1.91206965449745,0.0558672604720288,-0.179945291141098,0.00222744959299288,0.914974648384506,0.835315909341443,1.00222993220179,"intensite_IC_moyen_complet","intensite","IC","moyen","complet"
"heure16",-0.0874576951860824,0.0469375514832373,-1.86327774718534,0.062423199284195,-0.179455296093228,0.00453990572106272,0.916257632939639,0.835725310294456,1.0045502267059,"intensite_IC_moyen_complet","intensite","IC","moyen","complet"
"heure17",-0.133342531629082,0.0463487742186567,-2.87693760788625,0.00401554982982173,-0.22418612909765,-0.0424989341605151,0.875165268976951,0.799166372409561,0.958391487011891,"intensite_IC_moyen_complet","intensite","IC","moyen","complet"
"heure18",-0.184221428675593,0.0441671271861054,-4.1710077248028,3.03255580686497e-05,-0.27078899796036,-0.0976538593908267,0.831751609777126,0.762777427019017,0.906962786078348,"intensite_IC_moyen_complet","intensite","IC","moyen","complet"
"heure19",-0.241681434241045,0.0421526953940152,-5.73347521390906,9.83934506999238e-09,-0.324300717213315,-0.159062151268775,0.785306309408461,0.723032781281211,0.852943345810596,"intensite_IC_moyen_complet","intensite","IC","moyen","complet"
"heure20",-0.178505860810278,0.0416868192727391,-4.28206958277124,1.85163056847035e-05,-0.260212026584847,-0.0967996950357095,0.836519154182969,0.77088811969928,0.907737812314405,"intensite_IC_moyen_complet","intensite","IC","moyen","complet"
"groupeG2",-2.71240114603961,0.0894733477857822,-30.315185618556,7.23133700221833e-202,-2.88776890769974,-2.53703338437947,0.0663772337807129,0.0557003466973272,0.0791007134716961,"intensite_IC_moyen_complet","intensite","IC","moyen","complet"
"groupeG3",-3.08211173548405,0.193931264351946,-15.8928048336272,7.10748921792635e-57,-3.46221701361386,-2.70200645735423,0.0458623052598314,0.0313601589920302,0.0670708029344017,"intensite_IC_moyen_complet","intensite","IC","moyen","complet"
"groupeG4",-3.07704749034708,0.220671046518958,-13.9440472091237,3.41984490496181e-44,-3.50956274152424,-2.64453223916992,0.0460951523158552,0.0299099899746495,0.0710385750320462,"intensite_IC_moyen_complet","intensite","IC","moyen","complet"
"groupeG5",-2.06783836825998,0.262753257438785,-7.8698867082237,3.54962547609807e-15,-2.58283475284,-1.55284198367996,0.12645884391956,0.0755595076155316,0.211645624887375,"intensite_IC_moyen_complet","intensite","IC","moyen","complet"
"groupeG6",-3.27712098781623,0.106990562765924,-30.6300004700974,4.88041579410534e-206,-3.48682249083744,-3.06741948479502,0.0377367451116177,0.0305979431122364,0.0465411000470064,"intensite_IC_moyen_complet","intensite","IC","moyen","complet"
"groupeG7",-1.39494409209712,0.0744988698268198,-18.7243658238013,3.13381247924403e-78,-1.54096187695769,-1.24892630723656,0.247846892579888,0.214174992327039,0.286812580190069,"intensite_IC_moyen_complet","intensite","IC","moyen","complet"
"groupeG8",-1.31024249900088,0.158460804902224,-8.26855890205374,1.35587913682335e-16,-1.62082567660924,-0.999659321392524,0.269754633223442,0.197735366196134,0.368004791178,"intensite_IC_moyen_complet","intensite","IC","moyen","complet"
"groupeG9",0.741002446522964,0.0711124145243869,10.4201559105949,2.00624044932703e-25,0.601622114055165,0.880382778990762,2.09803763121699,1.82507688343222,2.41182272481842,"intensite_IC_moyen_complet","intensite","IC","moyen","complet"
"(Intercept)",5.82619366310354,0.522115393369745,11.1588237716976,6.48437940887929e-29,4.80284749209884,6.84953983410824,339.065621740654,121.85691055652,943.446664791759,"presence_IC_rafale_max_complet","presence","IC","rafale_max","complet"
"temperature_z",0.0811210174898271,0.12115506350069,0.669563575354532,0.503136040345919,-0.156342906971524,0.318584941951179,1.08450213235146,0.855265863454885,1.3751804267316,"presence_IC_rafale_max_complet","presence","IC","rafale_max","complet"
"humidite_z",0.00490533290511958,0.111230077499687,0.0441007775539255,0.964824072990897,-0.213105618994266,0.222916284804506,1.00491738374698,0.808070785085548,1.24971594914172,"presence_IC_rafale_max_complet","presence","IC","rafale_max","complet"
"pression_z",-0.237647382025539,0.0907696878650853,-2.61813593959653,0.00884115763013973,-0.415555970241106,-0.0597387938099717,0.788480674538268,0.659973253197547,0.94201056044044,"presence_IC_rafale_max_complet","presence","IC","rafale_max","complet"
"rafale_IC_max_z",-0.0948348799610519,0.0701376168497573,-1.35212578100848,0.176335081219899,-0.232304608986576,0.0426348490644725,0.909523102560129,0.79270462157532,1.04355676954004,"presence_IC_rafale_max_complet","presence","IC","rafale_max","complet"
"direction_IC_sin",0.016938743425406,0.0972981012988707,0.174091202184668,0.861793787262758,-0.173765535120381,0.207643021971193,1.01708301739524,0.840493940868339,1.23077373193801,"presence_IC_rafale_max_complet","presence","IC","rafale_max","complet"
"direction_IC_cos",-0.13382973802768,0.108297371462941,-1.23576164610307,0.216547175417087,-0.346092586095045,0.078433110039685,0.874738986710231,0.707446984320495,1.08159100516315,"presence_IC_rafale_max_complet","presence","IC","rafale_max","complet"
"pluie",-0.157931971410173,0.194121937954773,-0.813570959954915,0.415890779799746,-0.538410969801527,0.222547026981182,0.853907870140879,0.583674993059584,1.2492545669403,"presence_IC_rafale_max_complet","presence","IC","rafale_max","complet"
"saisonete",-0.0248271294587812,0.287368274154215,-0.0863948170056442,0.931152566957285,-0.588068946801042,0.53841468788348,0.975478528954711,0.55539875441048,1.71328861092183,"presence_IC_rafale_max_complet","presence","IC","rafale_max","complet"
"saisonprintemps",-0.841526993216811,0.315150090484808,-2.67024195335707,0.0075796606981401,-1.45922117056703,-0.223832815866588,0.431051807443593,0.232417217628602,0.799448778348693,"presence_IC_rafale_max_complet","presence","IC","rafale_max","complet"
"heure10",0.195953914759624,0.198654919589068,0.98640353415344,0.323935131512397,-0.193409727634949,0.585317557154198,1.2164708426913,0.824144230286006,1.79556108838442,"presence_IC_rafale_max_complet","presence","IC","rafale_max","complet"
"heure11",0.0802180530998171,0.207687490337133,0.386244029284583,0.699315948280129,-0.326849427960964,0.487285534160598,1.08352330753354,0.721192326250704,1.62789136161759,"presence_IC_rafale_max_complet","presence","IC","rafale_max","complet"
"heure12",0.346047672634304,0.219646034028908,1.57547881146244,0.115145965494359,-0.0844585540623562,0.776553899330964,1.41346999804984,0.919009743808057,2.17396763075483,"presence_IC_rafale_max_complet","presence","IC","rafale_max","complet"
"heure13",0.669916748755612,0.23166118730004,2.89179536962296,0.00383047344436506,0.215860821647534,1.12397267586369,1.95407463471916,1.24092965643622,3.07705409267015,"presence_IC_rafale_max_complet","presence","IC","rafale_max","complet"
"heure14",0.309649264705684,0.238580610578317,1.29788109752548,0.194328196435451,-0.157968732027817,0.777267261439186,1.36294699667473,0.853876480537116,2.17551901016897,"presence_IC_rafale_max_complet","presence","IC","rafale_max","complet"
"heure15",0.215326214394788,0.243103232258331,0.885739824989139,0.375757742690084,-0.26115612083154,0.691808549621115,1.24026642374204,0.770160672104204,1.99732452925582,"presence_IC_rafale_max_complet","presence","IC","rafale_max","complet"
"heure16",0.118886745439027,0.244146332218,0.486948726032356,0.626294667340379,-0.359640065708253,0.597413556586307,1.12624235898124,0.697927488903671,1.81741208267367,"presence_IC_rafale_max_complet","presence","IC","rafale_max","complet"
"heure17",-0.301977326184305,0.240315482272397,-1.25658706350852,0.208903201537975,-0.772995671438203,0.169041019069593,0.7393548286946,0.461628108764576,1.18416871142655,"presence_IC_rafale_max_complet","presence","IC","rafale_max","complet"
"heure18",0.00610446767510558,0.232532796134717,0.0262520718650326,0.979056282832148,-0.44965981274894,0.461868748099151,1.00612313790918,0.637845101489569,1.58703698793362,"presence_IC_rafale_max_complet","presence","IC","rafale_max","complet"
"heure19",-0.044449847234435,0.223489078937563,-0.198890466799289,0.842348426934277,-0.482488441952059,0.393588747483189,0.956523571193093,0.617245499526163,1.48229082747521,"presence_IC_rafale_max_complet","presence","IC","rafale_max","complet"
"heure20",-0.0673089820038691,0.222750188014313,-0.302172503663809,0.762520563973944,-0.503899350511923,0.369281386504184,0.934906287486348,0.604170189216005,1.4466946267503,"presence_IC_rafale_max_complet","presence","IC","rafale_max","complet"
"groupeG2",-5.21599660338347,0.468205002087929,-11.1404119565641,7.97495975840065e-29,-6.13367840747581,-4.29831479929113,0.00542902019958407,0.00216858931631081,0.013591444034979,"presence_IC_rafale_max_complet","presence","IC","rafale_max","complet"
"groupeG3",-8.81720485189911,0.553459789938067,-15.9310667408842,3.85720204116844e-57,-9.90198604017773,-7.7324236636205,0.000148161916486781,5.0075132009625e-05,0.000438380342019197,"presence_IC_rafale_max_complet","presence","IC","rafale_max","complet"
"groupeG4",-6.24603968282175,0.63011031177749,-9.91261302358658,3.66921971220961e-23,-7.48105589390563,-5.01102347173787,0.00193811450563936,0.00056366193404435,0.00666407931793055,"presence_IC_rafale_max_complet","presence","IC","rafale_max","complet"
"groupeG5",-7.69648707665035,0.720655941828564,-10.6798357301011,1.26495296622914e-26,-9.10897272263433,-6.28400143066636,0.000454420727432059,0.000110668343841735,0.00186591928957744,"presence_IC_rafale_max_complet","presence","IC","rafale_max","complet"
"groupeG6",-7.81671004935454,0.474171794745872,-16.4849747200671,4.70491485573565e-61,-8.74608676705645,-6.88733333165263,0.000402945174234908,0.000159082636067851,0.00102063190208861,"presence_IC_rafale_max_complet","presence","IC","rafale_max","complet"
"groupeG7",-1.60523310840292,0.473710229654757,-3.38863931558503,0.000702403371692132,-2.53370515852625,-0.676761058279598,0.200842731324621,0.0793644171004764,0.508260555544252,"presence_IC_rafale_max_complet","presence","IC","rafale_max","complet"
"groupeG8",-2.52577919522557,0.681605803046209,-3.70563041561184,0.000210865593664844,-3.86172656919614,-1.189831821255,0.0799959560288292,0.021031655548263,0.30427243191965,"presence_IC_rafale_max_complet","presence","IC","rafale_max","complet"
"groupeG9",-2.26732377306583,0.455850612216758,-4.97383070747684,6.56426398359249e-07,-3.16079097301067,-1.37385657312098,0.103589037223092,0.0423921967324447,0.253128864742092,"presence_IC_rafale_max_complet","presence","IC","rafale_max","complet"
"(Intercept)",3.5253769603038,0.0903275717980096,39.0288025032627,0,3.3483349195797,3.7024190010279,33.966575253768,28.4553137899429,40.5452648664042,"intensite_IC_rafale_max_complet","intensite","IC","rafale_max","complet"
"temperature_z",-0.0386261965067019,0.0272587423736126,-1.41702049116152,0.156476936563345,-0.0920533315589827,0.0148009385455788,0.962110282121758,0.912056506852616,1.0149110148435,"intensite_IC_rafale_max_complet","intensite","IC","rafale_max","complet"
"humidite_z",0.0823718493033549,0.0232320642069303,3.54561043606201,0.000391704814840213,0.0368370034577714,0.127906695148938,1.08585951086958,1.03752389424776,1.13644696173557,"intensite_IC_rafale_max_complet","intensite","IC","rafale_max","complet"
"pression_z",-0.0102232888088913,0.0209315443461679,-0.488415409767073,0.625255629045516,-0.0512491157273804,0.0308025381095979,0.989828791380109,0.950041970654258,1.03128184491711,"intensite_IC_rafale_max_complet","intensite","IC","rafale_max","complet"
"rafale_IC_max_z",-0.022036888910913,0.0136054338918261,-1.61971232127719,0.105294088194805,-0.048703539338892,0.00462976151706612,0.97820414949991,0.952463455792932,1.00464049542167,"intensite_IC_rafale_max_complet","intensite","IC","rafale_max","complet"
"direction_IC_sin",0.0331791596697718,0.0203513363667643,1.63031847500474,0.103034204864465,-0.00670945960908632,0.0730677789486298,1.03373572640315,0.993312998559574,1.07580345127051,"intensite_IC_rafale_max_complet","intensite","IC","rafale_max","complet"
"direction_IC_cos",0.0232022863423127,0.0217605970961895,1.06625228341623,0.286309613306221,-0.0194484839662187,0.0658530566508441,1.02347355333004,0.980739417692268,1.06806975988671,"intensite_IC_rafale_max_complet","intensite","IC","rafale_max","complet"
"pluie",0.0108592604356639,0.0327433441760073,0.331647872535299,0.740155166454127,-0.0533176941493104,0.0750362150206381,1.01091843621201,0.948078765555736,1.07792318718825,"intensite_IC_rafale_max_complet","intensite","IC","rafale_max","complet"
"saisonete",0.242045691181019,0.0755904204333822,3.20206832814661,0.00136444629455227,0.0938884671315903,0.390202915230449,1.2738523953069,1.09843722723015,1.4772805261899,"intensite_IC_rafale_max_complet","intensite","IC","rafale_max","complet"
"saisonprintemps",0.0595379916974536,0.0853005016432837,0.697979385237782,0.48519008624971,-0.107650991523382,0.22672697491829,1.06134608255285,0.89794093074542,1.254487314678,"intensite_IC_rafale_max_complet","intensite","IC","rafale_max","complet"
"heure10",-0.0757535057787737,0.0359614003026576,-2.10652269214265,0.0351589740991641,-0.146237850371983,-0.00526916118556485,0.92704468955715,0.863952187395461,0.994744696494102,"intensite_IC_rafale_max_complet","intensite","IC","rafale_max","complet"
"heure11",-0.113271685310741,0.038772514583036,-2.92144284498638,0.00348414196629693,-0.189265813893491,-0.0372775567279902,0.892908037161422,0.827566498782285,0.963408697670364,"intensite_IC_rafale_max_complet","intensite","IC","rafale_max","complet"
"heure12",-0.0858527234702409,0.0414186225854146,-2.07280489092058,0.0381904410873087,-0.167033223737653,-0.00467222320282829,0.917729381266223,0.846171497890318,0.995338674652989,"intensite_IC_rafale_max_complet","intensite","IC","rafale_max","complet"
"heure13",-0.0717982512936601,0.0436594588914791,-1.64450621048977,0.100071682516576,-0.157370790720959,0.0137742881336388,0.930718648154404,0.854387201231066,1.01386959071276,"intensite_IC_rafale_max_complet","intensite","IC","rafale_max","complet"
"heure14",-0.120140610699393,0.0457959672625982,-2.62338843091785,0.0087059953734952,-0.209900706534085,-0.0303805148647003,0.88679573498165,0.810664735685371,0.970076334844863,"intensite_IC_rafale_max_complet","intensite","IC","rafale_max","complet"
"heure15",-0.0791353573447092,0.0467223470592548,-1.69373677320506,0.0903153133840963,-0.170711157580849,0.0124404428914303,0.923914857319077,0.843065051255478,1.01251814709166,"intensite_IC_rafale_max_complet","intensite","IC","rafale_max","complet"
"heure16",-0.0779904202342688,0.0471733878013302,-1.65327155562208,0.0982756092393446,-0.170450260324876,0.0144694198563384,0.924973287528498,0.843285033309066,1.01457460863972,"intensite_IC_rafale_max_complet","intensite","IC","rafale_max","complet"
"heure17",-0.129376567132372,0.0463099523661498,-2.79370978638578,0.00521072185832146,-0.220144073770025,-0.0386090604947182,0.878643035152613,0.802403184382382,0.962126768996341,"intensite_IC_rafale_max_complet","intensite","IC","rafale_max","complet"
"heure18",-0.181326893075137,0.0441243019719741,-4.10945635333356,3.965916609562e-05,-0.267810524940207,-0.0948432612100682,0.834162632134023,0.765052725781692,0.909515479652465,"intensite_IC_rafale_max_complet","intensite","IC","rafale_max","complet"
"heure19",-0.241848838915052,0.0421388434256049,-5.73933262648821,9.50503694605793e-09,-0.324440972029238,-0.159256705800867,0.785174856464964,0.722931379562772,0.852777417958582,"intensite_IC_rafale_max_complet","intensite","IC","rafale_max","complet"
"heure20",-0.182730626283977,0.0415374385084362,-4.39917897794455,1.08661185159161e-05,-0.264144005760512,-0.101317246807442,0.832992511806245,0.76786295500568,0.903646308500642,"intensite_IC_rafale_max_complet","intensite","IC","rafale_max","complet"
"groupeG2",-2.71141111509361,0.0894108098509821,-30.3253165876993,5.31704132034799e-202,-2.88665630240154,-2.53616592778569,0.0664429818372001,0.05576235368643,0.0791693596766671,"intensite_IC_rafale_max_complet","intensite","IC","rafale_max","complet"
"groupeG3",-3.08184510224909,0.193723693113136,-15.9084573121847,5.53608739217625e-57,-3.46154354075083,-2.70214666374734,0.0458745353050413,0.0313812863216346,0.0670613998382418,"intensite_IC_rafale_max_complet","intensite","IC","rafale_max","complet"
"groupeG4",-3.08233002857369,0.220549321261843,-13.9756949191163,2.19361943767413e-44,-3.51460669824691,-2.65005335890048,0.0458522949281508,0.0297595051182401,0.0706474432899594,"intensite_IC_rafale_max_complet","intensite","IC","rafale_max","complet"
"groupeG5",-2.06349443218986,0.262550544971536,-7.8594178214849,3.85922914139e-15,-2.57809350033408,-1.54889536404565,0.127009367907863,0.0759186049331955,0.212482560112238,"intensite_IC_rafale_max_complet","intensite","IC","rafale_max","complet"
"groupeG6",-3.27824677937997,0.106781642814958,-30.7004714758029,5.60978435735757e-207,-3.48753879929729,-3.06895475946266,0.037694285307257,0.0305760333947258,0.0464697014973166,"intensite_IC_rafale_max_complet","intensite","IC","rafale_max","complet"
"groupeG7",-1.39470067798768,0.0744372128072626,-18.7366053266788,2.4901643076323e-78,-1.54059761508991,-1.24880374088544,0.247907229353637,0.214253022320588,0.286847735915887,"intensite_IC_rafale_max_complet","intensite","IC","rafale_max","complet"
"groupeG8",-1.31335956458174,0.158344892236282,-8.29429699962756,1.09229236472155e-16,-1.62371555336486,-1.00300357579863,0.268915099461589,0.19716476024515,0.366776145131214,"intensite_IC_rafale_max_complet","intensite","IC","rafale_max","complet"
"groupeG9",0.741395468993283,0.0710512830238877,10.4346527949963,1.72242274829487e-25,0.602134954266463,0.880655983720103,2.0988623692093,1.82601309629003,2.41248173621158,"intensite_IC_rafale_max_complet","intensite","IC","rafale_max","complet"
"(Intercept)",22.9119788757926,3249.81036325666,0.00705025103459647,0.994374760151149,-6346.71633310727,6392.54029085885,8923721238.90413,0,Inf,"presence_MR_moyen_complet","presence","MR","moyen","complet"
"temperature_z",-0.125729155627984,0.142287066037137,-0.883630249253772,0.376895844338373,-0.404611805060773,0.153153493804806,0.881853659542039,0.667235778142674,1.16550386283602,"presence_MR_moyen_complet","presence","MR","moyen","complet"
"humidite_z",0.0322770229047248,0.130397650306033,0.247527642016348,0.804499901700817,-0.223302371695101,0.28785641750455,1.03280357592584,0.799872953784319,1.333565813669,"presence_MR_moyen_complet","presence","MR","moyen","complet"
"pression_z",-0.28681947697006,0.104408403151735,-2.74709188448396,0.00601262871054507,-0.49145994714746,-0.08217900679266,0.750647225718149,0.611732644600094,0.921107059517332,"presence_MR_moyen_complet","presence","MR","moyen","complet"
"vent_MR_moyen_z",-0.0561228438191833,0.0802035545017296,-0.699755069059602,0.484080278857185,-0.213321810642573,0.101076123004207,0.945422989385842,0.807896105813352,1.10636085807024,"presence_MR_moyen_complet","presence","MR","moyen","complet"
"direction_MR_sin",0.184187505463807,0.106098168727519,1.73601022216355,0.08256202712546,-0.023764905242131,0.392139916169744,1.20224122876245,0.976515256392004,1.48014479310503,"presence_MR_moyen_complet","presence","MR","moyen","complet"
"direction_MR_cos",0.0748093998916036,0.117104019249911,0.638828627495299,0.522934422734042,-0.154714477838222,0.304333277621429,1.07767872562629,0.856659737908518,1.355720812213,"presence_MR_moyen_complet","presence","MR","moyen","complet"
"pluie",-0.160163304628268,0.211950466902988,-0.755663844333859,0.449850766778732,-0.575586219758125,0.255259610501588,0.852004641303561,0.562375096763756,1.29079668175234,"presence_MR_moyen_complet","presence","MR","moyen","complet"
"saisonete",-1.15653958831765,0.331601049182487,-3.48774405620526,0.000487114130443412,-1.80647764471532,-0.506601531919973,0.314572851204169,0.164231601236732,0.602539815538181,"presence_MR_moyen_complet","presence","MR","moyen","complet"
"saisonprintemps",-1.76016645531823,0.354839549444441,-4.96045736185286,7.03273974296498e-07,-2.45565197222933,-1.06468093840712,0.172016228423816,0.0858072332670913,0.344837861734236,"presence_MR_moyen_complet","presence","MR","moyen","complet"
"heure10",0.211611255179169,0.236441748233064,0.894982619442403,0.370796379069118,-0.251814571357636,0.675037081715973,1.2356674323832,0.777388874868643,1.96410580703317,"presence_MR_moyen_complet","presence","MR","moyen","complet"
"heure11",0.123348990857127,0.248493617815078,0.496386957305762,0.619621425351373,-0.363698500060425,0.61039648177468,1.1312791581467,0.695100735982885,1.8411612409638,"presence_MR_moyen_complet","presence","MR","moyen","complet"
"heure12",0.31634111781949,0.2649871286705,1.19379805127383,0.232556974151361,-0.203033654374689,0.83571589001367,1.37209822295945,0.816250770554083,2.30646463239539,"presence_MR_moyen_complet","presence","MR","moyen","complet"
"heure13",0.704858846344647,0.283064930945596,2.49009597900391,0.012770860239197,0.15005158169128,1.25966611099801,2.02356103172587,1.16189417364917,3.5242445843918,"presence_MR_moyen_complet","presence","MR","moyen","complet"
"heure14",0.281381157375037,0.286432092418499,0.982366029585531,0.325919555613863,-0.280025743765222,0.842788058515295,1.32495852541545,0.75576428498697,2.32283415470123,"presence_MR_moyen_complet","presence","MR","moyen","complet"
"heure15",0.221635507972068,0.293076899924018,0.756236701116769,0.449507291899575,-0.352795215879006,0.796066231823143,1.2481163664798,0.70272108476305,2.21680336345679,"presence_MR_moyen_complet","presence","MR","moyen","complet"
"heure16",0.0683697241027961,0.296037194638812,0.230949777058293,0.817353819358386,-0.511863177389276,0.648602625594868,1.07076112149841,0.59937779066962,1.91286597061204,"presence_MR_moyen_complet","presence","MR","moyen","complet"
"heure17",-0.446434623608953,0.294223753862872,-1.517330323428,0.129183305918334,-1.02311318118018,0.130243933962276,0.639905593536097,0.359474088404243,1.13910621612957,"presence_MR_moyen_complet","presence","MR","moyen","complet"
"heure18",-0.0229865479460058,0.289259331126028,-0.0794669193782751,0.936661242888037,-0.58993483695302,0.543961741061008,0.977275630049397,0.554363407566329,1.72281872153363,"presence_MR_moyen_complet","presence","MR","moyen","complet"
"heure19",-0.0174079708457758,0.277120105670911,-0.0628174228052883,0.949911891876394,-0.560563377960761,0.525747436269209,0.982742672480566,0.570887347883607,1.69172283094834,"presence_MR_moyen_complet","presence","MR","moyen","complet"
"heure20",0.062646347955662,0.270432985101606,0.231652022522788,0.816808298205154,-0.467402302843485,0.592694998754809,1.06465025690582,0.62662794549219,1.8088567190206,"presence_MR_moyen_complet","presence","MR","moyen","complet"
"groupeG2",-21.0698129111333,3249.81034492006,-0.00648339769859757,0.994827033315234,-6390.69808895446,6348.55846313219,7.07125531144361e-10,0,Inf,"presence_MR_moyen_complet","presence","MR","moyen","complet"
"groupeG6",-24.6219269986599,3249.81034837509,-0.00757641965506417,0.99395494956425,-6394.25020981383,6345.00635581651,2.02690302416295e-11,0,Inf,"presence_MR_moyen_complet","presence","MR","moyen","complet"
"groupeG7",-17.6550580865694,3249.81034591919,-0.00543264258750945,0.995665399676691,-6387.28333608818,6351.97321991504,2.15033287853997e-08,0,Inf,"presence_MR_moyen_complet","presence","MR","moyen","complet"
"groupeG9",-18.654818651299,3249.81034391685,-0.00574027917851207,0.995419945021531,-6388.28309272832,6350.97345542573,7.91252688812187e-09,0,Inf,"presence_MR_moyen_complet","presence","MR","moyen","complet"
"activite_electrique",-0.0849016140923587,0.327852172961666,-0.258963097073283,0.795663713706732,-0.727491873097224,0.557688644912506,0.918602657511885,0.483119196033559,1.74663074726859,"presence_MR_moyen_complet","presence","MR","moyen","complet"
"(Intercept)",3.46446064235472,0.180760199678066,19.1660589472955,7.10951145417891e-82,3.11017065098571,3.81875063372373,31.9592176753296,22.4248709005628,45.5472675382702,"intensite_MR_moyen_complet","intensite","MR","moyen","complet"
"temperature_z",0.0331382732891363,0.0320057591388107,1.03538469890415,0.300489288592556,-0.0295930146229326,0.0958695612012052,1.0336934615548,0.970840571071698,1.10061549166781,"intensite_MR_moyen_complet","intensite","MR","moyen","complet"
"humidite_z",0.12377404700754,0.02839581285891,4.3588837418578,1.30727532887647e-05,0.0681182538040759,0.179429840211003,1.13176011752083,1.07049189073252,1.19653495248271,"intensite_MR_moyen_complet","intensite","MR","moyen","complet"
"pression_z",-0.000455976218612337,0.0226535024506665,-0.0201282878709523,0.983941034255929,-0.0448568410219186,0.0439448885846939,0.999544127722745,0.956134351252457,1.04492476601881,"intensite_MR_moyen_complet","intensite","MR","moyen","complet"
"vent_MR_moyen_z",-0.0355230772546604,0.0151542713272265,-2.34409668981173,0.0190732261089721,-0.0652254490560243,-0.00582070545329647,0.965100462103875,0.936856226214858,0.994196202032287,"intensite_MR_moyen_complet","intensite","MR","moyen","complet"
"direction_MR_sin",-0.0411148361196328,0.0208800007762493,-1.96910127352104,0.0489414626463494,-0.0820396376410814,-0.00019003459818423,0.959718913223557,0.921235442372827,0.999809983457246,"intensite_MR_moyen_complet","intensite","MR","moyen","complet"
"direction_MR_cos",0.0505099027374397,0.0210439807423387,2.40020666032155,0.016385818022663,0.0092637004824559,0.0917561049924234,1.05180727907475,1.00930674135904,1.09609745678009,"intensite_MR_moyen_complet","intensite","MR","moyen","complet"
"pluie",-0.00139875058559182,0.0359471586698911,-0.0389112975085677,0.968961109282233,-0.0718551815785784,0.0690576804073947,0.998602227210058,0.930665663584814,1.07149801180777,"intensite_MR_moyen_complet","intensite","MR","moyen","complet"
"saisonete",0.131347384980691,0.080257782656461,1.63656882402192,0.10172059418502,-0.0259578690259721,0.288652638987355,1.14036385778922,0.974376140159848,1.33462805025025,"intensite_MR_moyen_complet","intensite","MR","moyen","complet"
"saisonprintemps",-0.00499219532129104,0.0881426856238726,-0.0566376584279949,0.954833835590557,-0.177751859144081,0.167767468501499,0.995020244975699,0.837150128867117,1.18266157260385,"intensite_MR_moyen_complet","intensite","MR","moyen","complet"
"heure10",-0.0474995741511765,0.0421404429231994,-1.1271731110597,0.259669296755714,-0.130094842280647,0.0350956939782944,0.953610879226611,0.878012154296402,1.03571881611147,"intensite_MR_moyen_complet","intensite","MR","moyen","complet"
"heure11",-0.0796115167391072,0.0459843495835553,-1.73127417175816,0.0834028757992013,-0.169740841922876,0.0105178084446611,0.923475031302095,0.84388348748193,1.01057331502374,"intensite_MR_moyen_complet","intensite","MR","moyen","complet"
"heure12",-0.0521496503943793,0.0491421683879768,-1.06119961949295,0.288599192290753,-0.148468300434814,0.0441689996460553,0.949186810033265,0.862027332629017,1.0451589714602,"intensite_MR_moyen_complet","intensite","MR","moyen","complet"
"heure13",-0.0476402491816903,0.0523331349649838,-0.910326683344433,0.36265025040975,-0.150213193713058,0.0549326953496779,0.953476739422359,0.860524498454575,1.05646950697184,"intensite_MR_moyen_complet","intensite","MR","moyen","complet"
"heure14",-0.0862639500361412,0.0553240304884092,-1.55924919559529,0.118937411154194,-0.194699049793423,0.0221711497211409,0.917352064151067,0.823082327582567,1.02241875618184,"intensite_MR_moyen_complet","intensite","MR","moyen","complet"
"heure15",-0.0219577694435338,0.0566142413788245,-0.387848868213338,0.698127879072286,-0.13292168254603,0.0890061436589622,0.978281547553013,0.875533658990782,1.09308737186173,"intensite_MR_moyen_complet","intensite","MR","moyen","complet"
"heure16",0.00292222611263564,0.0576732590253557,0.0506686489027941,0.959589559097932,-0.110117361577061,0.115961813802333,1.00292649997741,0.895729004958876,1.12295299000966,"intensite_MR_moyen_complet","intensite","MR","moyen","complet"
"heure17",-0.0535878550774525,0.0576886828341782,-0.928914519187182,0.352933387886783,-0.166657673432442,0.0594819632775368,0.947822666312044,0.846489337533264,1.06128661867471,"intensite_MR_moyen_complet","intensite","MR","moyen","complet"
"heure18",-0.0680867415272382,0.0549474619098531,-1.23912441377077,0.215299427054543,-0.17578376687055,0.0396102838160739,0.934179437911527,0.838799339934969,1.04040523241751,"intensite_MR_moyen_complet","intensite","MR","moyen","complet"
"heure19",-0.128041235671601,0.0522909325949198,-2.44863170950676,0.014339999074855,-0.230531463557644,-0.0255510077855586,0.879817098547677,0.794111449037808,0.974772656702999,"intensite_MR_moyen_complet","intensite","MR","moyen","complet"
"heure20",-0.0665600370439132,0.0504482790436854,-1.31937180624687,0.187044842569626,-0.165438663969537,0.0323185898817103,0.935606743107003,0.847521845236438,1.03284650734057,"intensite_MR_moyen_complet","intensite","MR","moyen","complet"
"groupeG2",-2.58577412614207,0.173486030173207,-14.9047973693354,3.06741754881705e-50,-2.92580674528155,-2.24574150700258,0.0753377361104236,0.0536214156345574,0.105849023474605,"intensite_MR_moyen_complet","intensite","MR","moyen","complet"
"groupeG6",-3.4305173987158,0.212349371864365,-16.1550626149579,1.04612297401504e-58,-3.84672216756996,-3.01431262986165,0.0323701881456099,0.0213496022903009,0.0490795597189281,"intensite_MR_moyen_complet","intensite","MR","moyen","complet"
"groupeG7",-1.33471417336267,0.165795530676105,-8.05036280483428,8.25489635923407e-16,-1.65967341348784,-1.00975493323751,0.263233403823028,0.190201087068955,0.364308248475659,"intensite_MR_moyen_complet","intensite","MR","moyen","complet"
"groupeG9",0.812768520209879,0.165614322203679,4.90759802289506,9.21985783176828e-07,0.488164448690669,1.13737259172909,2.25413998809794,1.62932276793845,3.1185638511461,"intensite_MR_moyen_complet","intensite","MR","moyen","complet"
"activite_electrique",-0.0511528986340645,0.0590652191793894,-0.86604095176056,0.386467704668292,-0.166920728225668,0.0646149309575388,0.95013338532896,0.846266693740654,1.06674817358856,"intensite_MR_moyen_complet","intensite","MR","moyen","complet"
"(Intercept)",22.3436917520284,2327.46811967895,0.00959999905610328,0.992340426620618,-4539.49382281871,4584.18120632277,5055242962.32985,0,Inf,"presence_MR_rafale_max_complet","presence","MR","rafale_max","complet"
"temperature_z",-0.0868610944269872,0.139490946708055,-0.622700587220053,0.533481296763933,-0.360263349974775,0.186541161120801,0.91680443603433,0.697492617219081,1.20507422327055,"presence_MR_rafale_max_complet","presence","MR","rafale_max","complet"
"humidite_z",0.0605142281997934,0.132946563632006,0.455177076763684,0.648981850626725,-0.200061036518938,0.321089492918525,1.06238271325629,0.818680782127909,1.37862895290177,"presence_MR_rafale_max_complet","presence","MR","rafale_max","complet"
"pression_z",-0.265727930574275,0.104425416641409,-2.54466718085282,0.0109381937399789,-0.470401747191436,-0.0610541139571134,0.766647680523456,0.624751225807958,0.940772329485052,"presence_MR_rafale_max_complet","presence","MR","rafale_max","complet"
"rafale_MR_max_z",0.039212125711533,0.071825734190464,0.545934213600271,0.585111159120204,-0.101566313301776,0.179990564724842,1.03999106909893,0.90342126850859,1.19720606709986,"presence_MR_rafale_max_complet","presence","MR","rafale_max","complet"
"direction_MR_sin",0.170082115958137,0.107186028429993,1.58679371229081,0.112559373378204,-0.0400024997646495,0.380166731680924,1.1854021877603,0.96078703740785,1.4625284189283,"presence_MR_rafale_max_complet","presence","MR","rafale_max","complet"
"direction_MR_cos",0.0944156976805352,0.116353449447598,0.811455939886488,0.417103885580354,-0.133637063236756,0.322468458597827,1.0990165095867,0.87490754309937,1.38053134627844,"presence_MR_rafale_max_complet","presence","MR","rafale_max","complet"
"pluie",-0.146573481404013,0.211442503317784,-0.693207274337476,0.488179483746872,-0.56100078790687,0.267853825098843,0.863662266887061,0.570637690684787,1.3071560526424,"presence_MR_rafale_max_complet","presence","MR","rafale_max","complet"
"saisonete",-1.169739135075,0.331397746324707,-3.52971360864019,0.00041600972596894,-1.81927871787143,-0.52019955227858,0.310447915675572,0.162142659369312,0.594401921876632,"presence_MR_rafale_max_complet","presence","MR","rafale_max","complet"
"saisonprintemps",-1.78972064629993,0.356260438803908,-5.02363005083768,5.07038626063407e-07,-2.48799110635559,-1.09145018624427,0.167006817123468,0.0830766912901236,0.335729270540018,"presence_MR_rafale_max_complet","presence","MR","rafale_max","complet"
"heure10",0.178299035056325,0.234636920986612,0.759893346309713,0.447318339148904,-0.281589330077436,0.638187400190085,1.19518266931917,0.754583505661464,1.89304643200321,"presence_MR_rafale_max_complet","presence","MR","rafale_max","complet"
"heure11",0.0746288620191508,0.244635788431596,0.305061097142041,0.760319619776571,-0.404857283306777,0.554115007345079,1.07748418136381,0.66707200637621,1.7404000617506,"presence_MR_rafale_max_complet","presence","MR","rafale_max","complet"
"heure12",0.249753117172565,0.258886412057156,0.964720841035975,0.334684653643064,-0.25766425045946,0.757170484804591,1.28370845199055,0.772854674152468,2.13223448705815,"presence_MR_rafale_max_complet","presence","MR","rafale_max","complet"
"heure13",0.627871362841395,0.275739715941044,2.27704362680797,0.0227836205321924,0.0874215195969482,1.16832120608584,1.8736180784163,1.09135661097523,3.21658811470565,"presence_MR_rafale_max_complet","presence","MR","rafale_max","complet"
"heure14",0.206289447631226,0.277138837583833,0.744354163529409,0.456662241370864,-0.336902674033085,0.749481569295538,1.22910891517697,0.713978325152157,2.11590278324703,"presence_MR_rafale_max_complet","presence","MR","rafale_max","complet"
"heure15",0.139040552156803,0.282969687661925,0.491362001724088,0.623170434550031,-0.41558003566057,0.693661139974177,1.14917070040916,0.659957370855483,2.001028183028,"presence_MR_rafale_max_complet","presence","MR","rafale_max","complet"
"heure16",-0.00690544569986162,0.286562490108067,-0.0240975212675513,0.980774820491624,-0.568567926311673,0.55475703491195,0.993118342103672,0.566335892976992,1.74151780534033,"presence_MR_rafale_max_complet","presence","MR","rafale_max","complet"
"heure17",-0.518577041287358,0.284123694133838,-1.82518055337926,0.067973787395342,-1.07545948178968,0.0383053992149656,0.595367128345387,0.341140971220047,1.03904850902706,"presence_MR_rafale_max_complet","presence","MR","rafale_max","complet"
"heure18",-0.078344765637562,0.282142575260071,-0.277677927782952,0.78125960559427,-0.6313442131473,0.474654681872176,0.924645585559166,0.531876365062768,1.60745901689607,"presence_MR_rafale_max_complet","presence","MR","rafale_max","complet"
"heure19",-0.0529470020683683,0.273434504074173,-0.193636872009414,0.846460224890756,-0.588878630053747,0.482984625917011,0.94843027599328,0.554949239347427,1.62090498489276,"presence_MR_rafale_max_complet","presence","MR","rafale_max","complet"
"heure20",0.0619754524790833,0.270831948776812,0.228833609767938,0.818998242988287,-0.468855167123469,0.592806072081635,1.06393622741068,0.625718201160891,1.80905764591273,"presence_MR_rafale_max_complet","presence","MR","rafale_max","complet"
"groupeG2",-20.4386578137399,2327.46809534962,-0.00878149859694196,0.992993467900028,-4582.276124699,4541.39880907152,1.32924089440843e-09,0,Inf,"presence_MR_rafale_max_complet","presence","MR","rafale_max","complet"
"groupeG6",-23.9710977592129,2327.46810022452,-0.0102992164562429,0.991782559477393,-4585.80857419928,4537.86637868085,3.88583645245181e-11,0,Inf,"presence_MR_rafale_max_complet","presence","MR","rafale_max","complet"
"groupeG7",-17.0242953749583,2327.46809666646,-0.00731451288176261,0.994163915142359,-4578.86176484122,4544.8131740913,4.04056837514248e-08,0,Inf,"presence_MR_rafale_max_complet","presence","MR","rafale_max","complet"
"groupeG9",-18.0140956807667,2327.46809394183,-0.00773978200932403,0.993824609086177,-4579.85155980676,4543.82336844523,1.50168087369208e-08,0,Inf,"presence_MR_rafale_max_complet","presence","MR","rafale_max","complet"
"activite_electrique",-0.0631207452386364,0.326224044340826,-0.193488942135395,0.846576065325808,-0.702519872146654,0.576278381669382,0.938830107579683,0.495335547590172,1.77940383076914,"presence_MR_rafale_max_complet","presence","MR","rafale_max","complet"
"(Intercept)",3.47978777479916,0.179984277843278,19.3338430250513,2.78852738511414e-83,3.12701859022633,3.83255695937198,32.4528340357606,22.8058843964775,46.1804689808606,"intensite_MR_rafale_max_complet","intensite","MR","rafale_max","complet"
"temperature_z",0.0408207232265068,0.0314276000632839,1.29888133819663,0.193984655009596,-0.0207773728975297,0.102418819350543,1.04166534240319,0.979436989518456,1.1078473624908,"intensite_MR_rafale_max_complet","intensite","MR","rafale_max","complet"
"humidite_z",0.113691435287124,0.0286543055618707,3.96769117442542,7.25722913281863e-05,0.057528996385857,0.16985387418839,1.12040635367567,1.05921598364481,1.18513166034111,"intensite_MR_rafale_max_complet","intensite","MR","rafale_max","complet"
"pression_z",-0.00649044749274306,0.0227536097291735,-0.285249134972257,0.775453279011052,-0.0510875225619231,0.038106627576437,0.993530569966097,0.950195503348197,1.03884199617754,"intensite_MR_rafale_max_complet","intensite","MR","rafale_max","complet"
"rafale_MR_max_z",-0.0459968980678003,0.0134015821296109,-3.43219909581942,0.000598707856613041,-0.0722639990418377,-0.0197297970937629,0.955044924670724,0.930285268970363,0.980463561622157,"intensite_MR_rafale_max_complet","intensite","MR","rafale_max","complet"
"direction_MR_sin",-0.038465577804774,0.0208916731579141,-1.84119182384407,0.0655934530977121,-0.0794132571942856,0.00248210158473756,0.962264827437485,0.923658137192101,1.00248518454909,"intensite_MR_rafale_max_complet","intensite","MR","rafale_max","complet"
"direction_MR_cos",0.0538714689180611,0.0209656707576007,2.56950848560526,0.0101842897560835,0.0127787542331636,0.0949641836029585,1.05534894829525,1.01286075141473,1.09961947001326,"intensite_MR_rafale_max_complet","intensite","MR","rafale_max","complet"
"pluie",0.00417215258750181,0.0357838430303795,0.116593194977961,0.907182430565424,-0.0659641797520421,0.0743084849270457,1.00418086813275,0.936164397331876,1.07713903540638,"intensite_MR_rafale_max_complet","intensite","MR","rafale_max","complet"
"saisonete",0.125019204986436,0.080226942045839,1.55831945975211,0.119157538211962,-0.0322256014234084,0.28226401139628,1.13317021537647,0.968288110260403,1.32612878688661,"intensite_MR_rafale_max_complet","intensite","MR","rafale_max","complet"
"saisonprintemps",0.0162093486127314,0.088562049999697,0.183028154980456,0.854775927273866,-0.157372269386675,0.189790966612137,1.01634143280515,0.854385937878938,1.2089968505343,"intensite_MR_rafale_max_complet","intensite","MR","rafale_max","complet"
"heure10",-0.0500386507567127,0.0417234010102317,-1.19929462951599,0.230413402616737,-0.131816516736767,0.0317392152233413,0.951192659474152,0.876501803737253,1.03224827556514,"intensite_MR_rafale_max_complet","intensite","MR","rafale_max","complet"
"heure11",-0.086526069765233,0.0450713498157752,-1.91975767574967,0.0548885152618334,-0.174865915404152,0.00181377587368643,0.917111639587917,0.83956958657107,1.00181542176009,"intensite_MR_rafale_max_complet","intensite","MR","rafale_max","complet"
"heure12",-0.0604640721025721,0.0478065295355594,-1.26476597841301,0.205955230546518,-0.154164869992269,0.0332367257871243,0.941327588331913,0.857130694230574,1.03379523626815,"intensite_MR_rafale_max_complet","intensite","MR","rafale_max","complet"
"heure13",-0.0568036853604497,0.0506575573578098,-1.12132697120052,0.262148709005509,-0.156092497781757,0.0424851270608576,0.944779525214026,0.855480056703648,1.04340053782557,"intensite_MR_rafale_max_complet","intensite","MR","rafale_max","complet"
"heure14",-0.101482415467839,0.0531529144238673,-1.90925401867091,0.0562293308408659,-0.205662127738619,0.00269729680294041,0.903497066775761,0.814108094362665,1.00270093778083,"intensite_MR_rafale_max_complet","intensite","MR","rafale_max","complet"
"heure15",-0.0368378105814688,0.0544223228922163,-0.676887876587449,0.498477096678256,-0.143505563450213,0.0698299422872751,0.96383244609673,0.866315980468012,1.07232580847342,"intensite_MR_rafale_max_complet","intensite","MR","rafale_max","complet"
"heure16",-0.0169023720967527,0.0554542077944753,-0.30479872978073,0.760519449012759,-0.125592619373924,0.0917878751804188,0.983239671576857,0.881974072757539,1.09613228055552,"intensite_MR_rafale_max_complet","intensite","MR","rafale_max","complet"
"heure17",-0.0763081929895647,0.0556900018038236,-1.37023146916698,0.170614657825676,-0.185460596525059,0.0328442105459294,0.926530612313238,0.830721568252526,1.03338953550871,"intensite_MR_rafale_max_complet","intensite","MR","rafale_max","complet"
"heure18",-0.0886037227176076,0.0533700330641583,-1.6601773997609,0.0968787697924638,-0.193208987523358,0.0160015420881426,0.915208177933347,0.824309685696974,1.0161302523673,"intensite_MR_rafale_max_complet","intensite","MR","rafale_max","complet"
"heure19",-0.145154433628741,0.0514940193626814,-2.81886004287979,0.00481945270342003,-0.246082711579596,-0.0442261556778852,0.864888714893824,0.781857553577704,0.956737561372615,"intensite_MR_rafale_max_complet","intensite","MR","rafale_max","complet"
"heure20",-0.081171490176319,0.0502726254243829,-1.61462604133163,0.106391702505251,-0.179705836008109,0.0173628556554715,0.922035557845429,0.835515953973503,1.01751446622681,"intensite_MR_rafale_max_complet","intensite","MR","rafale_max","complet"
"groupeG2",-2.58574382203007,0.173510165623574,-14.9025494427789,3.17239836356456e-50,-2.92582374665228,-2.24566389740787,0.0753400191882092,0.0536205040047409,0.105857238693204,"intensite_MR_rafale_max_complet","intensite","MR","rafale_max","complet"
"groupeG6",-3.4318132271529,0.212426193363807,-16.155320456529,1.04175793103986e-58,-3.84816856614596,-3.01545788815984,0.0323282691011075,0.0213187445776056,0.0490233831203866,"intensite_MR_rafale_max_complet","intensite","MR","rafale_max","complet"
"groupeG7",-1.3368279653933,0.165788601619235,-8.06344918973127,7.41713658443216e-16,-1.661773624567,-1.0118823062196,0.262677570816482,0.189802043822825,0.363534052744222,"intensite_MR_rafale_max_complet","intensite","MR","rafale_max","complet"
"groupeG9",0.810018825144325,0.165619230038298,4.89085008399699,1.00401414457364e-06,0.485405134269262,1.13463251601939,2.24795030426707,1.62483315110858,3.11003044651488,"intensite_MR_rafale_max_complet","intensite","MR","rafale_max","complet"
"activite_electrique",-0.041538836438662,0.0590095767157258,-0.703933814654734,0.481473991936882,-0.157197606801485,0.0741199339241605,0.959312078353324,0.854535180168741,1.07693595890675,"intensite_MR_rafale_max_complet","intensite","MR","rafale_max","complet"
"(Intercept)",6.7435751096517,0.546641589697387,12.3363740277882,5.76962095332247e-35,5.67215759384482,7.81499262545858,848.589118373086,290.660986689713,2477.4686827508,"presence_IC_moyen_sans_2202_2024","presence","IC","moyen","sans_2202_2024"
"temperature_z",-0.035528670374858,0.141183712040274,-0.251648507192692,0.801312761531833,-0.312248745973796,0.24119140522408,0.965095064196083,0.731799473413913,1.27276462579364,"presence_IC_moyen_sans_2202_2024","presence","IC","moyen","sans_2202_2024"
"humidite_z",0.0625869434146007,0.130403405921177,0.479948686711694,0.631263880568053,-0.193003732190906,0.318177619020107,1.0645870137244,0.824478897020725,1.37462039827339,"presence_IC_moyen_sans_2202_2024","presence","IC","moyen","sans_2202_2024"
"pression_z",-0.194691337320574,0.102219704544282,-1.90463607959494,0.0568273932292247,-0.395041958227367,0.00565928358621878,0.823088675607151,0.673651773421604,1.00567532758314,"presence_IC_moyen_sans_2202_2024","presence","IC","moyen","sans_2202_2024"
"vent_IC_moyen_z",-0.0117537506640622,0.0771997175785951,-0.152251213252121,0.878988802411626,-0.163065197118109,0.139557695789984,0.988315054825251,0.849535799323159,1.1497651404125,"presence_IC_moyen_sans_2202_2024","presence","IC","moyen","sans_2202_2024"
"direction_IC_sin",0.0854293462246156,0.120607993917913,0.708322420840196,0.478745056823565,-0.150962321854493,0.321821014303725,1.08918460362108,0.859880096736255,1.37963781842143,"presence_IC_moyen_sans_2202_2024","presence","IC","moyen","sans_2202_2024"
"direction_IC_cos",-0.140659850529192,0.133524706433794,-1.05343688285086,0.292140807629293,-0.402368275139428,0.121048574081043,0.86878477812597,0.668734422073169,1.12867973561679,"presence_IC_moyen_sans_2202_2024","presence","IC","moyen","sans_2202_2024"
"pluie",0.246968198940219,0.236392153075493,1.04473941172383,0.29614342424968,-0.216360421087747,0.710296818968184,1.28013840237309,0.805444950207117,2.03459507544114,"presence_IC_moyen_sans_2202_2024","presence","IC","moyen","sans_2202_2024"
"saisonete",-0.848359195119138,0.315319997192604,-2.6904706414828,0.00713513128468127,-1.46638638961664,-0.230332000621635,0.428116812121959,0.23075784932147,0.794269860637047,"presence_IC_moyen_sans_2202_2024","presence","IC","moyen","sans_2202_2024"
"saisonprintemps",-1.59105591572137,0.347047949819403,-4.58454203964992,4.54982542476451e-06,-2.2712698973674,-0.910841934075337,0.203710397119038,0.103181067484984,0.402185467798493,"presence_IC_moyen_sans_2202_2024","presence","IC","moyen","sans_2202_2024"
"heure10",0.122901984001989,0.250757977853673,0.490121929734602,0.624047620915515,-0.36858365259121,0.614387620595187,1.13077358161444,0.691713343564265,1.8485242546985,"presence_IC_moyen_sans_2202_2024","presence","IC","moyen","sans_2202_2024"
"heure11",-0.0670964224718305,0.255977944194137,-0.2621179831843,0.793230482784935,-0.568813193092339,0.434620348148678,0.935105031851072,0.566197006628546,1.54437662219373,"presence_IC_moyen_sans_2202_2024","presence","IC","moyen","sans_2202_2024"
"heure12",0.051016138238269,0.269120245858055,0.189566333352627,0.849648970884307,-0.476459543643519,0.578491820120057,1.05233987605783,0.62097805015252,1.78334679377058,"presence_IC_moyen_sans_2202_2024","presence","IC","moyen","sans_2202_2024"
"heure13",0.424174196285512,0.284903376612951,1.4888352722536,0.136530751613797,-0.134236421875872,0.982584814446896,1.52832779962309,0.874383316820454,2.67135227556084,"presence_IC_moyen_sans_2202_2024","presence","IC","moyen","sans_2202_2024"
"heure14",0.00252817030210148,0.286686060242931,0.00881860213209939,0.992963864708447,-0.559376507774042,0.564432848378245,1.00253136881954,0.571565319309235,1.7584501919778,"presence_IC_moyen_sans_2202_2024","presence","IC","moyen","sans_2202_2024"
"heure15",-0.192635000032749,0.290297156949016,-0.66357866558983,0.506960015702204,-0.761617427652821,0.376347427587322,0.824782964960146,0.466910621793466,1.45695323159592,"presence_IC_moyen_sans_2202_2024","presence","IC","moyen","sans_2202_2024"
"heure16",-0.20852267270714,0.292962773050358,-0.711771910594582,0.476606029432468,-0.782729707885842,0.365684362471561,0.81178262918408,0.457156403109853,1.44150017928692,"presence_IC_moyen_sans_2202_2024","presence","IC","moyen","sans_2202_2024"
"heure17",-0.88730439779185,0.285857009787377,-3.10401483053305,0.00190913760932954,-1.44758413697511,-0.327024658608591,0.41176421061579,0.235137662853441,0.721065962324051,"presence_IC_moyen_sans_2202_2024","presence","IC","moyen","sans_2202_2024"
"heure18",-0.175791558441508,0.284470711996179,-0.617960130967257,0.536601619947915,-0.733354153954018,0.381771037071003,0.838792804395855,0.480295300939417,1.46487664428557,"presence_IC_moyen_sans_2202_2024","presence","IC","moyen","sans_2202_2024"
"heure19",-0.164612397876825,0.277201303211776,-0.593837027349995,0.552621120992579,-0.707926952171906,0.378702156418255,0.848222413187904,0.492664456554273,1.46038800376713,"presence_IC_moyen_sans_2202_2024","presence","IC","moyen","sans_2202_2024"
"heure20",0.0592546020682008,0.284509305212397,0.208269469513361,0.835018568744095,-0.498383636148097,0.616892840284499,1.06104535069417,0.607511826693865,1.85316101968994,"presence_IC_moyen_sans_2202_2024","presence","IC","moyen","sans_2202_2024"
"groupeG2",-5.19664219047189,0.450365012921363,-11.5387342297375,8.41544289731509e-31,-6.07935761579776,-4.31392676514602,0.00553511912748726,0.00228964701367364,0.0133809026336853,"presence_IC_moyen_sans_2202_2024","presence","IC","moyen","sans_2202_2024"
"groupeG4",-6.10054181920653,0.601323740762504,-10.145187035973,3.48110943926593e-24,-7.27913635110104,-4.92194728731203,0.00224165281983538,0.000689781035148176,0.00728493117181229,"presence_IC_moyen_sans_2202_2024","presence","IC","moyen","sans_2202_2024"
"groupeG5",-7.40466326356596,0.67320453018316,-10.9991286920653,3.85841953308844e-28,-8.72414414272495,-6.08518238440697,0.000608408964239657,0.000162611905703076,0.00227634911580875,"presence_IC_moyen_sans_2202_2024","presence","IC","moyen","sans_2202_2024"
"groupeG6",-10.6493062268828,0.64104665276675,-16.6123731883172,5.67048035136065e-62,-11.9057576663057,-9.39285478746002,2.37172903096838e-05,6.75142026012233e-06,8.33172633255136e-05,"presence_IC_moyen_sans_2202_2024","presence","IC","moyen","sans_2202_2024"
"groupeG7",-1.64001050238726,0.454422669149497,-3.6089979961975,0.000307381983751192,-2.53067893392027,-0.749342070854242,0.193978005048066,0.0796049554302794,0.472677438722804,"presence_IC_moyen_sans_2202_2024","presence","IC","moyen","sans_2202_2024"
"groupeG8",-2.45879152614704,0.643966223978665,-3.81819951822272,0.000134429189256287,-3.72096532514523,-1.19661772714886,0.0855382592818196,0.0242105854747721,0.30221465765824,"presence_IC_moyen_sans_2202_2024","presence","IC","moyen","sans_2202_2024"
"groupeG9",-2.55933244042789,0.441301849011834,-5.79950536386548,6.65108111686216e-09,-3.42428406449108,-1.69438081636469,0.0773563631914652,0.0325725925189335,0.183712945867957,"presence_IC_moyen_sans_2202_2024","presence","IC","moyen","sans_2202_2024"
"(Intercept)",3.54311924227299,0.0915773349611504,38.689914308776,0,3.36362766574913,3.72261081879684,34.5745977126092,28.8938181024968,41.37226872365,"intensite_IC_moyen_sans_2202_2024","intensite","IC","moyen","sans_2202_2024"
"temperature_z",-0.0452986475028878,0.0277823330033708,-1.63048393010737,0.102999258848022,-0.0997520201894946,0.00915472518371895,0.955712018201006,0.905061827270752,1.00919675784823,"intensite_IC_moyen_sans_2202_2024","intensite","IC","moyen","sans_2202_2024"
"humidite_z",0.0797975132851333,0.0235052604274725,3.39487892641545,0.000686589558481552,0.0337272028472872,0.125867823722979,1.08306773864172,1.03430241348567,1.13413225299677,"intensite_IC_moyen_sans_2202_2024","intensite","IC","moyen","sans_2202_2024"
"pression_z",-0.0103318053346002,0.0213524997936963,-0.483868653994806,0.628479087745541,-0.0521827049302448,0.0315190942610445,0.989721384426442,0.949155435622346,1.03202108108744,"intensite_IC_moyen_sans_2202_2024","intensite","IC","moyen","sans_2202_2024"
"vent_IC_moyen_z",-0.00745491331577231,0.0129069481484276,-0.577589158183804,0.563541528417928,-0.0327525316866904,0.0178427050551458,0.992572805626958,0.967778024353184,1.01800283709545,"intensite_IC_moyen_sans_2202_2024","intensite","IC","moyen","sans_2202_2024"
"direction_IC_sin",0.0407595013716127,0.021001122713101,1.94082487533802,0.0522795226817716,-0.000402699146065312,0.0819217018892907,1.04160157167085,0.999597381926353,1.08537082401754,"intensite_IC_moyen_sans_2202_2024","intensite","IC","moyen","sans_2202_2024"
"direction_IC_cos",0.0215148313666419,0.0219895937553663,0.978409678959688,0.32787174302046,-0.021584772393876,0.0646144351271598,1.02174794414338,0.978646511745037,1.06674764466254,"intensite_IC_moyen_sans_2202_2024","intensite","IC","moyen","sans_2202_2024"
"pluie",0.00939763856276205,0.0327448155234812,0.286996228640318,0.77411520793381,-0.054782199863261,0.0735774769887851,1.00944193502,0.94669131499892,1.07635192594757,"intensite_IC_moyen_sans_2202_2024","intensite","IC","moyen","sans_2202_2024"
"saisonete",0.241377958094893,0.0769325231147293,3.13752816523289,0.00170378903808838,0.090590212790024,0.392165703399763,1.27300208583719,1.0948202699779,1.48018296243141,"intensite_IC_moyen_sans_2202_2024","intensite","IC","moyen","sans_2202_2024"
"saisonprintemps",0.0580302539784122,0.0874436324977917,0.663630413339447,0.506926886865573,-0.113359265717259,0.229419773674084,1.05974705678988,0.892829839336893,1.25786994889072,"intensite_IC_moyen_sans_2202_2024","intensite","IC","moyen","sans_2202_2024"
"heure10",-0.0844099200001988,0.0361037334559465,-2.33798313692945,0.0193881229374253,-0.155173237573854,-0.0136466024265435,0.919054440071932,0.85626682704636,0.986446090326235,"intensite_IC_moyen_sans_2202_2024","intensite","IC","moyen","sans_2202_2024"
"heure11",-0.121362418465683,0.0388739467200167,-3.12194744052555,0.0017965901001625,-0.197555354036916,-0.0451694828944501,0.885712902706683,0.820734708390961,0.955835470342268,"intensite_IC_moyen_sans_2202_2024","intensite","IC","moyen","sans_2202_2024"
"heure12",-0.0981839768181482,0.0414345883173595,-2.36961390966718,0.0178066690106072,-0.179395769920173,-0.0169721837161236,0.906482116716375,0.835775059304572,0.983171032419088,"intensite_IC_moyen_sans_2202_2024","intensite","IC","moyen","sans_2202_2024"
"heure13",-0.0857594799516364,0.0436765833802422,-1.96351164204,0.0495867530638883,-0.171365583376911,-0.000153376526361687,0.917814957572515,0.842513508229853,0.999846635235216,"intensite_IC_moyen_sans_2202_2024","intensite","IC","moyen","sans_2202_2024"
"heure14",-0.136662208843029,0.0458510111245186,-2.98057132201277,0.00287711231727186,-0.226530190647085,-0.0467942270389721,0.872264819716392,0.797295271089474,0.954283743179867,"intensite_IC_moyen_sans_2202_2024","intensite","IC","moyen","sans_2202_2024"
"heure15",-0.0932282607651558,0.0468891536691837,-1.98826921515597,0.0467819235817275,-0.185131001956756,-0.00132551957355563,0.910985534306699,0.830995414695865,0.998675358539486,"intensite_IC_moyen_sans_2202_2024","intensite","IC","moyen","sans_2202_2024"
"heure16",-0.0951419544401123,0.0473290112282993,-2.01022484879685,0.0444073965865151,-0.187906816447579,-0.0023770924326456,0.909243854104448,0.828691924092304,0.997625730614247,"intensite_IC_moyen_sans_2202_2024","intensite","IC","moyen","sans_2202_2024"
"heure17",-0.133785470022698,0.046786853614104,-2.85946712993686,0.00424353393082221,-0.225487703106342,-0.0420832369390543,0.874777710517159,0.798126874868853,0.958789970508617,"intensite_IC_moyen_sans_2202_2024","intensite","IC","moyen","sans_2202_2024"
"heure18",-0.189638045862687,0.0444869093907937,-4.26278310765125,2.01896462331792e-05,-0.276832388268643,-0.102443703456731,0.827258509400106,0.758181566586102,0.902628963213084,"intensite_IC_moyen_sans_2202_2024","intensite","IC","moyen","sans_2202_2024"
"heure19",-0.252094685074537,0.0424500357030022,-5.93862127321386,2.87428994841158e-09,-0.335296755052421,-0.168892615096653,0.777171148076981,0.71512583765574,0.844599595762409,"intensite_IC_moyen_sans_2202_2024","intensite","IC","moyen","sans_2202_2024"
"heure20",-0.19034334826068,0.041960071979206,-4.53629699098246,5.72505451021604e-06,-0.272585089339923,-0.108101607181436,0.826675247701782,0.761408638660278,0.897536395653788,"intensite_IC_moyen_sans_2202_2024","intensite","IC","moyen","sans_2202_2024"
"groupeG2",-2.71716919151526,0.0904718223412844,-30.0333200017278,3.60560245772976e-198,-2.89449396330417,-2.53984441972634,0.0660614974323013,0.0553270155121245,0.0788786708012758,"intensite_IC_moyen_sans_2202_2024","intensite","IC","moyen","sans_2202_2024"
"groupeG4",-3.09266019212407,0.222928496032872,-13.8728796325259,9.24878430282549e-44,-3.5296000443485,-2.65572033989964,0.0453810713212847,0.0293166388779445,0.0702482178411281,"intensite_IC_moyen_sans_2202_2024","intensite","IC","moyen","sans_2202_2024"
"groupeG5",-2.06707421333166,0.264310286769022,-7.82063474940744,5.25576379082312e-15,-2.58512237539895,-1.54902605126438,0.126555514999507,0.0753868535403406,0.212454793171861,"intensite_IC_moyen_sans_2202_2024","intensite","IC","moyen","sans_2202_2024"
"groupeG6",-5.17592962512264,1.03017315274615,-5.02432975594935,5.05193705238534e-07,-7.19506900450509,-3.15679024574018,0.00565096119591308,0.000750276311082665,0.0425621360637587,"intensite_IC_moyen_sans_2202_2024","intensite","IC","moyen","sans_2202_2024"
"groupeG7",-1.39790067856904,0.0754116413897241,-18.5369347862984,1.03981782451936e-76,-1.54570749569289,-1.25009386144518,0.247115194008236,0.213161007366839,0.286477906367917,"intensite_IC_moyen_sans_2202_2024","intensite","IC","moyen","sans_2202_2024"
"groupeG8",-1.31594966685637,0.16075672408389,-8.18596966537868,2.70119772519028e-16,-1.63103284606079,-1.00086648765195,0.26821948309844,0.195727313508101,0.367560816240482,"intensite_IC_moyen_sans_2202_2024","intensite","IC","moyen","sans_2202_2024"
"groupeG9",0.734689126100388,0.0720477988114232,10.1972459703224,2.03974451873926e-24,0.593475440429998,0.875902811770777,2.08483377134819,1.81026897720946,2.40104200473794,"intensite_IC_moyen_sans_2202_2024","intensite","IC","moyen","sans_2202_2024"
"(Intercept)",6.76605939890263,0.547344936520295,12.3616004231579,4.21676865477266e-35,5.69326332332285,7.83885547448241,867.885157520199,296.860794435896,2537.2991676963,"presence_IC_rafale_max_sans_2202_2024","presence","IC","rafale_max","sans_2202_2024"
"temperature_z",-0.0182452903600464,0.142688591034915,-0.1278678990921,0.898253515279598,-0.29791492878848,0.261424348068387,0.981920147269653,0.742364490908195,1.29877868273914,"presence_IC_rafale_max_sans_2202_2024","presence","IC","rafale_max","sans_2202_2024"
"humidite_z",0.0768859789279153,0.131137853093222,0.586298899321306,0.557674670567701,-0.1801442131348,0.333916170990631,1.07991893585759,0.835149763160998,1.39642607765307,"presence_IC_rafale_max_sans_2202_2024","presence","IC","rafale_max","sans_2202_2024"
"pression_z",-0.186155386584133,0.103077084374265,-1.80598226768055,0.0709211094238779,-0.388186471957692,0.0158756987894252,0.830144591627067,0.678285850180406,1.01600238723007,"presence_IC_rafale_max_sans_2202_2024","presence","IC","rafale_max","sans_2202_2024"
"rafale_IC_max_z",0.0345741375779729,0.082309979011508,0.420047945500496,0.674450428645862,-0.126753421284583,0.195901696440529,1.03517877117818,0.880950869551743,1.21640732228714,"presence_IC_rafale_max_sans_2202_2024","presence","IC","rafale_max","sans_2202_2024"
"direction_IC_sin",0.100654272395736,0.117220652670908,0.858673536636236,0.390520654520572,-0.129098206839243,0.330406751630716,1.10589423749808,0.87888764852918,1.39153402209958,"presence_IC_rafale_max_sans_2202_2024","presence","IC","rafale_max","sans_2202_2024"
"direction_IC_cos",-0.138168342327603,0.133439794941112,-1.0354358112479,0.300465428734256,-0.399710340412182,0.123373655756976,0.870952061306859,0.670514238787418,1.13130706137795,"presence_IC_rafale_max_sans_2202_2024","presence","IC","rafale_max","sans_2202_2024"
"pluie",0.237249826728174,0.236439224887334,1.00342837294119,0.315654220149573,-0.226171054051,0.700670707507349,1.26775779799884,0.797581660422575,2.01510379957248,"presence_IC_rafale_max_sans_2202_2024","presence","IC","rafale_max","sans_2202_2024"
"saisonete",-0.861307533050814,0.314670572317472,-2.7371721693182,0.00619698510980127,-1.47806185479306,-0.244553211308569,0.422609145479639,0.22807931110471,0.783054319911715,"presence_IC_rafale_max_sans_2202_2024","presence","IC","rafale_max","sans_2202_2024"
"saisonprintemps",-1.60441123531511,0.346055334415479,-4.63628522884965,3.54726399884537e-06,-2.28267969076945,-0.926142779860772,0.201007866411125,0.102010483581414,0.39607852978078,"presence_IC_rafale_max_sans_2202_2024","presence","IC","rafale_max","sans_2202_2024"
"heure10",0.116130790395999,0.25113287527013,0.462427670097287,0.643774660362034,-0.376089645133456,0.608351225925454,1.12314275881355,0.686540785243296,1.83739944339692,"presence_IC_rafale_max_sans_2202_2024","presence","IC","rafale_max","sans_2202_2024"
"heure11",-0.0813098998139982,0.257353298757896,-0.315946600282323,0.752043040245179,-0.585722365379474,0.423102565751477,0.921907948069355,0.556703573142096,1.52669087413332,"presence_IC_rafale_max_sans_2202_2024","presence","IC","rafale_max","sans_2202_2024"
"heure12",0.0325503847559387,0.271223413704576,0.120013181426119,0.904472706162993,-0.499047506105031,0.564148275616908,1.03308594361582,0.607108651686336,1.75794985614534,"presence_IC_rafale_max_sans_2202_2024","presence","IC","rafale_max","sans_2202_2024"
"heure13",0.400909507018799,0.287442893131937,1.39474489228294,0.163092782183363,-0.162478563519797,0.964297577557396,1.49318213988264,0.850034311773791,2.62294459409757,"presence_IC_rafale_max_sans_2202_2024","presence","IC","rafale_max","sans_2202_2024"
"heure14",-0.0234132482500385,0.289401334020355,-0.0809023508108355,0.935519610419426,-0.590639862929934,0.543813366429856,0.976858715196105,0.55397270470736,1.72256311790429,"presence_IC_rafale_max_sans_2202_2024","presence","IC","rafale_max","sans_2202_2024"
"heure15",-0.221414838475466,0.292973496266729,-0.75575040506014,0.449798856946206,-0.795642891158255,0.352813214207323,0.801384166339347,0.451291010640735,1.42306531022544,"presence_IC_rafale_max_sans_2202_2024","presence","IC","rafale_max","sans_2202_2024"
"heure16",-0.236413112905525,0.295796925369411,-0.799241278827617,0.424150520791242,-0.81617508662957,0.34334886081852,0.78945447272747,0.442119493290897,1.40966045145479,"presence_IC_rafale_max_sans_2202_2024","presence","IC","rafale_max","sans_2202_2024"
"heure17",-0.902001711915045,0.286958479556527,-3.14331785319264,0.00167044342030742,-1.46444033184584,-0.339563091984253,0.405756638397127,0.23120735466714,0.712081368866316,"presence_IC_rafale_max_sans_2202_2024","presence","IC","rafale_max","sans_2202_2024"
"heure18",-0.184774616246228,0.284985816539036,-0.648364253667754,0.516749384752802,-0.743346816662739,0.373797584170283,0.831291622366132,0.475519771859852,1.45324296130379,"presence_IC_rafale_max_sans_2202_2024","presence","IC","rafale_max","sans_2202_2024"
"heure19",-0.158208235008588,0.276439357820151,-0.572307200595932,0.567113872367869,-0.700029376336085,0.383612906318909,0.853671999062756,0.496570716148897,1.46757724183897,"presence_IC_rafale_max_sans_2202_2024","presence","IC","rafale_max","sans_2202_2024"
"heure20",0.0837739512069325,0.282226377289036,0.296832464816488,0.766594418561857,-0.469389748279577,0.636937650693442,1.08738306439584,0.625383793393526,1.89068207591184,"presence_IC_rafale_max_sans_2202_2024","presence","IC","rafale_max","sans_2202_2024"
"groupeG2",-5.19794452665637,0.450059866712571,-11.5494513310515,7.42931990320954e-31,-6.080061865413,-4.31582718789973,0.00552791523352622,0.00228803509830722,0.0133554974098339,"presence_IC_rafale_max_sans_2202_2024","presence","IC","rafale_max","sans_2202_2024"
"groupeG4",-6.07973997827916,0.601408348795719,-10.109171231915,5.03080346953005e-24,-7.25850034191877,-4.90097961463955,0.00228877170591304,0.000704163248285405,0.00743929186100447,"presence_IC_rafale_max_sans_2202_2024","presence","IC","rafale_max","sans_2202_2024"
"groupeG5",-7.40796956966274,0.673014834802743,-11.0071415763576,3.53026919950596e-28,-8.72707864587612,-6.08886049344936,0.000606400699769856,0.000162135420019673,0.00226799183446006,"presence_IC_rafale_max_sans_2202_2024","presence","IC","rafale_max","sans_2202_2024"
"groupeG6",-10.6436850414313,0.640640871040357,-16.614121144264,5.50760653102058e-62,-11.8993411486704,-9.38802893419222,2.38509850062265e-05,6.79488014874562e-06,8.37203119575642e-05,"presence_IC_rafale_max_sans_2202_2024","presence","IC","rafale_max","sans_2202_2024"
"groupeG7",-1.63772264839811,0.454133968540795,-3.60625445760065,0.000310648528400034,-2.52782522673807,-0.747620070058156,0.194422306455295,0.0798324491091163,0.473492090863087,"presence_IC_rafale_max_sans_2202_2024","presence","IC","rafale_max","sans_2202_2024"
"groupeG8",-2.43925190246055,0.643768801647091,-3.78901850512124,0.000151243648669121,-3.70103875368885,-1.17746505123225,0.0872260806763613,0.0246978581498562,0.308058662576916,"presence_IC_rafale_max_sans_2202_2024","presence","IC","rafale_max","sans_2202_2024"
"groupeG9",-2.55308557949966,0.440902783726042,-5.79058621023821,7.01411845945744e-09,-3.4172550356027,-1.68891612339661,0.0778411101312284,0.0328023527624288,0.184719628812789,"presence_IC_rafale_max_sans_2202_2024","presence","IC","rafale_max","sans_2202_2024"
"(Intercept)",3.53568105804704,0.0914890074364753,38.6459658610026,0,3.35636260347155,3.71499951262253,34.3183795654801,28.684663395482,41.0585670733673,"intensite_IC_rafale_max_sans_2202_2024","intensite","IC","rafale_max","sans_2202_2024"
"temperature_z",-0.0508699769382026,0.0279606319979894,-1.81934288687969,0.0688591342356186,-0.105672815654262,0.00393286177785665,0.950402236707782,0.899718973887719,1.00394060562724,"intensite_IC_rafale_max_sans_2202_2024","intensite","IC","rafale_max","sans_2202_2024"
"humidite_z",0.0754246899629148,0.0236305977499421,3.19182319300829,0.00141377845081363,0.0291087183730283,0.121740661552801,1.0783420146829,1.02953651792615,1.12946115109418,"intensite_IC_rafale_max_sans_2202_2024","intensite","IC","rafale_max","sans_2202_2024"
"pression_z",-0.0143904770997484,0.0214689680351749,-0.670291980321132,0.502671678453984,-0.0564696544486911,0.0276887002491943,0.985712570920238,0.94509516349378,1.02807559492561,"intensite_IC_rafale_max_sans_2202_2024","intensite","IC","rafale_max","sans_2202_2024"
"rafale_IC_max_z",-0.0237806086175046,0.0137290163262285,-1.73214220541593,0.0832482461999165,-0.0506894806169124,0.00312826338190316,0.976499921926776,0.950573796297726,1.003133161504,"intensite_IC_rafale_max_sans_2202_2024","intensite","IC","rafale_max","sans_2202_2024"
"direction_IC_sin",0.0362421502235337,0.0207056921039094,1.75034720122642,0.0800584207444154,-0.00434100630012862,0.076825306747196,1.03690690333139,0.995668402248607,1.07985341680837,"intensite_IC_rafale_max_sans_2202_2024","intensite","IC","rafale_max","sans_2202_2024"
"direction_IC_cos",0.0189249932742298,0.0220587576133013,0.85793559211232,0.390928029436057,-0.0243101716478408,0.0621601581963004,1.01910520600587,0.975982940568187,1.06413276066449,"intensite_IC_rafale_max_sans_2202_2024","intensite","IC","rafale_max","sans_2202_2024"
"pluie",0.0122404188106034,0.0327405054351297,0.373861632492387,0.708507262715085,-0.0519309718422507,0.0764118094634576,1.01231563933385,0.94939439952744,1.07940699265763,"intensite_IC_rafale_max_sans_2202_2024","intensite","IC","rafale_max","sans_2202_2024"
"saisonete",0.242126007977974,0.0767984974469485,3.15274407738552,0.00161743540964008,0.0916009529819551,0.392651062973993,1.27395471115987,1.09592740824802,1.4809015577783,"intensite_IC_rafale_max_sans_2202_2024","intensite","IC","rafale_max","sans_2202_2024"
"saisonprintemps",0.060135098689037,0.0872696768614406,0.689072090693247,0.490777902230607,-0.110913467959387,0.231183665337461,1.06198000896134,0.895016193155855,1.26009065317229,"intensite_IC_rafale_max_sans_2202_2024","intensite","IC","rafale_max","sans_2202_2024"
"heure10",-0.0816434619129994,0.0361463740656631,-2.25869022891997,0.0239026606990965,-0.152490355081699,-0.0107965687442998,0.921600485800842,0.858567174726717,0.989261505017003,"intensite_IC_rafale_max_sans_2202_2024","intensite","IC","rafale_max","sans_2202_2024"
"heure11",-0.115830343943269,0.038994287872554,-2.97044388454637,0.0029736972797972,-0.192259148173475,-0.039401539713063,0.890626310628552,0.82509301943465,0.961364605565726,"intensite_IC_rafale_max_sans_2202_2024","intensite","IC","rafale_max","sans_2202_2024"
"heure12",-0.0895151925466987,0.0417439685904296,-2.14438625673031,0.0320019505285734,-0.171333370983941,-0.00769701410945678,0.914374373343412,0.84254064804318,0.992332532049312,"intensite_IC_rafale_max_sans_2202_2024","intensite","IC","rafale_max","sans_2202_2024"
"heure13",-0.0755510907289338,0.0440443027975011,-1.71534309616135,0.0862823416121522,-0.161877924212036,0.0107757427541685,0.927232356346842,0.850545029157501,1.01083401017362,"intensite_IC_rafale_max_sans_2202_2024","intensite","IC","rafale_max","sans_2202_2024"
"heure14",-0.125697533123202,0.0461916874582404,-2.72121544026378,0.00650423566314724,-0.216233240541354,-0.0351618257050512,0.881881546404528,0.805547393650243,0.965449169123022,"intensite_IC_rafale_max_sans_2202_2024","intensite","IC","rafale_max","sans_2202_2024"
"heure15",-0.0821131351799683,0.0471413874297272,-1.74184807993555,0.0815350310240993,-0.174510254542234,0.0102839841822971,0.921167736323221,0.839868241720696,1.01033704608757,"intensite_IC_rafale_max_sans_2202_2024","intensite","IC","rafale_max","sans_2202_2024"
"heure16",-0.084282456830124,0.0475730143235849,-1.77164424051095,0.0764536309790118,-0.17752556490435,0.00896065124410235,0.919171593130526,0.837339592555531,1.0090009180619,"intensite_IC_rafale_max_sans_2202_2024","intensite","IC","rafale_max","sans_2202_2024"
"heure17",-0.12897090297702,0.0467488224899465,-2.75880537963828,0.00580130733966058,-0.220598595057315,-0.0373432108967244,0.878999541443347,0.802038557925612,0.963345447949494,"intensite_IC_rafale_max_sans_2202_2024","intensite","IC","rafale_max","sans_2202_2024"
"heure18",-0.186301417731468,0.0444441713343454,-4.19180765752064,2.76740576727463e-05,-0.273411993546785,-0.0991908419161513,0.830023373510924,0.7607792868965,0.905569870842423,"intensite_IC_rafale_max_sans_2202_2024","intensite","IC","rafale_max","sans_2202_2024"
"heure19",-0.252405891385631,0.0424352099325036,-5.94802975611767,2.71389267329332e-09,-0.335578902853338,-0.169232879917924,0.776929325141262,0.714924094935237,0.844312257120299,"intensite_IC_rafale_max_sans_2202_2024","intensite","IC","rafale_max","sans_2202_2024"
"heure20",-0.195491886539045,0.0418063814847033,-4.67612550037544,2.92345734911011e-06,-0.277432394249063,-0.113551378829026,0.822430016290938,0.757726789560017,0.89265833149316,"intensite_IC_rafale_max_sans_2202_2024","intensite","IC","rafale_max","sans_2202_2024"
"groupeG2",-2.71608674197705,0.0903769598099889,-30.052866877658,2.00288984431723e-198,-2.89322558320462,-2.53894790074947,0.0661330443856879,0.0553972357211114,0.0789494187352137,"intensite_IC_rafale_max_sans_2202_2024","intensite","IC","rafale_max","sans_2202_2024"
"groupeG4",-3.0991765179729,0.222745990015715,-13.9135008345347,5.24481382472796e-44,-3.5357586584037,-2.6625943775421,0.0450863148806998,0.0291366438425886,0.0697669848491725,"intensite_IC_rafale_max_sans_2202_2024","intensite","IC","rafale_max","sans_2202_2024"
"groupeG5",-2.06208692225871,0.264032531136223,-7.80997293547444,5.72002673241425e-15,-2.57959068328571,-1.54458316123172,0.127188260721715,0.0758050259376617,0.213400806415106,"intensite_IC_rafale_max_sans_2202_2024","intensite","IC","rafale_max","sans_2202_2024"
"groupeG6",-5.18230052456737,1.03043753662517,-5.02922335451807,4.92470467194641e-07,-7.2019580963527,-3.16264295278204,0.00561507392883646,0.000745125351752345,0.0423137598957687,"intensite_IC_rafale_max_sans_2202_2024","intensite","IC","rafale_max","sans_2202_2024"
"groupeG7",-1.39767701720451,0.0753192138320791,-18.5567127708021,7.1976282310832e-77,-1.54530267631539,-1.25005135809364,0.247170470311078,0.213247316541784,0.286490082897849,"intensite_IC_rafale_max_sans_2202_2024","intensite","IC","rafale_max","sans_2202_2024"
"groupeG8",-1.32001648808032,0.160581185171622,-8.22024377681322,2.03089937693694e-16,-1.63475561101669,-1.00527736514394,0.267130897453848,0.195000021333332,0.365943120860061,"intensite_IC_rafale_max_sans_2202_2024","intensite","IC","rafale_max","sans_2202_2024"
"groupeG9",0.734931772135396,0.0719565536698831,10.213548796501,1.72440070512191e-24,0.593896926942425,0.875966617328366,2.0853397093759,1.81103214198775,2.40119520944946,"intensite_IC_rafale_max_sans_2202_2024","intensite","IC","rafale_max","sans_2202_2024"
"(Intercept)",23.5215633135915,3103.60533368164,0.00757878685744142,0.993953060864246,-6059.54489070242,6106.5880173296,16416673195.4958,0,Inf,"presence_MR_moyen_sans_2202_2024","presence","MR","moyen","sans_2202_2024"
"temperature_z",-0.102790080313298,0.167827668931609,-0.612473979813102,0.540224208355909,-0.431732311419251,0.226152150792655,0.902316367571234,0.649383185884132,1.2537664123201,"presence_MR_moyen_sans_2202_2024","presence","MR","moyen","sans_2202_2024"
"humidite_z",0.0761352592114413,0.145247172510011,0.524177220773049,0.600155283003132,-0.208549198908181,0.360819717331063,1.07910852365452,0.811761095960456,1.43450482120736,"presence_MR_moyen_sans_2202_2024","presence","MR","moyen","sans_2202_2024"
"pression_z",-0.220944258218051,0.121386927687467,-1.82016517286699,0.0687338550666501,-0.458862636485488,0.0169741200493847,0.801761370652121,0.632002052960403,1.01711899899516,"presence_MR_moyen_sans_2202_2024","presence","MR","moyen","sans_2202_2024"
"vent_MR_moyen_z",0.0387871036124841,0.0895232428768984,0.433262942293315,0.664823756765929,-0.136678452426237,0.214252659651205,1.0395491438324,0.872250651125288,1.23893564429963,"presence_MR_moyen_sans_2202_2024","presence","MR","moyen","sans_2202_2024"
"direction_MR_sin",0.244685347093643,0.123735429460365,1.97748816293574,0.047986477212461,0.00216390535132674,0.487206788835959,1.27721936918521,1.00216624828417,1.62776317783085,"presence_MR_moyen_sans_2202_2024","presence","MR","moyen","sans_2202_2024"
"direction_MR_cos",-0.130646653358396,0.133494015946087,-0.978670485208562,0.327742819921916,-0.392294924612726,0.131001617895934,0.877527791114038,0.67550486157016,1.13996962566272,"presence_MR_moyen_sans_2202_2024","presence","MR","moyen","sans_2202_2024"
"pluie",0.232623868536159,0.245868410873898,0.946131581968322,0.344081477211398,-0.249278216776682,0.714525953848999,1.26190674721995,0.77936311132607,2.04321787307818,"presence_MR_moyen_sans_2202_2024","presence","MR","moyen","sans_2202_2024"
"saisonete",-1.63435577964851,0.370752385727776,-4.40821379056084,1.04226636529455e-05,-2.36103045567495,-0.907681103622074,0.195078004047586,0.0943229774537979,0.403458719078609,"presence_MR_moyen_sans_2202_2024","presence","MR","moyen","sans_2202_2024"
"saisonprintemps",-2.51745731501661,0.399561914211888,-6.30054373420986,2.96603305145472e-10,-3.30059866687191,-1.73431596316131,0.0806644504995837,0.0368610932789678,0.176520905800491,"presence_MR_moyen_sans_2202_2024","presence","MR","moyen","sans_2202_2024"
"heure10",0.224844505456619,0.275173964114346,0.817099488973409,0.413871574970999,-0.314496464207499,0.764185475120738,1.25212800198184,0.730156441622113,2.14724467795415,"presence_MR_moyen_sans_2202_2024","presence","MR","moyen","sans_2202_2024"
"heure11",-0.0856639819845512,0.282997921045182,-0.302701806671133,0.762117120825842,-0.640339907233107,0.469011943264005,0.917902611220429,0.527113223991576,1.59841408892209,"presence_MR_moyen_sans_2202_2024","presence","MR","moyen","sans_2202_2024"
"heure12",-0.0438224532323303,0.299974125649069,-0.146087443833729,0.883852358443999,-0.631771739504505,0.544126833039844,0.957123876638858,0.531649022498861,1.72310316856485,"presence_MR_moyen_sans_2202_2024","presence","MR","moyen","sans_2202_2024"
"heure13",0.324963989017642,0.321281562119906,1.01146168137829,0.311795512201863,-0.304747872737373,0.954675850772657,1.38398080657496,0.737309246720987,2.59782836236789,"presence_MR_moyen_sans_2202_2024","presence","MR","moyen","sans_2202_2024"
"heure14",0.0324689611546344,0.323762897509097,0.100286232315184,0.920117087407839,-0.602106317963196,0.667044240272465,1.03300182946232,0.547656880854293,1.94846959287343,"presence_MR_moyen_sans_2202_2024","presence","MR","moyen","sans_2202_2024"
"heure15",-0.167395834100339,0.326960678226148,-0.511975430833174,0.608668204851512,-0.808238763423589,0.473447095222911,0.84586472295982,0.445642256890417,1.60551904242741,"presence_MR_moyen_sans_2202_2024","presence","MR","moyen","sans_2202_2024"
"heure16",-0.315459060101515,0.331301612346337,-0.952180877923827,0.341005257071236,-0.964810220300335,0.333892100097306,0.729453934199044,0.381055509477804,1.39639246483446,"presence_MR_moyen_sans_2202_2024","presence","MR","moyen","sans_2202_2024"
"heure17",-0.976772680801449,0.325250467089081,-3.0031399786858,0.00267209496590372,-1.61426359629605,-0.33928176530685,0.37652430421361,0.199037188208706,0.712281724533235,"presence_MR_moyen_sans_2202_2024","presence","MR","moyen","sans_2202_2024"
"heure18",-0.296222562224136,0.324149910505966,-0.913844343691972,0.360798642016154,-0.93155638681583,0.339111262367557,0.743621907455911,0.393940109802422,1.40369951545606,"presence_MR_moyen_sans_2202_2024","presence","MR","moyen","sans_2202_2024"
"heure19",-0.224445474608105,0.31123982085583,-0.721133542587633,0.470827355407598,-0.834475523485532,0.385584574269322,0.798959139072449,0.434102098093308,1.47047367131173,"presence_MR_moyen_sans_2202_2024","presence","MR","moyen","sans_2202_2024"
"heure20",0.0734474490259015,0.309026438935316,0.237673673744385,0.812134203936837,-0.532244371287318,0.679139269339121,1.07621197919799,0.587285402937599,1.97217948611659,"presence_MR_moyen_sans_2202_2024","presence","MR","moyen","sans_2202_2024"
"groupeG2",-20.9756006024631,3103.60530786893,-0.00675846266575239,0.994607568035787,-6104.04200402557,6062.09080282065,7.76984586879836e-10,0,Inf,"presence_MR_moyen_sans_2202_2024","presence","MR","moyen","sans_2202_2024"
"groupeG6",-26.8166531970788,3103.60534285691,-0.00864048428670176,0.993105976772183,-6109.88312519662,6056.24981880246,2.25774814119749e-12,0,Inf,"presence_MR_moyen_sans_2202_2024","presence","MR","moyen","sans_2202_2024"
"groupeG7",-17.591042219641,3103.60530875209,-0.00566793792046775,0.995477664055415,-6100.65744737373,6065.47536293445,2.29248991110318e-08,0,Inf,"presence_MR_moyen_sans_2202_2024","presence","MR","moyen","sans_2202_2024"
"groupeG9",-18.6584663708008,3103.60530683436,-0.00601186830352222,0.995203251993516,-6101.72486776614,6064.40793502454,7.8837167870127e-09,0,Inf,"presence_MR_moyen_sans_2202_2024","presence","MR","moyen","sans_2202_2024"
"activite_electrique",-0.0823206694332437,0.361598578406989,-0.227657613577755,0.819912426611478,-0.791053883110941,0.626412544244454,0.920976582301112,0.453366747864915,1.87088680222257,"presence_MR_moyen_sans_2202_2024","presence","MR","moyen","sans_2202_2024"
"(Intercept)",3.46584971609469,0.180900749755736,19.158846609395,8.16628398999371e-82,3.11128424657345,3.82041518561593,32.0036422327021,22.4498570475025,45.6231464633196,"intensite_MR_moyen_sans_2202_2024","intensite","MR","moyen","sans_2202_2024"
"temperature_z",0.0381553712278986,0.0324886555953571,1.17442136427927,0.240226292046511,-0.0255223937390012,0.101833136194798,1.03889263436386,0.974800549292239,1.1071987049239,"intensite_MR_moyen_sans_2202_2024","intensite","MR","moyen","sans_2202_2024"
"humidite_z",0.126401916023654,0.0286644836110086,4.40970497633907,1.035115409495e-05,0.0702195281460774,0.182584303901231,1.13473814608806,1.07274365283227,1.20031533795399,"intensite_MR_moyen_sans_2202_2024","intensite","MR","moyen","sans_2202_2024"
"pression_z",-0.00263471682346267,0.0228464048589525,-0.115323038339235,0.9081890782328,-0.0474136703470096,0.0421442367000842,0.997368750996664,0.953692801547501,1.04304491325774,"intensite_MR_moyen_sans_2202_2024","intensite","MR","moyen","sans_2202_2024"
"vent_MR_moyen_z",-0.037555143238948,0.0151948939773584,-2.47156336167321,0.0134523709999494,-0.0673371354345704,-0.00777315104332549,0.963141305525295,0.934879967037478,0.992256981769063,"intensite_MR_moyen_sans_2202_2024","intensite","MR","moyen","sans_2202_2024"
"direction_MR_sin",-0.0447967203437897,0.0209990510039663,-2.1332735624733,0.0329022916449721,-0.0859548603115636,-0.00363858037601571,0.956191836426043,0.917635652072714,0.996368031236169,"intensite_MR_moyen_sans_2202_2024","intensite","MR","moyen","sans_2202_2024"
"direction_MR_cos",0.0506681863325997,0.0211398347017226,2.39681090450868,0.0165384562175645,0.00923411031722341,0.092102262347976,1.05197377608883,1.00927687624765,1.09647694465462,"intensite_MR_moyen_sans_2202_2024","intensite","MR","moyen","sans_2202_2024"
"pluie",-0.00288512963483025,0.0359769884410893,-0.0801937505012271,0.936083160532706,-0.0734000269793653,0.0676297677097048,0.997119028351936,0.929229038981924,1.06996909802864,"intensite_MR_moyen_sans_2202_2024","intensite","MR","moyen","sans_2202_2024"
"saisonete",0.12671557920647,0.0806795136257622,1.57060415354323,0.116274624588711,-0.0314162675000242,0.284847425912964,1.13509412749283,0.969072095885934,1.32955915637094,"intensite_MR_moyen_sans_2202_2024","intensite","MR","moyen","sans_2202_2024"
"saisonprintemps",-0.0193413731886052,0.0888768385454628,-0.217619950317107,0.827725238905823,-0.193539976737712,0.154857230360502,0.980844471080008,0.824036893229893,1.16749126689868,"intensite_MR_moyen_sans_2202_2024","intensite","MR","moyen","sans_2202_2024"
"heure10",-0.0506880409528385,0.0421671889092702,-1.20207303982019,0.229335230756226,-0.133335731215008,0.031959649309331,0.950575164805655,0.8751712204834,1.0324758433512,"intensite_MR_moyen_sans_2202_2024","intensite","MR","moyen","sans_2202_2024"
"heure11",-0.0815899693076022,0.0460689725713891,-1.77103948175031,0.0765541364658283,-0.171885155547525,0.0087052169323204,0.921649785930547,0.842075875358387,1.00874321752099,"intensite_MR_moyen_sans_2202_2024","intensite","MR","moyen","sans_2202_2024"
"heure12",-0.0531865134393056,0.0493063276330836,-1.07869549391503,0.280723495102072,-0.14982691560015,0.0434538887215383,0.948203143359148,0.860856964441983,1.04441183403676,"intensite_MR_moyen_sans_2202_2024","intensite","MR","moyen","sans_2202_2024"
"heure13",-0.0485639149956992,0.0525402556340841,-0.924318209144658,0.355320664912528,-0.151542816038504,0.0544149860471057,0.952596452161912,0.859381086191525,1.05592270443479,"intensite_MR_moyen_sans_2202_2024","intensite","MR","moyen","sans_2202_2024"
"heure14",-0.089008288932527,0.0554904102977743,-1.60403010997555,0.108707415781309,-0.197769493116165,0.0197529152511105,0.914837990512648,0.820558975832474,1.01994929497437,"intensite_MR_moyen_sans_2202_2024","intensite","MR","moyen","sans_2202_2024"
"heure15",-0.0221662957973899,0.0567865341494893,-0.390344227366257,0.69628202324431,-0.133467902730389,0.089135311135609,0.978077571336804,0.875055555420952,1.09322857231836,"intensite_MR_moyen_sans_2202_2024","intensite","MR","moyen","sans_2202_2024"
"heure16",0.00371839074858591,0.0578760682470611,0.0642474663744063,0.948773182735306,-0.109718703015654,0.117155484512826,1.00372531254011,0.896086166183364,1.12429422644116,"intensite_MR_moyen_sans_2202_2024","intensite","MR","moyen","sans_2202_2024"
"heure17",-0.0461377223643188,0.0579259971729633,-0.796494227394214,0.425744829431336,-0.159672676823327,0.0673972320946893,0.954910440610597,0.852422761032719,1.06972032103226,"intensite_MR_moyen_sans_2202_2024","intensite","MR","moyen","sans_2202_2024"
"heure18",-0.0673631848429962,0.0550934517082438,-1.22270764953572,0.221440136718073,-0.175346350191154,0.0406199805051616,0.934855614284576,0.839166325013769,1.04145625665455,"intensite_MR_moyen_sans_2202_2024","intensite","MR","moyen","sans_2202_2024"
"heure19",-0.126668166223169,0.0524644892364355,-2.41436003793592,0.0157628777259082,-0.229498565126583,-0.0238377673197553,0.881025978273883,0.794932109263975,0.976444108053631,"intensite_MR_moyen_sans_2202_2024","intensite","MR","moyen","sans_2202_2024"
"heure20",-0.064300661297886,0.050626610632041,-1.27009611141519,0.204050396614985,-0.163528818136686,0.0349274955409144,0.937723020122419,0.849142027957953,1.03554462447483,"intensite_MR_moyen_sans_2202_2024","intensite","MR","moyen","sans_2202_2024"
"groupeG2",-2.57991735789229,0.173455758857584,-14.8736333396145,4.88866157167975e-50,-2.91989064525316,-2.23994407053143,0.0757802664050121,0.0539395855275708,0.106464458713338,"intensite_MR_moyen_sans_2202_2024","intensite","MR","moyen","sans_2202_2024"
"groupeG6",-5.15608360933414,1.04192753375898,-4.94860097489933,7.47488094021668e-07,-7.19826157550174,-3.11390564316654,0.00576423051567711,0.000747884820225881,0.0444270996539654,"intensite_MR_moyen_sans_2202_2024","intensite","MR","moyen","sans_2202_2024"
"groupeG7",-1.33054619959137,0.165743021604762,-8.02776603629349,9.92635499414521e-16,-1.6554025219367,-1.00568987724603,0.264332843371873,0.191015152439778,0.365792196025328,"intensite_MR_moyen_sans_2202_2024","intensite","MR","moyen","sans_2202_2024"
"groupeG9",0.815206256890621,0.165599246991022,4.92276548174652,8.53296882629289e-07,0.490631732788217,1.13978078099302,2.25964169095737,1.6333477334184,3.12608299325612,"intensite_MR_moyen_sans_2202_2024","intensite","MR","moyen","sans_2202_2024"
"activite_electrique",-0.0483987910117609,0.0591546568458243,-0.818173810692595,0.413257947163051,-0.164341918429577,0.0675443364060548,0.952753761670607,0.848451870947772,1.06987769307821,"intensite_MR_moyen_sans_2202_2024","intensite","MR","moyen","sans_2202_2024"
"(Intercept)",23.4830766077957,3014.53592268919,0.00778994751100762,0.99378458401354,-5885.00733186302,5931.97348507861,15796853440.2583,0,Inf,"presence_MR_rafale_max_sans_2202_2024","presence","MR","rafale_max","sans_2202_2024"
"temperature_z",-0.0901488286394868,0.163412019221441,-0.551665838712421,0.581177319066771,-0.410436386313512,0.230138729034538,0.913795176257609,0.663360705431469,1.25877462640563,"presence_MR_rafale_max_sans_2202_2024","presence","MR","rafale_max","sans_2202_2024"
"humidite_z",0.107647721974075,0.147758191873981,0.728539789292254,0.466283221001155,-0.181958334098929,0.397253778047078,1.11365535996438,0.833636073890314,1.48773343623391,"presence_MR_rafale_max_sans_2202_2024","presence","MR","rafale_max","sans_2202_2024"
"pression_z",-0.205523301877397,0.120927397237825,-1.69955945941017,0.0892138214237314,-0.442541000463534,0.03149439670874,0.814221121465354,0.642402001648318,1.03199559300756,"presence_MR_rafale_max_sans_2202_2024","presence","MR","rafale_max","sans_2202_2024"
"rafale_MR_max_z",0.0951965657260037,0.0809742030014862,1.17564066328947,0.239738499054064,-0.0635128721569092,0.253906003608917,1.09987503161307,0.938462039192294,1.28905063246566,"presence_MR_rafale_max_sans_2202_2024","presence","MR","rafale_max","sans_2202_2024"
"direction_MR_sin",0.224693578074202,0.124834294874761,1.79993469182185,0.0718709510139967,-0.0199816398803301,0.469368796028733,1.25193903584049,0.980216670036908,1.59898458919515,"presence_MR_rafale_max_sans_2202_2024","presence","MR","rafale_max","sans_2202_2024"
"direction_MR_cos",-0.123594978004846,0.132583688743037,-0.93220349483855,0.351231369695467,-0.383459007941199,0.136269051931507,0.883737701614226,0.681500013564815,1.1459901829923,"presence_MR_rafale_max_sans_2202_2024","presence","MR","rafale_max","sans_2202_2024"
"pluie",0.23038075592534,0.245147040745451,0.939765600371071,0.347337807475479,-0.250107443935744,0.710868955786425,1.25907932058529,0.778717110145266,2.03575947526026,"presence_MR_rafale_max_sans_2202_2024","presence","MR","rafale_max","sans_2202_2024"
"saisonete",-1.63608362945934,0.369977539662631,-4.4221160856176,9.77389164750863e-06,-2.3612396071981,-0.910927651720588,0.194741229586825,0.0943032517223009,0.402150994884729,"presence_MR_rafale_max_sans_2202_2024","presence","MR","rafale_max","sans_2202_2024"
"saisonprintemps",-2.56390392821162,0.401450165531648,-6.38660573178788,1.69608178676058e-10,-3.35074625265364,-1.77706160376959,0.0770035366078122,0.0350581820751822,0.169134401703852,"presence_MR_rafale_max_sans_2202_2024","presence","MR","rafale_max","sans_2202_2024"
"heure10",0.219706373363067,0.273051100871422,0.80463463674708,0.421030548401659,-0.31547378434492,0.754886531071054,1.24571090297861,0.729443193620837,2.12737011925072,"presence_MR_rafale_max_sans_2202_2024","presence","MR","rafale_max","sans_2202_2024"
"heure11",-0.0933746168202814,0.278643761509076,-0.335103920197546,0.73754669577513,-0.63951638937807,0.452767155737507,0.910852215813844,0.527547489931494,1.57265795949617,"presence_MR_rafale_max_sans_2202_2024","presence","MR","rafale_max","sans_2202_2024"
"heure12",-0.0602567034155858,0.292665750081065,-0.205889153065896,0.836877498534788,-0.633881573574474,0.513368166743302,0.941522810438706,0.53052851373736,1.67090962996806,"presence_MR_rafale_max_sans_2202_2024","presence","MR","rafale_max","sans_2202_2024"
"heure13",0.305231055061362,0.312999644117949,0.975180198436072,0.329470882640257,-0.308248247409819,0.918710357532542,1.35693849429502,0.734732899828294,2.50605638828741,"presence_MR_rafale_max_sans_2202_2024","presence","MR","rafale_max","sans_2202_2024"
"heure14",0.0281794969388588,0.313128657619938,0.0899933501872635,0.928292499169186,-0.585552671996219,0.641911665873937,1.02858029486672,0.55679805007072,1.90010978460456,"presence_MR_rafale_max_sans_2202_2024","presence","MR","rafale_max","sans_2202_2024"
"heure15",-0.179214743629365,0.315198897082884,-0.56857668376371,0.569643451749142,-0.797004581911818,0.438575094653088,0.835926370258725,0.450676910046819,1.5504963332187,"presence_MR_rafale_max_sans_2202_2024","presence","MR","rafale_max","sans_2202_2024"
"heure16",-0.320027507177581,0.319717517564311,-1.0009695734398,0.316841518557534,-0.946673841603631,0.306618827248469,0.726129063037894,0.388029527052487,1.3588229230735,"presence_MR_rafale_max_sans_2202_2024","presence","MR","rafale_max","sans_2202_2024"
"heure17",-0.97291253556855,0.312756733444989,-3.11076447452306,0.00186603709665274,-1.58591573312073,-0.35990933801637,0.377980551566469,0.204760201539639,0.697739581658079,"presence_MR_rafale_max_sans_2202_2024","presence","MR","rafale_max","sans_2202_2024"
"heure18",-0.287756284061639,0.315375465819026,-0.912424444033207,0.361545326641747,-0.905892197066929,0.330379628943652,0.749944343357817,0.404181114982633,1.39149628046959,"presence_MR_rafale_max_sans_2202_2024","presence","MR","rafale_max","sans_2202_2024"
"heure19",-0.212674050807416,0.306533825713454,-0.693802879053951,0.487805836854414,-0.813480349205786,0.388132247590953,0.808419597991977,0.443312495927752,1.47422473406664,"presence_MR_rafale_max_sans_2202_2024","presence","MR","rafale_max","sans_2202_2024"
"heure20",0.100688655452645,0.309076524394371,0.325772575739754,0.744596429189579,-0.505101332360323,0.706478643265613,1.10593226217628,0.603444423880982,2.02684144573946,"presence_MR_rafale_max_sans_2202_2024","presence","MR","rafale_max","sans_2202_2024"
"groupeG2",-20.9317496404317,3014.53589775449,-0.00694360603103903,0.994459848470074,-5929.42210923923,5887.55860995837,8.11814183156409e-10,0,Inf,"presence_MR_rafale_max_sans_2202_2024","presence","MR","rafale_max","sans_2202_2024"
"groupeG6",-26.7600738110868,3014.53593347711,-0.00887701271492906,0.992917261630393,-5935.25050342622,5881.73035580405,2.38917305706155e-12,0,Inf,"presence_MR_rafale_max_sans_2202_2024","presence","MR","rafale_max","sans_2202_2024"
"groupeG7",-17.5470645449222,3014.53589862091,-0.00582081790863718,0.995355685485851,-5926.0374258419,5890.94329675205,2.39555802375893e-08,0,Inf,"presence_MR_rafale_max_sans_2202_2024","presence","MR","rafale_max","sans_2202_2024"
"groupeG9",-18.6082570951842,3014.53589669216,-0.00617284309521838,0.995074815076288,-5927.09861461182,5889.88210042145,8.28965823202397e-09,0,Inf,"presence_MR_rafale_max_sans_2202_2024","presence","MR","rafale_max","sans_2202_2024"
"activite_electrique",-0.0891001599082557,0.359076475638674,-0.248137001316438,0.804028407746165,-0.792890052160057,0.614689732343546,0.91475394731445,0.452535053673826,1.84908279996027,"presence_MR_rafale_max_sans_2202_2024","presence","MR","rafale_max","sans_2202_2024"
"(Intercept)",3.48253657771524,0.180138775831944,19.3325205061023,2.86093982850901e-83,3.12946457708463,3.83560857834585,32.5421631984777,22.8617355677728,46.3216094201165,"intensite_MR_rafale_max_sans_2202_2024","intensite","MR","rafale_max","sans_2202_2024"
"temperature_z",0.0469725697757191,0.0319021854840043,1.47239347596644,0.140914653899305,-0.0155557137729292,0.109500853324367,1.04809325925218,0.984564651412225,1.11572102300668,"intensite_MR_rafale_max_sans_2202_2024","intensite","MR","rafale_max","sans_2202_2024"
"humidite_z",0.116259827674858,0.0289047406012166,4.02217163194209,5.76640134037357e-05,0.0596065360964735,0.172913119253243,1.12328769544983,1.06141883437557,1.18876281999584,"intensite_MR_rafale_max_sans_2202_2024","intensite","MR","rafale_max","sans_2202_2024"
"pression_z",-0.00905631694526555,0.0229557792036179,-0.394511415401584,0.693203500929271,-0.0540496441843567,0.0359370102938256,0.990984567977678,0.947385073175113,1.03659054990028,"intensite_MR_rafale_max_sans_2202_2024","intensite","MR","rafale_max","sans_2202_2024"
"rafale_MR_max_z",-0.0481746185374374,0.0134586412698824,-3.57945631891104,0.000344309792259652,-0.0745535554264069,-0.0217956816484679,0.95296736678008,0.928157764843027,0.978440127903632,"intensite_MR_rafale_max_sans_2202_2024","intensite","MR","rafale_max","sans_2202_2024"
"direction_MR_sin",-0.0422361770442383,0.0210067009128856,-2.01060495978835,0.0443671997654328,-0.083409310833494,-0.00106304325498248,0.958643344282479,0.919974514610111,0.998937521575334,"intensite_MR_rafale_max_sans_2202_2024","intensite","MR","rafale_max","sans_2202_2024"
"direction_MR_cos",0.0543454916953078,0.021063722768055,2.58005160311583,0.00987855523742419,0.01306059506992,0.0956303883206956,1.05584932632061,1.01314625716812,1.10035228576745,"intensite_MR_rafale_max_sans_2202_2024","intensite","MR","rafale_max","sans_2202_2024"
"pluie",0.00288393150097441,0.0358125719346198,0.0805284665463117,0.935816956718392,-0.0673087094908804,0.0730765724928292,1.00288809403195,0.934906542260489,1.0758129114373,"intensite_MR_rafale_max_sans_2202_2024","intensite","MR","rafale_max","sans_2202_2024"
"saisonete",0.119656348504721,0.0806595636471956,1.48347378902392,0.137948575340657,-0.0384363962437825,0.277749093253224,1.12710945216941,0.962292908236956,1.32015491987479,"intensite_MR_rafale_max_sans_2202_2024","intensite","MR","rafale_max","sans_2202_2024"
"saisonprintemps",0.00325638916094622,0.0893301721367925,0.0364534074328175,0.970920829477005,-0.171830748227167,0.17834352654906,1.00326169695598,0.842121691696664,1.19523584596317,"intensite_MR_rafale_max_sans_2202_2024","intensite","MR","rafale_max","sans_2202_2024"
"heure10",-0.0535684413775006,0.041746403832697,-1.2831869684436,0.199426580405647,-0.135391392889587,0.0282545101345854,0.94784106723551,0.87337401240552,1.02865745485568,"intensite_MR_rafale_max_sans_2202_2024","intensite","MR","rafale_max","sans_2202_2024"
"heure11",-0.0890902170152604,0.0451501539602799,-1.9731985209538,0.0484729489309788,-0.177584518777409,-0.000595915253111895,0.914763042660282,0.837290229598568,0.999404262269118,"intensite_MR_rafale_max_sans_2202_2024","intensite","MR","rafale_max","sans_2202_2024"
"heure12",-0.0622858256207366,0.0479626700942837,-1.29863132094808,0.194070483804663,-0.156292659005533,0.0317210077640594,0.939614282570365,0.855308839904636,1.03222948111779,"intensite_MR_rafale_max_sans_2202_2024","intensite","MR","rafale_max","sans_2202_2024"
"heure13",-0.0587229855759926,0.050850410972467,-1.15481830830803,0.248164838102427,-0.158389791082028,0.0409438199300427,0.942967948703346,0.853517023795376,1.04179357586542,"intensite_MR_rafale_max_sans_2202_2024","intensite","MR","rafale_max","sans_2202_2024"
"heure14",-0.105461709951859,0.0533090512842484,-1.97830776221337,0.0478939979815439,-0.209947450468986,-0.000975969434732521,0.899908929743343,0.810626842911375,0.999024506668536,"intensite_MR_rafale_max_sans_2202_2024","intensite","MR","rafale_max","sans_2202_2024"
"heure15",-0.03832897414905,0.0545873582550721,-0.702158436939721,0.482580362451216,-0.145320196328991,0.0686622480308914,0.962396285309297,0.864745360486762,1.07107439056484,"intensite_MR_rafale_max_sans_2202_2024","intensite","MR","rafale_max","sans_2202_2024"
"heure16",-0.0175646240593801,0.0556451774898126,-0.315654021637289,0.752265129028855,-0.126629171939413,0.0914999238206526,0.982588734740511,0.881060333920709,1.09581669321394,"intensite_MR_rafale_max_sans_2202_2024","intensite","MR","rafale_max","sans_2202_2024"
"heure17",-0.0702817868864515,0.0559151119124885,-1.25693724795629,0.208776359425829,-0.179875406234929,0.039311832462026,0.932131120568843,0.835374287355236,1.04009476839864,"intensite_MR_rafale_max_sans_2202_2024","intensite","MR","rafale_max","sans_2202_2024"
"heure18",-0.0890229856671311,0.0535084025694824,-1.66371974105435,0.0961684493375641,-0.193899454703317,0.0158534833690544,0.914824545480295,0.823740723360393,1.01597981656065,"intensite_MR_rafale_max_sans_2202_2024","intensite","MR","rafale_max","sans_2202_2024"
"heure19",-0.144604021768408,0.0516604408439313,-2.7991248120639,0.00512413266446683,-0.245858485822513,-0.0433495577143023,0.865364890934819,0.782032885835856,0.957576603268078,"intensite_MR_rafale_max_sans_2202_2024","intensite","MR","rafale_max","sans_2202_2024"
"heure20",-0.0793824687860082,0.0504429699300181,-1.57370727568458,0.115555139020283,-0.178250689848844,0.0194857522768273,0.923686575593722,0.836732636815926,1.01967683868384,"intensite_MR_rafale_max_sans_2202_2024","intensite","MR","rafale_max","sans_2202_2024"
"groupeG2",-2.58012601648637,0.173504225151707,-14.8706811850281,5.10908441250038e-50,-2.92019429778372,-2.24005773518903,0.0757644558507265,0.0539232091224222,0.106452358154808,"intensite_MR_rafale_max_sans_2202_2024","intensite","MR","rafale_max","sans_2202_2024"
"groupeG6",-5.16271493897278,1.04137245522347,-4.95760658261783,7.13668928503077e-07,-7.20380495121079,-3.12162492673478,0.00572613246299938,0.000743750483358558,0.0440854745206373,"intensite_MR_rafale_max_sans_2202_2024","intensite","MR","rafale_max","sans_2202_2024"
"groupeG7",-1.33292484280367,0.165760186748425,-8.04128463505326,8.89014845690983e-16,-1.65781480883059,-1.00803487677676,0.263704837045792,0.190554924415207,0.364935418461418,"intensite_MR_rafale_max_sans_2202_2024","intensite","MR","rafale_max","sans_2202_2024"
"groupeG9",0.812097327456371,0.165627843132613,4.90314497910928,9.43143217282976e-07,0.487466754916449,1.13672789999629,2.25262753330366,1.62818639605296,3.11655398675416,"intensite_MR_rafale_max_sans_2202_2024","intensite","MR","rafale_max","sans_2202_2024"
"activite_electrique",-0.0383249134935883,0.0590945353471705,-0.648535660166136,0.516638554154703,-0.154150202774042,0.0775003757868658,0.962400193276963,0.857143266045711,1.08058263852725,"intensite_MR_rafale_max_sans_2202_2024","intensite","MR","rafale_max","sans_2202_2024"
