"x","estimation","IC_inf","IC_sup","variable","unite","reponse","source","vent","version"
11.618,0.998090026666216,0.993312113865061,0.999456404450307,"Température","°C","presence","IC","moyen","complet"
11.7707427293065,0.998062512404675,0.993292063092876,0.999442290435677,"Température","°C","presence","IC","moyen","complet"
11.923485458613,0.998034984552173,0.993271252490065,0.999428092759929,"Température","°C","presence","IC","moyen","complet"
12.0762281879195,0.9980074639439,0.993249710306727,0.999413826489578,"Température","°C","presence","IC","moyen","complet"
12.2289709172259,0.997979972129878,0.99322746795678,0.999399507129847,"Température","°C","presence","IC","moyen","complet"
12.3817136465324,0.997952531366773,0.993204560146909,0.999385150576265,"Température","°C","presence","IC","moyen","complet"
12.5344563758389,0.997925164607733,0.993181024998404,0.999370773063663,"Température","°C","presence","IC","moyen","complet"
12.6871991051454,0.997897895490194,0.993156904160365,0.999356391113006,"Température","°C","presence","IC","moyen","complet"
12.8399418344519,0.997870748321584,0.993132242912727,0.999342021476511,"Température","°C","presence","IC","moyen","complet"
12.9926845637584,0.997843748062862,0.993107090257498,0.999327681081537,"Température","°C","presence","IC","moyen","complet"
13.1454272930649,0.997816920309834,0.993081498996588,0.999313386973776,"Température","°C","presence","IC","moyen","complet"
13.2981700223714,0.997790291272203,0.993055525794576,0.999299156260265,"Température","°C","presence","IC","moyen","complet"
13.4509127516778,0.997763887750301,0.993029231224816,0.999285006052756,"Température","°C","presence","IC","moyen","complet"
13.6036554809843,0.997737737109454,0.993002679797235,0.999270953411987,"Température","°C","presence","IC","moyen","complet"
13.7563982102908,0.99771186725196,0.992975939966292,0.999257015293374,"Température","°C","presence","IC","moyen","complet"
13.9091409395973,0.99768630658664,0.992949084117561,0.999243208494644,"Température","°C","presence","IC","moyen","complet"
14.0618836689038,0.997661083995943,0.992922188531542,0.999229549605901,"Température","°C","presence","IC","moyen","complet"
14.2146263982103,0.997636228800599,0.992895333323342,0.999216054962559,"Température","°C","presence","IC","moyen","complet"
14.3673691275168,0.997611770721796,0.992868602357027,0.999202740601588,"Température","°C","presence","IC","moyen","complet"
14.5201118568232,0.997587739840908,0.99284208313357,0.999189622221426,"Température","°C","presence","IC","moyen","complet"
14.6728545861297,0.997564166556767,0.992815866651442,0.999176715145897,"Température","°C","presence","IC","moyen","complet"
14.8255973154362,0.997541081540498,0.992790047239104,0.999164034292389,"Température","°C","presence","IC","moyen","complet"
14.9783400447427,0.99751851568797,0.992764722358804,0.999151594144531,"Température","°C","presence","IC","moyen","complet"
15.1310827740492,0.997496500069876,0.99273999238128,0.999139408729522,"Température","°C","presence","IC","moyen","complet"
15.2838255033557,0.997475065879512,0.992715960331206,0.999127491600201,"Température","°C","presence","IC","moyen","complet"
15.4365682326622,0.997454244378301,0.992692731603377,0.99911585582194,"Température","°C","presence","IC","moyen","complet"
15.5893109619687,0.997434066839159,0.992670413649917,0.999104513964322,"Température","°C","presence","IC","moyen","complet"
15.7420536912751,0.997414564487754,0.992649115638967,0.999093478097565,"Température","°C","presence","IC","moyen","complet"
15.8947964205816,0.99739576844178,0.992628948085591,0.999082759793577,"Température","°C","presence","IC","moyen","complet"
16.0475391498881,0.997377709648342,0.992610022455839,0.999072370131508,"Température","°C","presence","IC","moyen","complet"
16.2002818791946,0.997360418819568,0.992592450745185,0.999062319707582,"Température","°C","presence","IC","moyen","complet"
16.3530246085011,0.997343926366585,0.992576345032754,0.999052618649013,"Température","°C","presence","IC","moyen","complet"
16.5057673378076,0.997328262331994,0.992561817013044,0.999043276631733,"Température","°C","presence","IC","moyen","complet"
16.6585100671141,0.997313456321001,0.99254897750702,0.999034302901649,"Température","°C","presence","IC","moyen","complet"
16.8112527964206,0.997299537431367,0.99253793595476,0.999025706299149,"Température","°C","presence","IC","moyen","complet"
16.963995525727,0.997286534182357,0.992528799891986,0.999017495286512,"Température","°C","presence","IC","moyen","complet"
17.1167382550335,0.997274474442864,0.992521674413079,0.999009677977916,"Température","°C","presence","IC","moyen","complet"
17.26948098434,0.997263385358923,0.992516661623358,0.999002262171688,"Température","°C","presence","IC","moyen","complet"
17.4222237136465,0.997253293280802,0.99251386008359,0.998995255384476,"Température","°C","presence","IC","moyen","complet"
17.574966442953,0.997244223689907,0.992513364249901,0.998988664886969,"Température","°C","presence","IC","moyen","complet"
17.7277091722595,0.997236201125715,0.992515263912396,0.998982497740841,"Température","°C","presence","IC","moyen","complet"
17.880451901566,0.997229249112971,0.992519643635957,0.998976760836561,"Température","°C","presence","IC","moyen","complet"
18.0331946308724,0.997223390089404,0.992526582206808,0.998971460931719,"Température","°C","presence","IC","moyen","complet"
18.1859373601789,0.997218645334193,0.992536152088562,0.998966604689535,"Température","°C","presence","IC","moyen","complet"
18.3386800894854,0.99721503489746,0.992548418891514,0.998962198717177,"Température","°C","presence","IC","moyen","complet"
18.4914228187919,0.997212577531034,0.99256344085906,0.99895824960356,"Température","°C","presence","IC","moyen","complet"
18.6441655480984,0.99721129062077,0.992581268375112,0.998954763956254,"Température","°C","presence","IC","moyen","complet"
18.7969082774049,0.997211190120671,0.992601943496434,0.998951748437133,"Température","°C","presence","IC","moyen","complet"
18.9496510067114,0.997212290489112,0.992625499513771,0.998949209796392,"Température","°C","presence","IC","moyen","complet"
19.1023937360179,0.997214604627414,0.992651960545659,0.998947154904527,"Température","°C","presence","IC","moyen","complet"
19.2551364653243,0.997218143821055,0.992681341168679,0.998945590781867,"Température","°C","presence","IC","moyen","complet"
19.4078791946308,0.997222917683787,0.992713646087864,0.998944524625202,"Température","°C","presence","IC","moyen","complet"
19.5606219239373,0.99722893410493,0.992748869850841,0.998943963831044,"Température","°C","presence","IC","moyen","complet"
19.7133646532438,0.997236199200101,0.992786996609118,0.998943916014993,"Température","°C","presence","IC","moyen","complet"
19.8661073825503,0.997244717265641,0.992827999929774,0.99894438902666,"Température","°C","presence","IC","moyen","complet"
20.0188501118568,0.997254486128755,0.992871828062484,0.998945389586281,"Température","°C","presence","IC","moyen","complet"
20.1715928411633,0.997265465380076,0.992918305053024,0.998946913601041,"Température","°C","presence","IC","moyen","complet"
20.3243355704697,0.997277596150418,0.992967198398352,0.998948951379317,"Température","°C","presence","IC","moyen","complet"
20.4770782997762,0.997290818761046,0.993018277200732,0.998951492557111,"Température","°C","presence","IC","moyen","complet"
20.6298210290827,0.997305073044896,0.993071314306522,0.998954526003319,"Température","°C","presence","IC","moyen","complet"
20.7825637583892,0.997320298550933,0.993126087913709,0.998958039707927,"Température","°C","presence","IC","moyen","complet"
20.9353064876957,0.997336434738339,0.993182382986797,0.998962020686298,"Température","°C","presence","IC","moyen","complet"
21.0880492170022,0.997353421160094,0.993239992477365,0.998966454900963,"Température","°C","presence","IC","moyen","complet"
21.2407919463087,0.997371197635562,0.993298718350908,0.998971327202099,"Température","°C","presence","IC","moyen","complet"
21.3935346756152,0.997389704411865,0.993358372422657,0.998976621287627,"Température","°C","presence","IC","moyen","complet"
21.5462774049216,0.997408882313803,0.993418777006947,0.998982319683597,"Température","°C","presence","IC","moyen","complet"
21.6990201342281,0.997428672882278,0.993479765386335,0.998988403745194,"Température","°C","presence","IC","moyen","complet"
21.8517628635346,0.997449018501144,0.99354118210807,0.99899485367841,"Température","°C","presence","IC","moyen","complet"
22.0045055928411,0.997469862512574,0.993602883116723,0.999001648582066,"Température","°C","presence","IC","moyen","complet"
22.1572483221476,0.997491149321009,0.993664735732746,0.999008766509572,"Température","°C","presence","IC","moyen","complet"
22.3099910514541,0.997512824485887,0.993726618487487,0.999016184549449,"Température","°C","presence","IC","moyen","complet"
22.4627337807606,0.997534834803349,0.993788420825731,0.99902387892338,"Température","°C","presence","IC","moyen","complet"
22.615476510067,0.997557128377201,0.9938500426872,0.999031825100249,"Température","°C","presence","IC","moyen","complet"
22.7682192393735,0.997579654679412,0.993911393978571,0.999039997924426,"Température","°C","presence","IC","moyen","complet"
22.92096196868,0.997602364600525,0.993972393947602,0.999048371756356,"Température","°C","presence","IC","moyen","complet"
23.0737046979865,0.997625210490309,0.994032970470686,0.999056920623391,"Température","°C","presence","IC","moyen","complet"
23.226447427293,0.997648146189077,0.99409305926487,0.999065618378744,"Température","°C","presence","IC","moyen","complet"
23.3791901565995,0.997671127050054,0.994152603034835,0.999074438866431,"Température","°C","presence","IC","moyen","complet"
23.531932885906,0.997694109953253,0.994211550564709,0.999083356090134,"Température","°C","presence","IC","moyen","complet"
23.6846756152125,0.997717053311263,0.994269855763865,0.999092344384029,"Température","°C","presence","IC","moyen","complet"
23.8374183445189,0.997739917154799,0.994327476860823,0.9991013786238,"Température","°C","presence","IC","moyen","complet"
23.9901610738254,0.997762674040826,0.994384398227534,0.999110439453025,"Température","°C","presence","IC","moyen","complet"
24.1429038031319,0.997785319042579,0.994440648375803,0.999119518386584,"Température","°C","presence","IC","moyen","complet"
24.2956465324384,0.997807849889913,0.994496256086038,0.999128608988602,"Température","°C","presence","IC","moyen","complet"
24.4483892617449,0.997830264384715,0.994551245158451,0.99913770565527,"Température","°C","presence","IC","moyen","complet"
24.6011319910514,0.997852560400317,0.994605634742048,0.999146803565616,"Température","°C","presence","IC","moyen","complet"
24.7538747203579,0.997874735880891,0.994659439653353,0.999155898632431,"Température","°C","presence","IC","moyen","complet"
24.9066174496643,0.997896788840812,0.99471267068482,0.999164987453596,"Température","°C","presence","IC","moyen","complet"
25.0593601789708,0.997918717364009,0.994765334902946,0.999174067264033,"Température","°C","presence","IC","moyen","complet"
25.2121029082773,0.997940519603293,0.99481743593607,0.999183135888425,"Température","°C","presence","IC","moyen","complet"
25.3648456375838,0.997962193779664,0.994868974251927,0.999192191694845,"Température","°C","presence","IC","moyen","complet"
25.5175883668903,0.997983738181602,0.994919947424978,0.999201233549379,"Température","°C","presence","IC","moyen","complet"
25.6703310961968,0.998005151164343,0.994970350393623,0.999210260771796,"Température","°C","presence","IC","moyen","complet"
25.8230738255033,0.998026431149134,0.995020175707361,0.999219273092323,"Température","°C","presence","IC","moyen","complet"
25.9758165548098,0.998047576622474,0.995069413763999,0.999228270609528,"Température","°C","presence","IC","moyen","complet"
26.1285592841162,0.998068586135341,0.995118053037044,0.999237253749333,"Température","°C","presence","IC","moyen","complet"
26.2813020134227,0.998089458302409,0.995166080293366,0.999246223225148,"Température","°C","presence","IC","moyen","complet"
26.4340447427292,0.99811019180124,0.995213480801291,0.999255179999116,"Température","°C","presence","IC","moyen","complet"
26.5867874720357,0.998130785371478,0.995260238529233,0.999264125244463,"Température","°C","presence","IC","moyen","complet"
26.7395302013422,0.998151237814022,0.995306336335018,0.99927306030894,"Température","°C","presence","IC","moyen","complet"
26.8922729306487,0.998171547990192,0.995351756146031,0.999281986679345,"Température","°C","presence","IC","moyen","complet"
27.0450156599552,0.998191714820884,0.995396479130325,0.999290905947122,"Température","°C","presence","IC","moyen","complet"
27.1977583892616,0.998211737285716,0.99544048585884,0.999299819775045,"Température","°C","presence","IC","moyen","complet"
27.3505011185681,0.998231614422165,0.995483756458861,0.999308729864986,"Température","°C","presence","IC","moyen","complet"
27.5032438478746,0.998251345324698,0.995526270758848,0.999317637926798,"Température","°C","presence","IC","moyen","complet"
27.6559865771811,0.998270929143894,0.995568008424788,0.999326545648336,"Température","°C","presence","IC","moyen","complet"
27.8087293064876,0.99829036508556,0.995608949088171,0.999335454666663,"Température","°C","presence","IC","moyen","complet"
27.9614720357941,0.998309652409841,0.995649072465744,0.99934436654048,"Température","°C","presence","IC","moyen","complet"
28.1142147651006,0.998328790430328,0.995688358471142,0.999353282723856,"Température","°C","presence","IC","moyen","complet"
28.2669574944071,0.998347778513155,0.995726787318527,0.999362204541322,"Température","°C","presence","IC","moyen","complet"
28.4197002237135,0.998366616076103,0.995764339618349,0.999371133164406,"Température","°C","presence","IC","moyen","complet"
28.57244295302,0.998385302587686,0.99580099646534,0.99938006958971,"Température","°C","presence","IC","moyen","complet"
28.7251856823265,0.998403837566251,0.99583673951886,0.999389014618606,"Température","°C","presence","IC","moyen","complet"
28.877928411633,0.998422220579063,0.995871551075701,0.99939796883866,"Température","°C","presence","IC","moyen","complet"
29.0306711409395,0.998440451241394,0.995905414135483,0.999406932606887,"Température","°C","presence","IC","moyen","complet"
29.183413870246,0.998458529215614,0.995938312458742,0.999415906034918,"Température","°C","presence","IC","moyen","complet"
29.3361565995525,0.998476454210274,0.995970230617856,0.999424888976198,"Température","°C","presence","IC","moyen","complet"
29.4888993288589,0.998494225979198,0.99600115404094,0.999433881015289,"Température","°C","presence","IC","moyen","complet"
29.6416420581654,0.99851184432057,0.996031069048846,0.999442881459357,"Température","°C","presence","IC","moyen","complet"
29.7943847874719,0.998529309076024,0.996059962885457,0.999451889331929,"Température","°C","presence","IC","moyen","complet"
29.9471275167784,0.998546620129738,0.996087823741411,0.999460903368953,"Température","°C","presence","IC","moyen","complet"
30.0998702460849,0.998563777407525,0.996114640771482,0.999469922017214,"Température","°C","presence","IC","moyen","complet"
30.2526129753914,0.99858078087593,0.996140404105807,0.999478943435119,"Température","°C","presence","IC","moyen","complet"
30.4053557046979,0.998597630541337,0.996165104855196,0.999487965495848,"Température","°C","presence","IC","moyen","complet"
30.5580984340044,0.998614326449062,0.99618873511077,0.999496985792845,"Température","°C","presence","IC","moyen","complet"
30.7108411633108,0.998630868682471,0.996211287938202,0.999506001647611,"Température","°C","presence","IC","moyen","complet"
30.8635838926173,0.998647257362086,0.996232757366859,0.999515010119705,"Température","°C","presence","IC","moyen","complet"
31.0163266219238,0.998663492644704,0.996253138374131,0.999524008018887,"Température","°C","presence","IC","moyen","complet"
31.1690693512303,0.998679574722521,0.996272426865318,0.99953299191925,"Température","°C","presence","IC","moyen","complet"
31.3218120805368,0.998695503822257,0.996290619649384,0.999541958175229,"Température","°C","presence","IC","moyen","complet"
31.4745548098433,0.998711280204293,0.996307714410969,0.999550902939299,"Température","°C","presence","IC","moyen","complet"
31.6272975391498,0.998726904161807,0.996323709679024,0.999559822181203,"Température","°C","presence","IC","moyen","complet"
31.7800402684563,0.998742376019926,0.996338604792465,0.999568711708496,"Température","°C","presence","IC","moyen","complet"
31.9327829977627,0.998757696134876,0.996352399863231,0.999577567188203,"Température","°C","presence","IC","moyen","complet"
32.0855257270692,0.998772864893141,0.996365095737152,0.999586384169368,"Température","°C","presence","IC","moyen","complet"
32.2382684563757,0.998787882710637,0.996376693953018,0.999595158106275,"Température","°C","presence","IC","moyen","complet"
32.3910111856822,0.998802750031882,0.996387196700262,0.999603884382096,"Température","°C","presence","IC","moyen","complet"
32.5437539149887,0.998817467329183,0.996396606775612,0.999612558332752,"Température","°C","presence","IC","moyen","complet"
32.6964966442952,0.998832035101824,0.996404927539121,0.999621175270763,"Température","°C","presence","IC","moyen","complet"
32.8492393736017,0.998846453875273,0.996412162869918,0.999629730508848,"Température","°C","presence","IC","moyen","complet"
33.0019821029081,0.998860724200385,0.996418317122032,0.999638219383095,"Température","°C","presence","IC","moyen","complet"
33.1547248322146,0.998874846652621,0.996423395080611,0.999646637275491,"Température","°C","presence","IC","moyen","complet"
33.3074675615211,0.998888821831277,0.996427401918845,0.999654979635631,"Température","°C","presence","IC","moyen","complet"
33.4602102908276,0.998902650358717,0.996430343155861,0.999663242001449,"Température","°C","presence","IC","moyen","complet"
33.6129530201341,0.99891633287962,0.996432224615856,0.99967142001883,"Température","°C","presence","IC","moyen","complet"
33.7656957494406,0.998929870060233,0.99643305238869,0.999679509459964,"Température","°C","presence","IC","moyen","complet"
33.9184384787471,0.99894326258764,0.99643283279213,0.999687506240354,"Température","°C","presence","IC","moyen","complet"
34.0711812080535,0.998956511169028,0.996431572335939,0.999695406434389,"Température","°C","presence","IC","moyen","complet"
34.22392393736,0.998969616530981,0.99642927768793,0.999703206289411,"Température","°C","presence","IC","moyen","complet"
34.3766666666665,0.998982579418765,0.996425955642127,0.999710902238242,"Température","°C","presence","IC","moyen","complet"
26.3333333333333,0.99378305161106,0.978649291831543,0.99820936201578,"Humidité relative","%","presence","IC","moyen","complet"
26.82774049217,0.993909225045948,0.979374448708094,0.998219995369201,"Humidité relative","%","presence","IC","moyen","complet"
27.3221476510067,0.994032100233431,0.980066187778648,0.998230957364851,"Humidité relative","%","presence","IC","moyen","complet"
27.8165548098434,0.99415174860261,0.980725998264311,0.998242244585501,"Humidité relative","%","presence","IC","moyen","complet"
28.3109619686801,0.994268240477716,0.981355308892445,0.99825385274074,"Humidité relative","%","presence","IC","moyen","complet"
28.8053691275168,0.994381645054436,0.981955489749844,0.998265776636414,"Humidité relative","%","presence","IC","moyen","complet"
29.2997762863535,0.994492030378955,0.982527854151636,0.998278010147602,"Humidité relative","%","presence","IC","moyen","complet"
29.7941834451902,0.994599463329566,0.983073660515493,0.998290546195697,"Humidité relative","%","presence","IC","moyen","complet"
30.2885906040268,0.994704009600727,0.983594114231849,0.998303376730153,"Humidité relative","%","presence","IC","moyen","complet"
30.7829977628635,0.994805733689416,0.984090369521745,0.998316492715451,"Humidité relative","%","presence","IC","moyen","complet"
31.2774049217002,0.994904698883654,0.98456353127494,0.9983298841238,"Humidité relative","%","presence","IC","moyen","complet"
31.7718120805369,0.995000967253069,0.985014656861752,0.998343539934063,"Humidité relative","%","presence","IC","moyen","complet"
32.2662192393736,0.995094599641381,0.985444757912963,0.998357448137322,"Humidité relative","%","presence","IC","moyen","complet"
32.7606263982103,0.995185655660675,0.985854802062875,0.998371595749461,"Humidité relative","%","presence","IC","moyen","complet"
33.255033557047,0.99527419368736,0.986245714651374,0.998385968831028,"Humidité relative","%","presence","IC","moyen","complet"
33.7494407158837,0.995360270859681,0.986618380381513,0.998400552514575,"Humidité relative","%","presence","IC","moyen","complet"
34.2438478747204,0.995443943076695,0.986973644929803,0.998415331039553,"Humidité relative","%","presence","IC","moyen","complet"
34.738255033557,0.995525264998579,0.987312316506996,0.998430287794719,"Humidité relative","%","presence","IC","moyen","complet"
35.2326621923937,0.995604290048194,0.987635167367704,0.998445405367919,"Humidité relative","%","presence","IC","moyen","complet"
35.7270693512304,0.995681070413777,0.987942935267737,0.99846066560295,"Humidité relative","%","presence","IC","moyen","complet"
36.2214765100671,0.995755657052694,0.988236324868513,0.998476049663103,"Humidité relative","%","presence","IC","moyen","complet"
36.7158836689038,0.995828099696125,0.988516009088351,0.998491538100856,"Humidité relative","%","presence","IC","moyen","complet"
37.2102908277405,0.995898446854632,0.988782630400848,0.998507110933075,"Humidité relative","%","presence","IC","moyen","complet"
37.7046979865772,0.995966745824482,0.9890368020809,0.998522747720961,"Humidité relative","%","presence","IC","moyen","complet"
38.1991051454139,0.99603304269468,0.989279109399249,0.998538427653911,"Humidité relative","%","presence","IC","moyen","complet"
38.6935123042506,0.996097382354594,0.989510110766708,0.998554129636343,"Humidité relative","%","presence","IC","moyen","complet"
39.1879194630872,0.996159808502128,0.989730338829424,0.998569832376536,"Humidité relative","%","presence","IC","moyen","complet"
39.6823266219239,0.996220363652345,0.989940301516761,0.998585514476422,"Humidité relative","%","presence","IC","moyen","complet"
40.1767337807606,0.996279089146471,0.990140483043466,0.998601154521327,"Humidité relative","%","presence","IC","moyen","complet"
40.6711409395973,0.996336025161227,0.990331344867949,0.998616731168607,"Humidité relative","%","presence","IC","moyen","complet"
41.165548098434,0.996391210718397,0.990513326608492,0.998632223234172,"Humidité relative","%","presence","IC","moyen","complet"
41.6599552572707,0.996444683694583,0.990686846919282,0.998647609775955,"Humidité relative","%","presence","IC","moyen","complet"
42.1543624161074,0.996496480831085,0.990852304328112,0.99866287017343,"Humidité relative","%","presence","IC","moyen","complet"
42.6487695749441,0.996546637743828,0.991010078037572,0.998677984202369,"Humidité relative","%","presence","IC","moyen","complet"
43.1431767337808,0.996595188933306,0.99116052869146,0.998692932104155,"Humidité relative","%","presence","IC","moyen","complet"
43.6375838926174,0.996642167794454,0.99130399910808,0.998707694649027,"Humidité relative","%","presence","IC","moyen","complet"
44.1319910514541,0.99668760662642,0.99144081498196,0.998722253192817,"Humidité relative","%","presence","IC","moyen","complet"
44.6263982102908,0.996731536642159,0.991571285555416,0.998736589726799,"Humidité relative","%","presence","IC","moyen","complet"
45.1208053691275,0.996773987977821,0.991695704261247,0.998750686920434,"Humidité relative","%","presence","IC","moyen","complet"
45.6152125279642,0.996814989701861,0.991814349337724,0.998764528156902,"Humidité relative","%","presence","IC","moyen","complet"
46.1096196868009,0.996854569823829,0.99192748441689,0.998778097561427,"Humidité relative","%","presence","IC","moyen","complet"
46.6040268456376,0.996892755302793,0.992035359087057,0.99879138002251,"Humidité relative","%","presence","IC","moyen","complet"
47.0984340044743,0.996929572055343,0.992138209430251,0.998804361206292,"Humidité relative","%","presence","IC","moyen","complet"
47.592841163311,0.996965044963123,0.992236258535245,0.998817027564348,"Humidité relative","%","presence","IC","moyen","complet"
48.0872483221477,0.996999197879858,0.992329716986685,0.998829366335283,"Humidité relative","%","presence","IC","moyen","complet"
48.5816554809843,0.997032053637811,0.992418783330726,0.998841365540603,"Humidité relative","%","presence","IC","moyen","complet"
49.076062639821,0.99706363405363,0.99250364451748,0.998853013975323,"Humidité relative","%","presence","IC","moyen","complet"
49.5704697986577,0.997093959933543,0.992584476320488,0.998864301193877,"Humidité relative","%","presence","IC","moyen","complet"
50.0648769574944,0.99712305107784,0.992661443733372,0.998875217491877,"Humidité relative","%","presence","IC","moyen","complet"
50.5592841163311,0.997150926284612,0.992734701343697,0.998885753884317,"Humidité relative","%","presence","IC","moyen","complet"
51.0536912751678,0.997177603352668,0.992804393684069,0.998895902080802,"Humidité relative","%","presence","IC","moyen","complet"
51.5480984340045,0.997203099083621,0.992870655560369,0.998905654458397,"Humidité relative","%","presence","IC","moyen","complet"
52.0425055928412,0.997227429283047,0.992933612357009,0.998915004032677,"Humidité relative","%","presence","IC","moyen","complet"
52.5369127516779,0.997250608760701,0.992993380319026,0.998923944427552,"Humidité relative","%","presence","IC","moyen","complet"
53.0313199105145,0.997272651329713,0.993050066810752,0.998932469844412,"Humidité relative","%","presence","IC","moyen","complet"
53.5257270693512,0.997293569804718,0.993103770550778,0.998940575031128,"Humidité relative","%","presence","IC","moyen","complet"
54.0201342281879,0.997313375998853,0.993154581822854,0.998948255251419,"Humidité relative","%","presence","IC","moyen","complet"
54.5145413870246,0.997332080719576,0.99320258266228,0.998955506255062,"Humidité relative","%","presence","IC","moyen","complet"
55.0089485458613,0.997349693763223,0.993247847017333,0.99896232424941,"Humidité relative","%","presence","IC","moyen","complet"
55.503355704698,0.997366223908254,0.993290440885149,0.998968705872656,"Humidité relative","%","presence","IC","moyen","complet"
55.9977628635347,0.9973816789071,0.993330422421417,0.99897464816925,"Humidité relative","%","presence","IC","moyen","complet"
56.4921700223714,0.997396065476567,0.993367842023174,0.998980148567865,"Humidité relative","%","presence","IC","moyen","complet"
56.9865771812081,0.997409389286678,0.993402742383853,0.998985204862288,"Humidité relative","%","presence","IC","moyen","complet"
57.4809843400447,0.997421654947914,0.993435158519669,0.998989815195579,"Humidité relative","%","presence","IC","moyen","complet"
57.9753914988814,0.997432865996733,0.99346511776627,0.998993978047856,"Humidité relative","%","presence","IC","moyen","complet"
58.4697986577181,0.997443024879299,0.993492639744483,0.998997692228017,"Humidité relative","%","presence","IC","moyen","complet"
58.9642058165548,0.997452132933308,0.99351773629382,0.999000956869714,"Humidité relative","%","presence","IC","moyen","complet"
59.4586129753915,0.997460196098396,0.993540421334829,0.99900377438951,"Humidité relative","%","presence","IC","moyen","complet"
59.9530201342282,0.997467247522996,0.993560750764445,0.999006162069309,"Humidité relative","%","presence","IC","moyen","complet"
60.4474272930649,0.997473327668904,0.993578789542642,0.999008141541936,"Humidité relative","%","presence","IC","moyen","complet"
60.9418344519016,0.997478475552009,0.993594597457491,0.999009734122644,"Humidité relative","%","presence","IC","moyen","complet"
61.4362416107383,0.997482728873086,0.993608230099105,0.999010960764631,"Humidité relative","%","presence","IC","moyen","complet"
61.9306487695749,0.997486124143793,0.993619739760063,0.999011842021035,"Humidité relative","%","presence","IC","moyen","complet"
62.4250559284116,0.997488696805649,0.993629176264985,0.999012398011172,"Humidité relative","%","presence","IC","moyen","complet"
62.9194630872483,0.997490481342459,0.993636587735482,0.999012648390381,"Humidité relative","%","presence","IC","moyen","complet"
63.413870246085,0.997491511386622,0.993642021295676,0.999012612323047,"Humidité relative","%","presence","IC","moyen","complet"
63.9082774049217,0.997491819819695,0.993645523722479,0.999012308458545,"Humidité relative","%","presence","IC","moyen","complet"
64.4026845637584,0.997491438867551,0.993647142043995,0.999011754910006,"Humidité relative","%","presence","IC","moyen","complet"
64.8970917225951,0.997490400190434,0.993646924088562,0.999010969235918,"Humidité relative","%","presence","IC","moyen","complet"
65.3914988814318,0.997488734968188,0.993644918986243,0.999009968424731,"Humidité relative","%","presence","IC","moyen","complet"
65.8859060402685,0.997486473980879,0.993641177623897,0.999008768882687,"Humidité relative","%","presence","IC","moyen","complet"
66.3803131991051,0.997483647685027,0.993635753054343,0.999007386425208,"Humidité relative","%","presence","IC","moyen","complet"
66.8747203579418,0.997480286285621,0.993628700859577,0.999005836272215,"Humidité relative","%","presence","IC","moyen","complet"
67.3691275167785,0.997476419804063,0.993620079467505,0.999004133047807,"Humidité relative","%","presence","IC","moyen","complet"
67.8635346756152,0.997472078142173,0.993609950421168,0.999002290784742,"Humidité relative","%","presence","IC","moyen","complet"
68.3579418344519,0.99746729114235,0.993598378599076,0.999000322934208,"Humidité relative","%","presence","IC","moyen","complet"
68.8523489932886,0.997462088643976,0.993585432384849,0.998998242381325,"Humidité relative","%","presence","IC","moyen","complet"
69.3467561521253,0.997456500536111,0.993571183784105,0.998996061466854,"Humidité relative","%","presence","IC","moyen","complet"
69.841163310962,0.99745055680654,0.993555708486226,0.998993792015547,"Humidité relative","%","presence","IC","moyen","complet"
70.3355704697987,0.997444287587173,0.993539085868438,0.998991445371547,"Humidité relative","%","presence","IC","moyen","complet"
70.8299776286353,0.997437723195825,0.993521398939456,0.998989032441215,"Humidité relative","%","presence","IC","moyen","complet"
71.324384787472,0.997430894174352,0.993502734219838,0.998986563743735,"Humidité relative","%","presence","IC","moyen","complet"
71.8187919463087,0.997423831323132,0.993483181556102,0.998984049469792,"Humidité relative","%","presence","IC","moyen","complet"
72.3131991051454,0.997416565731858,0.99346283386566,0.998981499548584,"Humidité relative","%","presence","IC","moyen","complet"
72.8076062639821,0.997409128806589,0.99344178680966,0.998978923723405,"Humidité relative","%","presence","IC","moyen","complet"
73.3020134228188,0.997401552293011,0.993420138390902,0.998976331635963,"Humidité relative","%","presence","IC","moyen","complet"
73.7964205816555,0.997393868295839,0.993397988474198,0.9989737329196,"Humidité relative","%","presence","IC","moyen","complet"
74.2908277404922,0.997386109294303,0.99337543822672,0.99897113730149,"Humidité relative","%","presence","IC","moyen","complet"
74.7852348993289,0.997378308153614,0.993352589476208,0.998968554713916,"Humidité relative","%","presence","IC","moyen","complet"
75.2796420581655,0.997370498132357,0.993329543985266,0.998965995414606,"Humidité relative","%","presence","IC","moyen","complet"
75.7740492170022,0.997362712885707,0.993306402640403,0.998963470116133,"Humidité relative","%","presence","IC","moyen","complet"
76.2684563758389,0.997354986464384,0.99328326455501,0.998960990124255,"Humidité relative","%","presence","IC","moyen","complet"
76.7628635346756,0.99734735330916,0.993260226085752,0.998958567485015,"Humidité relative","%","presence","IC","moyen","complet"
77.2572706935123,0.997339841570411,0.993237360788012,0.998956212842745,"Humidité relative","%","presence","IC","moyen","complet"
77.751677852349,0.997332454941777,0.993214666573382,0.998953929357331,"Humidité relative","%","presence","IC","moyen","complet"
78.2460850111857,0.997325191389791,0.993192118469607,0.998951719226204,"Humidité relative","%","presence","IC","moyen","complet"
78.7404921700224,0.99731804882942,0.993169685093937,0.99894958558086,"Humidité relative","%","presence","IC","moyen","complet"
79.2348993288591,0.997311025125237,0.993147329070892,0.998947532415696,"Humidité relative","%","presence","IC","moyen","complet"
79.7293064876958,0.997304118092596,0.99312500745015,0.998945564516271,"Humidité relative","%","presence","IC","moyen","complet"
80.2237136465324,0.997297325498781,0.993102672123792,0.99894368738696,"Humidité relative","%","presence","IC","moyen","complet"
80.7181208053691,0.997290645064157,0.993080270242144,0.998941907177914,"Humidité relative","%","presence","IC","moyen","complet"
81.2125279642058,0.997284074463301,0.993057744627487,0.998940230611272,"Humidité relative","%","presence","IC","moyen","complet"
81.7069351230425,0.997277611326123,0.993035034184911,0.998938664906572,"Humidité relative","%","presence","IC","moyen","complet"
82.2013422818792,0.997271253238968,0.993012074309612,0.998937217705361,"Humidité relative","%","presence","IC","moyen","complet"
82.6957494407159,0.997264997745707,0.992988797289946,0.998935896995005,"Humidité relative","%","presence","IC","moyen","complet"
83.1901565995526,0.997258842348805,0.992965132705543,0.998934711031779,"Humidité relative","%","presence","IC","moyen","complet"
83.6845637583893,0.997252784510377,0.99294100781982,0.998933668263358,"Humidité relative","%","presence","IC","moyen","complet"
84.178970917226,0.997246821653221,0.992916347966204,0.998932777250863,"Humidité relative","%","presence","IC","moyen","complet"
84.6733780760626,0.99724095116183,0.992891076927406,0.998932046590716,"Humidité relative","%","presence","IC","moyen","complet"
85.1677852348993,0.997235170383385,0.992865117307086,0.998931484836579,"Humidité relative","%","presence","IC","moyen","complet"
85.662192393736,0.997229476628725,0.992838390893235,0.998931100421723,"Humidité relative","%","presence","IC","moyen","complet"
86.1565995525727,0.997223867173295,0.992810819012641,0.998930901582237,"Humidité relative","%","presence","IC","moyen","complet"
86.6510067114094,0.997218339258066,0.992782322875795,0.99893089628153,"Humidité relative","%","presence","IC","moyen","complet"
87.1454138702461,0.997212890090435,0.992752823911602,0.998931092136603,"Humidité relative","%","presence","IC","moyen","complet"
87.6398210290828,0.997207516845098,0.992722244091323,0.998931496346649,"Humidité relative","%","presence","IC","moyen","complet"
88.1342281879195,0.997202216664893,0.992690506241147,0.99893211562452,"Humidité relative","%","presence","IC","moyen","complet"
88.6286353467562,0.997196986661622,0.992657534342875,0.998932956131631,"Humidité relative","%","presence","IC","moyen","complet"
89.1230425055928,0.997191823916837,0.992623253822222,0.99893402341689,"Humidité relative","%","presence","IC","moyen","complet"
89.6174496644295,0.997186725482608,0.992587591824294,0.998935322360207,"Humidité relative","%","presence","IC","moyen","complet"
90.1118568232662,0.997181688382246,0.99255047747587,0.998936857121115,"Humidité relative","%","presence","IC","moyen","complet"
90.6062639821029,0.997176709611014,0.992511842134173,0.998938631093031,"Humidité relative","%","presence","IC","moyen","complet"
91.1006711409396,0.997171786136794,0.992471619621927,0.998940646863579,"Humidité relative","%","presence","IC","moyen","complet"
91.5950782997763,0.997166914900723,0.992429746448526,0.998942906181402,"Humidité relative","%","presence","IC","moyen","complet"
92.089485458613,0.997162092817808,0.992386162017296,0.998945409929751,"Humidité relative","%","presence","IC","moyen","complet"
92.5838926174497,0.997157316777494,0.992340808818873,0.998948158107115,"Humidité relative","%","presence","IC","moyen","complet"
93.0782997762864,0.997152583644209,0.992293632610863,0.998951149815029,"Humidité relative","%","presence","IC","moyen","complet"
93.572706935123,0.997147890257871,0.992244582583993,0.998954383253125,"Humidité relative","%","presence","IC","moyen","complet"
94.0671140939597,0.997143233434358,0.992193611515127,0.998957855721392,"Humidité relative","%","presence","IC","moyen","complet"
94.5615212527964,0.99713860996595,0.992140675907532,0.998961563629498,"Humidité relative","%","presence","IC","moyen","complet"
95.0559284116331,0.997134016621731,0.992085736118936,0.998965502512962,"Humidité relative","%","presence","IC","moyen","complet"
95.5503355704698,0.997129450147951,0.992028756477938,0.998969667055859,"Humidité relative","%","presence","IC","moyen","complet"
96.0447427293065,0.997124907268361,0.991969705389427,0.998974051119649,"Humidité relative","%","presence","IC","moyen","complet"
96.5391498881432,0.997120384684505,0.991908555429693,0.998978647777675,"Humidité relative","%","presence","IC","moyen","complet"
97.0335570469799,0.997115879075973,0.991845283431972,0.998983449354787,"Humidité relative","%","presence","IC","moyen","complet"
97.5279642058166,0.997111387100622,0.991779870563173,0.998988447471505,"Humidité relative","%","presence","IC","moyen","complet"
98.0223713646532,0.997106905394752,0.991712302392529,0.998993633092106,"Humidité relative","%","presence","IC","moyen","complet"
98.5167785234899,0.997102430573247,0.991642568952943,0.998998996575965,"Humidité relative","%","presence","IC","moyen","complet"
99.0111856823266,0.99709795922968,0.991570664795714,0.999004527731506,"Humidité relative","%","presence","IC","moyen","complet"
99.5055928411633,0.997093487936367,0.991496589039351,0.999010215872065,"Humidité relative","%","presence","IC","moyen","complet"
100,0.997089013244395,0.99142034541307,0.999016049873034,"Humidité relative","%","presence","IC","moyen","complet"
1004.636,0.999456980399892,0.997642354630458,0.9998751050283,"Pression atmosphérique","hPa","presence","IC","moyen","complet"
1004.82868456376,0.999445787628995,0.997637303129342,0.99987017981087,"Pression atmosphérique","hPa","presence","IC","moyen","complet"
1005.02136912752,0.999434405899982,0.997631505079829,0.999865122264401,"Pression atmosphérique","hPa","presence","IC","moyen","complet"
1005.21405369128,0.999422833386744,0.99762495155536,0.999859932343453,"Pression atmosphérique","hPa","presence","IC","moyen","complet"
1005.40673825503,0.999411068290281,0.997617633386582,0.999854610198532,"Pression atmosphérique","hPa","presence","IC","moyen","complet"
1005.59942281879,0.99939910884051,0.997609541184175,0.999849156178571,"Pression atmosphérique","hPa","presence","IC","moyen","complet"
1005.79210738255,0.999386953298119,0.997600665363832,0.999843570832298,"Pression atmosphérique","hPa","presence","IC","moyen","complet"
1005.98479194631,0.999374599956454,0.997590996173468,0.99983785490845,"Pression atmosphérique","hPa","presence","IC","moyen","complet"
1006.17747651007,0.999362047143446,0.997580523722693,0.999832009354734,"Pression atmosphérique","hPa","presence","IC","moyen","complet"
1006.37016107383,0.999349293223566,0.997569238014572,0.999826035315521,"Pression atmosphérique","hPa","presence","IC","moyen","complet"
1006.56284563758,0.999336336599825,0.997557128979682,0.999819934128197,"Pression atmosphérique","hPa","presence","IC","moyen","complet"
1006.75553020134,0.999323175715801,0.997544186512469,0.999813707318174,"Pression atmosphérique","hPa","presence","IC","moyen","complet"
1006.9482147651,0.999309809057704,0.997530400509863,0.999807356592512,"Pression atmosphérique","hPa","presence","IC","moyen","complet"
1007.14089932886,0.999296235156472,0.997515760912107,0.999800883832189,"Pression atmosphérique","hPa","presence","IC","moyen","complet"
1007.33358389262,0.999282452589901,0.997500257745729,0.999794291082997,"Pression atmosphérique","hPa","presence","IC","moyen","complet"
1007.52626845638,0.999268459984807,0.997483881168565,0.999787580545126,"Pression atmosphérique","hPa","presence","IC","moyen","complet"
1007.71895302013,0.999254256019217,0.997466621516697,0.999780754561465,"Pression atmosphérique","hPa","presence","IC","moyen","complet"
1007.91163758389,0.99923983942459,0.997448469353191,0.999773815604694,"Pression atmosphérique","hPa","presence","IC","moyen","complet"
1008.10432214765,0.99922520898807,0.997429415518429,0.999766766263252,"Pression atmosphérique","hPa","presence","IC","moyen","complet"
1008.29700671141,0.999210363554762,0.997409451181881,0.999759609226265,"Pression atmosphérique","hPa","presence","IC","moyen","complet"
1008.48969127517,0.999195302030037,0.997388567895065,0.999752347267576,"Pression atmosphérique","hPa","presence","IC","moyen","complet"
1008.68237583893,0.999180023381862,0.99736675764549,0.999744983228971,"Pression atmosphérique","hPa","presence","IC","moyen","complet"
1008.87506040268,0.999164526643156,0.997344012911293,0.999737520002774,"Pression atmosphérique","hPa","presence","IC","moyen","complet"
1009.06774496644,0.999148810914164,0.99732032671631,0.999729960513948,"Pression atmosphérique","hPa","presence","IC","moyen","complet"
1009.2604295302,0.999132875364854,0.997295692685281,0.999722307701857,"Pression atmosphérique","hPa","presence","IC","moyen","complet"
1009.45311409396,0.99911671923734,0.997270105098876,0.999714564501885,"Pression atmosphérique","hPa","presence","IC","moyen","complet"
1009.64579865772,0.999100341848312,0.997243558948223,0.999706733827045,"Pression atmosphérique","hPa","presence","IC","moyen","complet"
1009.83848322148,0.99908374259149,0.997216049988606,0.999698818549794,"Pression atmosphérique","hPa","presence","IC","moyen","complet"
1010.03116778523,0.999066920940091,0.997187574791992,0.99969082148419,"Pression atmosphérique","hPa","presence","IC","moyen","complet"
1010.22385234899,0.999049876449311,0.997158130798055,0.999682745368592,"Pression atmosphérique","hPa","presence","IC","moyen","complet"
1010.41653691275,0.999032608758812,0.997127716363335,0.999674592849043,"Pression atmosphérique","hPa","presence","IC","moyen","complet"
1010.60922147651,0.999015117595224,0.997096330808217,0.999666366463503,"Pression atmosphérique","hPa","presence","IC","moyen","complet"
1010.80190604027,0.998997402774651,0.997063974461374,0.999658068627075,"Pression atmosphérique","hPa","presence","IC","moyen","complet"
1010.99459060403,0.998979464205187,0.99703064870135,0.999649701618354,"Pression atmosphérique","hPa","presence","IC","moyen","complet"
1011.18727516779,0.998961301889427,0.996996355994967,0.999641267567012,"Pression atmosphérique","hPa","presence","IC","moyen","complet"
1011.37995973154,0.998942915926984,0.996961099932238,0.999632768442737,"Pression atmosphérique","hPa","presence","IC","moyen","complet"
1011.5726442953,0.998924306517002,0.996924885257495,0.999624206045588,"Pression atmosphérique","hPa","presence","IC","moyen","complet"
1011.76532885906,0.998905473960669,0.996887717896434,0.999615581997864,"Pression atmosphérique","hPa","presence","IC","moyen","complet"
1011.95801342282,0.998886418663718,0.996849604978824,0.999606897737512,"Pression atmosphérique","hPa","presence","IC","moyen","complet"
1012.15069798658,0.998867141138921,0.9968105548566,0.99959815451313,"Pression atmosphérique","hPa","presence","IC","moyen","complet"
1012.34338255034,0.998847642008574,0.996770577117113,0.999589353380581,"Pression atmosphérique","hPa","presence","IC","moyen","complet"
1012.53606711409,0.998827922006964,0.996729682591299,0.999580495201218,"Pression atmosphérique","hPa","presence","IC","moyen","complet"
1012.72875167785,0.99880798198282,0.996687883356549,0.999571580641721,"Pression atmosphérique","hPa","presence","IC","moyen","complet"
1012.92143624161,0.998787822901746,0.996645192734083,0.999562610175521,"Pression atmosphérique","hPa","presence","IC","moyen","complet"
1013.11412080537,0.998767445848629,0.99660162528063,0.999553584085785,"Pression atmosphérique","hPa","presence","IC","moyen","complet"
1013.30680536913,0.998746852030025,0.996557196774238,0.999544502469919,"Pression atmosphérique","hPa","presence","IC","moyen","complet"
1013.49948993289,0.998726042776509,0.996511924194046,0.999535365245546,"Pression atmosphérique","hPa","presence","IC","moyen","complet"
1013.69217449664,0.998705019545002,0.996465825693848,0.999526172157915,"Pression atmosphérique","hPa","presence","IC","moyen","complet"
1013.8848590604,0.998683783921057,0.996418920569317,0.999516922788673,"Pression atmosphérique","hPa","presence","IC","moyen","complet"
1014.07754362416,0.998662337621112,0.99637122921872,0.999507616565959,"Pression atmosphérique","hPa","presence","IC","moyen","complet"
1014.27022818792,0.998640682494699,0.996322773097017,0.999498252775758,"Pression atmosphérique","hPa","presence","IC","moyen","complet"
1014.46291275168,0.998618820526604,0.996273574663189,0.999488830574469,"Pression atmosphérique","hPa","presence","IC","moyen","complet"
1014.65559731544,0.998596753838994,0.99622365732069,0.99947934900263,"Pression atmosphérique","hPa","presence","IC","moyen","complet"
1014.84828187919,0.998574484693472,0.996173045350893,0.999469806999761,"Pression atmosphérique","hPa","presence","IC","moyen","complet"
1015.04096644295,0.998552015493098,0.99612176383943,0.999460203420281,"Pression atmosphérique","hPa","presence","IC","moyen","complet"
1015.23365100671,0.998529348784338,0.996069838595312,0.99945053705048,"Pression atmosphérique","hPa","presence","IC","moyen","complet"
1015.42633557047,0.998506487258959,0.99601729606273,0.9994408066265,"Pression atmosphérique","hPa","presence","IC","moyen","complet"
1015.61902013423,0.998483433755852,0.995964163225448,0.999431010853325,"Pression atmosphérique","hPa","presence","IC","moyen","complet"
1015.81170469799,0.998460191262798,0.995910467503691,0.999421148424765,"Pression atmosphérique","hPa","presence","IC","moyen","complet"
1016.00438926174,0.998436762918151,0.995856236643464,0.999411218044431,"Pression atmosphérique","hPa","presence","IC","moyen","complet"
1016.1970738255,0.99841315201245,0.995801498598209,0.999401218447712,"Pression atmosphérique","hPa","presence","IC","moyen","complet"
1016.38975838926,0.998389361989951,0.99574628140275,0.999391148424768,"Pression atmosphérique","hPa","presence","IC","moyen","complet"
1016.58244295302,0.99836539645008,0.995690613039459,0.999381006844554,"Pression atmosphérique","hPa","presence","IC","moyen","complet"
1016.77512751678,0.998341259148793,0.995634521296615,0.999370792679927,"Pression atmosphérique","hPa","presence","IC","moyen","complet"
1016.96781208054,0.99831695399985,0.995578033618895,0.99936050503384,"Pression atmosphérique","hPa","presence","IC","moyen","complet"
1017.1604966443,0.998292485075995,0.995521176949997,0.999350143166695,"Pression atmosphérique","hPa","presence","IC","moyen","complet"
1017.35318120805,0.998267856610039,0.995463977567369,0.999339706524882,"Pression atmosphérique","hPa","presence","IC","moyen","complet"
1017.54586577181,0.998243072995843,0.995406460909053,0.999329194770556,"Pression atmosphérique","hPa","presence","IC","moyen","complet"
1017.73855033557,0.99821813878919,0.99534865139266,0.999318607812712,"Pression atmosphérique","hPa","presence","IC","moyen","complet"
1017.93123489933,0.99819305870856,0.995290572226506,0.999307945839594,"Pression atmosphérique","hPa","presence","IC","moyen","complet"
1018.12391946309,0.998167837635784,0.995232245212957,0.9992972093525,"Pression atmosphérique","hPa","presence","IC","moyen","complet"
1018.31660402685,0.998142480616588,0.995173690544067,0.999286399201018,"Pression atmosphérique","hPa","presence","IC","moyen","complet"
1018.5092885906,0.998116992861015,0.995114926589568,0.999275516619739,"Pression atmosphérique","hPa","presence","IC","moyen","complet"
1018.70197315436,0.99809137974373,0.995055969677342,0.999264563266464,"Pression atmosphérique","hPa","presence","IC","moyen","complet"
1018.89465771812,0.998065646804195,0.994996833866497,0.999253541261942,"Pression atmosphérique","hPa","presence","IC","moyen","complet"
1019.08734228188,0.998039799746717,0.994937530713209,0.999242453231117,"Pression atmosphérique","hPa","presence","IC","moyen","complet"
1019.28002684564,0.998013844440363,0.994878069029491,0.999231302345893,"Pression atmosphérique","hPa","presence","IC","moyen","complet"
1019.4727114094,0.997987786918745,0.994818454635124,0.999220092369347,"Pression atmosphérique","hPa","presence","IC","moyen","complet"
1019.66539597315,0.997961633379656,0.994758690102969,0.999208827701357,"Pression atmosphérique","hPa","presence","IC","moyen","complet"
1019.85808053691,0.997935390184579,0.994698774497935,0.999197513425514,"Pression atmosphérique","hPa","presence","IC","moyen","complet"
1020.05076510067,0.997909063858038,0.994638703109918,0.999186155357208,"Pression atmosphérique","hPa","presence","IC","moyen","complet"
1020.24344966443,0.997882661086811,0.994578467181051,0.999174760092691,"Pression atmosphérique","hPa","presence","IC","moyen","complet"
1020.43613422819,0.997856188718991,0.994518053627637,0.999163335058901,"Pression atmosphérique","hPa","presence","IC","moyen","complet"
1020.62881879195,0.997829653762891,0.994457444757219,0.999151888563763,"Pression atmosphérique","hPa","presence","IC","moyen","complet"
1020.8215033557,0.9978030633858,0.994396617981239,0.999140429846629,"Pression atmosphérique","hPa","presence","IC","moyen","complet"
1021.01418791946,0.997776424912576,0.994335545523827,0.999128969128438,"Pression atmosphérique","hPa","presence","IC","moyen","complet"
1021.20687248322,0.997749745824082,0.994274194127281,0.999117517661141,"Pression atmosphérique","hPa","presence","IC","moyen","complet"
1021.39955704698,0.997723033755459,0.994212524754883,0.999106087775803,"Pression atmosphérique","hPa","presence","IC","moyen","complet"
1021.59224161074,0.997696296494237,0.994150492291719,0.999094692928772,"Pression atmosphérique","hPa","presence","IC","moyen","complet"
1021.7849261745,0.997669542203352,0.994088045821163,0.999083347832569,"Pression atmosphérique","hPa","presence","IC","moyen","complet"
1021.97761073825,0.997642802456604,0.994025188733683,0.999072077230036,"Pression atmosphérique","hPa","presence","IC","moyen","complet"
1022.17029530201,0.997616153538336,0.993962042287202,0.999060922749705,"Pression atmosphérique","hPa","presence","IC","moyen","complet"
1022.36297986577,0.997589679627422,0.993898758490613,0.999049927445799,"Pression atmosphérique","hPa","presence","IC","moyen","complet"
1022.55566442953,0.99756346819779,0.993835510611091,0.999039133621972,"Pression atmosphérique","hPa","presence","IC","moyen","complet"
1022.74834899329,0.997537609939163,0.993772494812428,0.999028582485324,"Pression atmosphérique","hPa","presence","IC","moyen","complet"
1022.94103355705,0.997512198645762,0.993709931458612,0.999018313833548,"Pression atmosphérique","hPa","presence","IC","moyen","complet"
1023.13371812081,0.997487331071364,0.993648066034204,0.999008365783298,"Pression atmosphérique","hPa","presence","IC","moyen","complet"
1023.32640268456,0.997463106749191,0.993587169632517,0.9989987745473,"Pression atmosphérique","hPa","presence","IC","moyen","complet"
1023.51908724832,0.997439627775306,0.99352753896321,0.998989574266919,"Pression atmosphérique","hPa","presence","IC","moyen","complet"
1023.71177181208,0.997416998554332,0.993469495832791,0.998980796905833,"Pression atmosphérique","hPa","presence","IC","moyen","complet"
1023.90445637584,0.997395325506626,0.993413386054731,0.998972472209262,"Pression atmosphérique","hPa","presence","IC","moyen","complet"
1024.0971409396,0.997374716736217,0.993359577750528,0.998964627731914,"Pression atmosphérique","hPa","presence","IC","moyen","complet"
1024.28982550336,0.997355281659205,0.993308459009174,0.998957288936498,"Pression atmosphérique","hPa","presence","IC","moyen","complet"
1024.48251006711,0.99733713059261,0.993260434880101,0.9989504793634,"Pression atmosphérique","hPa","presence","IC","moyen","complet"
1024.67519463087,0.997320374304073,0.993215923683869,0.998944220870966,"Pression atmosphérique","hPa","presence","IC","moyen","complet"
1024.86787919463,0.997305123523214,0.993175352635503,0.998938533944844,"Pression atmosphérique","hPa","presence","IC","moyen","complet"
1025.06056375839,0.997291488415902,0.993139152787639,0.99893343807396,"Pression atmosphérique","hPa","presence","IC","moyen","complet"
1025.25324832215,0.997279578023186,0.993107753314175,0.998928952190084,"Pression atmosphérique","hPa","presence","IC","moyen","complet"
1025.44593288591,0.997269499667111,0.99308157517008,0.998925095167325,"Pression atmosphérique","hPa","presence","IC","moyen","complet"
1025.63861744966,0.997261358326208,0.993061024178973,0.998921886377513,"Pression atmosphérique","hPa","presence","IC","moyen","complet"
1025.83130201342,0.997255255983962,0.99304648361706,0.998919346296919,"Pression atmosphérique","hPa","presence","IC","moyen","complet"
1026.02398657718,0.997251271651833,0.993038239386512,0.998917492409238,"Pression atmosphérique","hPa","presence","IC","moyen","complet"
1026.21667114094,0.997249400185316,0.993036262293705,0.998916324973841,"Pression atmosphérique","hPa","presence","IC","moyen","complet"
1026.4093557047,0.997249610946173,0.993040409757646,0.99891584179129,"Pression atmosphérique","hPa","presence","IC","moyen","complet"
1026.60204026846,0.997251868539074,0.99305049917896,0.998916043129952,"Pression atmosphérique","hPa","presence","IC","moyen","complet"
1026.79472483221,0.997256133074695,0.993066310763974,0.998916931542058,"Pression atmosphérique","hPa","presence","IC","moyen","complet"
1026.98740939597,0.997262360444488,0.993087590590495,0.998918511657071,"Pression atmosphérique","hPa","presence","IC","moyen","complet"
1027.18009395973,0.997270502605123,0.993114053872243,0.998920789952253,"Pression atmosphérique","hPa","presence","IC","moyen","complet"
1027.37277852349,0.99728050787059,0.993145388379148,0.998923774499954,"Pression atmosphérique","hPa","presence","IC","moyen","complet"
1027.56546308725,0.997292321209998,0.993181257971471,0.998927474691004,"Pression atmosphérique","hPa","presence","IC","moyen","complet"
1027.75814765101,0.997305884549153,0.993221306206977,0.998931900933543,"Pression atmosphérique","hPa","presence","IC","moyen","complet"
1027.95083221476,0.997321137074081,0.993265159981998,0.998937064326848,"Pression atmosphérique","hPa","presence","IC","moyen","complet"
1028.14351677852,0.997338015534718,0.993312433169137,0.998942976310102,"Pression atmosphérique","hPa","presence","IC","moyen","complet"
1028.33620134228,0.997356454547108,0.993362730216512,0.998949648286613,"Pression atmosphérique","hPa","presence","IC","moyen","complet"
1028.52888590604,0.9973763868925,0.993415649675683,0.998957091224828,"Pression atmosphérique","hPa","presence","IC","moyen","complet"
1028.7215704698,0.997397743811883,0.993470787627779,0.998965315238418,"Pression atmosphérique","hPa","presence","IC","moyen","complet"
1028.91425503356,0.997420455294584,0.99352774097966,0.998974329148929,"Pression atmosphérique","hPa","presence","IC","moyen","complet"
1029.10693959732,0.997444450359645,0.993586110604246,0.99898414003578,"Pression atmosphérique","hPa","presence","IC","moyen","complet"
1029.29962416107,0.99746965732886,0.993645504301428,0.998994752779795,"Pression atmosphérique","hPa","presence","IC","moyen","complet"
1029.49230872483,0.99749600409042,0.9937055395581,0.999006169607964,"Pression atmosphérique","hPa","presence","IC","moyen","complet"
1029.68499328859,0.997523418352255,0.993765846088027,0.999018389648479,"Pression atmosphérique","hPa","presence","IC","moyen","complet"
1029.87767785235,0.997551827884277,0.993826068134365,0.999031408506433,"Pression atmosphérique","hPa","presence","IC","moyen","complet"
1030.07036241611,0.997581160748839,0.993885866519863,0.999045217871564,"Pression atmosphérique","hPa","presence","IC","moyen","complet"
1030.26304697987,0.997611345518833,0.993944920432119,0.999059805170144,"Pression atmosphérique","hPa","presence","IC","moyen","complet"
1030.45573154362,0.99764231148298,0.994002928933774,0.999075153273285,"Pression atmosphérique","hPa","presence","IC","moyen","complet"
1030.64841610738,0.997673988837939,0.994059612190428,0.999091240273637,"Pression atmosphérique","hPa","presence","IC","moyen","complet"
1030.84110067114,0.997706308866995,0.994114712412179,0.999108039341447,"Pression atmosphérique","hPa","presence","IC","moyen","complet"
1031.0337852349,0.997739204105167,0.994167994508276,0.999125518669329,"Pression atmosphérique","hPa","presence","IC","moyen","complet"
1031.22646979866,0.997772608490671,0.994219246458238,0.999143641512846,"Pression atmosphérique","hPa","presence","IC","moyen","complet"
1031.41915436242,0.997806457502758,0.994268279406932,0.999162366331142,"Pression atmosphérique","hPa","presence","IC","moyen","complet"
1031.61183892617,0.997840688286031,0.994314927495429,0.999181647028621,"Pression atmosphérique","hPa","presence","IC","moyen","complet"
1031.80452348993,0.997875239761425,0.994359047443766,0.99920143329509,"Pression atmosphérique","hPa","presence","IC","moyen","complet"
1031.99720805369,0.997910052724075,0.994400517905834,0.999221671038186,"Pression atmosphérique","hPa","presence","IC","moyen","complet"
1032.18989261745,0.997945069928396,0.994439238620367,0.999242302898435,"Pression atmosphérique","hPa","presence","IC","moyen","complet"
1032.38257718121,0.997980236160727,0.99447512938512,0.999263268834191,"Pression atmosphérique","hPa","presence","IC","moyen","complet"
1032.57526174497,0.998015498299946,0.99450812888369,0.999284506761187,"Pression atmosphérique","hPa","presence","IC","moyen","complet"
1032.76794630872,0.998050805366509,0.994538193395944,0.999305953229615,"Pression atmosphérique","hPa","presence","IC","moyen","complet"
1032.96063087248,0.998086108560399,0.994565295423476,0.999327544120667,"Pression atmosphérique","hPa","presence","IC","moyen","complet"
1033.15331543624,0.998121361288509,0.9945894222611,0.999349215344307,"Pression atmosphérique","hPa","presence","IC","moyen","complet"
1033.346,0.998156519181986,0.994610574543976,0.999370903520769,"Pression atmosphérique","hPa","presence","IC","moyen","complet"
11.826,40.6052154422396,32.5617800679808,50.6355462652363,"Température","°C","intensite","IC","moyen","complet"
11.9802371364653,40.3577718866262,32.4502984108009,50.1921347851407,"Température","°C","intensite","IC","moyen","complet"
12.1344742729307,40.1143164910543,32.3393654075509,49.7585022855381,"Température","°C","intensite","IC","moyen","complet"
12.288711409396,39.8748587694787,32.2290175242038,49.3345588549756,"Température","°C","intensite","IC","moyen","complet"
12.4429485458613,39.6394077854786,32.1192930529242,48.9202127517066,"Température","°C","intensite","IC","moyen","complet"
12.5971856823266,39.4079721954485,32.010232173406,48.5153704648058,"Température","°C","intensite","IC","moyen","complet"
12.7514228187919,39.1805602915407,31.9018770084579,48.1199367783928,"Température","°C","intensite","IC","moyen","complet"
12.9056599552573,38.9571800443713,31.7942716730407,47.7338148398736,"Température","°C","intensite","IC","moyen","complet"
13.0598970917226,38.7378391454965,31.6874623159731,47.3569062330979,"Température","°C","intensite","IC","moyen","complet"
13.2141342281879,38.5225450496743,31.5814971535441,46.9891110573159,"Température","°C","intensite","IC","moyen","complet"
13.3683713646532,38.3113050169224,31.4764264943065,46.6303280127798,"Température","°C","intensite","IC","moyen","complet"
13.5226085011186,38.1041261543871,31.3723027543768,46.2804544937934,"Température","°C","intensite","IC","moyen","complet"
13.6768456375839,37.9010154580388,31.269180462627,45.9393866899515,"Température","°C","intensite","IC","moyen","complet"
13.8310827740492,37.7019798542108,31.1671162552345,45.6070196962346,"Température","°C","intensite","IC","moyen","complet"
13.9853199105145,37.5070262409979,31.0661688591393,45.2832476325464,"Température","°C","intensite","IC","moyen","complet"
14.1395570469799,37.3161615295363,30.9663990640618,44.967963773176,"Température","°C","intensite","IC","moyen","complet"
14.2937941834452,37.1293926851825,30.8678696828417,44.6610606865687,"Température","°C","intensite","IC","moyen","complet"
14.4480313199105,36.9467267686146,30.7706454999719,44.3624303856709,"Température","°C","intensite","IC","moyen","complet"
14.6022684563758,36.7681709768771,30.6747932083285,44.0719644889998,"Température","°C","intensite","IC","moyen","complet"
14.7565055928412,36.5937326843947,30.5803813342144,43.7895543924662,"Température","°C","intensite","IC","moyen","complet"
14.9107427293065,36.4234194839794,30.4874801509634,43.5150914518596,"Température","°C","intensite","IC","moyen","complet"
15.0649798657718,36.2572392278564,30.3961615814644,43.2484671757912,"Température","°C","intensite","IC","moyen","complet"
15.2192170022371,36.0952000687389,30.3064990900836,42.9895734287763,"Température","°C","intensite","IC","moyen","complet"
15.3734541387025,35.9373105009779,30.2185675645608,42.7383026440441,"Température","°C","intensite","IC","moyen","complet"
15.5276912751678,35.7835794018193,30.1324431885487,42.4945480455739,"Température","°C","intensite","IC","moyen","complet"
15.6819284116331,35.6340160727989,30.0482033055357,42.2582038787843,"Température","°C","intensite","IC","moyen","complet"
15.8361655480984,35.4886302813082,29.9659262749545,42.0291656492536,"Température","°C","intensite","IC","moyen","complet"
15.9904026845638,35.3474323023654,29.8856913213106,41.8073303688097,"Température","°C","intensite","IC","moyen","complet"
16.1446398210291,35.2104329606271,29.8075783771874,41.5925968083221,"Température","°C","intensite","IC","moyen","complet"
16.2988769574944,35.0776436726781,29.7316679209755,41.3848657565325,"Température","°C","intensite","IC","moyen","complet"
16.4531140939597,34.9490764896366,29.6580408101495,41.1840402842952,"Température","°C","intensite","IC","moyen","complet"
16.6073512304251,34.8247441401165,29.586778110867,40.9900260136517,"Température","°C","intensite","IC","moyen","complet"
16.7615883668904,34.7046600735872,29.5179609245931,40.8027313912383,"Température","°C","intensite","IC","moyen","complet"
16.9158255033557,34.588838504174,29.4516702123664,40.6220679656218,"Température","°C","intensite","IC","moyen","complet"
17.070062639821,34.477294454944,29.3879866172142,40.4479506682719,"Température","°C","intensite","IC","moyen","complet"
17.2242997762864,34.3700438027249,29.3269902850998,40.280298098009,"Température","°C","intensite","IC","moyen","complet"
17.3785369127517,34.2671033235027,29.2687606846485,40.1190328089121,"Température","°C","intensite","IC","moyen","complet"
17.532774049217,34.1684907384503,29.2133764257501,39.9640816018269,"Température","°C","intensite","IC","moyen","complet"
17.6870111856823,34.0742247606383,29.1609150769759,39.8153758197804,"Température","°C","intensite","IC","moyen","complet"
17.8412483221477,33.9843251424812,29.111452981588,39.6728516477805,"Température","°C","intensite","IC","moyen","complet"
17.995485458613,33.8988127239752,29.0650650717514,39.5364504176524,"Température","°C","intensite","IC","moyen","complet"
18.1497225950783,33.8177094817859,29.0218246803926,39.4061189187434,"Température","°C","intensite","IC","moyen","complet"
18.3039597315436,33.7410385792457,28.9818033499897,39.2818097154934,"Température","°C","intensite","IC","moyen","complet"
18.458196868009,33.6688244173228,28.9450706374196,39.1634814730431,"Température","°C","intensite","IC","moyen","complet"
18.6124340044743,33.6010926866274,28.9116939138452,39.0510992922021,"Température","°C","intensite","IC","moyen","complet"
18.7666711409396,33.5378704205225,28.8817381584924,38.9446350552494,"Température","°C","intensite","IC","moyen","complet"
18.9209082774049,33.4791860494077,28.8552657450514,38.8440677841646,"Température","°C","intensite","IC","moyen","complet"
19.0751454138703,33.4250694562501,28.8323362193431,38.7493840129962,"Température","°C","intensite","IC","moyen","complet"
19.2293825503356,33.3755520334374,28.8130060668256,38.6605781761601,"Température","°C","intensite","IC","moyen","complet"
19.3836196868009,33.3306667410304,28.7973284684748,38.5776530145079,"Température","°C","intensite","IC","moyen","complet"
19.5378568232662,33.2904481664987,28.7853530435792,38.5006200010301,"Température","°C","intensite","IC","moyen","complet"
19.6920939597316,33.2549325860211,28.7771255780275,38.4294997880262,"Température","°C","intensite","IC","moyen","complet"
19.8463310961969,33.2241580274423,28.7726877367699,38.3643226775024,"Température","°C","intensite","IC","moyen","complet"
20.0005682326622,33.1981643349746,28.7720767592871,38.3051291164178,"Température","°C","intensite","IC","moyen","complet"
20.1548053691275,33.1769932357421,28.7753251371322,38.2519702181957,"Température","°C","intensite","IC","moyen","complet"
20.3090425055928,33.1606884082658,28.7824602729232,38.2049083116275,"Température","°C","intensite","IC","moyen","complet"
20.4632796420582,33.1492830211989,28.7934920657615,38.1640046406953,"Température","°C","intensite","IC","moyen","complet"
20.6175167785235,33.1426431521019,28.8082626475151,38.1291578929114,"Température","°C","intensite","IC","moyen","complet"
20.7717539149888,33.1405155944023,28.8264951747669,38.1001494355861,"Température","°C","intensite","IC","moyen","complet"
20.9259910514541,33.1426464605356,28.8479098359405,38.0767626027295,"Température","°C","intensite","IC","moyen","complet"
21.0802281879195,33.1487835064603,28.8722272684729,38.0587835410278,"Température","°C","intensite","IC","moyen","complet"
21.2344653243848,33.1586758166284,28.8991693886757,38.045999423883,"Température","°C","intensite","IC","moyen","complet"
21.3887024608501,33.1720735089347,28.9284601973618,38.038196757618,"Température","°C","intensite","IC","moyen","complet"
21.5429395973154,33.1887274593061,28.9598265556683,38.0351597842186,"Température","°C","intensite","IC","moyen","complet"
21.6971767337808,33.2083890456522,28.9929989239861,38.0366689868373,"Température","°C","intensite","IC","moyen","complet"
21.8514138702461,33.2308099109561,29.027712055611,38.0424997058852,"Température","°C","intensite","IC","moyen","complet"
22.0056510067114,33.2557417453376,29.0637056357146,38.0524208748372,"Température","°C","intensite","IC","moyen","complet"
22.1598881431767,33.282936086966,29.1007248555467,38.0661938858175,"Température","°C","intensite","IC","moyen","complet"
22.3141252796421,33.3121441417501,29.1385209114475,38.083571595591,"Température","°C","intensite","IC","moyen","complet"
22.4683624161074,33.3431166217653,29.1768514183038,38.1042974827362,"Température","°C","intensite","IC","moyen","complet"
22.6225995525727,33.3756036024225,29.2154807275167,38.1281049665179,"Température","°C","intensite","IC","moyen","complet"
22.776836689038,33.4093543984077,29.2541801403468,38.1547168973293,"Température","°C","intensite","IC","moyen","complet"
22.9310738255034,33.4441174584567,29.2927280086361,38.1838452275694,"Température","°C","intensite","IC","moyen","complet"
23.0853109619687,33.4796402790466,29.3309097163036,38.2151908705142,"Température","°C","intensite","IC","moyen","complet"
23.239548098434,33.5156693371133,29.3685175366288,38.2484437532036,"Température","°C","intensite","IC","moyen","complet"
23.3937852348993,33.5519500419142,29.4053503620687,38.2832830676705,"Température","°C","intensite","IC","moyen","complet"
23.5480223713647,33.5882267061715,29.4412133051358,38.3193777230769,"Température","°C","intensite","IC","moyen","complet"
23.70225950783,33.6242425366392,29.4759171705981,38.3563869995701,"Température","°C","intensite","IC","moyen","complet"
23.8564966442953,33.6597396442378,29.5092778008772,38.3939614030201,"Température","°C","intensite","IC","moyen","complet"
24.0107337807606,33.6944590739067,29.541115297944,38.4317437182947,"Température","°C","intensite","IC","moyen","complet"
24.164970917226,33.7281408543132,29.5712531261992,38.4693702574453,"Température","°C","intensite","IC","moyen","complet"
24.3192080536913,33.7605240675534,29.5995171017379,38.5064722981217,"Température","°C","intensite","IC","moyen","complet"
24.4734451901566,33.7913518717864,29.6257381094876,38.5426839696934,"Température","°C","intensite","IC","moyen","complet"
24.6276823266219,33.8204940315921,29.6498453266487,38.5778004552661,"Température","°C","intensite","IC","moyen","complet"
24.7819194630873,33.8479557276208,29.6718687651841,38.6117947610798,"Température","°C","intensite","IC","moyen","complet"
24.9361565995526,33.8737490051932,29.6918377205837,38.6446565707644,"Température","°C","intensite","IC","moyen","complet"
25.0903937360179,33.8978862071908,29.7097757739572,38.6763837619703,"Température","°C","intensite","IC","moyen","complet"
25.2446308724832,33.9203799670649,29.7257009514411,38.706982183183,"Température","°C","intensite","IC","moyen","complet"
25.3988680089486,33.9412432018275,29.7396259014329,38.7364654116277,"Température","°C","intensite","IC","moyen","complet"
25.5531051454139,33.9604891050299,29.7515580881746,38.7648544938312,"Température","°C","intensite","IC","moyen","complet"
25.7073422818792,33.9781311397314,29.7615000005104,38.7921776701101,"Température","°C","intensite","IC","moyen","complet"
25.8615794183445,33.9941830314628,29.7694493749054,38.8184700839891,"Température","°C","intensite","IC","moyen","complet"
26.0158165548099,34.0086587611896,29.7753994320337,38.8437734773333,"Température","°C","intensite","IC","moyen","complet"
26.1700536912752,34.0215725582764,29.7793391264183,38.868135871801,"Température","°C","intensite","IC","moyen","complet"
26.3242908277405,34.0329388934588,29.7812534087364,38.8916112370921,"Température","°C","intensite","IC","moyen","complet"
26.4785279642058,34.0427724718245,29.7811235004862,38.9142591463848,"Température","°C","intensite","IC","moyen","complet"
26.6327651006712,34.051088225809,29.7789271807476,38.9361444193142,"Température","°C","intensite","IC","moyen","complet"
26.7870022371365,34.0579013082077,29.7746390847558,38.9573367528573,"Température","°C","intensite","IC","moyen","complet"
26.9412393736018,34.0632270852095,29.7682310139578,38.9779103405407,"Température","°C","intensite","IC","moyen","complet"
27.0954765100671,34.0670811294539,29.7596722571162,38.9979434804857,"Température","°C","intensite","IC","moyen","complet"
27.2497136465324,34.0694792131165,29.7489299218938,39.0175181729389,"Température","°C","intensite","IC","moyen","complet"
27.4039507829978,34.0704373010242,29.735969276177,39.0367197081078,"Température","°C","intensite","IC","moyen","complet"
27.5581879194631,34.0699715438057,29.7207540981937,39.0556362453224,"Température","°C","intensite","IC","moyen","complet"
27.7124250559284,34.0680982710773,29.703247034256,39.0743583847669,"Température","°C","intensite","IC","moyen","complet"
27.8666621923937,34.0648339846712,29.6834099627123,39.0929787332686,"Température","°C","intensite","IC","moyen","complet"
28.0208993288591,34.060195351904,29.6612043624428,39.1115914658809,"Température","°C","intensite","IC","moyen","complet"
28.1751364653244,34.054199198894,29.6365916839776,39.1302918852479,"Température","°C","intensite","IC","moyen","complet"
28.3293736017897,34.0468625039247,29.6095337210747,39.1491759809814,"Température","°C","intensite","IC","moyen","complet"
28.483610738255,34.0382023908616,29.5799929803674,39.1683399915014,"Température","°C","intensite","IC","moyen","complet"
28.6378478747204,34.0282361226216,29.547933046497,39.1878799709873,"Température","°C","intensite","IC","moyen","complet"
28.7920850111857,34.0169810947004,29.5133189399851,39.2078913642433,"Température","°C","intensite","IC","moyen","complet"
28.946322147651,34.0044548287571,29.4761174649899,39.228468592391,"Température","°C","intensite","IC","moyen","complet"
29.1005592841163,33.9906749662625,29.4362975440296,39.2497046523584,"Température","°C","intensite","IC","moyen","complet"
29.2547964205817,33.9756592622087,29.3938305367597,39.2716907331317,"Température","°C","intensite","IC","moyen","complet"
29.409033557047,33.9594255788866,29.3486905399538,39.2945158516687,"Température","°C","intensite","IC","moyen","complet"
29.5632706935123,33.9419918797302,29.3008546659692,39.3182665112395,"Température","°C","intensite","IC","moyen","complet"
29.7175078299776,33.9233762232319,29.2503032971714,39.3430263847629,"Température","°C","intensite","IC","moyen","complet"
29.871744966443,33.9035967569289,29.1970203140516,39.3688760254499,"Température","°C","intensite","IC","moyen","complet"
30.0259821029083,33.882671711465,29.1409932950815,39.3958926067451,"Température","°C","intensite","IC","moyen","complet"
30.1802192393736,33.8606193947264,29.0822136867118,39.4241496931989,"Température","°C","intensite","IC","moyen","complet"
30.3344563758389,33.837458186057,29.0206769423245,39.4537170434952,"Température","°C","intensite","IC","moyen","complet"
30.4886935123043,33.8132065305513,28.9563826293723,39.4846604464317,"Température","°C","intensite","IC","moyen","complet"
30.6429306487696,33.787882933429,28.8893345043871,39.5170415902013,"Température","°C","intensite","IC","moyen","complet"
30.7971677852349,33.7615059544917,28.8195405559857,39.550917964875,"Température","°C","intensite","IC","moyen","complet"
30.9514049217002,33.7340942026632,28.7470130164367,39.5863427975451,"Température","°C","intensite","IC","moyen","complet"
31.1056420581656,33.7056663306152,28.6717683427737,39.6233650191686,"Température","°C","intensite","IC","moyen","complet"
31.2598791946309,33.6762410294788,28.5938271688186,39.6620292617657,"Température","°C","intensite","IC","moyen","complet"
31.4141163310962,33.6458370236445,28.5132142298294,39.7023758842786,"Température","°C","intensite","IC","moyen","complet"
31.5683534675615,33.6144730656498,28.4299582617762,39.7444410251027,"Température","°C","intensite","IC","moyen","complet"
31.7225906040269,33.5821679311577,28.3440918774946,39.788256679055,"Température","°C","intensite","IC","moyen","complet"
31.8768277404922,33.5489404140249,28.255651422149,39.8338507963584,"Température","°C","intensite","IC","moyen","complet"
32.0310648769575,33.514809321463,28.1646768105661,39.8812474010934,"Température","°C","intensite","IC","moyen","complet"
32.1853020134228,33.4797934692908,28.0712113490703,39.9304667264916,"Température","°C","intensite","IC","moyen","complet"
32.3395391498882,33.443911677281,27.9753015444684,39.981525364431,"Température","°C","intensite","IC","moyen","complet"
32.4937762863535,33.4071827646008,27.876996902799,40.0344364265213,"Température","°C","intensite","IC","moyen","complet"
32.6480134228188,33.3696255453468,27.7763497203848,40.0892097142429,"Température","°C","intensite","IC","moyen","complet"
32.8022505592841,33.3312588241758,27.6734148696112,40.1458518957188,"Température","°C","intensite","IC","moyen","complet"
32.9564876957495,33.2921013920309,27.5682495817068,40.20436668684,"Température","°C","intensite","IC","moyen","complet"
33.1107248322148,33.2521720219644,27.4609132286312,40.264755034639,"Température","°C","intensite","IC","moyen","complet"
33.2649619686801,33.2114894650574,27.3514671059861,40.3270153009897,"Température","°C","intensite","IC","moyen","complet"
33.4191991051454,33.1700724464358,27.2399742186637,40.3911434449138,"Température","°C","intensite","IC","moyen","complet"
33.5734362416108,33.1279396613849,27.1264990707423,40.4571332019783,"Température","°C","intensite","IC","moyen","complet"
33.7276733780761,33.0851097715607,27.011107460928,40.5249762594744,"Température","°C","intensite","IC","moyen","complet"
33.8819105145414,33.0416014012989,26.8938662846436,40.5946624262688,"Température","°C","intensite","IC","moyen","complet"
34.0361476510067,32.9974331340229,26.7748433436645,40.6661797964153,"Température","°C","intensite","IC","moyen","complet"
34.190384787472,32.9526235087487,26.6541071640229,40.7395149057938,"Température","°C","intensite","IC","moyen","complet"
34.3446219239374,32.9071910166882,26.5317268227238,40.8146528812192,"Température","°C","intensite","IC","moyen","complet"
34.4988590604027,32.8611540979508,26.4077717836639,40.8915775816147,"Température","°C","intensite","IC","moyen","complet"
34.653096196868,32.8145311383427,26.2823117430001,40.9702717309886,"Température","°C","intensite","IC","moyen","complet"
34.8073333333333,32.767340466264,26.1554164840878,41.0507170430747,"Température","°C","intensite","IC","moyen","complet"
24.26,27.9888783613578,22.1800325204054,35.3190335138682,"Humidité relative","%","intensite","IC","moyen","complet"
24.764966442953,28.0966050820949,22.3437625481177,35.3306304360859,"Humidité relative","%","intensite","IC","moyen","complet"
25.269932885906,28.2041233589694,22.5069843997996,35.3433654334895,"Humidité relative","%","intensite","IC","moyen","complet"
25.7748993288591,28.3114028932786,22.6696131716774,35.357265592293,"Humidité relative","%","intensite","IC","moyen","complet"
26.2798657718121,28.4184130051272,22.8315626277616,35.3723575953575,"Humidité relative","%","intensite","IC","moyen","complet"
26.7848322147651,28.5251226361904,22.9927453269312,35.3886675923229,"Humidité relative","%","intensite","IC","moyen","complet"
27.2897986577181,28.631500352802,23.1530727646852,35.4062210568812,"Humidité relative","%","intensite","IC","moyen","complet"
27.7947651006711,28.7375143493748,23.3124555300982,35.4250426307212,"Humidité relative","%","intensite","IC","moyen","complet"
28.2997315436242,28.8431324521585,23.4708034784089,35.4451559537815,"Humidité relative","%","intensite","IC","moyen","complet"
28.8046979865772,28.9483221233398,23.6280259195397,35.4665834805793,"Humidité relative","%","intensite","IC","moyen","complet"
29.3096644295302,29.0530504654912,23.7840318226878,35.4893462825425,"Humidité relative","%","intensite","IC","moyen","complet"
29.8146308724832,29.157284226373,23.9387300369378,35.513463836457,"Humidité relative","%","intensite","IC","moyen","complet"
30.3195973154362,29.2609898040942,24.0920295276313,35.53895379936,"Humidité relative","%","intensite","IC","moyen","complet"
30.8245637583893,29.3641332526373,24.2438396279793,35.5658317704567,"Humidité relative","%","intensite","IC","moyen","complet"
31.3295302013423,29.4666802877511,24.3940703051304,35.5941110409084,"Humidité relative","%","intensite","IC","moyen","complet"
31.8344966442953,29.5685962932168,24.5426324396039,35.623802332646,"Humidité relative","%","intensite","IC","moyen","complet"
32.3394630872483,29.6698463274926,24.6894381166754,35.6549135276782,"Humidité relative","%","intensite","IC","moyen","complet"
32.8444295302013,29.770395130739,24.8344009279592,35.6874493897106,"Humidité relative","%","intensite","IC","moyen","complet"
33.3493959731544,29.8702071322315,24.977436281082,35.7214112802359,"Humidité relative","%","intensite","IC","moyen","complet"
33.8543624161074,29.9692464581629,25.1184617149861,35.7567968716115,"Humidité relative","%","intensite","IC","moyen","complet"
34.3593288590604,30.0674769398386,25.2573972180541,35.7935998599851,"Humidité relative","%","intensite","IC","moyen","complet"
34.8642953020134,30.1648621222706,25.3941655459191,35.8318096812527,"Humidité relative","%","intensite","IC","moyen","complet"
35.3692617449664,30.2613652731704,25.5286925355248,35.8714112335334,"Humidité relative","%","intensite","IC","moyen","complet"
35.8742281879195,30.3569493923462,25.6609074117436,35.912384609896,"Humidité relative","%","intensite","IC","moyen","complet"
36.3791946308725,30.4515772215053,25.7907430826644,35.9547048452668,"Humidité relative","%","intensite","IC","moyen","complet"
36.8841610738255,30.5452112544662,25.9181364195258,35.9983416815829,"Humidité relative","%","intensite","IC","moyen","complet"
37.3891275167785,30.6378137477791,26.0430285172209,36.0432593552975,"Humidité relative","%","intensite","IC","moyen","complet"
37.8940939597315,30.7293467317612,26.1653649313346,36.0894164113093,"Humidité relative","%","intensite","IC","moyen","complet"
38.3990604026846,30.8197720219436,26.2850958878041,36.1367655472504,"Humidité relative","%","intensite","IC","moyen","complet"
38.9040268456376,30.9090512309341,26.4021764615262,36.1852534918359,"Humidité relative","%","intensite","IC","moyen","complet"
39.4089932885906,30.9971457806962,26.5165667205582,36.2348209206438,"Humidité relative","%","intensite","IC","moyen","complet"
39.9139597315436,31.0840169152432,26.6282318329867,36.2854024122693,"Humidité relative","%","intensite","IC","moyen","complet"
40.4189261744966,31.1696257137495,26.7371421340425,36.3369264472822,"Humidité relative","%","intensite","IC","moyen","complet"
40.9238926174497,31.2539331040774,26.8432731516249,36.3893154518311,"Humidité relative","%","intensite","IC","moyen","complet"
41.4288590604027,31.33689987672,26.9466055890383,36.4424858870925,"Humidité relative","%","intensite","IC","moyen","complet"
41.9338255033557,31.4184866991574,27.0471252644211,36.4963483850771,"Humidité relative","%","intensite","IC","moyen","complet"
42.4387919463087,31.4986541306268,27.1448230070462,36.5508079306064,"Humidité relative","%","intensite","IC","moyen","complet"
42.9437583892617,31.5773626373029,27.2396945113643,36.6057640885705,"Humidité relative","%","intensite","IC","moyen","complet"
43.4487248322148,31.6545726078878,27.3317401503257,36.6611112749108,"Humidité relative","%","intensite","IC","moyen","complet"
43.9536912751678,31.7302443696061,27.4209647501378,36.7167390691408,"Humidité relative","%","intensite","IC","moyen","complet"
44.4586577181208,31.8043382046034,27.5073773291647,36.7725325656667,"Humidité relative","%","intensite","IC","moyen","complet"
44.9636241610738,31.8768143667436,27.5909908041461,36.8283727606889,"Humidité relative","%","intensite","IC","moyen","complet"
45.4685906040268,31.9476330988019,27.6718216672852,36.8841369710878,"Humidité relative","%","intensite","IC","moyen","complet"
45.9735570469799,32.0167546500473,27.7498896380281,36.9396992814192,"Humidité relative","%","intensite","IC","moyen","complet"
46.4785234899329,32.0841392942117,27.8252172935196,36.9949310149725,"Humidité relative","%","intensite","IC","moyen","complet"
46.9834899328859,32.1497473478379,27.8978296817794,37.049701224783,"Humidité relative","%","intensite","IC","moyen","complet"
47.4884563758389,32.2135391890024,27.9677539215981,37.1038772005221,"Humidité relative","%","intensite","IC","moyen","complet"
47.9934228187919,32.2754752764046,28.0350187930154,37.157324987324,"Humidité relative","%","intensite","IC","moyen","complet"
48.498389261745,32.335516168817,28.0996543220251,37.209909912816,"Humidité relative","%","intensite","IC","moyen","complet"
49.003355704698,32.3936225448871,28.1616913628592,37.261497118903,"Humidité relative","%","intensite","IC","moyen","complet"
49.508322147651,32.4497552232849,28.2211611808634,37.3119520951934,"Humidité relative","%","intensite","IC","moyen","complet"
50.013288590604,32.5038751831856,28.2780950385896,37.3611412113283,"Humidité relative","%","intensite","IC","moyen","complet"
50.518255033557,32.5559435850787,28.3325237873261,37.4089322458787,"Humidité relative","%","intensite","IC","moyen","complet"
51.0232214765101,32.6059217918949,28.3844774658626,37.4551949098864,"Humidité relative","%","intensite","IC","moyen","complet"
51.5281879194631,32.6537713904385,28.4339849078753,37.4998013635331,"Humidité relative","%","intensite","IC","moyen","complet"
52.0331543624161,32.699454213117,28.4810733589104,37.5426267248181,"Humidité relative","%","intensite","IC","moyen","complet"
52.5381208053691,32.7429323599537,28.5257681035706,37.5835495694963,"Humidité relative","%","intensite","IC","moyen","complet"
53.0430872483222,32.7841682208738,28.5680921031577,37.6224524218665,"Humidité relative","%","intensite","IC","moyen","complet"
53.5480536912752,32.8231244982502,28.6080656437237,37.6592222362994,"Humidité relative","%","intensite","IC","moyen","complet"
54.0530201342282,32.8597642296961,28.6457059942152,37.693750869651,"Humidité relative","%","intensite","IC","moyen","complet"
54.5579865771812,32.8940508110913,28.6810270741863,37.725935544913,"Humidité relative","%","intensite","IC","moyen","complet"
55.0629530201342,32.9259480198274,28.7140391303874,37.7556793066106,"Humidité relative","%","intensite","IC","moyen","complet"
55.5679194630873,32.9554200382578,28.7447484214329,37.782891468558,"Humidité relative","%","intensite","IC","moyen","complet"
56.0728859060403,32.982431477337,28.7731569096895,37.8074880546351,"Humidité relative","%","intensite","IC","moyen","complet"
56.5778523489933,33.0069474004327,28.799261959532,37.8293922332389,"Humidité relative","%","intensite","IC","moyen","complet"
57.0828187919463,33.0289333472964,28.8230560411684,37.8485347460027,"Humidité relative","%","intensite","IC","moyen","complet"
57.5877852348993,33.0483553581726,28.8445264393514,37.8648543312544,"Humidité relative","%","intensite","IC","moyen","complet"
58.0927516778523,33.0651966318359,28.8636681342368,37.8783189723949,"Humidité relative","%","intensite","IC","moyen","complet"
58.5977181208054,33.0796261457846,28.8806174260641,37.8891368491772,"Humidité relative","%","intensite","IC","moyen","complet"
59.1026845637584,33.0919294561615,28.895598639324,37.8976676967431,"Humidité relative","%","intensite","IC","moyen","complet"
59.6076510067114,33.102394763313,28.908835137727,37.9042785309671,"Humidité relative","%","intensite","IC","moyen","complet"
60.1126174496644,33.1113109760898,28.9205486834886,37.9093400527792,"Humidité relative","%","intensite","IC","moyen","complet"
60.6175838926175,33.1189675636125,28.9309601591874,37.9132253628745,"Humidité relative","%","intensite","IC","moyen","complet"
61.1225503355705,33.1256544322485,28.940290257261,37.9163087795719,"Humidité relative","%","intensite","IC","moyen","complet"
61.6275167785235,33.1316618279033,28.9487601350977,37.9189647624208,"Humidité relative","%","intensite","IC","moyen","complet"
62.1324832214765,33.1372802637041,28.9565920337876,37.9215669438583,"Humidité relative","%","intensite","IC","moyen","complet"
62.6374496644295,33.1428004731334,28.9640098586973,37.9244872709532,"Humidité relative","%","intensite","IC","moyen","complet"
63.1424161073826,33.1485133886534,28.9712397201547,37.9280952590132,"Humidité relative","%","intensite","IC","moyen","complet"
63.6473825503356,33.1547101458557,28.9785104326809,37.9327573585711,"Humidité relative","%","intensite","IC","moyen","complet"
64.1523489932886,33.1616821131679,28.9860539714061,37.9388364369851,"Humidité relative","%","intensite","IC","moyen","complet"
64.6573154362416,33.1697209471521,28.9941058845449,37.9466913755878,"Humidité relative","%","intensite","IC","moyen","complet"
65.1622818791946,33.1791186734429,29.0029056611033,37.9566767830025,"Humidité relative","%","intensite","IC","moyen","complet"
65.6672483221477,33.1901677933867,29.0126970533193,37.9691428249044,"Humidité relative","%","intensite","IC","moyen","complet"
66.1722147651007,33.2031614164683,29.0237283537145,37.9844351701616,"Humidité relative","%","intensite","IC","moyen","complet"
66.6771812080537,33.2183934186416,29.036252627023,38.0028950529483,"Humidité relative","%","intensite","IC","moyen","complet"
67.1821476510067,33.2361586267142,29.0505278976687,38.0248594501015,"Humidité relative","%","intensite","IC","moyen","complet"
67.6871140939597,33.2567530289809,29.0668172938546,38.050661372701,"Humidité relative","%","intensite","IC","moyen","complet"
68.1920805369128,33.2804740123479,29.0853891496915,38.080630270622,"Humidité relative","%","intensite","IC","moyen","complet"
68.6970469798658,33.3076206262455,29.1065170671173,38.1150925486451,"Humidité relative","%","intensite","IC","moyen","complet"
69.2020134228188,33.338493873691,29.1304799396112,38.154372192639,"Humidité relative","%","intensite","IC","moyen","complet"
69.7069798657718,33.3733970299298,29.1575619398859,38.1987915043656,"Humidité relative","%","intensite","IC","moyen","complet"
70.2119463087248,33.4126359891621,29.1880524738206,38.2486719436172,"Humidité relative","%","intensite","IC","moyen","complet"
70.7169127516779,33.456519639943,29.2222461028736,38.3043350766873,"Humidité relative","%","intensite","IC","moyen","complet"
71.2218791946309,33.5053602699393,29.2604424370744,38.3661036306144,"Humidité relative","%","intensite","IC","moyen","complet"
71.7268456375839,33.5594740008207,29.3029460004346,38.4343026532233,"Humidité relative","%","intensite","IC","moyen","complet"
72.2318120805369,33.619181254175,29.3500660702395,38.509260779727,"Humidité relative","%","intensite","IC","moyen","complet"
72.7367785234899,33.6848072494496,29.4021164911836,38.5913116075439,"Humidité relative","%","intensite","IC","moyen","complet"
73.241744966443,33.7566825350488,29.4594154647049,38.6807951820128,"Humidité relative","%","intensite","IC","moyen","complet"
73.746711409396,33.8351435538521,29.5222853131638,38.778059596874,"Humidité relative","%","intensite","IC","moyen","complet"
74.251677852349,33.9205332445602,29.5910522177111,38.8834627146731,"Humidité relative","%","intensite","IC","moyen","complet"
74.756644295302,34.0132016804366,29.6660459278222,38.9973740136721,"Humidité relative","%","intensite","IC","moyen","complet"
75.261610738255,34.1135067471769,29.7475994395503,39.120176569356,"Humidité relative","%","intensite","IC","moyen","complet"
75.766577181208,34.221803528456,29.8360382079342,39.2522569041625,"Humidité relative","%","intensite","IC","moyen","complet"
76.2715436241611,34.3382260276749,29.9314781283624,39.3937700527521,"Humidité relative","%","intensite","IC","moyen","complet"
76.7765100671141,34.4626999876557,30.0338364866457,39.5446546087197,"Humidité relative","%","intensite","IC","moyen","complet"
77.2814765100671,34.5951464477474,30.1430194225454,39.7048530860159,"Humidité relative","%","intensite","IC","moyen","complet"
77.7864429530201,34.7354895380467,30.2589294858611,39.8743198767666,"Humidité relative","%","intensite","IC","moyen","complet"
78.2914093959731,34.8836562002987,30.3814657460596,40.0530204853089,"Humidité relative","%","intensite","IC","moyen","complet"
78.7963758389262,35.0395759142234,30.5105238909002,40.2409307896156,"Humidité relative","%","intensite","IC","moyen","complet"
79.3013422818792,35.2031804287534,30.6459963173815,40.4380363250417,"Humidité relative","%","intensite","IC","moyen","complet"
79.8063087248322,35.3744034977006,30.787772218247,40.6443315855277,"Humidité relative","%","intensite","IC","moyen","complet"
80.3112751677852,35.5531806194009,30.9357376671336,40.8598193376413,"Humidité relative","%","intensite","IC","moyen","complet"
80.8162416107383,35.7394487799141,31.0897757052491,41.0845099431337,"Humidité relative","%","intensite","IC","moyen","complet"
81.3212080536913,35.9331461993855,31.2497664322181,41.3184206860251,"Humidité relative","%","intensite","IC","moyen","complet"
81.8261744966443,36.1342120812048,31.4155871034424,41.5615751006105,"Humidité relative","%","intensite","IC","moyen","complet"
82.3311409395973,36.3425863636215,31.5871122359921,41.8140022971872,"Humidité relative","%","intensite","IC","moyen","complet"
82.8361073825503,36.5582094735052,31.7642137246811,42.0757362827529,"Humidité relative","%","intensite","IC","moyen","complet"
83.3410738255034,36.7810220819637,31.9467609695793,42.3468152743912,"Humidité relative","%","intensite","IC","moyen","complet"
83.8460402684564,37.0109648615566,32.1346210157996,42.6272810035594,"Humidité relative","%","intensite","IC","moyen","complet"
84.3510067114094,37.2479782448652,32.327658705954,42.9171780099999,"Humidité relative","%","intensite","IC","moyen","complet"
84.8559731543624,37.4920021842088,32.5257368452274,43.216552924518,"Humidité relative","%","intensite","IC","moyen","complet"
85.3609395973154,37.742975912314,32.7287163785669,43.5254537403856,"Humidité relative","%","intensite","IC","moyen","complet"
85.8659060402685,38.0008377037746,32.9364565790434,43.8439290736406,"Humidité relative","%","intensite","IC","moyen","complet"
86.3708724832215,38.2655246371576,33.1488152460163,44.1720274130425,"Humidité relative","%","intensite","IC","moyen","complet"
86.8758389261745,38.5369723576373,33.3656489113424,44.509796360905,"Humidité relative","%","intensite","IC","moyen","complet"
87.3808053691275,38.8151148400636,33.5868130515122,44.8572818664464,"Humidité relative","%","intensite","IC","moyen","complet"
87.8857718120805,39.0998841523893,33.8121623032948,45.2145274536698,"Humidité relative","%","intensite","IC","moyen","complet"
88.3907382550336,39.3912102194112,34.0415506802277,45.5815734460974,"Humidité relative","%","intensite","IC","moyen","complet"
88.8957046979866,39.6890205867978,34.2748317871097,45.9584561909266,"Humidité relative","%","intensite","IC","moyen","complet"
89.4006711409396,39.9932401854025,34.5118590295492,46.3452072853515,"Humidité relative","%","intensite","IC","moyen","complet"
89.9056375838926,40.3037910958854,34.7524858155943,46.7418528078893,"Humidité relative","%","intensite","IC","moyen","complet"
90.4106040268456,40.6205923136885,34.996565746516,47.1484125575709,"Humidité relative","%","intensite","IC","moyen","complet"
90.9155704697987,40.9435595144355,35.2439527939455,47.5648993038064,"Humidité relative","%","intensite","IC","moyen","complet"
91.4205369127517,41.2726048198497,35.4945014607594,47.9913180496052,"Humidité relative","%","intensite","IC","moyen","complet"
91.9255033557047,41.6076365643098,35.7480669233709,48.4276653106491,"Humidité relative","%","intensite","IC","moyen","complet"
92.4304697986577,41.9485590621862,36.0045051534016,48.8739284124692,"Humidité relative","%","intensite","IC","moyen","complet"
92.9354362416107,42.2952723761265,36.263673017074,49.3300848076935,"Humidité relative","%","intensite","IC","moyen","complet"
93.4404026845638,42.6476720864835,36.5254283510601,49.7961014150144,"Humidité relative","%","intensite","IC","moyen","complet"
93.9453691275168,43.0056490621048,36.7896300139375,50.2719339811857,"Humidité relative","%","intensite","IC","moyen","complet"
94.4503355704698,43.3690892327261,37.0561379128335,50.7575264670191,"Humidité relative","%","intensite","IC","moyen","complet"
94.9553020134228,43.7378733632408,37.3248130052514,51.252810458012,"Humidité relative","%","intensite","IC","moyen","complet"
95.4602684563758,44.1118768301381,37.595517276479,51.7577045999223,"Humidité relative","%","intensite","IC","moyen","complet"
95.9652348993289,44.4909694004318,37.8681136933526,52.2721140593184,"Humidité relative","%","intensite","IC","moyen","complet"
96.4702013422819,44.8750150134272,38.1424661354883,52.7959300088801,"Humidité relative","%","intensite","IC","moyen","complet"
96.9751677852349,45.2638715656968,38.418439305386,53.3290291370233,"Humidité relative","%","intensite","IC","moyen","complet"
97.4801342281879,45.6573906996645,38.6958986190609,53.871273181261,"Humidité relative","%","intensite","IC","moyen","complet"
97.9851006711409,46.0554175962223,38.9747100790513,54.422508484611,"Humidité relative","%","intensite","IC","moyen","complet"
98.490067114094,46.4577907718267,39.2547401317981,54.9825655743033,"Humidité relative","%","intensite","IC","moyen","complet"
98.995033557047,46.8643418805525,39.5358555114854,55.551258762044,"Humidité relative","%","intensite","IC","moyen","complet"
99.5,47.2748955216012,39.8179230724778,56.1283857651301,"Humidité relative","%","intensite","IC","moyen","complet"
1002.64866666667,42.4933555349136,33.7134301868789,53.5598203626084,"Pression atmosphérique","hPa","intensite","IC","moyen","complet"
1002.85845637584,42.4701696204308,33.7673750102035,53.4159171994605,"Pression atmosphérique","hPa","intensite","IC","moyen","complet"
1003.06824608501,42.4456844637449,33.8189228131241,53.2730193552066,"Pression atmosphérique","hPa","intensite","IC","moyen","complet"
1003.27803579418,42.4198892449935,33.8680593442529,53.1310927876612,"Pression atmosphérique","hPa","intensite","IC","moyen","complet"
1003.48782550336,42.39277329662,33.9147719474786,52.9901020877194,"Pression atmosphérique","hPa","intensite","IC","moyen","complet"
1003.69761521253,42.3643261070525,33.9590495878299,52.8500104769683,"Pression atmosphérique","hPa","intensite","IC","moyen","complet"
1003.9074049217,42.3345373243884,34.0008828734723,52.7107798094363,"Pression atmosphérique","hPa","intensite","IC","moyen","complet"
1004.11719463087,42.3033967600825,34.0402640736272,52.5723705776842,"Pression atmosphérique","hPa","intensite","IC","moyen","complet"
1004.32698434004,42.2708943926395,34.0771871322118,52.434741923422,"Pression atmosphérique","hPa","intensite","IC","moyen","complet"
1004.53677404922,42.2370203713061,34.1116476770229,52.2978516528178,"Pression atmosphérique","hPa","intensite","IC","moyen","complet"
1004.74656375839,42.2017650197647,34.1436430243055,52.1616562566455,"Pression atmosphérique","hPa","intensite","IC","moyen","complet"
1004.95635346756,42.165118839824,34.1731721785694,52.0261109353915,"Pression atmosphérique","hPa","intensite","IC","moyen","complet"
1005.16614317673,42.1270725151077,34.2002358275434,51.8911696294177,"Pression atmosphérique","hPa","intensite","IC","moyen","complet"
1005.37593288591,42.0876169147373,34.2248363321811,51.7567850542529,"Pression atmosphérique","hPa","intensite","IC","moyen","complet"
1005.58572259508,42.0467430970097,34.2469777116613,51.6229087410518,"Pression atmosphérique","hPa","intensite","IC","moyen","complet"
1005.79551230425,42.0044423130654,34.2666656233524,51.4894910822382,"Pression atmosphérique","hPa","intensite","IC","moyen","complet"
1006.00530201342,41.9607060105491,34.2839073377426,51.3564813823132,"Pression atmosphérique","hPa","intensite","IC","moyen","complet"
1006.2150917226,41.9155258372568,34.2987117083635,51.2238279137851,"Pression atmosphérique","hPa","intensite","IC","moyen","complet"
1006.42488143177,41.8688936447717,34.3110891367677,51.091477978141,"Pression atmosphérique","hPa","intensite","IC","moyen","complet"
1006.63467114094,41.8208014920848,34.3210515326472,50.9593779717582,"Pression atmosphérique","hPa","intensite","IC","moyen","complet"
1006.84446085011,41.7712416491992,34.3286122692104,50.8274734566173,"Pression atmosphérique","hPa","intensite","IC","moyen","complet"
1007.05425055928,41.7202066007164,34.3337861339609,50.6957092356555,"Pression atmosphérique","hPa","intensite","IC","moyen","complet"
1007.26404026846,41.667689049403,34.3365892750493,50.5640294325723,"Pression atmosphérique","hPa","intensite","IC","moyen","complet"
1007.47382997763,41.6136819197353,34.3370391433897,50.4323775758713,"Pression atmosphérique","hPa","intensite","IC","moyen","complet"
1007.6836196868,41.5581783614213,34.3351544307599,50.3006966869054,"Pression atmosphérique","hPa","intensite","IC","moyen","complet"
1007.89340939597,41.5011717528973,34.3309550041183,50.1689293716668,"Pression atmosphérique","hPa","intensite","IC","moyen","complet"
1008.10319910515,41.4426557047972,34.3244618363925,50.0370179160504,"Pression atmosphérique","hPa","intensite","IC","moyen","complet"
1008.31298881432,41.3826240633934,34.315696934005,49.9049043843003,"Pression atmosphérique","hPa","intensite","IC","moyen","complet"
1008.52277852349,41.3210709140078,34.3046832614157,49.7725307203433,"Pression atmosphérique","hPa","intensite","IC","moyen","complet"
1008.73256823266,41.2579905843886,34.2914446629667,49.6398388516956,"Pression atmosphérique","hPa","intensite","IC","moyen","complet"
1008.94235794183,41.193377648055,34.2760057823222,49.5067707956348,"Pression atmosphérique","hPa","intensite","IC","moyen","complet"
1009.15214765101,41.1272269276041,34.2583919797974,49.3732687673172,"Pression atmosphérique","hPa","intensite","IC","moyen","complet"
1009.36193736018,41.0595334979806,34.2386292478678,49.2392752895264,"Pression atmosphérique","hPa","intensite","IC","moyen","complet"
1009.57172706935,40.9902926897069,34.2167441251501,49.104733303741,"Pression atmosphérique","hPa","intensite","IC","moyen","complet"
1009.78151677852,40.9195000920705,34.1927636091339,48.9695862822178,"Pression atmosphérique","hPa","intensite","IC","moyen","complet"
1009.9913064877,40.8471515562687,34.1667150679389,48.8337783407936,"Pression atmosphérique","hPa","intensite","IC","moyen","complet"
1010.20109619687,40.773243198507,34.1386261513556,48.6972543521229,"Pression atmosphérique","hPa","intensite","IC","moyen","complet"
1010.41088590604,40.6977714030511,34.1085247014163,48.5599600590826,"Pression atmosphérique","hPa","intensite","IC","moyen","complet"
1010.62067561521,40.6207328252282,34.0764386627239,48.4218421880907,"Pression atmosphérique","hPa","intensite","IC","moyen","complet"
1010.83046532438,40.5421243943781,34.0423959927514,48.282848562105,"Pression atmosphérique","hPa","intensite","IC","moyen","complet"
1011.04025503356,40.4619433167511,34.0064245722996,48.1429282130871,"Pression atmosphérique","hPa","intensite","IC","moyen","complet"
1011.25004474273,40.3801870783502,33.9685521162848,48.0020314937374,"Pression atmosphérique","hPa","intensite","IC","moyen","complet"
1011.4598344519,40.2968534477169,33.928806085003,47.8601101883314,"Pression atmosphérique","hPa","intensite","IC","moyen","complet"
1011.66962416107,40.2119404786578,33.8872135959949,47.7171176225075,"Pression atmosphérique","hPa","intensite","IC","moyen","complet"
1011.87941387025,40.1254465129112,33.8438013366137,47.5730087718802,"Pression atmosphérique","hPa","intensite","IC","moyen","complet"
1012.08920357942,40.0373701827496,33.7985954773742,47.4277403693778,"Pression atmosphérique","hPa","intensite","IC","moyen","complet"
1012.29899328859,39.9477104135197,33.7516215861373,47.2812710112238,"Pression atmosphérique","hPa","intensite","IC","moyen","complet"
1012.50878299776,39.8564664261137,33.7029045431646,47.1335612615058,"Pression atmosphérique","hPa","intensite","IC","moyen","complet"
1012.71857270694,39.7636377393744,33.6524684570527,46.9845737552969,"Pression atmosphérique","hPa","intensite","IC","moyen","complet"
1012.92836241611,39.6692241724287,33.6003365815388,46.8342733003161,"Pression atmosphérique","hPa","intensite","IC","moyen","complet"
1013.13815212528,39.5732258469499,33.5465312331474,46.6826269771313,"Pression atmosphérique","hPa","intensite","IC","moyen","complet"
1013.34794183445,39.4756431893459,33.4910737096319,46.5296042379311,"Pression atmosphérique","hPa","intensite","IC","moyen","complet"
1013.55773154362,39.376476932872,33.4339842091484,46.3751770039042,"Pression atmosphérique","hPa","intensite","IC","moyen","complet"
1013.7675212528,39.2757281196653,33.3752817500815,46.2193197612811,"Pression atmosphérique","hPa","intensite","IC","moyen","complet"
1013.97731096197,39.1733981027015,33.314984091436,46.0620096561059,"Pression atmosphérique","hPa","intensite","IC","moyen","complet"
1014.18710067114,39.0694885476691,33.2531076536924,45.9032265878148,"Pression atmosphérique","hPa","intensite","IC","moyen","complet"
1014.39689038031,38.9640014347615,33.1896674400223,45.7429533017061,"Pression atmosphérique","hPa","intensite","IC","moyen","complet"
1014.60668008949,38.8569390603849,33.1246769577515,45.581175480389,"Pression atmosphérique","hPa","intensite","IC","moyen","complet"
1014.81646979866,38.7483040387792,33.0581481399627,45.4178818343019,"Pression atmosphérique","hPa","intensite","IC","moyen","complet"
1015.02625950783,38.6380993035512,32.9900912671292,45.253064191386,"Pression atmosphérique","hPa","intensite","IC","moyen","complet"
1015.236049217,38.5263281091187,32.9205148886806,45.0867175859946,"Pression atmosphérique","hPa","intensite","IC","moyen","complet"
1015.44583892617,38.4129940320628,32.8494257444112,44.9188403471051,"Pression atmosphérique","hPa","intensite","IC","moyen","complet"
1015.65562863535,38.2981009723871,32.7768286856614,44.7494341858888,"Pression atmosphérique","hPa","intensite","IC","moyen","complet"
1015.86541834452,38.1816531546833,32.702726596222,44.5785042826661,"Pression atmosphérique","hPa","intensite","IC","moyen","complet"
1016.07520805369,38.0636551292002,32.6271203129405,44.4060593732525,"Pression atmosphérique","hPa","intensite","IC","moyen","complet"
1016.28499776286,37.9441117728147,32.5500085460455,44.2321118346608,"Pression atmosphérique","hPa","intensite","IC","moyen","complet"
1016.49478747204,37.8230282899046,32.471387799244,44.05667777009,"Pression atmosphérique","hPa","intensite","IC","moyen","complet"
1016.70457718121,37.7004102131207,32.3912522897012,43.8797770930728,"Pression atmosphérique","hPa","intensite","IC","moyen","complet"
1016.91436689038,37.5762634040561,32.3095938680704,43.7014336106024,"Pression atmosphérique","hPa","intensite","IC","moyen","complet"
1017.12415659955,37.4505940538135,32.2264019388106,43.5216751049836,"Pression atmosphérique","hPa","intensite","IC","moyen","complet"
1017.33394630872,37.3234086834665,32.14166338111,43.3405334140785,"Pression atmosphérique","hPa","intensite","IC","moyen","complet"
1017.5437360179,37.1947141444155,32.0553624708269,43.1580445095213,"Pression atmosphérique","hPa","intensite","IC","moyen","complet"
1017.75352572707,37.0645176186366,31.9674808039651,42.9742485723749,"Pression atmosphérique","hPa","intensite","IC","moyen","complet"
1017.96331543624,36.9328266188209,31.8779972223174,42.7891900655837,"Pression atmosphérique","hPa","intensite","IC","moyen","complet"
1018.17310514541,36.7996489884052,31.7868877420454,42.6029178024426,"Pression atmosphérique","hPa","intensite","IC","moyen","complet"
1018.38289485459,36.6649929014909,31.6941254861129,42.4154850101608,"Pression atmosphérique","hPa","intensite","IC","moyen","complet"
1018.59268456376,36.5288668626517,31.599680621648,42.2269493874316,"Pression atmosphérique","hPa","intensite","IC","moyen","complet"
1018.80247427293,36.3912797066274,31.5035203034905,42.0373731547473,"Pression atmosphérique","hPa","intensite","IC","moyen","complet"
1019.0122639821,36.2522405979039,31.4056086253706,41.846823096007,"Pression atmosphérique","hPa","intensite","IC","moyen","complet"
1019.22205369128,36.111759030179,31.3059065803683,41.6553705897622,"Pression atmosphérique","hPa","intensite","IC","moyen","complet"
1019.43184340045,35.9698448257105,31.2043720325171,41.4630916282319,"Pression atmosphérique","hPa","intensite","IC","moyen","complet"
1019.64163310962,35.826508134549,31.1009597016374,41.2700668220002,"Pression atmosphérique","hPa","intensite","IC","moyen","complet"
1019.85142281879,35.6817594336528,30.9956211637078,41.0763813880853,"Pression atmosphérique","hPa","intensite","IC","moyen","complet"
1020.06121252796,35.5356095258833,30.8883048693053,40.8821251188475,"Pression atmosphérique","hPa","intensite","IC","moyen","complet"
1020.27100223714,35.3880695388828,30.7789561828515,40.6873923290008,"Pression atmosphérique","hPa","intensite","IC","moyen","complet"
1020.48079194631,35.2391509238316,30.6675174455967,40.4922817777962,"Pression atmosphérique","hPa","intensite","IC","moyen","complet"
1020.69058165548,35.0888654540853,30.5539280654285,40.2968965632941,"Pression atmosphérique","hPa","intensite","IC","moyen","complet"
1020.90037136465,34.9372252236904,30.4381246367069,40.101343985525,"Pression atmosphérique","hPa","intensite","IC","moyen","complet"
1021.11016107383,34.7842426457801,30.3200410933855,39.9057353752882,"Pression atmosphérique","hPa","intensite","IC","moyen","complet"
1021.319950783,34.6299304508465,30.1996088986503,39.7101858853564,"Pression atmosphérique","hPa","intensite","IC","moyen","complet"
1021.52974049217,34.4743016848921,30.0767572742012,39.5148142409751,"Pression atmosphérique","hPa","intensite","IC","moyen","complet"
1021.73953020134,34.3174893962922,29.9515183612305,39.3198790211931,"Pression atmosphérique","hPa","intensite","IC","moyen","complet"
1021.94931991051,34.1604404800642,29.8246434126225,39.1265597931049,"Pression atmosphérique","hPa","intensite","IC","moyen","complet"
1022.15910961969,34.0044250109141,29.6971922565808,38.9363718405617,"Pression atmosphérique","hPa","intensite","IC","moyen","complet"
1022.36889932886,33.850691118261,29.5702354327892,38.7507665195424,"Pression atmosphérique","hPa","intensite","IC","moyen","complet"
1022.57868903803,33.7004644250388,29.4448535583567,38.5711309520498,"Pression atmosphérique","hPa","intensite","IC","moyen","complet"
1022.7884787472,33.5549491084127,29.3221374920634,38.3987903328304,"Pression atmosphérique","hPa","intensite","IC","moyen","complet"
1022.99826845638,33.415329396645,29.2031883066239,38.2350114296602,"Pression atmosphérique","hPa","intensite","IC","moyen","complet"
1023.20805816555,33.2827714896591,29.0891171116383,38.0810071952876,"Pression atmosphérique","hPa","intensite","IC","moyen","complet"
1023.41784787472,33.1584258925837,28.9810447805578,37.9379424033589,"Pression atmosphérique","hPa","intensite","IC","moyen","complet"
1023.62763758389,33.0434301537145,28.8801016425585,37.8069402191578,"Pression atmosphérique","hPa","intensite","IC","moyen","complet"
1023.83742729307,32.9389120008835,28.7874272039479,37.689089619414,"Pression atmosphérique","hPa","intensite","IC","moyen","complet"
1024.04721700224,32.8459928731829,28.7041699632288,37.5854535841742,"Pression atmosphérique","hPa","intensite","IC","moyen","complet"
1024.25700671141,32.7657918483332,28.6314873790679,37.4970779978824,"Pression atmosphérique","hPa","intensite","IC","moyen","complet"
1024.46679642058,32.6994299697362,28.570546041343,37.4250012162324,"Pression atmosphérique","hPa","intensite","IC","moyen","complet"
1024.67658612975,32.6480349814137,28.5225220825407,37.370264279682,"Pression atmosphérique","hPa","intensite","IC","moyen","complet"
1024.88637583893,32.6127464836196,28.4886018505803,37.3339217832896,"Pression atmosphérique","hPa","intensite","IC","moyen","complet"
1025.0961655481,32.5947215269748,28.4699828452316,37.3170534452561,"Pression atmosphérique","hPa","intensite","IC","moyen","complet"
1025.30595525727,32.5951406685159,28.4678748992356,37.320776452789,"Pression atmosphérique","hPa","intensite","IC","moyen","complet"
1025.51574496644,32.6152145191584,28.483501562536,37.346258703314,"Pression atmosphérique","hPa","intensite","IC","moyen","complet"
1025.72553467562,32.6561908187794,28.5181016240903,37.3947331014376,"Pression atmosphérique","hPa","intensite","IC","moyen","complet"
1025.93532438479,32.7193607891648,28.5729294392241,37.4675117834402,"Pression atmosphérique","hPa","intensite","IC","moyen","complet"
1026.14511409396,32.8056406110358,28.6488467629961,37.5655629283659,"Pression atmosphérique","hPa","intensite","IC","moyen","complet"
1026.35490380313,32.9149549105509,28.7457257701673,37.6888816593372,"Pression atmosphérique","hPa","intensite","IC","moyen","complet"
1026.5646935123,33.0471163983952,28.8632928470031,37.8373981110918,"Pression atmosphérique","hPa","intensite","IC","moyen","complet"
1026.77448322148,33.2019792821232,29.0012765296598,38.0111346865417,"Pression atmosphérique","hPa","intensite","IC","moyen","complet"
1026.98427293065,33.379437313702,29.1594059461631,38.2102035081399,"Pression atmosphérique","hPa","intensite","IC","moyen","complet"
1027.19406263982,33.5794219769661,29.3374090819372,38.4348044218191,"Pression atmosphérique","hPa","intensite","IC","moyen","complet"
1027.40385234899,33.8019008011032,29.5350109475039,38.6852234386656,"Pression atmosphérique","hPa","intensite","IC","moyen","complet"
1027.61364205817,34.0468757872543,29.7519317330724,38.9618314962776,"Pression atmosphérique","hPa","intensite","IC","moyen","complet"
1027.82343176734,34.3143819361977,29.9878850406375,39.2650834184409,"Pression atmosphérique","hPa","intensite","IC","moyen","complet"
1028.03322147651,34.6044858658473,30.2425762891769,39.5955169490032,"Pression atmosphérique","hPa","intensite","IC","moyen","complet"
1028.24301118568,34.9172845079991,30.5157013916863,39.9537517346632,"Pression atmosphérique","hPa","intensite","IC","moyen","complet"
1028.45280089485,35.2529038743681,30.8069458029236,40.3404881329553,"Pression atmosphérique","hPa","intensite","IC","moyen","complet"
1028.66259060403,35.6114978825009,31.1159840325802,40.75650572733,"Pression atmosphérique","hPa","intensite","IC","moyen","complet"
1028.8723803132,35.9932472326427,31.4424797089227,41.2026614422049,"Pression atmosphérique","hPa","intensite","IC","moyen","complet"
1029.08217002237,36.3983583270445,31.7860862616484,41.6798871681921,"Pression atmosphérique","hPa","intensite","IC","moyen","complet"
1029.29195973154,36.8270622235923,32.1464482692646,42.1891868320967,"Pression atmosphérique","hPa","intensite","IC","moyen","complet"
1029.50174944072,37.2796136159552,32.5232034857465,42.7316328775542,"Pression atmosphérique","hPa","intensite","IC","moyen","complet"
1029.71153914989,37.7562898327373,32.9159855246336,43.3083621593775,"Pression atmosphérique","hPa","intensite","IC","moyen","complet"
1029.92132885906,38.2573898483851,33.3244271381117,43.9205712958058,"Pression atmosphérique","hPa","intensite","IC","moyen","complet"
1030.13111856823,38.7832332987984,33.7481639870167,44.5695115647679,"Pression atmosphérique","hPa","intensite","IC","moyen","complet"
1030.34090827741,39.3341594948105,34.1868387589574,45.2564834693238,"Pression atmosphérique","hPa","intensite","IC","moyen","complet"
1030.55069798658,39.9105264268405,34.6401054599628,45.9828311293268,"Pression atmosphérique","hPa","intensite","IC","moyen","complet"
1030.76048769575,40.5127097541939,35.1076336841935,46.7499366773474,"Pression atmosphérique","hPa","intensite","IC","moyen","complet"
1030.97027740492,41.1411017725961,35.5891126592359,47.5592148438649,"Pression atmosphérique","hPa","intensite","IC","moyen","complet"
1031.18006711409,41.7961103536546,36.0842548728633,48.4121079082781,"Pression atmosphérique","hPa","intensite","IC","moyen","complet"
1031.38985682327,42.4781578500672,36.592799110602,49.3100811687411,"Pression atmosphérique","hPa","intensite","IC","moyen","complet"
1031.59964653244,43.187679960453,37.1145127696718,50.2546190473136,"Pression atmosphérique","hPa","intensite","IC","moyen","complet"
1031.80943624161,43.9251245478016,37.6491933602159,51.2472219014048,"Pression atmosphérique","hPa","intensite","IC","moyen","complet"
1032.01922595078,44.6909504056015,38.1966691542936,52.2894035625989,"Pression atmosphérique","hPa","intensite","IC","moyen","complet"
1032.22901565996,45.4856259657862,38.756798991939,53.382689574795,"Pression atmosphérique","hPa","intensite","IC","moyen","complet"
1032.43880536913,46.3096279427582,39.3294712971949,54.5286160597243,"Pression atmosphérique","hPa","intensite","IC","moyen","complet"
1032.6485950783,47.1634399077937,39.9146023919235,55.7287291025641,"Pression atmosphérique","hPa","intensite","IC","moyen","complet"
1032.85838478747,48.0475507882939,40.5121342195409,56.9845845257927,"Pression atmosphérique","hPa","intensite","IC","moyen","complet"
1033.06817449664,48.9624532864057,41.1220316039584,58.2977479058379,"Pression atmosphérique","hPa","intensite","IC","moyen","complet"
1033.27796420582,49.908642211718,41.7442791718758,59.6697946839969,"Pression atmosphérique","hPa","intensite","IC","moyen","complet"
1033.48775391499,50.8866127228607,42.3788780607323,61.1023102285891,"Pression atmosphérique","hPa","intensite","IC","moyen","complet"
1033.69754362416,51.8968584730033,43.0258425223674,62.5968897173091,"Pression atmosphérique","hPa","intensite","IC","moyen","complet"
1033.90733333333,52.9398696544825,43.6851965161245,64.1551377249528,"Pression atmosphérique","hPa","intensite","IC","moyen","complet"
11.619,0.998130142538025,0.993421925356837,0.9994702786354,"Température","°C","presence","IC","rafale_max","complet"
11.7717024608501,0.99810164622097,0.993396940021852,0.999456066205132,"Température","°C","presence","IC","rafale_max","complet"
11.9244049217002,0.998073103601738,0.993371236277954,0.999441750228026,"Température","°C","presence","IC","rafale_max","complet"
12.0771073825503,0.998044535934065,0.993344842161624,0.999427345410304,"Température","°C","presence","IC","rafale_max","complet"
12.2298098434004,0.998015965260649,0.993317788921903,0.999412866951832,"Température","°C","presence","IC","rafale_max","complet"
12.3825123042506,0.997987414406628,0.993290111155088,0.999398330501059,"Température","°C","presence","IC","rafale_max","complet"
12.5352147651007,0.997958906970931,0.993261846932546,0.999383752107114,"Température","°C","presence","IC","rafale_max","complet"
12.6879172259508,0.997930467315424,0.993233037920126,0.999369148169448,"Température","°C","presence","IC","rafale_max","complet"
12.8406196868009,0.99790212055177,0.993203729487569,0.999354535385455,"Température","°C","presence","IC","rafale_max","complet"
12.993322147651,0.997873892525941,0.993173970806273,0.999339930696518,"Température","°C","presence","IC","rafale_max","complet"
13.1460246085011,0.997845809800294,0.993143814933761,0.999325351232992,"Température","°C","presence","IC","rafale_max","complet"
13.2987270693512,0.997817899633161,0.993113318883146,0.999310814258606,"Température","°C","presence","IC","rafale_max","complet"
13.4514295302013,0.997790189955886,0.993082543675907,0.999296337114822,"Température","°C","presence","IC","rafale_max","complet"
13.6041319910515,0.997762709347259,0.993051554376313,0.999281937165659,"Température","°C","presence","IC","rafale_max","complet"
13.7568344519016,0.997735487005299,0.993020420105838,0.99926763174352,"Température","°C","presence","IC","rafale_max","complet"
13.9095369127517,0.997708552716347,0.992989214035998,0.999253438096514,"Température","°C","presence","IC","rafale_max","complet"
14.0622393736018,0.997681936821433,0.992958013358084,0.999239373337768,"Température","°C","presence","IC","rafale_max","complet"
14.2149418344519,0.997655670179904,0.992926899228383,0.999225454397196,"Température","°C","presence","IC","rafale_max","complet"
14.367644295302,0.997629784130282,0.992895956687558,0.999211697976152,"Température","°C","presence","IC","rafale_max","complet"
14.5203467561521,0.997604310448365,0.992865274553035,0.999198120505356,"Température","°C","presence","IC","rafale_max","complet"
14.6730492170022,0.997579281302555,0.992834945283331,0.999184738106444,"Température","°C","presence","IC","rafale_max","complet"
14.8257516778524,0.997554729206448,0.992805064813486,0.999171566557434,"Température","°C","presence","IC","rafale_max","complet"
14.9784541387025,0.997530686968697,0.99277573236089,0.999158621262368,"Température","°C","presence","IC","rafale_max","complet"
15.1311565995526,0.997507187640188,0.992747050201024,0.999145917225304,"Température","°C","presence","IC","rafale_max","complet"
15.2838590604027,0.99748426445858,0.992719123412833,0.999133469028824,"Température","°C","presence","IC","rafale_max","complet"
15.4365615212528,0.997461950790274,0.992692059593657,0.999121290817117,"Température","°C","presence","IC","rafale_max","complet"
15.5892639821029,0.997440280069869,0.992665968543911,0.999109396283689,"Température","°C","presence","IC","rafale_max","complet"
15.741966442953,0.997419285737206,0.992640961921893,0.999097798663668,"Température","°C","presence","IC","rafale_max","complet"
15.8946689038031,0.997399001172091,0.992617152869402,0.999086510730653,"Température","°C","presence","IC","rafale_max","complet"
16.0473713646533,0.997379459626815,0.992594655609053,0.999075544797967,"Température","°C","presence","IC","rafale_max","complet"
16.2000738255034,0.997360694156583,0.992573585014452,0.999064912724196,"Température","°C","presence","IC","rafale_max","complet"
16.3527762863535,0.99734273754801,0.992554056154653,0.999054625922789,"Température","°C","presence","IC","rafale_max","complet"
16.5054787472036,0.99732562224582,0.992536183814555,0.999044695375515,"Température","°C","presence","IC","rafale_max","complet"
16.6581812080537,0.99730938027792,0.992520081993167,0.999035131649523,"Température","°C","presence","IC","rafale_max","complet"
16.8108836689038,0.997294043179031,0.992505863381917,0.999025944917721,"Température","°C","presence","IC","rafale_max","complet"
16.9635861297539,0.99727964191306,0.992493638825398,0.999017144982185,"Température","°C","presence","IC","rafale_max","complet"
17.116288590604,0.997266206794428,0.992483516767217,0.999008741300288,"Température","°C","presence","IC","rafale_max","complet"
17.2689910514542,0.997253767408558,0.992475602683796,0.999000743013217,"Température","°C","presence","IC","rafale_max","complet"
17.4216935123043,0.99724235253177,0.992469998509222,0.998993158976557,"Température","°C","presence","IC","rafale_max","complet"
17.5743959731544,0.997231990050804,0.992466802054409,0.998985997792593,"Température","°C","presence","IC","rafale_max","complet"
17.7270984340045,0.997222706882241,0.99246610642404,0.998979267843988,"Température","°C","presence","IC","rafale_max","complet"
17.8798008948546,0.997214528892069,0.99246799943491,0.998972977328496,"Température","°C","presence","IC","rafale_max","complet"
18.0325033557047,0.997207480815682,0.992472563039433,0.998967134294344,"Température","°C","presence","IC","rafale_max","complet"
18.1852058165548,0.997201586178573,0.992479872758213,0.998961746675941,"Température","°C","presence","IC","rafale_max","complet"
18.3379082774049,0.997196867218025,0.992489997125667,0.998956822329543,"Température","°C","presence","IC","rafale_max","complet"
18.4906107382551,0.997193344806086,0.992502997152771,0.998952369068514,"Température","°C","presence","IC","rafale_max","complet"
18.6433131991052,0.997191038374133,0.992518925811042,0.998948394697812,"Température","°C","presence","IC","rafale_max","complet"
18.7960156599553,0.997189965839326,0.992537827541909,0.998944907047296,"Température","°C","presence","IC","rafale_max","complet"
18.9487181208054,0.997190143533259,0.992559737795606,0.998941914003473,"Température","°C","presence","IC","rafale_max","complet"
19.1014205816555,0.997191586133122,0.992584682603682,0.998939423539253,"Température","°C","presence","IC","rafale_max","complet"
19.2541230425056,0.997194306595681,0.992612678189186,0.998937443741269,"Température","°C","presence","IC","rafale_max","complet"
19.4068255033557,0.997198316094383,0.992643730618451,0.998935982834295,"Température","°C","presence","IC","rafale_max","complet"
19.5595279642058,0.997203623959893,0.992677835498313,0.998935049202248,"Température","°C","presence","IC","rafale_max","complet"
19.7122304250559,0.997210237624374,0.992714977722411,0.998934651405247,"Température","°C","presence","IC","rafale_max","complet"
19.8649328859061,0.997218162569785,0.992755131270061,0.998934798192124,"Température","°C","presence","IC","rafale_max","complet"
20.0176353467562,0.997227397619171,0.992798244386738,0.998935497104747,"Température","°C","presence","IC","rafale_max","complet"
20.1703378076063,0.99723790184076,0.992844137182482,0.998936744294411,"Température","°C","presence","IC","rafale_max","complet"
20.3230402684564,0.997249614644803,0.992892570055874,0.998938529870931,"Température","°C","presence","IC","rafale_max","complet"
20.4757427293065,0.997262474477716,0.992943304851164,0.998940843185843,"Température","°C","presence","IC","rafale_max","complet"
20.6284451901566,0.997276419176235,0.992996107106136,0.998943672745157,"Température","°C","presence","IC","rafale_max","complet"
20.7811476510067,0.997291386187703,0.993050747714311,0.998947006099842,"Température","°C","presence","IC","rafale_max","complet"
20.9338501118568,0.997307312779736,0.993107004390276,0.998950829752543,"Température","°C","presence","IC","rafale_max","complet"
21.086552572707,0.99732413623874,0.993164662936004,0.99895512908204,"Température","°C","presence","IC","rafale_max","complet"
21.2392550335571,0.997341794056853,0.993223518308497,0.998959888286676,"Température","°C","presence","IC","rafale_max","complet"
21.3919574944072,0.997360224106982,0.99328337549123,0.998965090347742,"Température","°C","presence","IC","rafale_max","complet"
21.5446599552573,0.997379364805719,0.993344050173904,0.998970717013521,"Température","°C","presence","IC","rafale_max","complet"
21.6973624161074,0.997399155263976,0.993405369246713,0.998976748804338,"Température","°C","presence","IC","rafale_max","complet"
21.8500648769575,0.997419535425296,0.993467171116825,0.998983165038676,"Température","°C","presence","IC","rafale_max","complet"
22.0027673378076,0.997440446191855,0.993529305856081,0.998989943880023,"Température","°C","presence","IC","rafale_max","complet"
22.1554697986577,0.997461829538252,0.993591635189902,0.998997062403812,"Température","°C","presence","IC","rafale_max","complet"
22.3081722595079,0.997483628613243,0.993654032338243,0.999004496683449,"Température","°C","presence","IC","rafale_max","complet"
22.460874720358,0.997505787829627,0.993716381719991,0.999012221894131,"Température","°C","presence","IC","rafale_max","complet"
22.6135771812081,0.997528252942574,0.993778578532628,0.999020212432863,"Température","°C","presence","IC","rafale_max","complet"
22.7662796420582,0.997550971116684,0.993840528219095,0.999028442052848,"Température","°C","presence","IC","rafale_max","complet"
22.9189821029083,0.997573890982147,0.993902145833848,0.999036884010244,"Température","°C","presence","IC","rafale_max","complet"
23.0716845637584,0.997596962680394,0.993963355319842,0.99904551122114,"Température","°C","presence","IC","rafale_max","complet"
23.2243870246085,0.997620137899642,0.99402408870786,0.999054296426549,"Température","°C","presence","IC","rafale_max","complet"
23.3770894854586,0.997643369900784,0.994084285249066,0.999063212363206,"Température","°C","presence","IC","rafale_max","complet"
23.5297919463088,0.997666613534072,0.994143890491017,0.999072231938035,"Température","°C","presence","IC","rafale_max","complet"
23.6824944071589,0.99768982524706,0.994202855306604,0.999081328404245,"Température","°C","presence","IC","rafale_max","complet"
23.835196868009,0.997712963160271,0.994261135046221,0.999090475572004,"Température","°C","presence","IC","rafale_max","complet"
23.9878993288591,0.997735998123031,0.994318711683028,0.999099653102333,"Température","°C","presence","IC","rafale_max","complet"
24.1406017897092,0.997758924711952,0.994375613924009,0.999108852077985,"Température","°C","presence","IC","rafale_max","complet"
24.2933042505593,0.99778174043612,0.994431871239498,0.999118065771261,"Température","°C","presence","IC","rafale_max","complet"
24.4460067114094,0.997804442880822,0.994487508028299,0.999127288304029,"Température","°C","presence","IC","rafale_max","complet"
24.5987091722595,0.99782702970697,0.994542543951473,0.999136514597939,"Température","°C","presence","IC","rafale_max","complet"
24.7514116331097,0.997849498650512,0.994596994255887,0.999145740324723,"Température","°C","presence","IC","rafale_max","complet"
24.9041140939598,0.997871847521812,0.994650870087459,0.999154961856845,"Température","°C","presence","IC","rafale_max","complet"
25.0568165548099,0.997894074205008,0.994704178794063,0.999164176218727,"Température","°C","presence","IC","rafale_max","complet"
25.20951901566,0.997916176657344,0.994756924218116,0.999173381038727,"Température","°C","presence","IC","rafale_max","complet"
25.3622214765101,0.997938152908484,0.994809106978835,0.999182574501996,"Température","°C","presence","IC","rafale_max","complet"
25.5149239373602,0.997960001059799,0.994860724744222,0.99919175530432,"Température","°C","presence","IC","rafale_max","complet"
25.6676263982103,0.997981719283641,0.994911772492843,0.999200922607014,"Température","°C","presence","IC","rafale_max","complet"
25.8203288590604,0.998003305822592,0.994962242765457,0.99921007599292,"Température","°C","presence","IC","rafale_max","complet"
25.9730313199105,0.998024758988697,0.995012125906596,0.999219215423522,"Température","°C","presence","IC","rafale_max","complet"
26.1257337807607,0.99804607716268,0.995061410296202,0.999228341197211,"Température","°C","presence","IC","rafale_max","complet"
26.2784362416108,0.998067258793138,0.995110082571427,0.999237453908683,"Température","°C","presence","IC","rafale_max","complet"
26.4311387024609,0.99808830239573,0.995158127838707,0.999246554409476,"Température","°C","presence","IC","rafale_max","complet"
26.583841163311,0.998109206552341,0.995205529876265,0.999255643769636,"Température","°C","presence","IC","rafale_max","complet"
26.7365436241611,0.998129969910238,0.995252271327134,0.999264723240496,"Température","°C","presence","IC","rafale_max","complet"
26.8892460850112,0.998150591181211,0.995298333882874,0.99927379421857,"Température","°C","presence","IC","rafale_max","complet"
27.0419485458613,0.998171069140702,0.995343698458091,0.999282858210554,"Température","°C","presence","IC","rafale_max","complet"
27.1946510067114,0.998191402626919,0.995388345355901,0.999291916799435,"Température","°C","presence","IC","rafale_max","complet"
27.3473534675616,0.998211590539951,0.995432254424487,0.999300971611728,"Température","°C","presence","IC","rafale_max","complet"
27.5000559284117,0.998231631840858,0.99547540520486,0.999310024285848,"Température","°C","presence","IC","rafale_max","complet"
27.6527583892618,0.998251525550765,0.995517777069976,0.999319076441662,"Température","°C","presence","IC","rafale_max","complet"
27.8054608501119,0.998271270749936,0.995559349355325,0.999328129651252,"Température","°C","presence","IC","rafale_max","complet"
27.958163310962,0.998290866576856,0.995600101481126,0.999337185410937,"Température","°C","presence","IC","rafale_max","complet"
28.1108657718121,0.998310312227288,0.995640013066237,0.99934624511463,"Température","°C","presence","IC","rafale_max","complet"
28.2635682326622,0.998329606953341,0.99567906403392,0.999355310028584,"Température","°C","presence","IC","rafale_max","complet"
28.4162706935123,0.998348750062521,0.995717234709561,0.999364381267622,"Température","°C","presence","IC","rafale_max","complet"
28.5689731543625,0.998367740916783,0.995754505910467,0.999373459772927,"Température","°C","presence","IC","rafale_max","complet"
28.7216756152126,0.998386578931581,0.995790859027862,0.999382546291493,"Température","°C","presence","IC","rafale_max","complet"
28.8743780760627,0.998405263574906,0.995826276101194,0.99939164135733,"Température","°C","presence","IC","rafale_max","complet"
29.0270805369128,0.998423794366333,0.995860739884875,0.999400745274522,"Température","°C","presence","IC","rafale_max","complet"
29.1797829977629,0.99844217087606,0.995894233907577,0.999409858102244,"Température","°C","presence","IC","rafale_max","complet"
29.332485458613,0.998460392723943,0.995926742524227,0.999418979641817,"Température","°C","presence","IC","rafale_max","complet"
29.4851879194631,0.998478459578536,0.995958250960827,0.999428109425907,"Température","°C","presence","IC","rafale_max","complet"
29.6378903803132,0.998496371156133,0.99598874535226,0.999437246709935,"Température","°C","presence","IC","rafale_max","complet"
29.7905928411634,0.998514127219798,0.996018212773247,0.999446390465772,"Température","°C","presence","IC","rafale_max","complet"
29.9432953020135,0.998531727578413,0.996046641262634,0.999455539377771,"Température","°C","presence","IC","rafale_max","complet"
30.0959977628636,0.998549172085713,0.996074019841206,0.99946469184117,"Température","°C","presence","IC","rafale_max","complet"
30.2487002237137,0.998566460639333,0.99610033852324,0.99947384596289,"Température","°C","presence","IC","rafale_max","complet"
30.4014026845638,0.998583593179854,0.996125588322038,0.999482999564714,"Température","°C","presence","IC","rafale_max","complet"
30.5541051454139,0.998600569689849,0.996149761249694,0.999492150188835,"Température","°C","presence","IC","rafale_max","complet"
30.706807606264,0.99861739019294,0.996172850311367,0.999501295105702,"Température","°C","presence","IC","rafale_max","complet"
30.8595100671141,0.998634054752852,0.996194849494367,0.999510431324119,"Température","°C","presence","IC","rafale_max","complet"
31.0122125279643,0.998650563472477,0.996215753752354,0.999519555603468,"Température","°C","presence","IC","rafale_max","complet"
31.1649149888144,0.998666916492939,0.996235558985017,0.999528664467962,"Température","°C","presence","IC","rafale_max","complet"
31.3176174496645,0.998683113992665,0.996254262013551,0.999537754222764,"Température","°C","presence","IC","rafale_max","complet"
31.4703199105146,0.998699156186464,0.996271860552332,0.999546820971819,"Température","°C","presence","IC","rafale_max","complet"
31.6230223713647,0.998715043324611,0.996288353177163,0.999555860637213,"Température","°C","presence","IC","rafale_max","complet"
31.7757248322148,0.998730775691936,0.996303739290476,0.99956486897986,"Température","°C","presence","IC","rafale_max","complet"
31.9284272930649,0.998746353606924,0.996318019083908,0.999573841621307,"Température","°C","presence","IC","rafale_max","complet"
32.081129753915,0.998761777420814,0.996331193498641,0.99958277406643,"Température","°C","presence","IC","rafale_max","complet"
32.2338322147651,0.998777047516717,0.99634326418391,0.9995916617268,"Température","°C","presence","IC","rafale_max","complet"
32.3865346756153,0.998792164308731,0.996354233454095,0.999600499944484,"Température","°C","presence","IC","rafale_max","complet"
32.5392371364654,0.998807128241071,0.996364104244767,0.999609284016051,"Température","°C","presence","IC","rafale_max","complet"
32.6919395973155,0.998821939787205,0.996372880068085,0.999618009216556,"Température","°C","presence","IC","rafale_max","complet"
32.8446420581656,0.998836599448998,0.996380564967902,0.999626670823286,"Température","°C","presence","IC","rafale_max","complet"
32.9973445190157,0.998851107755867,0.996387163474945,0.999635264139054,"Température","°C","presence","IC","rafale_max","complet"
33.1500469798658,0.998865465263942,0.996392680562368,0.999643784514849,"Température","°C","presence","IC","rafale_max","complet"
33.3027494407159,0.998879672555239,0.996397121602025,0.999652227371662,"Température","°C","presence","IC","rafale_max","complet"
33.4554519015661,0.998893730236844,0.996400492321705,0.999660588221313,"Température","°C","presence","IC","rafale_max","complet"
33.6081543624162,0.998907638940099,0.996402798763621,0.999668862686156,"Température","°C","presence","IC","rafale_max","complet"
33.7608568232663,0.998921399319809,0.996404047244356,0.999677046517515,"Température","°C","presence","IC","rafale_max","complet"
33.9135592841164,0.998935012053452,0.996404244316487,0.999685135612754,"Température","°C","presence","IC","rafale_max","complet"
34.0662617449665,0.998948477840397,0.996403396732049,0.999693126030905,"Température","°C","presence","IC","rafale_max","complet"
34.2189642058166,0.998961797401142,0.996401511407998,0.999701014006773,"Température","°C","presence","IC","rafale_max","complet"
34.3716666666667,0.998974971476554,0.996398595393788,0.999708795963491,"Température","°C","presence","IC","rafale_max","complet"
26.3333333333333,0.99388003784836,0.97885642883839,0.99824769979904,"Humidité relative","%","presence","IC","rafale_max","complet"
26.82774049217,0.99400068758096,0.979564731050758,0.998256890432164,"Humidité relative","%","presence","IC","rafale_max","complet"
27.3221476510067,0.994118251209978,0.980240667386039,0.998266420525757,"Humidité relative","%","presence","IC","rafale_max","complet"
27.8165548098434,0.994232793109072,0.980885663511756,0.998276287579373,"Humidité relative","%","presence","IC","rafale_max","complet"
28.3109619686801,0.994344376724132,0.981501087931999,0.998286488227549,"Humidité relative","%","presence","IC","rafale_max","complet"
28.8053691275168,0.994453064548557,0.982088253710806,0.998297018206724,"Humidité relative","%","presence","IC","rafale_max","complet"
29.2997762863535,0.994558918101024,0.982648420211935,0.998307872325479,"Humidité relative","%","presence","IC","rafale_max","complet"
29.7941834451902,0.994661997905609,0.983182794845297,0.998319044438622,"Humidité relative","%","presence","IC","rafale_max","complet"
30.2885906040268,0.994762363474155,0.983692534811286,0.998330527425717,"Humidité relative","%","presence","IC","rafale_max","complet"
30.7829977628635,0.994860073290754,0.984178748835123,0.998342313174594,"Humidité relative","%","presence","IC","rafale_max","complet"
31.2774049217002,0.99495518479824,0.984642498884248,0.9983543925704,"Humidité relative","%","presence","IC","rafale_max","complet"
31.7718120805369,0.995047754386571,0.985084801862534,0.998366755490674,"Humidité relative","%","presence","IC","rafale_max","complet"
32.2662192393736,0.995137837382998,0.985506631275922,0.998379390806911,"Humidité relative","%","presence","IC","rafale_max","complet"
32.7606263982103,0.995225488043901,0.985908918864759,0.998392286393008,"Humidité relative","%","presence","IC","rafale_max","complet"
33.255033557047,0.99531075954821,0.986292556198819,0.998405429140906,"Humidité relative","%","presence","IC","rafale_max","complet"
33.7494407158837,0.995393703992285,0.986658396231627,0.998418804983654,"Humidité relative","%","presence","IC","rafale_max","complet"
34.2438478747204,0.995474372386169,0.987007254811303,0.998432398926028,"Humidité relative","%","presence","IC","rafale_max","complet"
34.738255033557,0.995552814651123,0.987339912145719,0.998446195082724,"Humidité relative","%","presence","IC","rafale_max","complet"
35.2326621923937,0.995629079618336,0.987657114220293,0.998460176724014,"Humidité relative","%","presence","IC","rafale_max","complet"
35.7270693512304,0.99570321502874,0.987959574167234,0.998474326328649,"Humidité relative","%","presence","IC","rafale_max","complet"
36.2214765100671,0.995775267533816,0.988247973585528,0.998488625643665,"Humidité relative","%","presence","IC","rafale_max","complet"
36.7158836689038,0.995845282697339,0.988522963811363,0.998503055750604,"Humidité relative","%","presence","IC","rafale_max","complet"
37.2102908277405,0.995913304997953,0.988785167139077,0.998517597137574,"Humidité relative","%","presence","IC","rafale_max","complet"
37.7046979865772,0.995979377832511,0.989035177993094,0.998532229776433,"Humidité relative","%","presence","IC","rafale_max","complet"
38.1991051454139,0.996043543520103,0.989273564051561,0.998546933204304,"Humidité relative","%","presence","IC","rafale_max","complet"
38.6935123042506,0.996105843306693,0.989500867322729,0.998561686608533,"Humidité relative","%","presence","IC","rafale_max","complet"
39.1879194630872,0.996166317370301,0.989717605175304,0.998576468914134,"Humidité relative","%","presence","IC","rafale_max","complet"
39.6823266219239,0.996225004826652,0.989924271324196,0.998591258872735,"Humidité relative","%","presence","IC","rafale_max","complet"
40.1767337807606,0.996281943735235,0.990121336773234,0.998606035151983,"Humidité relative","%","presence","IC","rafale_max","complet"
40.6711409395973,0.996337171105704,0.990309250716526,0.9986207764244,"Humidité relative","%","presence","IC","rafale_max","complet"
41.165548098434,0.996390722904549,0.990488441400187,0.998635461454668,"Humidité relative","%","presence","IC","rafale_max","complet"
41.6599552572707,0.996442634061998,0.990659316946207,0.998650069184383,"Humidité relative","%","presence","IC","rafale_max","complet"
42.1543624161074,0.996492938479065,0.990822266140229,0.998664578813359,"Humidité relative","%","presence","IC","rafale_max","complet"
42.6487695749441,0.996541669034714,0.990977659184944,0.998678969876662,"Humidité relative","%","presence","IC","rafale_max","complet"
43.1431767337808,0.996588857593061,0.991125848420777,0.998693222316625,"Humidité relative","%","presence","IC","rafale_max","complet"
43.6375838926174,0.996634535010574,0.991267169015447,0.998707316549208,"Humidité relative","%","presence","IC","rafale_max","complet"
44.1319910514541,0.996678731143214,0.991401939623875,0.998721233524195,"Humidité relative","%","presence","IC","rafale_max","complet"
44.6263982102908,0.996721474853465,0.991530463019803,0.998734954778799,"Humidité relative","%","presence","IC","rafale_max","complet"
45.1208053691275,0.99676279401721,0.991653026700367,0.998748462484425,"Humidité relative","%","presence","IC","rafale_max","complet"
45.6152125279642,0.996802715530389,0.991769903464731,0.998761739486397,"Humidité relative","%","presence","IC","rafale_max","complet"
46.1096196868009,0.996841265315414,0.991881351967758,0.998774769336625,"Humidité relative","%","presence","IC","rafale_max","complet"
46.6040268456376,0.996878468327266,0.991987617249552,0.998787536319276,"Humidité relative","%","presence","IC","rafale_max","complet"
47.0984340044743,0.996914348559253,0.992088931241597,0.998800025469595,"Humidité relative","%","presence","IC","rafale_max","complet"
47.592841163311,0.996948929048368,0.992185513250085,0.998812222586163,"Humidité relative","%","presence","IC","rafale_max","complet"
48.0872483221477,0.996982231880201,0.992277570416886,0.998824114236906,"Humidité relative","%","presence","IC","rafale_max","complet"
48.5816554809843,0.997014278193367,0.992365298158557,0.998835687759277,"Humidité relative","%","presence","IC","rafale_max","complet"
49.076062639821,0.997045088183397,0.992448880583621,0.998846931255072,"Humidité relative","%","presence","IC","rafale_max","complet"
49.5704697986577,0.997074681106051,0.992528490888322,0.998857833580389,"Humidité relative","%","presence","IC","rafale_max","complet"
50.0648769574944,0.997103075280003,0.99260429173092,0.998868384331267,"Humidité relative","%","presence","IC","rafale_max","complet"
50.5592841163311,0.997130288088852,0.992676435584563,0.998878573825582,"Humidité relative","%","presence","IC","rafale_max","complet"
51.0536912751678,0.99715633598241,0.992745065068655,0.998888393081768,"Humidité relative","%","presence","IC","rafale_max","complet"
51.5480984340045,0.997181234477224,0.992810313258625,0.998897833794949,"Humidité relative","%","presence","IC","rafale_max","complet"
52.0425055928412,0.997204998156273,0.992872303973906,0.998906888311067,"Humidité relative","%","presence","IC","rafale_max","complet"
52.5369127516779,0.997227640667801,0.992931152043882,0.998915549599561,"Humidité relative","%","presence","IC","rafale_max","complet"
53.0313199105145,0.997249174723219,0.992986963551527,0.99892381122517,"Humidité relative","%","presence","IC","rafale_max","complet"
53.5257270693512,0.997269612094033,0.993039836054373,0.99893166731939,"Humidité relative","%","presence","IC","rafale_max","complet"
54.0201342281879,0.997288963607741,0.993089858782404,0.998939112552101,"Humidité relative","%","presence","IC","rafale_max","complet"
54.5145413870246,0.997307239142631,0.993137112812415,0.998946142103861,"Humidité relative","%","presence","IC","rafale_max","complet"
55.0089485458613,0.997324447621429,0.993181671218299,0.998952751639343,"Humidité relative","%","presence","IC","rafale_max","complet"
55.503355704698,0.997340597003732,0.99322359919666,0.998958937282364,"Humidité relative","%","presence","IC","rafale_max","complet"
55.9977628635347,0.997355694277151,0.993262954167076,0.998964695592924,"Humidité relative","%","presence","IC","rafale_max","complet"
56.4921700223714,0.997369745447104,0.993299785846245,0.998970023546683,"Humidité relative","%","presence","IC","rafale_max","complet"
56.9865771812081,0.997382755525179,0.993334136295156,0.998974918517245,"Humidité relative","%","presence","IC","rafale_max","complet"
57.4809843400447,0.99739472851599,0.993366039938326,0.998979378261625,"Humidité relative","%","presence","IC","rafale_max","complet"
57.9753914988814,0.997405667402443,0.993395523554019,0.998983400909257,"Humidité relative","%","presence","IC","rafale_max","complet"
58.4697986577181,0.99741557412933,0.993422606234258,0.998986984954883,"Humidité relative","%","presence","IC","rafale_max","complet"
58.9642058165548,0.997424449585152,0.993447299313268,0.998990129255634,"Humidité relative","%","presence","IC","rafale_max","complet"
59.4586129753915,0.997432299249613,0.99346961609506,0.998992835960889,"Humidité relative","%","presence","IC","rafale_max","complet"
59.9530201342282,0.9974391555572,0.993489611240058,0.998995121982665,"Humidité relative","%","presence","IC","rafale_max","complet"
60.4474272930649,0.997445058229523,0.99350734832502,0.998997008587479,"Humidité relative","%","presence","IC","rafale_max","complet"
60.9418344519016,0.997450045610086,0.993522885817014,0.998998516769369,"Humidité relative","%","presence","IC","rafale_max","complet"
61.4362416107383,0.997454154789504,0.993536278051209,0.998999667200226,"Humidité relative","%","presence","IC","rafale_max","complet"
61.9306487695749,0.997457421726269,0.993547576135083,0.999000480186878,"Humidité relative","%","presence","IC","rafale_max","complet"
62.4250559284116,0.997459881360836,0.993556828781655,0.999000975632678,"Humidité relative","%","presence","IC","rafale_max","complet"
62.9194630872483,0.997461567723463,0.993564083077845,0.999001173002976,"Humidité relative","%","presence","IC","rafale_max","complet"
63.413870246085,0.997462514036221,0.993569385193036,0.999001091294054,"Humidité relative","%","presence","IC","rafale_max","complet"
63.9082774049217,0.997462752809505,0.993572781031966,0.999000749005235,"Humidité relative","%","presence","IC","rafale_max","complet"
64.4026845637584,0.997462315933373,0.993574316835196,0.999000164114093,"Humidité relative","%","presence","IC","rafale_max","complet"
64.8970917225951,0.997461234763988,0.993574039729623,0.998999354054775,"Humidité relative","%","presence","IC","rafale_max","complet"
65.3914988814318,0.997459540205422,0.993571998230783,0.998998335699587,"Humidité relative","%","presence","IC","rafale_max","complet"
65.8859060402685,0.997457262787029,0.993568242698012,0.998997125344082,"Humidité relative","%","presence","IC","rafale_max","complet"
66.3803131991051,0.997454432736577,0.99356282574294,0.998995738695971,"Humidité relative","%","presence","IC","rafale_max","complet"
66.8747203579418,0.997451080049312,0.993555802591242,0.998994190868238,"Humidité relative","%","presence","IC","rafale_max","complet"
67.3691275167785,0.997447234553076,0.993547231397057,0.998992496376874,"Humidité relative","%","presence","IC","rafale_max","complet"
67.8635346756152,0.997442925969612,0.993537173509071,0.998990669143688,"Humidité relative","%","presence","IC","rafale_max","complet"
68.3579418344519,0.997438183972129,0.993525693686811,0.998988722504651,"Humidité relative","%","presence","IC","rafale_max","complet"
68.8523489932886,0.997433038239217,0.993512860265393,0.998986669224246,"Humidité relative","%","presence","IC","rafale_max","complet"
69.3467561521253,0.997427518505154,0.993498745266617,0.998984521516249,"Humidité relative","%","presence","IC","rafale_max","complet"
69.841163310962,0.997421654606647,0.993483424454093,0.998982291071409,"Humidité relative","%","presence","IC","rafale_max","complet"
70.3355704697987,0.997415476526021,0.99346697732981,0.998979989092392,"Humidité relative","%","presence","IC","rafale_max","complet"
70.8299776286353,0.99740901443087,0.993449487069455,0.998977626336383,"Humidité relative","%","presence","IC","rafale_max","complet"
71.324384787472,0.997402298710145,0.99343104039364,0.998975213165654,"Humidité relative","%","presence","IC","rafale_max","complet"
71.8187919463087,0.997395360006674,0.993411727372142,0.998972759606406,"Humidité relative","%","presence","IC","rafale_max","complet"
72.3131991051454,0.997388229246065,0.993391641158259,0.998970275416126,"Humidité relative","%","presence","IC","rafale_max","complet"
72.8076062639821,0.997380937661957,0.993370877650419,0.998967770159655,"Humidité relative","%","presence","IC","rafale_max","complet"
73.3020134228188,0.997373516817566,0.993349535078306,0.99896525329416,"Humidité relative","%","presence","IC","rafale_max","complet"
73.7964205816555,0.99736599862345,0.993327713510904,0.99896273426311,"Humidité relative","%","presence","IC","rafale_max","complet"
74.2908277404922,0.997358415351447,0.993305514284109,0.998960222599371,"Humidité relative","%","presence","IC","rafale_max","complet"
74.7852348993289,0.997350799644696,0.993283039345872,0.99895772803745,"Humidité relative","%","presence","IC","rafale_max","complet"
75.2796420581655,0.997343184523668,0.99326039051717,0.998955260634901,"Humidité relative","%","presence","IC","rafale_max","complet"
75.7740492170022,0.997335603388129,0.99323766866758,0.998952830902848,"Humidité relative","%","presence","IC","rafale_max","complet"
76.2684563758389,0.997328090014948,0.993214972804738,0.998950449945521,"Humidité relative","%","presence","IC","rafale_max","complet"
76.7628635346756,0.997320678551567,0.993192399077267,0.99894812960858,"Humidité relative","%","presence","IC","rafale_max","complet"
77.2572706935123,0.997313396869732,0.99317002070334,0.998945880368214,"Humidité relative","%","presence","IC","rafale_max","complet"
77.751677852349,0.997306248499776,0.993147835100514,0.998943705331849,"Humidité relative","%","presence","IC","rafale_max","complet"
78.2460850111857,0.99729923127117,0.993125816718095,0.998941606678043,"Humidité relative","%","presence","IC","rafale_max","complet"
78.7404921700224,0.997292342959604,0.993103933534911,0.998939587526574,"Humidité relative","%","presence","IC","rafale_max","complet"
79.2348993288591,0.997285581288311,0.99308214748586,0.99893765186588,"Humidité relative","%","presence","IC","rafale_max","complet"
79.7293064876958,0.997278943929363,0.993060414888427,0.998935804479983,"Humidité relative","%","presence","IC","rafale_max","complet"
80.2237136465324,0.997272428504962,0.993038686868355,0.998934050874826,"Humidité relative","%","presence","IC","rafale_max","complet"
80.7181208053691,0.997266032588725,0.993016909783683,0.998932397203969,"Humidité relative","%","presence","IC","rafale_max","complet"
81.2125279642058,0.99725975370694,0.992995025646399,0.998930850193564,"Humidité relative","%","presence","IC","rafale_max","complet"
81.7069351230425,0.997253589339818,0.992972972540945,0.998929417066596,"Humidité relative","%","presence","IC","rafale_max","complet"
82.2013422818792,0.997247536922724,0.992950685038874,0.998928105466344,"Humidité relative","%","presence","IC","rafale_max","complet"
82.6957494407159,0.997241593847392,0.992928094608908,0.998926923379115,"Humidité relative","%","presence","IC","rafale_max","complet"
83.1901565995526,0.997235757463112,0.992905130021731,0.998925879056306,"Humidité relative","%","presence","IC","rafale_max","complet"
83.6845637583893,0.997230025077913,0.992881717748788,0.998924980935918,"Humidité relative","%","presence","IC","rafale_max","complet"
84.178970917226,0.997224393959705,0.99285778235442,0.998924237563705,"Humidité relative","%","presence","IC","rafale_max","complet"
84.6733780760626,0.997218861337415,0.992833246880645,0.998923657514192,"Humidité relative","%","presence","IC","rafale_max","complet"
85.1677852348993,0.99721342440209,0.992808033223905,0.998923249311846,"Humidité relative","%","presence","IC","rafale_max","complet"
85.662192393736,0.997208080307976,0.992782062503118,0.99892302135277,"Humidité relative","%","presence","IC","rafale_max","complet"
86.1565995525727,0.997202826173571,0.992755255418364,0.998922981827316,"Humidité relative","%","presence","IC","rafale_max","complet"
86.6510067114094,0.997197659082661,0.992727532599573,0.998923138644069,"Humidité relative","%","presence","IC","rafale_max","complet"
87.1454138702461,0.99719257608531,0.992698814944573,0.99892349935572,"Humidité relative","%","presence","IC","rafale_max","complet"
87.6398210290828,0.997187574198838,0.992669023945905,0.998924071087348,"Humidité relative","%","presence","IC","rafale_max","complet"
88.1342281879195,0.997182650408761,0.992638082005828,0.998924860467666,"Humidité relative","%","presence","IC","rafale_max","complet"
88.6286353467562,0.997177801669706,0.992605912738979,0.998925873563837,"Humidité relative","%","presence","IC","rafale_max","complet"
89.1230425055928,0.997173024906288,0.992572441262201,0.99892711582039,"Humidité relative","%","presence","IC","rafale_max","complet"
89.6174496644295,0.997168317013959,0.992537594471102,0.998928592002842,"Humidité relative","%","presence","IC","rafale_max","complet"
90.1118568232662,0.99716367485983,0.99250130130299,0.998930306146542,"Humidité relative","%","presence","IC","rafale_max","complet"
90.6062639821029,0.997159095283449,0.99246349298587,0.998932261511242,"Humidité relative","%","presence","IC","rafale_max","complet"
91.1006711409396,0.997154575097553,0.992424103273303,0.998934460541854,"Humidité relative","%","presence","IC","rafale_max","complet"
91.5950782997763,0.997150111088782,0.992383068664996,0.998936904835779,"Humidité relative","%","presence","IC","rafale_max","complet"
92.089485458613,0.997145700018359,0.99234032861308,0.998939595117113,"Humidité relative","%","presence","IC","rafale_max","complet"
92.5838926174497,0.997141338622732,0.992295825714155,0.998942531217973,"Humidité relative","%","presence","IC","rafale_max","complet"
93.0782997762864,0.997137023614184,0.992249505887256,0.998945712067088,"Humidité relative","%","presence","IC","rafale_max","complet"
93.572706935123,0.997132751681401,0.99220131853799,0.998949135685692,"Humidité relative","%","presence","IC","rafale_max","complet"
94.0671140939597,0.997128519490004,0.99215121670922,0.998952799190687,"Humidité relative","%","presence","IC","rafale_max","complet"
94.5615212527964,0.997124323683044,0.992099157218729,0.998956698804914,"Humidité relative","%","presence","IC","rafale_max","complet"
95.0559284116331,0.997120160881459,0.992045100784396,0.998960829874315,"Humidité relative","%","presence","IC","rafale_max","complet"
95.5503355704698,0.997116027684487,0.991989012137497,0.998965186891644,"Humidité relative","%","presence","IC","rafale_max","complet"
96.0447427293065,0.997111920670044,0.991930860124787,0.998969763526319,"Humidité relative","%","presence","IC","rafale_max","complet"
96.5391498881432,0.997107836395062,0.991870617800086,0.998974552659944,"Humidité relative","%","presence","IC","rafale_max","complet"
97.0335570469799,0.997103771395783,0.991808262506126,0.998979546426942,"Humidité relative","%","presence","IC","rafale_max","complet"
97.5279642058166,0.997099722188013,0.991743775947418,0.998984736259711,"Humidité relative","%","presence","IC","rafale_max","complet"
98.0223713646532,0.997095685267335,0.991677144254931,0.998990112937668,"Humidité relative","%","presence","IC","rafale_max","complet"
98.5167785234899,0.997091657109284,0.991608358043333,0.998995666639508,"Humidité relative","%","presence","IC","rafale_max","complet"
99.0111856823266,0.997087634169469,0.991537412461543,0.999001386998019,"Humidité relative","%","presence","IC","rafale_max","complet"
99.5055928411633,0.997083612883664,0.99146430723728,0.999007263156764,"Humidité relative","%","presence","IC","rafale_max","complet"
100,0.997079589667846,0.991389046716245,0.999013283827966,"Humidité relative","%","presence","IC","rafale_max","complet"
1004.638,0.9994661658134,0.997651351711727,0.999878832888366,"Pression atmosphérique","hPa","presence","IC","rafale_max","complet"
1004.83065100671,0.999454872340403,0.997645861737535,0.99987394509513,"Pression atmosphérique","hPa","presence","IC","rafale_max","complet"
1005.02330201342,0.999443383228311,0.997639629525602,0.999868921105353,"Pression atmosphérique","hPa","presence","IC","rafale_max","complet"
1005.21595302013,0.999431696529479,0.997632645597974,0.99986376064445,"Pression atmosphérique","hPa","presence","IC","rafale_max","complet"
1005.40860402685,0.999419810325128,0.99762490022096,0.999858463636697,"Pression atmosphérique","hPa","presence","IC","rafale_max","complet"
1005.60125503356,0.999407722727336,0.99761638342727,0.99985303020878,"Pression atmosphérique","hPa","presence","IC","rafale_max","complet"
1005.79390604027,0.999395431881082,0.997607085040387,0.999847460692271,"Pression atmosphérique","hPa","presence","IC","rafale_max","complet"
1005.98655704698,0.999382935966327,0.997596994701234,0.999841755624936,"Pression atmosphérique","hPa","presence","IC","rafale_max","complet"
1006.17920805369,0.999370233200134,0.997586101897197,0.999835915750823,"Pression atmosphérique","hPa","presence","IC","rafale_max","complet"
1006.3718590604,0.999357321838835,0.997574395993539,0.999829942019052,"Pression atmosphérique","hPa","presence","IC","rafale_max","complet"
1006.56451006711,0.999344200180232,0.997561866267234,0.999823835581266,"Pression atmosphérique","hPa","presence","IC","rafale_max","complet"
1006.75716107383,0.999330866565836,0.997548501943217,0.999817597787695,"Pression atmosphérique","hPa","presence","IC","rafale_max","complet"
1006.94981208054,0.999317319383151,0.997534292233039,0.99981123018181,"Pression atmosphérique","hPa","presence","IC","rafale_max","complet"
1007.14246308725,0.999303557067989,0.997519226375901,0.999804734493558,"Pression atmosphérique","hPa","presence","IC","rafale_max","complet"
1007.33511409396,0.999289578106826,0.997503293681984,0.99979811263117,"Pression atmosphérique","hPa","presence","IC","rafale_max","complet"
1007.52776510067,0.99927538103919,0.997486483578013,0.99979136667158,"Pression atmosphérique","hPa","presence","IC","rafale_max","complet"
1007.72041610738,0.999260964460087,0.997468785654941,0.999784498849475,"Pression atmosphérique","hPa","presence","IC","rafale_max","complet"
1007.91306711409,0.999246327022457,0.997450189717605,0.999777511545044,"Pression atmosphérique","hPa","presence","IC","rafale_max","complet"
1008.10571812081,0.999231467439669,0.997430685836215,0.999770407270489,"Pression atmosphérique","hPa","presence","IC","rafale_max","complet"
1008.29836912752,0.999216384488034,0.997410264399472,0.999763188655403,"Pression atmosphérique","hPa","presence","IC","rafale_max","complet"
1008.49102013423,0.999201077009365,0.997388916169117,0.999755858431101,"Pression atmosphérique","hPa","presence","IC","rafale_max","complet"
1008.68367114094,0.99918554391355,0.997366632335664,0.999748419414052,"Pression atmosphérique","hPa","presence","IC","rafale_max","complet"
1008.87632214765,0.999169784181161,0.997343404575066,0.999740874488532,"Pression atmosphérique","hPa","presence","IC","rafale_max","complet"
1009.06897315436,0.999153796866086,0.997319225106027,0.999733226588652,"Pression atmosphérique","hPa","presence","IC","rafale_max","complet"
1009.26162416107,0.999137581098178,0.99729408674767,0.999725478679931,"Pression atmosphérique","hPa","presence","IC","rafale_max","complet"
1009.45427516779,0.999121136085939,0.997267982977228,0.999717633740577,"Pression atmosphérique","hPa","presence","IC","rafale_max","complet"
1009.6469261745,0.999104461119212,0.997240907987445,0.99970969474265,"Pression atmosphérique","hPa","presence","IC","rafale_max","complet"
1009.83957718121,0.999087555571896,0.997212856743325,0.999701664633298,"Pression atmosphérique","hPa","presence","IC","rafale_max","complet"
1010.03222818792,0.999070418904677,0.997183825037889,0.999693546316231,"Pression atmosphérique","hPa","presence","IC","rafale_max","complet"
1010.22487919463,0.99905305066777,0.997153809546577,0.999685342633629,"Pression atmosphérique","hPa","presence","IC","rafale_max","complet"
1010.41753020134,0.999035450503678,0.997122807879925,0.999677056348646,"Pression atmosphérique","hPa","presence","IC","rafale_max","complet"
1010.61018120805,0.999017618149955,0.997090818634174,0.999668690128676,"Pression atmosphérique","hPa","presence","IC","rafale_max","complet"
1010.80283221477,0.998999553441979,0.997057841439431,0.999660246529548,"Pression atmosphérique","hPa","presence","IC","rafale_max","complet"
1010.99548322148,0.998981256315727,0.997023877005036,0.999651727980792,"Pression atmosphérique","hPa","presence","IC","rafale_max","complet"
1011.18813422819,0.998962726810559,0.996988927161791,0.9996431367721,"Pression atmosphérique","hPa","presence","IC","rafale_max","complet"
1011.3807852349,0.99894396507199,0.996952994900713,0.999634475041106,"Pression atmosphérique","hPa","presence","IC","rafale_max","complet"
1011.57343624161,0.998924971354469,0.996916084407973,0.99962574476259,"Pression atmosphérique","hPa","presence","IC","rafale_max","complet"
1011.76608724832,0.998905746024148,0.996878201095729,0.999616947739181,"Pression atmosphérique","hPa","presence","IC","rafale_max","complet"
1011.95873825503,0.99888628956164,0.996839351628528,0.999608085593628,"Pression atmosphérique","hPa","presence","IC","rafale_max","complet"
1012.15138926174,0.99886660256477,0.996799543945014,0.999599159762691,"Pression atmosphérique","hPa","presence","IC","rafale_max","complet"
1012.34404026846,0.998846685751309,0.996758787274654,0.999590171492688,"Pression atmosphérique","hPa","presence","IC","rafale_max","complet"
1012.53669127517,0.998826539961685,0.996717092149235,0.999581121836703,"Pression atmosphérique","hPa","presence","IC","rafale_max","complet"
1012.72934228188,0.998806166161683,0.996674470408887,0.999572011653474,"Pression atmosphérique","hPa","presence","IC","rafale_max","complet"
1012.92199328859,0.99878556544511,0.9966309352024,0.999562841607938,"Pression atmosphérique","hPa","presence","IC","rafale_max","complet"
1013.1146442953,0.998764739036442,0.996586500981634,0.999553612173409,"Pression atmosphérique","hPa","presence","IC","rafale_max","complet"
1013.30729530201,0.998743688293431,0.996541183489799,0.999544323635373,"Pression atmosphérique","hPa","presence","IC","rafale_max","complet"
1013.49994630872,0.998722414709685,0.996494999743436,0.999534976096837,"Pression atmosphérique","hPa","presence","IC","rafale_max","complet"
1013.69259731544,0.998700919917201,0.996447968007902,0.999525569485202,"Pression atmosphérique","hPa","presence","IC","rafale_max","complet"
1013.88524832215,0.998679205688866,0.99640010776621,0.999516103560598,"Pression atmosphérique","hPa","presence","IC","rafale_max","complet"
1014.07789932886,0.998657273940908,0.996351439681043,0.999506577925635,"Pression atmosphérique","hPa","presence","IC","rafale_max","complet"
1014.27055033557,0.99863512673529,0.996301985549807,0.999496992036513,"Pression atmosphérique","hPa","presence","IC","rafale_max","complet"
1014.46320134228,0.99861276628207,0.996251768252571,0.999487345215432,"Pression atmosphérique","hPa","presence","IC","rafale_max","complet"
1014.65585234899,0.998590194941681,0.99620081169277,0.99947763666426,"Pression atmosphérique","hPa","presence","IC","rafale_max","complet"
1014.8485033557,0.998567415227171,0.996149140730528,0.999467865479408,"Pression atmosphérique","hPa","presence","IC","rafale_max","complet"
1015.04115436242,0.998544429806363,0.996096781108491,0.99945803066787,"Pression atmosphérique","hPa","presence","IC","rafale_max","complet"
1015.23380536913,0.998521241503953,0.996043759370057,0.999448131164394,"Pression atmosphérique","hPa","presence","IC","rafale_max","complet"
1015.42645637584,0.998497853303536,0.995990102769882,0.999438165849756,"Pression atmosphérique","hPa","presence","IC","rafale_max","complet"
1015.61910738255,0.998474268349552,0.995935839176589,0.99942813357011,"Pression atmosphérique","hPa","presence","IC","rafale_max","complet"
1015.81175838926,0.998450489949155,0.995880996967554,0.999418033157413,"Pression atmosphérique","hPa","presence","IC","rafale_max","complet"
1016.00440939597,0.998426521573989,0.995825604915724,0.999407863450912,"Pression atmosphérique","hPa","presence","IC","rafale_max","complet"
1016.19706040268,0.998402366861888,0.995769692068354,0.999397623319697,"Pression atmosphérique","hPa","presence","IC","rafale_max","complet"
1016.3897114094,0.998378029618466,0.995713287617634,0.999387311686337,"Pression atmosphérique","hPa","presence","IC","rafale_max","complet"
1016.58236241611,0.998353513818627,0.995656420763125,0.99937692755161,"Pression atmosphérique","hPa","presence","IC","rafale_max","complet"
1016.77501342282,0.998328823607959,0.995599120565972,0.999366470020365,"Pression atmosphérique","hPa","presence","IC","rafale_max","complet"
1016.96766442953,0.998303963304028,0.995541415794869,0.999355938328544,"Pression atmosphérique","hPa","presence","IC","rafale_max","complet"
1017.16031543624,0.998278937397567,0.995483334763746,0.999345331871396,"Pression atmosphérique","hPa","presence","IC","rafale_max","complet"
1017.35296644295,0.99825375055354,0.995424905161184,0.999334650232943,"Pression atmosphérique","hPa","presence","IC","rafale_max","complet"
1017.54561744966,0.998228407612096,0.995366153871563,0.99932389321673,"Pression atmosphérique","hPa","presence","IC","rafale_max","complet"
1017.73826845638,0.998202913589398,0.99530710678798,0.999313060877913,"Pression atmosphérique","hPa","presence","IC","rafale_max","complet"
1017.93091946309,0.998177273678327,0.995247788616979,0.999302153556738,"Pression atmosphérique","hPa","presence","IC","rafale_max","complet"
1018.1235704698,0.998151493249053,0.995188222675149,0.999291171913447,"Pression atmosphérique","hPa","presence","IC","rafale_max","complet"
1018.31622147651,0.998125577849473,0.995128430677696,0.999280116964669,"Pression atmosphérique","hPa","presence","IC","rafale_max","complet"
1018.50887248322,0.998099533205512,0.995068432519072,0.999268990121318,"Pression atmosphérique","hPa","presence","IC","rafale_max","complet"
1018.70152348993,0.998073365221279,0.995008246045812,0.999257793228028,"Pression atmosphérique","hPa","presence","IC","rafale_max","complet"
1018.89417449664,0.99804707997908,0.994947886821716,0.999246528604151,"Pression atmosphérique","hPa","presence","IC","rafale_max","complet"
1019.08682550336,0.998020683739279,0.994887367885569,0.9992351990863,"Pression atmosphérique","hPa","presence","IC","rafale_max","complet"
1019.27947651007,0.997994182940008,0.994826699501603,0.999223808072427,"Pression atmosphérique","hPa","presence","IC","rafale_max","complet"
1019.47212751678,0.997967584196717,0.994765888902943,0.999212359567386,"Pression atmosphérique","hPa","presence","IC","rafale_max","complet"
1019.66477852349,0.997940894301568,0.994704940028312,0.999200858229912,"Pression atmosphérique","hPa","presence","IC","rafale_max","complet"
1019.8574295302,0.997914120222661,0.994643853252295,0.999189309420911,"Pression atmosphérique","hPa","presence","IC","rafale_max","complet"
1020.05008053691,0.997887269103096,0.99458262510952,0.999177719252906,"Pression atmosphérique","hPa","presence","IC","rafale_max","complet"
1020.24273154362,0.997860348259862,0.994521248013138,0.999166094640466,"Pression atmosphérique","hPa","presence","IC","rafale_max","complet"
1020.43538255034,0.997833365182558,0.994459709968027,0.999154443351363,"Pression atmosphérique","hPa","presence","IC","rafale_max","complet"
1020.62803355705,0.997806327531936,0.994397994279206,0.999142774058182,"Pression atmosphérique","hPa","presence","IC","rafale_max","complet"
1020.82068456376,0.997779243138259,0.994336079255989,0.999131096389999,"Pression atmosphérique","hPa","presence","IC","rafale_max","complet"
1021.01333557047,0.997752119999492,0.994273937912448,0.999119420983731,"Pression atmosphérique","hPa","presence","IC","rafale_max","complet"
1021.20598657718,0.997724966279293,0.99421153766482,0.999107759534632,"Pression atmosphérique","hPa","presence","IC","rafale_max","complet"
1021.39863758389,0.997697790304832,0.994148840026569,0.999096124845364,"Pression atmosphérique","hPa","presence","IC","rafale_max","complet"
1021.5912885906,0.997670600564417,0.994085800301817,0.999084530872976,"Pression atmosphérique","hPa","presence","IC","rafale_max","complet"
1021.78393959732,0.997643405917872,0.994022367824845,0.999072992855559,"Pression atmosphérique","hPa","presence","IC","rafale_max","complet"
1021.97659060403,0.997616238452399,0.993958545718411,0.999061535998801,"Pression atmosphérique","hPa","presence","IC","rafale_max","complet"
1022.16924161074,0.997589175215414,0.993894455781082,0.999050202464322,"Pression atmosphérique","hPa","presence","IC","rafale_max","complet"
1022.36189261745,0.997562301277652,0.99383025103545,0.999039035866184,"Pression atmosphérique","hPa","presence","IC","rafale_max","complet"
1022.55454362416,0.997535705024675,0.993766105992626,0.999028079045691,"Pression atmosphérique","hPa","presence","IC","rafale_max","complet"
1022.74719463087,0.997509478072666,0.993702218324557,0.999017373715328,"Pression atmosphérique","hPa","presence","IC","rafale_max","complet"
1022.93984563758,0.99748371515197,0.993638810196207,0.999006960136666,"Pression atmosphérique","hPa","presence","IC","rafale_max","complet"
1023.1324966443,0.997458513956761,0.9935761292083,0.998996876840511,"Pression atmosphérique","hPa","presence","IC","rafale_max","complet"
1023.32514765101,0.997433974959348,0.99351444890079,0.998987160397018,"Pression atmosphérique","hPa","presence","IC","rafale_max","complet"
1023.51779865772,0.997410201187806,0.99345406876792,0.998977845242653,"Pression atmosphérique","hPa","presence","IC","rafale_max","complet"
1023.71044966443,0.997387297965792,0.993395313737635,0.998968963569755,"Pression atmosphérique","hPa","presence","IC","rafale_max","complet"
1023.90310067114,0.997365372613681,0.993338533071451,0.998960545283277,"Pression atmosphérique","hPa","presence","IC","rafale_max","complet"
1024.09575167785,0.997344534110408,0.993284098645631,0.998952618027884,"Pression atmosphérique","hPa","presence","IC","rafale_max","complet"
1024.28840268456,0.997324892715717,0.993232402580746,0.998945207287294,"Pression atmosphérique","hPa","presence","IC","rafale_max","complet"
1024.48105369128,0.997306559552863,0.99318385419448,0.998938336556416,"Pression atmosphérique","hPa","presence","IC","rafale_max","complet"
1024.67370469799,0.997289646152228,0.993138876261886,0.998932027585693,"Pression atmosphérique","hPa","presence","IC","rafale_max","complet"
1024.8663557047,0.997274263956684,0.993097900578141,0.998926300695994,"Pression atmosphérique","hPa","presence","IC","rafale_max","complet"
1025.05900671141,0.997260523790029,0.993061362831243,0.998921175161562,"Pression atmosphérique","hPa","presence","IC","rafale_max","complet"
1025.25165771812,0.997248535290282,0.993029696805894,0.998916669657832,"Pression atmosphérique","hPa","presence","IC","rafale_max","complet"
1025.44430872483,0.997238406310135,0.993003327954892,0.99891280277037,"Pression atmosphérique","hPa","presence","IC","rafale_max","complet"
1025.63695973154,0.997230242287394,0.992982666390631,0.998909593560771,"Pression atmosphérique","hPa","presence","IC","rafale_max","complet"
1025.82961073826,0.997224145588763,0.992968099366378,0.998907062184872,"Pression atmosphérique","hPa","presence","IC","rafale_max","complet"
1026.02226174497,0.997220195919818,0.992959917447318,0.998905225944687,"Pression atmosphérique","hPa","presence","IC","rafale_max","complet"
1026.21491275168,0.997218388281743,0.992958092862513,0.998904084994165,"Pression atmosphérique","hPa","presence","IC","rafale_max","complet"
1026.40756375839,0.997218691433545,0.992962481189343,0.998903636947465,"Pression atmosphérique","hPa","presence","IC","rafale_max","complet"
1026.6002147651,0.997221069304826,0.992972897356671,0.998903881926303,"Pression atmosphérique","hPa","presence","IC","rafale_max","complet"
1026.79286577181,0.9972254812639,0.992989118515048,0.998904822373319,"Pression atmosphérique","hPa","presence","IC","rafale_max","complet"
1026.98551677852,0.997231882397627,0.99301088715233,0.99890646284246,"Pression atmosphérique","hPa","presence","IC","rafale_max","complet"
1027.17816778524,0.997240223801067,0.993037914411364,0.998908809766308,"Pression atmosphérique","hPa","presence","IC","rafale_max","complet"
1027.37081879195,0.99725045287489,0.993069883566123,0.998911871199889,"Pression atmosphérique","hPa","presence","IC","rafale_max","complet"
1027.56346979866,0.997262513628538,0.993106453613521,0.998915656540309,"Pression atmosphérique","hPa","presence","IC","rafale_max","complet"
1027.75612080537,0.997276346987201,0.993147262939383,0.998920176221566,"Pression atmosphérique","hPa","presence","IC","rafale_max","complet"
1027.94877181208,0.997291891100718,0.993191933018708,0.998925441384068,"Pression atmosphérique","hPa","presence","IC","rafale_max","complet"
1028.14142281879,0.997309081652615,0.993240072112316,0.998931463518781,"Pression atmosphérique","hPa","presence","IC","rafale_max","complet"
1028.3340738255,0.997327852167566,0.993291278924159,0.998938254086536,"Pression atmosphérique","hPa","presence","IC","rafale_max","complet"
1028.52672483221,0.99734813431566,0.993345146185873,0.998945824113804,"Pression atmosphérique","hPa","presence","IC","rafale_max","complet"
1028.71937583893,0.997369858211983,0.993401264137569,0.998954183767261,"Pression atmosphérique","hPa","presence","IC","rafale_max","complet"
1028.91202684564,0.99739295271009,0.993459223876232,0.998963341910649,"Pression atmosphérique","hPa","presence","IC","rafale_max","complet"
1029.10467785235,0.997417345688113,0.993518620545448,0.998973305648759,"Pression atmosphérique","hPa","presence","IC","rafale_max","complet"
1029.29732885906,0.997442964326314,0.993579056342495,0.998984079864812,"Pression atmosphérique","hPa","presence","IC","rafale_max","complet"
1029.48997986577,0.997469735375041,0.993640143321023,0.998995666758999,"Pression atmosphérique","hPa","presence","IC","rafale_max","complet"
1029.68263087248,0.997497585412172,0.993701505969744,0.999008065397366,"Pression atmosphérique","hPa","presence","IC","rafale_max","complet"
1029.87528187919,0.997526441089201,0.993762783549721,0.999021271281557,"Pression atmosphérique","hPa","presence","IC","rafale_max","complet"
1030.06793288591,0.997556229365319,0.993823632175074,0.999035275950973,"Pression atmosphérique","hPa","presence","IC","rafale_max","complet"
1030.26058389262,0.997586877728862,0.993883726624302,0.999050066629609,"Pression atmosphérique","hPa","presence","IC","rafale_max","complet"
1030.45323489933,0.997618314405707,0.99394276187201,0.999065625930054,"Pression atmosphérique","hPa","presence","IC","rafale_max","complet"
1030.64588590604,0.997650468554217,0.994000454333706,0.9990819316268,"Pression atmosphérique","hPa","presence","IC","rafale_max","complet"
1030.83853691275,0.997683270446512,0.994056542819572,0.99909895651001,"Pression atmosphérique","hPa","presence","IC","rafale_max","complet"
1031.03118791946,0.997716651635888,0.994110789196707,0.999116668329293,"Pression atmosphérique","hPa","presence","IC","rafale_max","complet"
1031.22383892617,0.997750545110342,0.994162978763266,0.999135029834656,"Pression atmosphérique","hPa","presence","IC","rafale_max","complet"
1031.41648993289,0.997784885432209,0.994212920342155,0.999153998919027,"Pression atmosphérique","hPa","presence","IC","rafale_max","complet"
1031.6091409396,0.997819608864039,0.994260446106316,0.999173528863321,"Pression atmosphérique","hPa","presence","IC","rafale_max","complet"
1031.80179194631,0.997854653480876,0.994305411151992,0.999193568681481,"Pression atmosphérique","hPa","presence","IC","rafale_max","complet"
1031.99444295302,0.997889959269209,0.99434769284057,0.999214063559214,"Pression atmosphérique","hPa","presence","IC","rafale_max","complet"
1032.18709395973,0.997925468212896,0.994387189933397,0.999234955376616,"Pression atmosphérique","hPa","presence","IC","rafale_max","complet"
1032.37974496644,0.997961124366442,0.994423821547095,0.999256183301743,"Pression atmosphérique","hPa","presence","IC","rafale_max","complet"
1032.57239597315,0.997996873916034,0.99445752595938,0.99927768443961,"Pression atmosphérique","hPa","presence","IC","rafale_max","complet"
1032.76504697987,0.998032665228812,0.994488259296836,0.999299394519247,"Pression atmosphérique","hPa","presence","IC","rafale_max","complet"
1032.95769798658,0.998068448890865,0.994515994136653,0.99932124860045,"Pression atmosphérique","hPa","presence","IC","rafale_max","complet"
1033.15034899329,0.998104177734481,0.994540718053815,0.999343181781698,"Pression atmosphérique","hPa","presence","IC","rafale_max","complet"
1033.343,0.998139806855209,0.994562432143866,0.999365129891429,"Pression atmosphérique","hPa","presence","IC","rafale_max","complet"
11.8266666666667,40.9283016341768,32.8114670702644,51.0530623659999,"Température","°C","intensite","IC","rafale_max","complet"
11.9808948545861,40.6829173886989,32.7021443383303,50.6113528865979,"Température","°C","intensite","IC","rafale_max","complet"
12.1351230425056,40.4413886016292,32.5932798940745,50.1792368654901,"Température","°C","intensite","IC","rafale_max","complet"
12.2893512304251,40.2037251103718,32.4849094722735,49.7566266616785,"Température","°C","intensite","IC","rafale_max","complet"
12.4435794183445,39.9699363038973,32.3770706542215,49.3434327397776,"Température","°C","intensite","IC","rafale_max","complet"
12.597807606264,39.7400311628701,32.269802926238,48.9395637288449,"Température","°C","intensite","IC","rafale_max","complet"
12.7520357941834,39.5140182995546,32.1631477323251,48.5449264845528,"Température","°C","intensite","IC","rafale_max","complet"
12.9062639821029,39.2919059975066,32.0571485201933,48.1594261555858,"Température","°C","intensite","IC","rafale_max","complet"
13.0604921700224,39.0737022510604,31.951850779885,47.7829662551402,"Température","°C","intensite","IC","rafale_max","complet"
13.2147203579418,38.8594148046192,31.8473020742522,47.4154487383816,"Température","°C","intensite","IC","rafale_max","complet"
13.3689485458613,38.6490511917614,31.7435520605762,47.0567740866829,"Température","°C","intensite","IC","rafale_max","complet"
13.5231767337808,38.442618774173,31.6406525026707,46.7068413994198,"Température","°C","intensite","IC","rafale_max","complet"
13.6774049217002,38.240124780421,31.5386572728704,46.3655484940397,"Température","°C","intensite","IC","rafale_max","complet"
13.8316331096197,38.0415763445802,31.4376223433816,46.0327920150484,"Température","°C","intensite","IC","rafale_max","complet"
13.9858612975392,37.8469805447287,31.3376057665595,45.7084675524761,"Température","°C","intensite","IC","rafale_max","complet"
14.1400894854586,37.6563444413304,31.2386676437745,45.3924697702884,"Température","°C","intensite","IC","rafale_max","complet"
14.2943176733781,37.4696751155188,31.1408700826327,45.0846925451043,"Température","°C","intensite","IC","rafale_max","complet"
14.4485458612975,37.2869797073024,31.044277142434,44.785029115475,"Température","°C","intensite","IC","rafale_max","complet"
14.602774049217,37.1082654537111,30.9489547678641,44.4933722418607,"Température","°C","intensite","IC","rafale_max","complet"
14.7570022371365,36.9335397269033,30.8549707110405,44.2096143773246,"Température","°C","intensite","IC","rafale_max","complet"
14.9112304250559,36.7628100722562,30.7623944421473,43.933647848852,"Température","°C","intensite","IC","rafale_max","complet"
15.0654586129754,36.5960842464613,30.6712970490146,43.6653650490833,"Température","°C","intensite","IC","rafale_max","complet"
15.2196868008949,36.4333702556501,30.5817511261008,43.4046586381508,"Température","°C","intensite","IC","rafale_max","complet"
15.3739149888143,36.2746763935734,30.4938306534392,43.1514217552087,"Température","°C","intensite","IC","rafale_max","complet"
15.5281431767338,36.1200112798614,30.4076108661959,42.9055482391646,"Température","°C","intensite","IC","rafale_max","complet"
15.6823713646532,35.9693838983923,30.3231681155573,42.6669328580526,"Température","°C","intensite","IC","rafale_max","complet"
15.8365995525727,35.8228036357963,30.240579721721,42.4354715464359,"Température","°C","intensite","IC","rafale_max","complet"
15.9908277404922,35.6802803201258,30.1599238197999,42.2110616501948,"Température","°C","intensite","IC","rafale_max","complet"
16.1450559284116,35.5418242597226,30.0812791994637,41.993602178046,"Température","°C","intensite","IC","rafale_max","complet"
16.2992841163311,35.4074462823138,30.0047251391389,41.7829940591456,"Température","°C","intensite","IC","rafale_max","complet"
16.4535123042506,35.2771577743693,29.9303412355607,41.5791404061628,"Température","°C","intensite","IC","rafale_max","complet"
16.60774049217,35.1509707207573,29.8582072294227,41.3819467832605,"Température","°C","intensite","IC","rafale_max","complet"
16.7619686800895,35.0288977447313,29.7884028278016,41.1913214784935,"Température","°C","intensite","IC","rafale_max","complet"
16.9161968680089,34.9109521482883,29.7210075239484,41.0071757802294,"Température","°C","intensite","IC","rafale_max","complet"
17.0704250559284,34.7971479529354,29.656100414932,40.8294242573042,"Température","°C","intensite","IC","rafale_max","complet"
17.2246532438479,34.6874999409056,29.5937600174979,40.6579850427556,"Température","°C","intensite","IC","rafale_max","complet"
17.3788814317673,34.5820236968646,29.5340640823753,40.4927801211137,"Température","°C","intensite","IC","rafale_max","complet"
17.5331096196868,34.4807356501517,29.4770894071166,40.3337356193859,"Température","°C","intensite","IC","rafale_max","complet"
17.6873378076063,34.3836531175995,29.4229116474008,40.1807821020272,"Température","°C","intensite","IC","rafale_max","complet"
17.8415659955257,34.2907943469799,29.3716051265761,40.0338548703599,"Température","°C","intensite","IC","rafale_max","complet"
17.9957941834452,34.2021785611229,29.3232426430503,39.8928942670732,"Température","°C","intensite","IC","rafale_max","complet"
18.1500223713647,34.1178260027604,29.2778952749824,39.7578459866027,"Température","°C","intensite","IC","rafale_max","complet"
18.3042505592841,34.037757980145,29.2356321815678,39.6286613923596,"Température","°C","intensite","IC","rafale_max","complet"
18.4584787472036,33.9619969134989,29.1965204000599,39.5052978419353,"Température","°C","intensite","IC","rafale_max","complet"
18.612706935123,33.8905663823487,29.1606246375318,39.3877190215636,"Température","°C","intensite","IC","rafale_max","complet"
18.7669351230425,33.8234911738036,29.1280070562547,39.2758952912541,"Température","°C","intensite","IC","rafale_max","complet"
18.921163310962,33.7607973318368,29.098727051461,39.1698040421371,"Température","°C","intensite","IC","rafale_max","complet"
19.0753914988814,33.7025122076344,29.0728410201728,39.0694300676569,"Température","°C","intensite","IC","rafale_max","complet"
19.2296196868009,33.6486645110744,29.0504021197191,38.9747659503237,"Température","°C","intensite","IC","rafale_max","complet"
19.3838478747204,33.5992843634047,29.0314600145342,38.8858124657788,"Température","°C","intensite","IC","rafale_max","complet"
19.5380760626398,33.5544033511896,29.0160606098428,38.8025790059316,"Température","°C","intensite","IC","rafale_max","complet"
19.6923042505593,33.5140545815972,29.0042457708933,38.725084022886,"Température","°C","intensite","IC","rafale_max","complet"
19.8465324384787,33.4782727391039,28.9960530265098,38.6533554952854,"Température","°C","intensite","IC","rafale_max","complet"
20.0007606263982,33.4470941436938,28.9915152559097,38.587431418545,"Température","°C","intensite","IC","rafale_max","complet"
20.1549888143177,33.4205568106352,28.9906603579777,38.527360320219,"Température","°C","intensite","IC","rafale_max","complet"
20.3092170022371,33.3987005119193,28.993510902523,38.4732018014352,"Température","°C","intensite","IC","rafale_max","complet"
20.4634451901566,33.3815548398016,29.0000721538786,38.4250148623733,"Température","°C","intensite","IC","rafale_max","complet"
20.6176733780761,33.3689899912463,29.0101880942099,38.382705048994,"Température","°C","intensite","IC","rafale_max","complet"
20.7719015659955,33.3607628182482,29.0235888856253,38.3460674074882,"Température","°C","intensite","IC","rafale_max","complet"
20.926129753915,33.3566296546088,29.0400019930365,38.3148989515061,"Température","°C","intensite","IC","rafale_max","complet"
21.0803579418345,33.3563485214045,29.0591555151157,38.2889993517754,"Température","°C","intensite","IC","rafale_max","complet"
21.2345861297539,33.3596788396504,29.0807790542935,38.2681691644817,"Température","°C","intensite","IC","rafale_max","complet"
21.3888143176734,33.3663811611917,29.1046045599177,38.2522081515295,"Température","°C","intensite","IC","rafale_max","complet"
21.5430425055928,33.3762169175031,29.1303671386892,38.240913697401,"Température","°C","intensite","IC","rafale_max","complet"
21.6972706935123,33.3889481861327,29.1578058249701,38.2340793291635,"Température","°C","intensite","IC","rafale_max","complet"
21.8514988814318,33.4043374745725,29.1866643022671,38.2314933477498,"Température","°C","intensite","IC","rafale_max","complet"
22.0057270693512,33.422147521387,29.2166915661965,38.2329375798921,"Température","°C","intensite","IC","rafale_max","complet"
22.1599552572707,33.4421411144688,29.2476425185764,38.2381862609856,"Température","°C","intensite","IC","rafale_max","complet"
22.3141834451902,33.4640809263336,29.2792784820064,38.2470050596502,"Température","°C","intensite","IC","rafale_max","complet"
22.4684116331096,33.4877293663958,29.3113676244055,38.2591502548395,"Température","°C","intensite","IC","rafale_max","complet"
22.6226398210291,33.5128484502031,29.3436852834801,38.274368076002,"Température","°C","intensite","IC","rafale_max","complet"
22.7768680089485,33.5391996856324,29.3760141819717,38.2923942160632,"Température","°C","intensite","IC","rafale_max","complet"
22.931096196868,33.5665439760752,29.4081445257484,38.3129535258945,"Température","°C","intensite","IC","rafale_max","complet"
23.0853243847875,33.5946415406624,29.4398739782941,38.335759897536,"Température","°C","intensite","IC","rafale_max","complet"
23.2395525727069,33.6232518515953,29.471007506844,38.3605163418071,"Température","°C","intensite","IC","rafale_max","complet"
23.3937807606264,33.6521335886639,29.5013570972333,38.386915264162,"Température","°C","intensite","IC","rafale_max","complet"
23.5480089485459,33.6810446110444,29.5307413363707,38.4146389408109,"Température","°C","intensite","IC","rafale_max","complet"
23.7022371364653,33.7097419464775,29.5589848630417,38.4433601953261,"Température","°C","intensite","IC","rafale_max","complet"
23.8564653243848,33.7379817979279,29.585917689394,38.4727432742556,"Température","°C","intensite","IC","rafale_max","complet"
24.0106935123043,33.7655195678321,29.6113743969065,38.5024449187594,"Température","°C","intensite","IC","rafale_max","complet"
24.1649217002237,33.7921099000332,29.6351932118221,38.5321156279956,"Température","°C","intensite","IC","rafale_max","complet"
24.3191498881432,33.8175067394977,29.6572149659214,38.5614011089743,"Température","°C","intensite","IC","rafale_max","complet"
24.4733780760626,33.8414680550714,29.6772855233619,38.5899498530916,"Température","°C","intensite","IC","rafale_max","complet"
24.6276062639821,33.8638714301007,29.6953426452607,38.6175637686205,"Température","°C","intensite","IC","rafale_max","complet"
24.7818344519016,33.8847223811649,29.7114180191838,38.6442144938109,"Température","°C","intensite","IC","rafale_max","complet"
24.936062639821,33.904032885481,29.7255421716885,38.6698899976526,"Température","°C","intensite","IC","rafale_max","complet"
25.0902908277405,33.9218151655619,29.7377398004688,38.69458646983,"Température","°C","intensite","IC","rafale_max","complet"
25.24451901566,33.9380816830905,29.7480299413656,38.7183080895894,"Température","°C","intensite","IC","rafale_max","complet"
25.3987472035794,33.9528451327893,29.7564261530074,38.7410667760808,"Température","°C","intensite","IC","rafale_max","complet"
25.5529753914989,33.966118436291,29.7629367175312,38.7628819218162,"Température","°C","intensite","IC","rafale_max","complet"
25.7072035794183,33.9779147360106,29.7675648561427,38.7837801105645,"Température","°C","intensite","IC","rafale_max","complet"
25.8614317673378,33.9882473890246,29.7703089585488,38.803794820739,"Température","°C","intensite","IC","rafale_max","complet"
26.0156599552573,33.9971299609582,29.7711628255222,38.822966115097,"Température","°C","intensite","IC","rafale_max","complet"
26.1698881431767,34.0045762198855,29.7701159240443,38.8413403173915,"Température","°C","intensite","IC","rafale_max","complet"
26.3241163310962,34.0106001302437,29.7671536546092,38.8589696764716,"Température","°C","intensite","IC","rafale_max","complet"
26.4783445190157,34.0152158467655,29.7622576303581,38.8759120182417,"Température","°C","intensite","IC","rafale_max","complet"
26.6325727069351,34.0184377084323,29.7554059677614,38.8922303858438,"Température","°C","intensite","IC","rafale_max","complet"
26.7868008948546,34.0202802324504,29.7465735885553,38.9079926684311,"Température","°C","intensite","IC","rafale_max","complet"
26.9410290827741,34.020758108253,29.7357325325944,38.9232712189479,"Température","°C","intensite","IC","rafale_max","complet"
27.0952572706935,34.0198861915318,29.7228522811883,38.9381424614241,"Température","°C","intensite","IC","rafale_max","complet"
27.249485458613,34.0176794982983,29.707900090357,38.9526864884188,"Température","°C","intensite","IC","rafale_max","complet"
27.4037136465324,34.0141531989806,29.6908413332771,38.9669866494154,"Température","°C","intensite","IC","rafale_max","complet"
27.5579418344519,34.0093226125546,29.671639850989,38.9811291311648,"Température","°C","intensite","IC","rafale_max","complet"
27.7121700223714,34.0032032007148,29.6502583102191,38.9952025311904,"Température","°C","intensite","IC","rafale_max","complet"
27.8663982102908,33.9958105620858,29.6266585669302,39.0092974259087,"Température","°C","intensite","IC","rafale_max","complet"
28.0206263982103,33.987160426476,29.6008020339674,39.0235059350584,"Température","°C","intensite","IC","rafale_max","complet"
28.1748545861298,33.9772686491778,29.5726500509204,39.0379212843818,"Température","°C","intensite","IC","rafale_max","complet"
28.3290827740492,33.9661512053138,29.5421642540826,39.0526373687332,"Température","°C","intensite","IC","rafale_max","complet"
28.4833109619687,33.9538241842336,29.5093069441718,39.0677483180113,"Température","°C","intensite","IC","rafale_max","complet"
28.6375391498881,33.9403037839609,29.4740414492797,39.0833480684986,"Température","°C","intensite","IC","rafale_max","complet"
28.7917673378076,33.9256063056944,29.4363324803673,39.0995299423461,"Température","°C","intensite","IC","rafale_max","complet"
28.9459955257271,33.9097481483639,29.3961464765127,39.1163862380467,"Température","°C","intensite","IC","rafale_max","complet"
29.1002237136465,33.8927458032425,29.3534519370596,39.1340078347965,"Température","°C","intensite","IC","rafale_max","complet"
29.254451901566,33.8746158486189,29.3082197378198,39.1524838136369,"Température","°C","intensite","IC","rafale_max","complet"
29.4086800894855,33.8553749445281,29.2604234285445,39.1719010982061,"Température","°C","intensite","IC","rafale_max","complet"
29.5629082774049,33.8350398275454,29.2100395090112,39.192344117796,"Température","°C","intensite","IC","rafale_max","complet"
29.7171364653244,33.8136273056434,29.157047681261,39.2138944952161,"Température","°C","intensite","IC","rafale_max","complet"
29.8713646532438,33.7911542531131,29.1014310757765,39.236630761713,"Température","°C","intensite","IC","rafale_max","complet"
30.0255928411633,33.7676376055526,29.0431764496983,39.2606281008832,"Température","°C","intensite","IC","rafale_max","complet"
30.1798210290828,33.7430943549221,28.9822743555288,39.2859581231577,"Température","°C","intensite","IC","rafale_max","complet"
30.3340492170022,33.7175415446685,28.9187192791719,39.3126886720483,"Température","°C","intensite","IC","rafale_max","complet"
30.4882774049217,33.6909962649199,28.8525097465698,39.3408836629123,"Température","°C","intensite","IC","rafale_max","complet"
30.6425055928412,33.6634756477514,28.7836483986403,39.3706029545679,"Température","°C","intensite","IC","rafale_max","complet"
30.7967337807606,33.6349968625229,28.7121420346515,39.4019022536385,"Température","°C","intensite","IC","rafale_max","complet"
30.9509619686801,33.6055771112908,28.6380016246025,39.4348330510855,"Température","°C","intensite","IC","rafale_max","complet"
31.1051901565996,33.5752336242939,28.5612422915858,39.4694425899681,"Température","°C","intensite","IC","rafale_max","complet"
31.259418344519,33.5439836555137,28.4818832654845,39.5057738630975,"Température","°C","intensite","IC","rafale_max","complet"
31.4136465324385,33.5118444783125,28.3999478096936,39.5438656389109,"Température","°C","intensite","IC","rafale_max","complet"
31.5678747203579,33.478833381147,28.3154631228437,39.5837525135996,"Température","°C","intensite","IC","rafale_max","complet"
31.7221029082774,33.4449676633603,28.2284602177424,39.6254649872884,"Température","°C","intensite","IC","rafale_max","complet"
31.8763310961969,33.4102646310519,28.1389737799286,39.6690295618786,"Température","°C","intensite","IC","rafale_max","complet"
32.0305592841163,33.3747415930272,28.047042008362,39.7144688580437,"Température","°C","intensite","IC","rafale_max","complet"
32.1847874720358,33.3384158568261,27.9527064408348,39.7618017487927,"Température","°C","intensite","IC","rafale_max","complet"
32.3390156599553,33.3013047248324,27.8560117667138,39.8110435069998,"Température","°C","intensite","IC","rafale_max","complet"
32.4932438478747,33.2634254904628,27.757005629585,39.8622059643295,"Température","°C","intensite","IC","rafale_max","complet"
32.6474720357942,33.2247954344384,27.6557384222975,39.9152976790619,"Température","°C","intensite","IC","rafale_max","complet"
32.8017002237136,33.1854318211364,27.552263076793,39.9703241104315,"Température","°C","intensite","IC","rafale_max","complet"
32.9559284116331,33.1453518950244,27.4466348509579,40.027287797238,"Température","°C","intensite","IC","rafale_max","complet"
33.1101565995526,33.1045728771764,27.3389111145724,40.0861885386551,"Température","°C","intensite","IC","rafale_max","complet"
33.264384787472,33.0631119618713,27.2291511362397,40.1470235753447,"Température","°C","intensite","IC","rafale_max","complet"
33.4186129753915,33.0209863132742,27.1174158729856,40.2097877691835,"Température","°C","intensite","IC","rafale_max","complet"
33.572841163311,32.9782130621996,27.0037677640118,40.2744737801084,"Température","°C","intensite","IC","rafale_max","complet"
33.7270693512304,32.9348093029585,26.8882705298856,40.3410722387899,"Température","°C","intensite","IC","rafale_max","complet"
33.8812975391499,32.8907920902876,26.7709889782471,40.4095719140427,"Température","°C","intensite","IC","rafale_max","complet"
34.0355257270694,32.8461784363618,26.6519888169248,40.4799598740715,"Température","°C","intensite","IC","rafale_max","complet"
34.1897539149888,32.8009853078894,26.5313364751655,40.5522216408311,"Température","°C","intensite","IC","rafale_max","complet"
34.3439821029083,32.7552296232903,26.4090989335199,40.6263413369506,"Température","°C","intensite","IC","rafale_max","complet"
34.4982102908277,32.708928249957,26.2853435627664,40.702301824821,"Température","°C","intensite","IC","rafale_max","complet"
34.6524384787472,32.662098001598,26.1601379721186,40.7800848375875,"Température","°C","intensite","IC","rafale_max","complet"
34.8066666666667,32.6147556356641,26.0335498668359,40.85967110191,"Température","°C","intensite","IC","rafale_max","complet"
24.2666666666667,28.2819237040438,22.4054262579445,35.6997094896928,"Humidité relative","%","intensite","IC","rafale_max","complet"
24.7715883668904,28.3897576703779,22.569925444188,35.7102792641405,"Humidité relative","%","intensite","IC","rafale_max","complet"
25.2765100671141,28.4973643330019,22.7338996816169,35.7219740256235,"Humidité relative","%","intensite","IC","rafale_max","complet"
25.7814317673378,28.6047126636887,22.8972633885529,35.7348200388547,"Humidité relative","%","intensite","IC","rafale_max","complet"
26.2863534675615,28.7117712489549,23.0599296536475,35.7488431506086,"Humidité relative","%","intensite","IC","rafale_max","complet"
26.7912751677852,28.8185082930567,23.2218103628534,35.7640686604475,"Humidité relative","%","intensite","IC","rafale_max","complet"
27.2961968680089,28.9248916213241,23.3828163409076,35.780521178779,"Humidité relative","%","intensite","IC","rafale_max","complet"
27.8011185682327,29.0308886838383,23.5428575078526,35.7982244717874,"Humidité relative","%","intensite","IC","rafale_max","complet"
28.3060402684564,29.1364665594594,23.70184305101,35.8172012928893,"Humidité relative","%","intensite","IC","rafale_max","complet"
28.8109619686801,29.2415919602087,23.8596816126983,35.8374732004919,"Humidité relative","%","intensite","IC","rafale_max","complet"
29.3158836689038,29.3462312360121,24.0162814938251,35.8590603619847,"Humidité relative","%","intensite","IC","rafale_max","complet"
29.8208053691275,29.4503503798087,24.1715508733047,35.8819813440842,"Humidité relative","%","intensite","IC","rafale_max","complet"
30.3257270693512,29.5539150330322,24.3253980430349,35.9062528898587,"Humidité relative","%","intensite","IC","rafale_max","complet"
30.8306487695749,29.6568904914666,24.4777316579281,35.9318896830038,"Humidité relative","%","intensite","IC","rafale_max","complet"
31.3355704697987,29.7592417114848,24.6284610002202,35.9589041002058,"Humidité relative","%","intensite","IC","rafale_max","complet"
31.8404921700224,29.860933316672,24.7774962569879,35.9873059527254,"Humidité relative","%","intensite","IC","rafale_max","complet"
32.3454138702461,29.96192960484,24.9247488094855,36.017102218649,"Humidité relative","%","intensite","IC","rafale_max","complet"
32.8503355704698,30.0621945554363,25.0701315325816,36.0482967675856,"Humidité relative","%","intensite","IC","rafale_max","complet"
33.3552572706935,30.1616918373515,25.2135591022267,36.0808900799338,"Humidité relative","%","intensite","IC","rafale_max","complet"
33.8601789709172,30.2603848171298,25.354948308542,36.1148789631838,"Humidité relative","%","intensite","IC","rafale_max","complet"
34.3651006711409,30.3582365675859,25.4942183717719,36.150256268063,"Humidité relative","%","intensite","IC","rafale_max","complet"
34.8700223713647,30.4552098768317,25.6312912580244,36.1870106076489,"Humidité relative","%","intensite","IC","rafale_max","complet"
35.3749440715884,30.5512672577153,25.7660919914279,36.2251260828719,"Humidité relative","%","intensite","IC","rafale_max","complet"
35.8798657718121,30.6463709576764,25.8985489590776,36.2645820180715,"Humidité relative","%","intensite","IC","rafale_max","complet"
36.3847874720358,30.7404829690195,26.0285942049501,36.3053527104764,"Humidité relative","%","intensite","IC","rafale_max","complet"
36.8897091722595,30.8335650396081,26.1561637088259,36.3474071975986,"Humidité relative","%","intensite","IC","rafale_max","complet"
37.3946308724832,30.9255786839814,26.2811976462058,36.3907090465948,"Humidité relative","%","intensite","IC","rafale_max","complet"
37.8995525727069,31.0164851948947,26.4036406252358,36.4352161696085,"Humidité relative","%","intensite","IC","rafale_max","complet"
38.4044742729306,31.1062456552858,26.5234418967743,36.4808806689854,"Humidité relative","%","intensite","IC","rafale_max","complet"
38.9093959731544,31.1948209506679,26.6405555339549,36.5276487160312,"Humidité relative","%","intensite","IC","rafale_max","complet"
39.4143176733781,31.2821717819492,26.7549405779121,36.5754604666643,"Humidité relative","%","intensite","IC","rafale_max","complet"
39.9192393736018,31.3682586786802,26.8665611467404,36.6242500169017,"Humidité relative","%","intensite","IC","rafale_max","complet"
40.4241610738255,31.4530420127283,26.975386505255,36.6739454006241,"Humidité relative","%","intensite","IC","rafale_max","complet"
40.9290827740492,31.5364820123783,27.0813910936804,36.7244686314929,"Humidité relative","%","intensite","IC","rafale_max","complet"
41.4340044742729,31.6185387768594,27.1845545140222,36.775735790266,"Humidité relative","%","intensite","IC","rafale_max","complet"
41.9389261744966,31.6991722912966,27.284861473537,36.8276571580867,"Humidité relative","%","intensite","IC","rafale_max","complet"
42.4438478747204,31.7783424420841,27.3823016854005,36.8801373956373,"Humidité relative","%","intensite","IC","rafale_max","complet"
42.9487695749441,31.8560090326794,27.4768697273551,36.9330757673551,"Humidité relative","%","intensite","IC","rafale_max","complet"
43.4536912751678,31.9321317998155,27.5685648597757,36.9863664092482,"Humidité relative","%","intensite","IC","rafale_max","complet"
43.9586129753915,32.0066704301268,27.6573908052069,37.0398986382291,"Humidité relative","%","intensite","IC","rafale_max","complet"
44.4635346756152,32.0795845771872,27.7433554919777,37.0935573003231,"Humidité relative","%","intensite","IC","rafale_max","complet"
44.9684563758389,32.1508338789541,27.8264707649662,37.1472231546342,"Humidité relative","%","intensite","IC","rafale_max","complet"
45.4733780760626,32.2203779756153,27.9067520669742,37.2007732895617,"Humidité relative","%","intensite","IC","rafale_max","complet"
45.9782997762863,32.288176527833,27.9842180944462,37.2540815674749,"Humidité relative","%","intensite","IC","rafale_max","complet"
46.4832214765101,32.3541892353803,28.0588904314461,37.3070190938711,"Humidité relative","%","intensite","IC","rafale_max","complet"
46.9881431767338,32.418375856162,28.1307931658751,37.3594547069606,"Humidité relative","%","intensite","IC","rafale_max","complet"
47.4930648769575,32.4806962256161,28.1999524918881,37.4112554836477,"Humidité relative","%","intensite","IC","rafale_max","complet"
47.9979865771812,32.5411102764862,28.2663963023413,37.4622872579878,"Humidité relative","%","intensite","IC","rafale_max","complet"
48.5029082774049,32.5995780589583,28.3301537749028,37.5124151483983,"Humidité relative","%","intensite","IC","rafale_max","complet"
49.0078299776286,32.6560597611549,28.3912549551832,37.5615040901682,"Humidité relative","%","intensite","IC","rafale_max","complet"
49.5127516778523,32.7105157299745,28.4497303399132,37.60941937013,"Humidité relative","%","intensite","IC","rafale_max","complet"
50.0176733780761,32.7629064922708,28.5056104628257,37.6560271607274,"Humidité relative","%","intensite","IC","rafale_max","complet"
50.5225950782998,32.8131927763596,28.5589254855011,37.701195051094,"Humidité relative","%","intensite","IC","rafale_max","complet"
51.0275167785235,32.861335533843,28.6097047950251,37.7447925731688,"Humidité relative","%","intensite","IC","rafale_max","complet"
51.5324384787472,32.9072959617413,28.6579766098989,37.7866917212707,"Humidité relative","%","intensite","IC","rafale_max","complet"
52.0373601789709,32.9510355249189,28.7037675952443,37.8267674639465,"Humidité relative","%","intensite","IC","rafale_max","complet"
52.5422818791946,32.9925159787946,28.7471024879711,37.8648982472751,"Humidité relative","%","intensite","IC","rafale_max","complet"
53.0472035794183,33.031699392321,28.7880037322306,37.9009664891452,"Humidité relative","%","intensite","IC","rafale_max","complet"
53.5521252796421,33.0685481712219,28.826491125173,37.934859064324,"Humidité relative","%","intensite","IC","rafale_max","complet"
54.0570469798658,33.1030250814726,28.8625814727634,37.9664677803917,"Humidité relative","%","intensite","IC","rafale_max","complet"
54.5619686800895,33.1350932730085,28.896288255197,37.9956898448199,"Humidité relative","%","intensite","IC","rafale_max","complet"
55.0668903803132,33.1647163036486,28.9276213012867,38.0224283236371,"Humidité relative","%","intensite","IC","rafale_max","complet"
55.5718120805369,33.1918581632156,28.9565864710891,38.0465925922238,"Humidité relative","%","intensite","IC","rafale_max","complet"
56.0767337807606,33.21648329784,28.9831853459717,38.0680987788334,"Humidité relative","%","intensite","IC","rafale_max","complet"
56.5816554809843,33.2385566344277,29.0074149253286,38.0868702014314,"Humidité relative","%","intensite","IC","rafale_max","complet"
57.086577181208,33.258043605277,29.0292673292034,38.1028377983821,"Humidité relative","%","intensite","IC","rafale_max","complet"
57.5914988814318,33.2749101728255,29.0487295061932,38.1159405533915,"Humidité relative","%","intensite","IC","rafale_max","complet"
58.0964205816555,33.2891401347481,29.065796666829,38.126147499531,"Humidité relative","%","intensite","IC","rafale_max","complet"
58.6013422818792,33.3009053161362,29.0806075668688,38.1336700866486,"Humidité relative","%","intensite","IC","rafale_max","complet"
59.1062639821029,33.3104931864553,29.0933885356498,38.1388697629785,"Humidité relative","%","intensite","IC","rafale_max","complet"
59.6111856823266,33.3181936732256,29.1043648168061,38.1421149931968,"Humidité relative","%","intensite","IC","rafale_max","complet"
60.1161073825503,33.3242973301438,29.1137600089848,38.1437777945931,"Humidité relative","%","intensite","IC","rafale_max","complet"
60.621029082774,33.3290951848352,29.1217967874599,38.1442324437253,"Humidité relative","%","intensite","IC","rafale_max","complet"
61.1259507829978,33.3328786119284,29.1286975929886,38.1438542870175,"Humidité relative","%","intensite","IC","rafale_max","complet"
61.6308724832215,33.3359392315434,29.1346852857792,38.1430186579561,"Humidité relative","%","intensite","IC","rafale_max","complet"
62.1357941834452,33.3385688332586,29.1399837625561,38.1420999032303,"Humidité relative","%","intensite","IC","rafale_max","complet"
62.6407158836689,33.3410593255998,29.1448185348254,38.1414705198757,"Humidité relative","%","intensite","IC","rafale_max","complet"
63.1456375838926,33.3437027110778,29.1494172665754,38.1415004052105,"Humidité relative","%","intensite","IC","rafale_max","complet"
63.6505592841163,33.3467910867932,29.154010269819,38.1425562210702,"Humidité relative","%","intensite","IC","rafale_max","complet"
64.15548098434,33.3506166706237,29.1588309565889,38.1450008735536,"Humidité relative","%","intensite","IC","rafale_max","complet"
64.6604026845638,33.355471853012,29.1641162462601,38.1491931091776,"Humidité relative","%","intensite","IC","rafale_max","complet"
65.1653243847875,33.3616492743824,29.1701069273753,38.1554872280013,"Humidité relative","%","intensite","IC","rafale_max","complet"
65.6702460850112,33.3694419282296,29.1770479734979,38.1642329139301,"Humidité relative","%","intensite","IC","rafale_max","complet"
66.1751677852349,33.3791432899467,29.1851888129997,38.1757751820512,"Humidité relative","%","intensite","IC","rafale_max","complet"
66.6800894854586,33.3910474714856,29.1947835530951,38.1904544424958,"Humidité relative","%","intensite","IC","rafale_max","complet"
67.1850111856823,33.4054494019802,29.206091158841,38.2086066799959,"Humidité relative","%","intensite","IC","rafale_max","complet"
67.689932885906,33.4226450345021,29.2193755882258,38.2305637479968,"Humidité relative","%","intensite","IC","rafale_max","complet"
68.1948545861298,33.4429315791675,29.2349058848369,38.2566537759564,"Humidité relative","%","intensite","IC","rafale_max","complet"
68.6997762863535,33.4666077628687,29.2529562299227,38.2872016882877,"Humidité relative","%","intensite","IC","rafale_max","complet"
69.2046979865772,33.4939741159627,29.273805955918,38.32252983333,"Humidité relative","%","intensite","IC","rafale_max","complet"
69.7096196868009,33.5253332863192,29.2977395236782,38.3629587207714,"Humidité relative","%","intensite","IC","rafale_max","complet"
70.2145413870246,33.5609903812036,29.3250464657439,38.4088078661009,"Humidité relative","%","intensite","IC","rafale_max","complet"
70.7194630872483,33.6012533375557,29.3560212979268,38.4603967409688,"Humidité relative","%","intensite","IC","rafale_max","complet"
71.224384787472,33.6464333213093,29.3909634013608,38.5180458287699,"Humidité relative","%","intensite","IC","rafale_max","complet"
71.7293064876957,33.696845156501,29.4301768768939,38.5820777853594,"Humidité relative","%","intensite","IC","rafale_max","complet"
72.2342281879195,33.7528077850171,29.47397037331,38.6528187055502,"Humidité relative","%","intensite","IC","rafale_max","complet"
72.7391498881432,33.814644757945,29.5226568903602,38.7305994969366,"Humidité relative","%","intensite","IC","rafale_max","complet"
73.2440715883669,33.8826847596168,29.5765535569687,38.8157573636254,"Humidité relative","%","intensite","IC","rafale_max","complet"
73.7489932885906,33.957262165565,29.6359813842578,38.9086374036332,"Humidité relative","%","intensite","IC","rafale_max","complet"
74.2539149888143,34.0387176357535,29.7012649922313,39.0095943250098,"Humidité relative","%","intensite","IC","rafale_max","complet"
74.758836689038,34.1273987446001,29.7727323080812,39.1189942871586,"Humidité relative","%","intensite","IC","rafale_max","complet"
75.2637583892617,34.2236606494694,29.8507142331575,39.2372168753348,"Humidité relative","%","intensite","IC","rafale_max","complet"
75.7686800894855,34.327855205268,29.9355335860928,39.364644682375,"Humidité relative","%","intensite","IC","rafale_max","complet"
76.2736017897092,34.440112030597,30.0273021489285,39.501428093579,"Humidité relative","%","intensite","IC","rafale_max","complet"
76.7785234899329,34.560353873277,30.1259340179324,39.6475030163432,"Humidité relative","%","intensite","IC","rafale_max","complet"
77.2834451901566,34.6884989877064,30.2313323130105,39.8028095342082,"Humidité relative","%","intensite","IC","rafale_max","complet"
77.7883668903803,34.8244687085863,30.3433965492971,39.9672996022392,"Humidité relative","%","intensite","IC","rafale_max","complet"
78.293288590604,34.9681871732273,30.4620227539744,40.1409362752288,"Humidité relative","%","intensite","IC","rafale_max","complet"
78.7982102908277,35.1195810493979,30.5871035720933,40.3236929635446,"Humidité relative","%","intensite","IC","rafale_max","complet"
79.3031319910515,35.2785792682049,30.7185283647611,40.5155527115269,"Humidité relative","%","intensite","IC","rafale_max","complet"
79.8080536912752,35.4451127615295,30.8561833029619,40.7165074935546,"Humidité relative","%","intensite","IC","rafale_max","complet"
80.3129753914989,35.6191142035756,30.9999514601185,40.9265575231489,"Humidité relative","%","intensite","IC","rafale_max","complet"
80.8178970917226,35.8005177561112,31.1497129062945,41.1457105707913,"Humidité relative","%","intensite","IC","rafale_max","complet"
81.3228187919463,35.9892588170184,31.30534480668,41.3739812864786,"Humidité relative","%","intensite","IC","rafale_max","complet"
81.82774049217,36.1852737717891,31.4667215267012,41.6113905234217,"Humidité relative","%","intensite","IC","rafale_max","complet"
82.3326621923937,36.3884997476346,31.6337147457586,41.8579646597193,"Humidité relative","%","intensite","IC","rafale_max","complet"
82.8375838926174,36.5988743699015,31.80619358122,42.113734915288,"Humidité relative","%","intensite","IC","rafale_max","complet"
83.3425055928412,36.8163355205108,31.984024723894,42.3787366618133,"Humidité relative","%","intensite","IC","rafale_max","complet"
83.8474272930649,37.0408210981634,32.1670725857753,42.6530087239855,"Humidité relative","%","intensite","IC","rafale_max","complet"
84.3523489932886,37.2722687800793,32.3551994604147,42.9365926708049,"Humidité relative","%","intensite","IC","rafale_max","complet"
84.8572706935123,37.5106157850611,32.5482656958049,43.2295320962624,"Humidité relative","%","intensite","IC","rafale_max","complet"
85.362192393736,37.7557986376967,32.7461298792225,43.531871889227,"Humidité relative","%","intensite","IC","rafale_max","complet"
85.8671140939597,38.0077529335387,32.9486490330183,43.8436574928847,"Humidité relative","%","intensite","IC","rafale_max","complet"
86.3720357941834,38.2664131051226,33.1556788199254,44.1649341545646,"Humidité relative","%","intensite","IC","rafale_max","complet"
86.8769574944072,38.5317121887082,33.3670737560589,44.4957461672481,"Humidité relative","%","intensite","IC","rafale_max","complet"
87.3818791946309,38.8035815916504,33.582687429427,44.8361361044763,"Humidité relative","%","intensite","IC","rafale_max","complet"
87.8868008948546,39.081950860332,33.8023727214787,45.1861440507359,"Humidité relative","%","intensite","IC","rafale_max","complet"
88.3917225950783,39.3667474486092,34.0259820289668,45.5458068297121,"Humidité relative","%","intensite","IC","rafale_max","complet"
88.896644295302,39.6578964867496,34.2533674832416,45.9151572330285,"Humidité relative","%","intensite","IC","rafale_max","complet"
89.4015659955257,39.9553205508586,34.4843811639887,46.2942232522641,"Humidité relative","%","intensite","IC","rafale_max","complet"
89.9064876957494,40.2589394328206,34.7188753044129,46.6830273171178,"Humidité relative","%","intensite","IC","rafale_max","complet"
90.4114093959732,40.5686699107976,34.9567024849237,47.081585542603,"Humidité relative","%","intensite","IC","rafale_max","complet"
90.9163310961969,40.8844255203584,35.1977158125213,47.4899069880863,"Humidité relative","%","intensite","IC","rafale_max","complet"
91.4212527964206,41.2061163263281,35.4417690832888,47.9079929308462,"Humidité relative","%","intensite","IC","rafale_max","complet"
91.9261744966443,41.5336486954778,35.6887169256691,48.3358361566265,"Humidité relative","%","intensite","IC","rafale_max","complet"
92.431096196868,41.8669250701938,35.9384149225391,48.7734202694041,"Humidité relative","%","intensite","IC","rafale_max","complet"
92.9360178970917,42.2058437432917,36.1907197104636,49.2207190222894,"Humidité relative","%","intensite","IC","rafale_max","complet"
93.4409395973154,42.5502986341654,36.4454890549206,49.6776956711522,"Humidité relative","%","intensite","IC","rafale_max","complet"
93.9458612975392,42.9001790664832,36.702581900714,50.1443023522147,"Humidité relative","%","intensite","IC","rafale_max","complet"
94.4507829977629,43.255369547672,36.9618583972189,50.6204794845071,"Humidité relative","%","intensite","IC","rafale_max","complet"
94.9557046979866,43.6157495504496,37.2231798985296,51.1061551977372,"Humidité relative","%","intensite","IC","rafale_max","complet"
95.4606263982103,43.9811932966944,37.4864089389838,51.6012447858024,"Humidité relative","%","intensite","IC","rafale_max","complet"
95.965548098434,44.3515695439656,37.75140918491,52.1056501858875,"Humidité relative","%","intensite","IC","rafale_max","complet"
96.4704697986577,44.7267413750096,38.0180453637814,52.6192594828348,"Humidité relative","%","intensite","IC","rafale_max","complet"
96.9753914988814,45.1065659906159,38.2861831722532,53.1419464382729,"Humidité relative","%","intensite","IC","rafale_max","complet"
97.4803131991051,45.4908945062085,38.5556891647977,53.6735700438321,"Humidité relative","%","intensite","IC","rafale_max","complet"
97.9852348993289,45.8795717525849,38.8264306248449,54.2139740976769,"Humidité relative","%","intensite","IC","rafale_max","complet"
98.4901565995526,46.2724360812381,39.098275420474,54.7629868035316,"Humidité relative","%","intensite","IC","rafale_max","complet"
98.9950782997763,46.6693191747201,39.3710918467852,55.3204203913826,"Humidité relative","%","intensite","IC","rafale_max","complet"
99.5,47.070045862533,39.6447484571228,55.8860707590869,"Humidité relative","%","intensite","IC","rafale_max","complet"
1002.65333333333,43.4156181771981,34.3998139105532,54.7943633244481,"Pression atmosphérique","hPa","intensite","IC","rafale_max","complet"
1002.86308724832,43.3808030416807,34.4469896175275,54.63159751944,"Pression atmosphérique","hPa","intensite","IC","rafale_max","complet"
1003.07284116331,43.3447356049959,34.4917457893792,54.4700206286895,"Pression atmosphérique","hPa","intensite","IC","rafale_max","complet"
1003.2825950783,43.3074062800167,34.534069860889,54.3095976309046,"Pression atmosphérique","hPa","intensite","IC","rafale_max","complet"
1003.49234899329,43.2688056330279,34.5739508703678,54.1502921644208,"Pression atmosphérique","hPa","intensite","IC","rafale_max","complet"
1003.70210290828,43.2289243869617,34.6113794845192,53.9920665251003,"Pression atmosphérique","hPa","intensite","IC","rafale_max","complet"
1003.91185682327,43.1877534246358,34.6463480194772,53.8348816682954,"Pression atmosphérique","hPa","intensite","IC","rafale_max","complet"
1004.12161073826,43.1452837919898,34.6788504578047,53.6786972150744,"Pression atmosphérique","hPa","intensite","IC","rafale_max","complet"
1004.33136465324,43.1015067013217,34.7088824612564,53.5234714628964,"Pression atmosphérique","hPa","intensite","IC","rafale_max","complet"
1004.54111856823,43.0564135345203,34.7364413791274,53.3691614009022,"Pression atmosphérique","hPa","intensite","IC","rafale_max","complet"
1004.75087248322,43.0099958462943,34.7615262520271,53.2157227299643,"Pression atmosphérique","hPa","intensite","IC","rafale_max","complet"
1004.96062639821,42.9622453673952,34.7841378109428,53.0631098876227,"Pression atmosphérique","hPa","intensite","IC","rafale_max","complet"
1005.1703803132,42.9131540078342,34.804278471478,52.9112760780038,"Pression atmosphérique","hPa","intensite","IC","rafale_max","complet"
1005.38013422819,42.86271386009,34.8219523231797,52.7601733067963,"Pression atmosphérique","hPa","intensite","IC","rafale_max","complet"
1005.58988814318,42.8109172023076,34.837165113892,52.6097524213295,"Pression atmosphérique","hPa","intensite","IC","rafale_max","complet"
1005.79964205817,42.7577565014851,34.8499242291045,52.4599631557726,"Pression atmosphérique","hPa","intensite","IC","rafale_max","complet"
1006.00939597315,42.7032244166491,34.8602386662907,52.3107541814409,"Pression atmosphérique","hPa","intensite","IC","rafale_max","complet"
1006.21914988814,42.6473138020151,34.8681190042608,52.1620731621712,"Pression atmosphérique","hPa","intensite","IC","rafale_max","complet"
1006.42890380313,42.590017710133,34.8735773675851,52.0138668146923,"Pression atmosphérique","hPa","intensite","IC","rafale_max","complet"
1006.63865771812,42.5313293950153,34.8766273861689,51.866080973892,"Pression atmosphérique","hPa","intensite","IC","rafale_max","complet"
1006.84841163311,42.4712423152471,34.877284150092,51.7186606628508,"Pression atmosphérique","hPa","intensite","IC","rafale_max","complet"
1007.0581655481,42.4097501370758,34.8755641598514,51.5715501674873,"Pression atmosphérique","hPa","intensite","IC","rafale_max","complet"
1007.26791946309,42.3468467374796,34.8714852721712,51.4246931156291,"Pression atmosphérique","hPa","intensite","IC","rafale_max","complet"
1007.47767337808,42.2825262072128,34.8650666415702,51.2780325603049,"Pression atmosphérique","hPa","intensite","IC","rafale_max","complet"
1007.68742729306,42.2167828538265,34.8563286578975,51.1315110670249,"Pression atmosphérique","hPa","intensite","IC","rafale_max","complet"
1007.89718120805,42.1496112046632,34.8452928800679,50.9850708048005,"Pression atmosphérique","hPa","intensite","IC","rafale_max","complet"
1008.10693512304,42.0810060098237,34.8319819662468,50.8386536406335,"Pression atmosphérique","hPa","intensite","IC","rafale_max","complet"
1008.31668903803,42.0109622451043,34.8164196007469,50.6922012371921,"Pression atmosphérique","hPa","intensite","IC","rafale_max","complet"
1008.52644295302,41.9394751149042,34.7986304179135,50.5456551533769,"Pression atmosphérique","hPa","intensite","IC","rafale_max","complet"
1008.73619686801,41.8665400550988,34.7786399232827,50.3989569474729,"Pression atmosphérique","hPa","intensite","IC","rafale_max","complet"
1008.945950783,41.7921527358806,34.7564744123028,50.2520482825764,"Pression atmosphérique","hPa","intensite","IC","rafale_max","complet"
1009.15570469799,41.7163090645632,34.7321608869111,50.1048710339808,"Pression atmosphérique","hPa","intensite","IC","rafale_max","complet"
1009.36545861298,41.6390051883485,34.7057269702609,49.9573673982107,"Pression atmosphérique","hPa","intensite","IC","rafale_max","complet"
1009.57521252796,41.560237497055,34.6772008198852,49.8094800033902,"Pression atmosphérique","hPa","intensite","IC","rafale_max","complet"
1009.78496644295,41.4800026258057,34.6466110395829,49.6611520206438,"Pression atmosphérique","hPa","intensite","IC","rafale_max","complet"
1009.99472035794,41.398297457673,34.6139865902989,49.5123272762318,"Pression atmosphérique","hPa","intensite","IC","rafale_max","complet"
1010.20447427293,41.3151191262814,34.5793567002621,49.3629503641369,"Pression atmosphérique","hPa","intensite","IC","rafale_max","complet"
1010.41422818792,41.2304650183631,34.5427507746294,49.2129667588323,"Pression atmosphérique","hPa","intensite","IC","rafale_max","complet"
1010.62398210291,41.1443327762678,34.5041983048665,49.0623229279755,"Pression atmosphérique","hPa","intensite","IC","rafale_max","complet"
1010.8337360179,41.0567203004231,34.4637287780813,48.9109664447929,"Pression atmosphérique","hPa","intensite","IC","rafale_max","complet"
1011.04348993289,40.9676257517453,34.4213715865033,48.7588460999371,"Pression atmosphérique","hPa","intensite","IC","rafale_max","complet"
1011.25324384787,40.8770475539973,34.3771559372831,48.6059120126216,"Pression atmosphérique","hPa","intensite","IC","rafale_max","complet"
1011.46299776286,40.7849843960944,34.331110762763,48.4521157408596,"Pression atmosphérique","hPa","intensite","IC","rafale_max","complet"
1011.67275167785,40.6914352343537,34.2832646313484,48.2974103906532,"Pression atmosphérique","hPa","intensite","IC","rafale_max","complet"
1011.88250559284,40.596399294687,34.2336456590849,48.1417507240075,"Pression atmosphérique","hPa","intensite","IC","rafale_max","complet"
1012.09225950783,40.4998760747363,34.1822814220245,47.9850932656633,"Pression atmosphérique","hPa","intensite","IC","rafale_max","complet"
1012.30201342282,40.4018653459481,34.1291988694402,47.8273964084671,"Pression atmosphérique","hPa","intensite","IC","rafale_max","complet"
1012.51176733781,40.3023671555869,34.0744242379241,47.6686205173186,"Pression atmosphérique","hPa","intensite","IC","rafale_max","complet"
1012.7215212528,40.2013818286854,34.017982966387,47.5087280316611,"Pression atmosphérique","hPa","intensite","IC","rafale_max","complet"
1012.93127516779,40.0989099699304,33.9598996119497,47.3476835664965,"Pression atmosphérique","hPa","intensite","IC","rafale_max","complet"
1013.14102908277,39.9949524654816,33.9001977667022,47.1854540119321,"Pression atmosphérique","hPa","intensite","IC","rafale_max","complet"
1013.35078299776,39.8895104847236,33.8388999752854,47.0220086312794,"Pression atmosphérique","hPa","intensite","IC","rafale_max","complet"
1013.56053691275,39.782585481948,33.7760276532339,46.857319157748,"Pression atmosphérique","hPa","intensite","IC","rafale_max","complet"
1013.77029082774,39.6741791979651,33.7116010060043,46.6913598897869,"Pression atmosphérique","hPa","intensite","IC","rafale_max","complet"
1013.98004474273,39.5642936616427,33.6456389486011,46.5241077851425,"Pression atmosphérique","hPa","intensite","IC","rafale_max","complet"
1014.18979865772,39.4529311913718,33.5781590257003,46.3555425537109,"Pression atmosphérique","hPa","intensite","IC","rafale_max","complet"
1014.39955257271,39.3400943964567,33.5091773321667,46.1856467492708,"Pression atmosphérique","hPa","intensite","IC","rafale_max","complet"
1014.6093064877,39.2257861784279,33.4387084338536,46.0144058601854,"Pression atmosphérique","hPa","intensite","IC","rafale_max","complet"
1014.81906040268,39.1100097322781,33.3667652885749,45.8418083991689,"Pression atmosphérique","hPa","intensite","IC","rafale_max","complet"
1015.02881431767,38.9927685476175,33.2933591671408,45.6678459922025,"Pression atmosphérique","hPa","intensite","IC","rafale_max","complet"
1015.23856823266,38.8740664097487,33.2184995743574,45.4925134666859,"Pression atmosphérique","hPa","intensite","IC","rafale_max","complet"
1015.44832214765,38.7539074006592,33.142194169899,45.3158089388939,"Pression atmosphérique","hPa","intensite","IC","rafale_max","complet"
1015.65807606264,38.6322958999303,33.0644486889815,45.137733900796,"Pression atmosphérique","hPa","intensite","IC","rafale_max","complet"
1015.86782997763,38.509236585561,32.9852668627847,44.9582933062715,"Pression atmosphérique","hPa","intensite","IC","rafale_max","complet"
1016.07758389262,38.384734434706,32.9046503386025,44.7774956567274,"Pression atmosphérique","hPa","intensite","IC","rafale_max","complet"
1016.28733780761,38.2587947243257,32.8225985997315,44.5953530860918,"Pression atmosphérique","hPa","intensite","IC","rafale_max","complet"
1016.4970917226,38.1314230317476,32.7391088851545,44.411881445112,"Pression atmosphérique","hPa","intensite","IC","rafale_max","complet"
1016.70684563758,38.0026252351388,32.654176109124,44.227100384838,"Pression atmosphérique","hPa","intensite","IC","rafale_max","complet"
1016.91659955257,37.8724075138855,32.5677927808124,44.0410334391113,"Pression atmosphérique","hPa","intensite","IC","rafale_max","complet"
1017.12635346756,37.7407763488822,32.4799489242649,43.8537081058105,"Pression atmosphérique","hPa","intensite","IC","rafale_max","complet"
1017.33610738255,37.6077385227264,32.3906319989721,43.6651559265236,"Pression atmosphérique","hPa","intensite","IC","rafale_max","complet"
1017.54586129754,37.4733011198197,32.2998268214742,43.475412564227,"Pression atmosphérique","hPa","intensite","IC","rafale_max","complet"
1017.75561521253,37.3374715263726,32.2075154885117,43.284517878442,"Pression atmosphérique","hPa","intensite","IC","rafale_max","complet"
1017.96536912752,37.2002574303139,32.1136773023588,43.092515997225,"Pression atmosphérique","hPa","intensite","IC","rafale_max","complet"
1018.17512304251,37.0616668211018,32.0182886991096,42.8994553852142,"Pression atmosphérique","hPa","intensite","IC","rafale_max","complet"
1018.38487695749,36.9217079894378,31.9213231808346,42.705388906804,"Pression atmosphérique","hPa","intensite","IC","rafale_max","complet"
1018.59463087248,36.7803895268802,31.8227512526899,42.510373883361,"Pression atmosphérique","hPa","intensite","IC","rafale_max","complet"
1018.80438478747,36.6377203253585,31.722540366238,42.3144721432149,"Pression atmosphérique","hPa","intensite","IC","rafale_max","complet"
1019.01413870246,36.4937095765865,31.6206548704339,42.1177500629661,"Pression atmosphérique","hPa","intensite","IC","rafale_max","complet"
1019.22389261745,36.3483667713745,31.5170559719341,41.9202785984482,"Pression atmosphérique","hPa","intensite","IC","rafale_max","complet"
1019.43364653244,36.2017016988382,31.4117017066013,41.7221333034703,"Pression atmosphérique","hPa","intensite","IC","rafale_max","complet"
1019.64340044743,36.0537244455058,31.3045469243022,41.5233943342382,"Pression atmosphérique","hPa","intensite","IC","rafale_max","complet"
1019.85315436242,35.9044453943204,31.1955432893187,41.3241464371331,"Pression atmosphérique","hPa","intensite","IC","rafale_max","complet"
1020.0629082774,35.7538752235391,31.0846392989188,41.1244789173046,"Pression atmosphérique","hPa","intensite","IC","rafale_max","complet"
1020.27266219239,35.6020249055275,30.9717803228409,40.92448558532,"Pression atmosphérique","hPa","intensite","IC","rafale_max","complet"
1020.48241610738,35.4489057054481,30.8569086666387,40.7242646789297,"Pression atmosphérique","hPa","intensite","IC","rafale_max","complet"
1020.69217002237,35.2945291798442,30.7399636619935,40.5239187568411,"Pression atmosphérique","hPa","intensite","IC","rafale_max","complet"
1020.90192393736,35.1389071751169,30.6208817872134,40.3235545612891,"Pression atmosphérique","hPa","intensite","IC","rafale_max","complet"
1021.11167785235,34.9820518258968,30.4995968211955,40.1232828461291,"Pression atmosphérique","hPa","intensite","IC","rafale_max","complet"
1021.32143176734,34.8239755533081,30.3760400341032,39.9232181672099,"Pression atmosphérique","hPa","intensite","IC","rafale_max","complet"
1021.53118568233,34.6646910631268,30.2501404178925,39.7234786318964,"Pression atmosphérique","hPa","intensite","IC","rafale_max","complet"
1021.74093959732,34.5043339624164,30.1219324524585,39.5243254751005,"Pression atmosphérique","hPa","intensite","IC","rafale_max","complet"
1021.9506935123,34.3438555923496,29.9921717478961,39.3269426056452,"Pression atmosphérique","hPa","intensite","IC","rafale_max","complet"
1022.16044742729,34.1845243251929,29.8619174002345,39.1328422645268,"Pression atmosphérique","hPa","intensite","IC","rafale_max","complet"
1022.37020134228,34.0275861107886,29.7322389450425,38.9434720562878,"Pression atmosphérique","hPa","intensite","IC","rafale_max","complet"
1022.57995525727,33.8742640852083,29.604215862038,38.7602148512181,"Pression atmosphérique","hPa","intensite","IC","rafale_max","complet"
1022.78970917226,33.7257596648621,29.4789377567071,38.5843911459546,"Pression atmosphérique","hPa","intensite","IC","rafale_max","complet"
1022.99946308725,33.5832540726232,29.3575043437772,38.4172626153566,"Pression atmosphérique","hPa","intensite","IC","rafale_max","complet"
1023.20921700224,33.4479102834609,29.241025275462,38.2600367733779,"Pression atmosphérique","hPa","intensite","IC","rafale_max","complet"
1023.41897091723,33.3208753788276,29.130619868135,38.1138726548643,"Pression atmosphérique","hPa","intensite","IC","rafale_max","complet"
1023.62872483221,33.2032833012097,29.0274167887013,37.9798874286848,"Pression atmosphérique","hPa","intensite","IC","rafale_max","complet"
1023.8384787472,33.096258002808,28.9325537656875,37.8591638560257,"Pression atmosphérique","hPa","intensite","IC","rafale_max","complet"
1024.04823266219,33.0009169852605,28.8471773895459,37.7527585164268,"Pression atmosphérique","hPa","intensite","IC","rafale_max","complet"
1024.25798657718,32.9183752306559,28.7724430617395,37.6617107383286,"Pression atmosphérique","hPa","intensite","IC","rafale_max","complet"
1024.46774049217,32.8497495278157,28.7095151430086,37.5870521903611,"Pression atmosphérique","hPa","intensite","IC","rafale_max","complet"
1024.67749440716,32.7961632019518,28.6595673382054,37.5298171139946,"Pression atmosphérique","hPa","intensite","IC","rafale_max","complet"
1024.88724832215,32.7587512603705,28.6237833387484,37.4910532070058,"Pression atmosphérique","hPa","intensite","IC","rafale_max","complet"
1025.09700223714,32.7386659718973,28.6033577246945,37.4718331999923,"Pression atmosphérique","hPa","intensite","IC","rafale_max","complet"
1025.30675615213,32.7370829032057,28.5994971072137,37.4732672044447,"Pression atmosphérique","hPa","intensite","IC","rafale_max","complet"
1025.51651006711,32.7552074412686,28.6134214694019,37.4965159503159,"Pression atmosphérique","hPa","intensite","IC","rafale_max","complet"
1025.7262639821,32.7942818377963,28.6463656392887,37.5428050733882,"Pression atmosphérique","hPa","intensite","IC","rafale_max","complet"
1025.93601789709,32.855591448224,28.6995794872238,37.6134392454485,"Pression atmosphérique","hPa","intensite","IC","rafale_max","complet"
1026.14577181208,32.9400432188703,28.7739165971739,37.7093762538956,"Pression atmosphérique","hPa","intensite","IC","rafale_max","complet"
1026.35552572707,33.0475548409676,28.8692423448489,37.8306042091759,"Pression atmosphérique","hPa","intensite","IC","rafale_max","complet"
1026.56527964206,33.1779340828757,28.9852779847044,37.9770485757812,"Pression atmosphérique","hPa","intensite","IC","rafale_max","complet"
1026.77503355705,33.3310302101771,29.1217467921813,38.1487272312253,"Pression atmosphérique","hPa","intensite","IC","rafale_max","complet"
1026.98478747204,33.50673202109,29.278372511069,38.3457478829702,"Pression atmosphérique","hPa","intensite","IC","rafale_max","complet"
1027.19454138702,33.7049660220939,29.4548776248278,38.5683060381463,"Pression atmosphérique","hPa","intensite","IC","rafale_max","complet"
1027.40429530201,33.9256947298681,29.6509815310958,38.8166834105362,"Pression atmosphérique","hPa","intensite","IC","rafale_max","complet"
1027.614049217,34.168915086621,29.8663987047082,39.0912466461068,"Pression atmosphérique","hPa","intensite","IC","rafale_max","complet"
1027.82380313199,34.4346569767606,30.1008369404101,39.3924462450849,"Pression atmosphérique","hPa","intensite","IC","rafale_max","complet"
1028.03355704698,34.7229818336385,30.3539957713717,39.7208155558989,"Pression atmosphérique","hPa","intensite","IC","rafale_max","complet"
1028.24331096197,35.0339813257899,30.6255651626566,40.0769697152366,"Pression atmosphérique","hPa","intensite","IC","rafale_max","complet"
1028.45306487696,35.3677761127136,30.9152245787931,40.4616044101811,"Pression atmosphérique","hPa","intensite","IC","rafale_max","complet"
1028.66281879195,35.7245146607816,31.2226425202693,40.8754943442049,"Pression atmosphérique","hPa","intensite","IC","rafale_max","complet"
1028.87257270694,36.1043721103529,31.5474766138496,41.3194912999974,"Pression atmosphérique","hPa","intensite","IC","rafale_max","complet"
1029.08232662192,36.5075491855976,31.8893743250671,41.7945217097332,"Pression atmosphérique","hPa","intensite","IC","rafale_max","complet"
1029.29208053691,36.9342711389122,32.2479743374865,42.3015836680614,"Pression atmosphérique","hPa","intensite","IC","rafale_max","complet"
1029.5018344519,37.384786722143,32.6229086124974,42.8417433546901,"Pression atmosphérique","hPa","intensite","IC","rafale_max","complet"
1029.71158836689,37.8593671771236,33.0138051065208,43.4161308709354,"Pression atmosphérique","hPa","intensite","IC","rafale_max","complet"
1029.92134228188,38.3583052382883,33.420291081678,44.0259355359218,"Pression atmosphérique","hPa","intensite","IC","rafale_max","complet"
1030.13109619687,38.8819141403486,33.8419969042627,44.6724007302007,"Pression atmosphérique","hPa","intensite","IC","rafale_max","complet"
1030.34085011186,39.4305266242102,34.2785601866156,45.3568184135582,"Pression atmosphérique","hPa","intensite","IC","rafale_max","complet"
1030.55060402685,40.0044939344826,34.7296300963934,46.080523475551,"Pression atmosphérique","hPa","intensite","IC","rafale_max","complet"
1030.76035794183,40.6041848020787,35.1948716366576,46.8448880979619,"Pression atmosphérique","hPa","intensite","IC","rafale_max","complet"
1030.97011185682,41.229984405533,35.6739696936333,47.6513163149286,"Pression atmosphérique","hPa","intensite","IC","rafale_max","complet"
1031.17986577181,41.8822933047854,36.1666326578922,48.5012389475328,"Pression atmosphérique","hPa","intensite","IC","rafale_max","complet"
1031.3896196868,42.5615263412773,36.6725954486941,49.3961090655161,"Pression atmosphérique","hPa","intensite","IC","rafale_max","complet"
1031.59937360179,43.2681114983121,37.191621808008,50.3373980918268,"Pression atmosphérique","hPa","intensite","IC","rafale_max","complet"
1031.80912751678,44.0024887157031,37.7235057764578,51.3265926197113,"Pression atmosphérique","hPa","intensite","IC","rafale_max","complet"
1032.01888143177,44.7651086528493,38.2680723133201,52.3651919619661,"Pression atmosphérique","hPa","intensite","IC","rafale_max","complet"
1032.22863534676,45.5564313944387,38.825177071636,53.4547064026757,"Pression atmosphérique","hPa","intensite","IC","rafale_max","complet"
1032.43838926174,46.3769250930886,39.3947053830622,54.596656077918,"Pression atmosphérique","hPa","intensite","IC","rafale_max","complet"
1032.64814317673,47.2270645433247,39.9765705418388,55.7925703768176,"Pression atmosphérique","hPa","intensite","IC","rafale_max","complet"
1032.85789709172,48.1073296814075,40.5707115012903,57.0439877299669,"Pression atmosphérique","hPa","intensite","IC","rafale_max","complet"
1033.06765100671,49.0182040056383,41.1770901091273,58.3524556390586,"Pression atmosphérique","hPa","intensite","IC","rafale_max","complet"
1033.2774049217,49.9601729119072,41.7956880103043,59.7195307987825,"Pression atmosphérique","hPa","intensite","IC","rafale_max","complet"
1033.48715883669,50.9337219394064,42.4265033400549,61.1467791679061,"Pression atmosphérique","hPa","intensite","IC","rafale_max","complet"
1033.69691275168,51.9393349216,43.0695473172023,62.6357758587506,"Pression atmosphérique","hPa","intensite","IC","rafale_max","complet"
1033.90666666667,52.9774920377505,43.7248408312818,64.1881047306638,"Pression atmosphérique","hPa","intensite","IC","rafale_max","complet"
11.1666666666667,0.999999999397016,0,1,"Température","°C","presence","MR","moyen","complet"
11.3140939597315,0.99999999939466,0,1,"Température","°C","presence","MR","moyen","complet"
11.4615212527964,0.999999999392302,0,1,"Température","°C","presence","MR","moyen","complet"
11.6089485458613,0.999999999389942,0,1,"Température","°C","presence","MR","moyen","complet"
11.7563758389262,0.999999999387582,0,1,"Température","°C","presence","MR","moyen","complet"
11.9038031319911,0.99999999938522,0,1,"Température","°C","presence","MR","moyen","complet"
12.0512304250559,0.999999999382859,0,1,"Température","°C","presence","MR","moyen","complet"
12.1986577181208,0.999999999380497,0,1,"Température","°C","presence","MR","moyen","complet"
12.3460850111857,0.999999999378135,0,1,"Température","°C","presence","MR","moyen","complet"
12.4935123042506,0.999999999375773,0,1,"Température","°C","presence","MR","moyen","complet"
12.6409395973154,0.999999999373412,0,1,"Température","°C","presence","MR","moyen","complet"
12.7883668903803,0.999999999371052,0,1,"Température","°C","presence","MR","moyen","complet"
12.9357941834452,0.999999999368693,0,1,"Température","°C","presence","MR","moyen","complet"
13.0832214765101,0.999999999366336,0,1,"Température","°C","presence","MR","moyen","complet"
13.2306487695749,0.99999999936398,0,1,"Température","°C","presence","MR","moyen","complet"
13.3780760626398,0.999999999361627,0,1,"Température","°C","presence","MR","moyen","complet"
13.5255033557047,0.999999999359276,0,1,"Température","°C","presence","MR","moyen","complet"
13.6729306487696,0.999999999356928,0,1,"Température","°C","presence","MR","moyen","complet"
13.8203579418345,0.999999999354582,0,1,"Température","°C","presence","MR","moyen","complet"
13.9677852348993,0.99999999935224,0,1,"Température","°C","presence","MR","moyen","complet"
14.1152125279642,0.999999999349902,0,1,"Température","°C","presence","MR","moyen","complet"
14.2626398210291,0.999999999347568,0,1,"Température","°C","presence","MR","moyen","complet"
14.410067114094,0.999999999345238,0,1,"Température","°C","presence","MR","moyen","complet"
14.5574944071588,0.999999999342913,0,1,"Température","°C","presence","MR","moyen","complet"
14.7049217002237,0.999999999340593,0,1,"Température","°C","presence","MR","moyen","complet"
14.8523489932886,0.999999999338279,0,1,"Température","°C","presence","MR","moyen","complet"
14.9997762863535,0.99999999933597,0,1,"Température","°C","presence","MR","moyen","complet"
15.1472035794183,0.999999999333667,0,1,"Température","°C","presence","MR","moyen","complet"
15.2946308724832,0.999999999331371,0,1,"Température","°C","presence","MR","moyen","complet"
15.4420581655481,0.999999999329081,0,1,"Température","°C","presence","MR","moyen","complet"
15.589485458613,0.999999999326799,0,1,"Température","°C","presence","MR","moyen","complet"
15.7369127516779,0.999999999324523,0,1,"Température","°C","presence","MR","moyen","complet"
15.8843400447427,0.999999999322256,0,1,"Température","°C","presence","MR","moyen","complet"
16.0317673378076,0.999999999319998,0,1,"Température","°C","presence","MR","moyen","complet"
16.1791946308725,0.999999999317747,0,1,"Température","°C","presence","MR","moyen","complet"
16.3266219239374,0.999999999315506,0,1,"Température","°C","presence","MR","moyen","complet"
16.4740492170022,0.999999999313274,0,1,"Température","°C","presence","MR","moyen","complet"
16.6214765100671,0.999999999311052,0,1,"Température","°C","presence","MR","moyen","complet"
16.768903803132,0.999999999308839,0,1,"Température","°C","presence","MR","moyen","complet"
16.9163310961969,0.999999999306638,0,1,"Température","°C","presence","MR","moyen","complet"
17.0637583892617,0.999999999304447,0,1,"Température","°C","presence","MR","moyen","complet"
17.2111856823266,0.999999999302267,0,1,"Température","°C","presence","MR","moyen","complet"
17.3586129753915,0.999999999300099,0,1,"Température","°C","presence","MR","moyen","complet"
17.5060402684564,0.999999999297944,0,1,"Température","°C","presence","MR","moyen","complet"
17.6534675615213,0.9999999992958,0,1,"Température","°C","presence","MR","moyen","complet"
17.8008948545861,0.99999999929367,0,1,"Température","°C","presence","MR","moyen","complet"
17.948322147651,0.999999999291552,0,1,"Température","°C","presence","MR","moyen","complet"
18.0957494407159,0.999999999289449,0,1,"Température","°C","presence","MR","moyen","complet"
18.2431767337808,0.999999999287359,0,1,"Température","°C","presence","MR","moyen","complet"
18.3906040268456,0.999999999285284,0,1,"Température","°C","presence","MR","moyen","complet"
18.5380313199105,0.999999999283224,0,1,"Température","°C","presence","MR","moyen","complet"
18.6854586129754,0.999999999281179,0,1,"Température","°C","presence","MR","moyen","complet"
18.8328859060403,0.99999999927915,0,1,"Température","°C","presence","MR","moyen","complet"
18.9803131991051,0.999999999277137,0,1,"Température","°C","presence","MR","moyen","complet"
19.12774049217,0.99999999927514,0,1,"Température","°C","presence","MR","moyen","complet"
19.2751677852349,0.999999999273161,0,1,"Température","°C","presence","MR","moyen","complet"
19.4225950782998,0.999999999271198,0,1,"Température","°C","presence","MR","moyen","complet"
19.5700223713647,0.999999999269255,0,1,"Température","°C","presence","MR","moyen","complet"
19.7174496644295,0.999999999267331,0,1,"Température","°C","presence","MR","moyen","complet"
19.8648769574944,0.999999999265428,0,1,"Température","°C","presence","MR","moyen","complet"
20.0123042505593,0.999999999263546,0,1,"Température","°C","presence","MR","moyen","complet"
20.1597315436242,0.999999999261689,0,1,"Température","°C","presence","MR","moyen","complet"
20.307158836689,0.999999999259855,0,1,"Température","°C","presence","MR","moyen","complet"
20.4545861297539,0.999999999258048,0,1,"Température","°C","presence","MR","moyen","complet"
20.6020134228188,0.999999999256267,0,1,"Température","°C","presence","MR","moyen","complet"
20.7494407158837,0.999999999254515,0,1,"Température","°C","presence","MR","moyen","complet"
20.8968680089485,0.999999999252792,0,1,"Température","°C","presence","MR","moyen","complet"
21.0442953020134,0.9999999992511,0,1,"Température","°C","presence","MR","moyen","complet"
21.1917225950783,0.999999999249439,0,1,"Température","°C","presence","MR","moyen","complet"
21.3391498881432,0.999999999247813,0,1,"Température","°C","presence","MR","moyen","complet"
21.4865771812081,0.99999999924622,0,1,"Température","°C","presence","MR","moyen","complet"
21.6340044742729,0.999999999244664,0,1,"Température","°C","presence","MR","moyen","complet"
21.7814317673378,0.999999999243145,0,1,"Température","°C","presence","MR","moyen","complet"
21.9288590604027,0.999999999241664,0,1,"Température","°C","presence","MR","moyen","complet"
22.0762863534676,0.999999999240223,0,1,"Température","°C","presence","MR","moyen","complet"
22.2237136465324,0.999999999238823,0,1,"Température","°C","presence","MR","moyen","complet"
22.3711409395973,0.999999999237465,0,1,"Température","°C","presence","MR","moyen","complet"
22.5185682326622,0.999999999236151,0,1,"Température","°C","presence","MR","moyen","complet"
22.6659955257271,0.999999999234882,0,1,"Température","°C","presence","MR","moyen","complet"
22.8134228187919,0.999999999233659,0,1,"Température","°C","presence","MR","moyen","complet"
22.9608501118568,0.999999999232484,0,1,"Température","°C","presence","MR","moyen","complet"
23.1082774049217,0.999999999231357,0,1,"Température","°C","presence","MR","moyen","complet"
23.2557046979866,0.999999999230281,0,1,"Température","°C","presence","MR","moyen","complet"
23.4031319910515,0.999999999229256,0,1,"Température","°C","presence","MR","moyen","complet"
23.5505592841163,0.999999999228283,0,1,"Température","°C","presence","MR","moyen","complet"
23.6979865771812,0.999999999227363,0,1,"Température","°C","presence","MR","moyen","complet"
23.8454138702461,0.999999999226495,0,1,"Température","°C","presence","MR","moyen","complet"
23.992841163311,0.999999999225679,0,1,"Température","°C","presence","MR","moyen","complet"
24.1402684563758,0.999999999224915,0,1,"Température","°C","presence","MR","moyen","complet"
24.2876957494407,0.999999999224201,0,1,"Température","°C","presence","MR","moyen","complet"
24.4351230425056,0.999999999223538,0,1,"Température","°C","presence","MR","moyen","complet"
24.5825503355705,0.999999999222925,0,1,"Température","°C","presence","MR","moyen","complet"
24.7299776286353,0.999999999222362,0,1,"Température","°C","presence","MR","moyen","complet"
24.8774049217002,0.999999999221848,0,1,"Température","°C","presence","MR","moyen","complet"
25.0248322147651,0.999999999221382,0,1,"Température","°C","presence","MR","moyen","complet"
25.17225950783,0.999999999220965,0,1,"Température","°C","presence","MR","moyen","complet"
25.3196868008949,0.999999999220595,0,1,"Température","°C","presence","MR","moyen","complet"
25.4671140939597,0.999999999220272,0,1,"Température","°C","presence","MR","moyen","complet"
25.6145413870246,0.999999999219996,0,1,"Température","°C","presence","MR","moyen","complet"
25.7619686800895,0.999999999219765,0,1,"Température","°C","presence","MR","moyen","complet"
25.9093959731544,0.999999999219581,0,1,"Température","°C","presence","MR","moyen","complet"
26.0568232662192,0.999999999219441,0,1,"Température","°C","presence","MR","moyen","complet"
26.2042505592841,0.999999999219345,0,1,"Température","°C","presence","MR","moyen","complet"
26.351677852349,0.999999999219294,0,1,"Température","°C","presence","MR","moyen","complet"
26.4991051454139,0.999999999219285,0,1,"Température","°C","presence","MR","moyen","complet"
26.6465324384788,0.999999999219319,0,1,"Température","°C","presence","MR","moyen","complet"
26.7939597315436,0.999999999219395,0,1,"Température","°C","presence","MR","moyen","complet"
26.9413870246085,0.999999999219513,0,1,"Température","°C","presence","MR","moyen","complet"
27.0888143176734,0.999999999219671,0,1,"Température","°C","presence","MR","moyen","complet"
27.2362416107383,0.999999999219869,0,1,"Température","°C","presence","MR","moyen","complet"
27.3836689038031,0.999999999220107,0,1,"Température","°C","presence","MR","moyen","complet"
27.531096196868,0.999999999220384,0,1,"Température","°C","presence","MR","moyen","complet"
27.6785234899329,0.999999999220699,0,1,"Température","°C","presence","MR","moyen","complet"
27.8259507829978,0.999999999221052,0,1,"Température","°C","presence","MR","moyen","complet"
27.9733780760626,0.999999999221442,0,1,"Température","°C","presence","MR","moyen","complet"
28.1208053691275,0.999999999221868,0,1,"Température","°C","presence","MR","moyen","complet"
28.2682326621924,0.99999999922233,0,1,"Température","°C","presence","MR","moyen","complet"
28.4156599552573,0.999999999222827,0,1,"Température","°C","presence","MR","moyen","complet"
28.5630872483221,0.999999999223359,0,1,"Température","°C","presence","MR","moyen","complet"
28.710514541387,0.999999999223924,0,1,"Température","°C","presence","MR","moyen","complet"
28.8579418344519,0.999999999224522,0,1,"Température","°C","presence","MR","moyen","complet"
29.0053691275168,0.999999999225153,0,1,"Température","°C","presence","MR","moyen","complet"
29.1527964205817,0.999999999225815,0,1,"Température","°C","presence","MR","moyen","complet"
29.3002237136465,0.999999999226509,0,1,"Température","°C","presence","MR","moyen","complet"
29.4476510067114,0.999999999227233,0,1,"Température","°C","presence","MR","moyen","complet"
29.5950782997763,0.999999999227987,0,1,"Température","°C","presence","MR","moyen","complet"
29.7425055928412,0.99999999922877,0,1,"Température","°C","presence","MR","moyen","complet"
29.889932885906,0.999999999229581,0,1,"Température","°C","presence","MR","moyen","complet"
30.0373601789709,0.99999999923042,0,1,"Température","°C","presence","MR","moyen","complet"
30.1847874720358,0.999999999231287,0,1,"Température","°C","presence","MR","moyen","complet"
30.3322147651007,0.999999999232179,0,1,"Température","°C","presence","MR","moyen","complet"
30.4796420581656,0.999999999233097,0,1,"Température","°C","presence","MR","moyen","complet"
30.6270693512304,0.999999999234041,0,1,"Température","°C","presence","MR","moyen","complet"
30.7744966442953,0.999999999235009,0,1,"Température","°C","presence","MR","moyen","complet"
30.9219239373602,0.999999999236,0,1,"Température","°C","presence","MR","moyen","complet"
31.0693512304251,0.999999999237015,0,1,"Température","°C","presence","MR","moyen","complet"
31.2167785234899,0.999999999238051,0,1,"Température","°C","presence","MR","moyen","complet"
31.3642058165548,0.99999999923911,0,1,"Température","°C","presence","MR","moyen","complet"
31.5116331096197,0.99999999924019,0,1,"Température","°C","presence","MR","moyen","complet"
31.6590604026846,0.999999999241289,0,1,"Température","°C","presence","MR","moyen","complet"
31.8064876957494,0.999999999242409,0,1,"Température","°C","presence","MR","moyen","complet"
31.9539149888143,0.999999999243548,0,1,"Température","°C","presence","MR","moyen","complet"
32.1013422818792,0.999999999244705,0,1,"Température","°C","presence","MR","moyen","complet"
32.2487695749441,0.999999999245879,0,1,"Température","°C","presence","MR","moyen","complet"
32.3961968680089,0.999999999247071,0,1,"Température","°C","presence","MR","moyen","complet"
32.5436241610738,0.999999999248279,0,1,"Température","°C","presence","MR","moyen","complet"
32.6910514541387,0.999999999249503,0,1,"Température","°C","presence","MR","moyen","complet"
32.8384787472036,0.999999999250742,0,1,"Température","°C","presence","MR","moyen","complet"
32.9859060402685,0.999999999251995,0,1,"Température","°C","presence","MR","moyen","complet"
33.1333333333333,0.999999999253262,0,1,"Température","°C","presence","MR","moyen","complet"
33.8225,0.999999999001365,0,1,"Humidité relative","%","presence","MR","moyen","complet"
34.266644295302,0.999999999008447,0,1,"Humidité relative","%","presence","MR","moyen","complet"
34.710788590604,0.999999999015426,0,1,"Humidité relative","%","presence","MR","moyen","complet"
35.154932885906,0.999999999022304,0,1,"Humidité relative","%","presence","MR","moyen","complet"
35.5990771812081,0.999999999029079,0,1,"Humidité relative","%","presence","MR","moyen","complet"
36.0432214765101,0.999999999035751,0,1,"Humidité relative","%","presence","MR","moyen","complet"
36.4873657718121,0.99999999904232,0,1,"Humidité relative","%","presence","MR","moyen","complet"
36.9315100671141,0.999999999048786,0,1,"Humidité relative","%","presence","MR","moyen","complet"
37.3756543624161,0.999999999055149,0,1,"Humidité relative","%","presence","MR","moyen","complet"
37.8197986577181,0.999999999061408,0,1,"Humidité relative","%","presence","MR","moyen","complet"
38.2639429530201,0.999999999067564,0,1,"Humidité relative","%","presence","MR","moyen","complet"
38.7080872483221,0.999999999073616,0,1,"Humidité relative","%","presence","MR","moyen","complet"
39.1522315436242,0.999999999079564,0,1,"Humidité relative","%","presence","MR","moyen","complet"
39.5963758389262,0.999999999085408,0,1,"Humidité relative","%","presence","MR","moyen","complet"
40.0405201342282,0.999999999091148,0,1,"Humidité relative","%","presence","MR","moyen","complet"
40.4846644295302,0.999999999096784,0,1,"Humidité relative","%","presence","MR","moyen","complet"
40.9288087248322,0.999999999102316,0,1,"Humidité relative","%","presence","MR","moyen","complet"
41.3729530201342,0.999999999107744,0,1,"Humidité relative","%","presence","MR","moyen","complet"
41.8170973154362,0.999999999113067,0,1,"Humidité relative","%","presence","MR","moyen","complet"
42.2612416107383,0.999999999118285,0,1,"Humidité relative","%","presence","MR","moyen","complet"
42.7053859060403,0.999999999123399,0,1,"Humidité relative","%","presence","MR","moyen","complet"
43.1495302013423,0.999999999128409,0,1,"Humidité relative","%","presence","MR","moyen","complet"
43.5936744966443,0.999999999133314,0,1,"Humidité relative","%","presence","MR","moyen","complet"
44.0378187919463,0.999999999138114,0,1,"Humidité relative","%","presence","MR","moyen","complet"
44.4819630872483,0.999999999142809,0,1,"Humidité relative","%","presence","MR","moyen","complet"
44.9261073825503,0.9999999991474,0,1,"Humidité relative","%","presence","MR","moyen","complet"
45.3702516778524,0.999999999151885,0,1,"Humidité relative","%","presence","MR","moyen","complet"
45.8143959731544,0.999999999156265,0,1,"Humidité relative","%","presence","MR","moyen","complet"
46.2585402684564,0.999999999160541,0,1,"Humidité relative","%","presence","MR","moyen","complet"
46.7026845637584,0.999999999164711,0,1,"Humidité relative","%","presence","MR","moyen","complet"
47.1468288590604,0.999999999168775,0,1,"Humidité relative","%","presence","MR","moyen","complet"
47.5909731543624,0.999999999172734,0,1,"Humidité relative","%","presence","MR","moyen","complet"
48.0351174496644,0.999999999176588,0,1,"Humidité relative","%","presence","MR","moyen","complet"
48.4792617449664,0.999999999180336,0,1,"Humidité relative","%","presence","MR","moyen","complet"
48.9234060402685,0.999999999183978,0,1,"Humidité relative","%","presence","MR","moyen","complet"
49.3675503355705,0.999999999187514,0,1,"Humidité relative","%","presence","MR","moyen","complet"
49.8116946308725,0.999999999190944,0,1,"Humidité relative","%","presence","MR","moyen","complet"
50.2558389261745,0.999999999194267,0,1,"Humidité relative","%","presence","MR","moyen","complet"
50.6999832214765,0.999999999197484,0,1,"Humidité relative","%","presence","MR","moyen","complet"
51.1441275167785,0.999999999200593,0,1,"Humidité relative","%","presence","MR","moyen","complet"
51.5882718120805,0.999999999203596,0,1,"Humidité relative","%","presence","MR","moyen","complet"
52.0324161073826,0.999999999206491,0,1,"Humidité relative","%","presence","MR","moyen","complet"
52.4765604026846,0.999999999209279,0,1,"Humidité relative","%","presence","MR","moyen","complet"
52.9207046979866,0.999999999211958,0,1,"Humidité relative","%","presence","MR","moyen","complet"
53.3648489932886,0.999999999214529,0,1,"Humidité relative","%","presence","MR","moyen","complet"
53.8089932885906,0.999999999216992,0,1,"Humidité relative","%","presence","MR","moyen","complet"
54.2531375838926,0.999999999219345,0,1,"Humidité relative","%","presence","MR","moyen","complet"
54.6972818791946,0.999999999221588,0,1,"Humidité relative","%","presence","MR","moyen","complet"
55.1414261744966,0.999999999223722,0,1,"Humidité relative","%","presence","MR","moyen","complet"
55.5855704697987,0.999999999225744,0,1,"Humidité relative","%","presence","MR","moyen","complet"
56.0297147651007,0.999999999227656,0,1,"Humidité relative","%","presence","MR","moyen","complet"
56.4738590604027,0.999999999229457,0,1,"Humidité relative","%","presence","MR","moyen","complet"
56.9180033557047,0.999999999231145,0,1,"Humidité relative","%","presence","MR","moyen","complet"
57.3621476510067,0.99999999923272,0,1,"Humidité relative","%","presence","MR","moyen","complet"
57.8062919463087,0.999999999234181,0,1,"Humidité relative","%","presence","MR","moyen","complet"
58.2504362416107,0.999999999235528,0,1,"Humidité relative","%","presence","MR","moyen","complet"
58.6945805369128,0.999999999236761,0,1,"Humidité relative","%","presence","MR","moyen","complet"
59.1387248322148,0.999999999237877,0,1,"Humidité relative","%","presence","MR","moyen","complet"
59.5828691275168,0.999999999238877,0,1,"Humidité relative","%","presence","MR","moyen","complet"
60.0270134228188,0.99999999923976,0,1,"Humidité relative","%","presence","MR","moyen","complet"
60.4711577181208,0.999999999240525,0,1,"Humidité relative","%","presence","MR","moyen","complet"
60.9153020134228,0.999999999241177,0,1,"Humidité relative","%","presence","MR","moyen","complet"
61.3594463087248,0.999999999241723,0,1,"Humidité relative","%","presence","MR","moyen","complet"
61.8035906040269,0.999999999242165,0,1,"Humidité relative","%","presence","MR","moyen","complet"
62.2477348993289,0.99999999924251,0,1,"Humidité relative","%","presence","MR","moyen","complet"
62.6918791946309,0.999999999242763,0,1,"Humidité relative","%","presence","MR","moyen","complet"
63.1360234899329,0.999999999242929,0,1,"Humidité relative","%","presence","MR","moyen","complet"
63.5801677852349,0.999999999243012,0,1,"Humidité relative","%","presence","MR","moyen","complet"
64.0243120805369,0.999999999243018,0,1,"Humidité relative","%","presence","MR","moyen","complet"
64.4684563758389,0.999999999242952,0,1,"Humidité relative","%","presence","MR","moyen","complet"
64.912600671141,0.999999999242818,0,1,"Humidité relative","%","presence","MR","moyen","complet"
65.356744966443,0.999999999242622,0,1,"Humidité relative","%","presence","MR","moyen","complet"
65.800889261745,0.999999999242368,0,1,"Humidité relative","%","presence","MR","moyen","complet"
66.245033557047,0.99999999924206,0,1,"Humidité relative","%","presence","MR","moyen","complet"
66.689177852349,0.999999999241705,0,1,"Humidité relative","%","presence","MR","moyen","complet"
67.133322147651,0.999999999241307,0,1,"Humidité relative","%","presence","MR","moyen","complet"
67.577466442953,0.99999999924087,0,1,"Humidité relative","%","presence","MR","moyen","complet"
68.021610738255,0.999999999240399,0,1,"Humidité relative","%","presence","MR","moyen","complet"
68.4657550335571,0.999999999239901,0,1,"Humidité relative","%","presence","MR","moyen","complet"
68.9098993288591,0.999999999239378,0,1,"Humidité relative","%","presence","MR","moyen","complet"
69.3540436241611,0.999999999238837,0,1,"Humidité relative","%","presence","MR","moyen","complet"
69.7981879194631,0.999999999238281,0,1,"Humidité relative","%","presence","MR","moyen","complet"
70.2423322147651,0.999999999237717,0,1,"Humidité relative","%","presence","MR","moyen","complet"
70.6864765100671,0.999999999237148,0,1,"Humidité relative","%","presence","MR","moyen","complet"
71.1306208053691,0.999999999236581,0,1,"Humidité relative","%","presence","MR","moyen","complet"
71.5747651006711,0.999999999236019,0,1,"Humidité relative","%","presence","MR","moyen","complet"
72.0189093959732,0.999999999235468,0,1,"Humidité relative","%","presence","MR","moyen","complet"
72.4630536912752,0.999999999234933,0,1,"Humidité relative","%","presence","MR","moyen","complet"
72.9071979865772,0.999999999234419,0,1,"Humidité relative","%","presence","MR","moyen","complet"
73.3513422818792,0.99999999923393,0,1,"Humidité relative","%","presence","MR","moyen","complet"
73.7954865771812,0.999999999233472,0,1,"Humidité relative","%","presence","MR","moyen","complet"
74.2396308724832,0.999999999233051,0,1,"Humidité relative","%","presence","MR","moyen","complet"
74.6837751677852,0.99999999923267,0,1,"Humidité relative","%","presence","MR","moyen","complet"
75.1279194630873,0.999999999232335,0,1,"Humidité relative","%","presence","MR","moyen","complet"
75.5720637583893,0.999999999232051,0,1,"Humidité relative","%","presence","MR","moyen","complet"
76.0162080536913,0.999999999231823,0,1,"Humidité relative","%","presence","MR","moyen","complet"
76.4603523489933,0.999999999231656,0,1,"Humidité relative","%","presence","MR","moyen","complet"
76.9044966442953,0.999999999231556,0,1,"Humidité relative","%","presence","MR","moyen","complet"
77.3486409395973,0.999999999231526,0,1,"Humidité relative","%","presence","MR","moyen","complet"
77.7927852348993,0.999999999231573,0,1,"Humidité relative","%","presence","MR","moyen","complet"
78.2369295302013,0.9999999992317,0,1,"Humidité relative","%","presence","MR","moyen","complet"
78.6810738255034,0.999999999231914,0,1,"Humidité relative","%","presence","MR","moyen","complet"
79.1252181208054,0.999999999232216,0,1,"Humidité relative","%","presence","MR","moyen","complet"
79.5693624161074,0.999999999232604,0,1,"Humidité relative","%","presence","MR","moyen","complet"
80.0135067114094,0.999999999233076,0,1,"Humidité relative","%","presence","MR","moyen","complet"
80.4576510067114,0.99999999923363,0,1,"Humidité relative","%","presence","MR","moyen","complet"
80.9017953020134,0.999999999234265,0,1,"Humidité relative","%","presence","MR","moyen","complet"
81.3459395973154,0.999999999234978,0,1,"Humidité relative","%","presence","MR","moyen","complet"
81.7900838926174,0.999999999235767,0,1,"Humidité relative","%","presence","MR","moyen","complet"
82.2342281879195,0.99999999923663,0,1,"Humidité relative","%","presence","MR","moyen","complet"
82.6783724832215,0.999999999237565,0,1,"Humidité relative","%","presence","MR","moyen","complet"
83.1225167785235,0.999999999238571,0,1,"Humidité relative","%","presence","MR","moyen","complet"
83.5666610738255,0.999999999239644,0,1,"Humidité relative","%","presence","MR","moyen","complet"
84.0108053691275,0.999999999240783,0,1,"Humidité relative","%","presence","MR","moyen","complet"
84.4549496644295,0.999999999241985,0,1,"Humidité relative","%","presence","MR","moyen","complet"
84.8990939597315,0.999999999243249,0,1,"Humidité relative","%","presence","MR","moyen","complet"
85.3432382550336,0.999999999244572,0,1,"Humidité relative","%","presence","MR","moyen","complet"
85.7873825503356,0.999999999245953,0,1,"Humidité relative","%","presence","MR","moyen","complet"
86.2315268456376,0.999999999247389,0,1,"Humidité relative","%","presence","MR","moyen","complet"
86.6756711409396,0.999999999248878,0,1,"Humidité relative","%","presence","MR","moyen","complet"
87.1198154362416,0.999999999250417,0,1,"Humidité relative","%","presence","MR","moyen","complet"
87.5639597315436,0.999999999252005,0,1,"Humidité relative","%","presence","MR","moyen","complet"
88.0081040268456,0.999999999253641,0,1,"Humidité relative","%","presence","MR","moyen","complet"
88.4522483221477,0.99999999925532,0,1,"Humidité relative","%","presence","MR","moyen","complet"
88.8963926174497,0.999999999257043,0,1,"Humidité relative","%","presence","MR","moyen","complet"
89.3405369127517,0.999999999258805,0,1,"Humidité relative","%","presence","MR","moyen","complet"
89.7846812080537,0.999999999260606,0,1,"Humidité relative","%","presence","MR","moyen","complet"
90.2288255033557,0.999999999262443,0,1,"Humidité relative","%","presence","MR","moyen","complet"
90.6729697986577,0.999999999264314,0,1,"Humidité relative","%","presence","MR","moyen","complet"
91.1171140939597,0.999999999266218,0,1,"Humidité relative","%","presence","MR","moyen","complet"
91.5612583892618,0.999999999268151,0,1,"Humidité relative","%","presence","MR","moyen","complet"
92.0054026845638,0.999999999270113,0,1,"Humidité relative","%","presence","MR","moyen","complet"
92.4495469798658,0.9999999992721,0,1,"Humidité relative","%","presence","MR","moyen","complet"
92.8936912751678,0.999999999274112,0,1,"Humidité relative","%","presence","MR","moyen","complet"
93.3378355704698,0.999999999276146,0,1,"Humidité relative","%","presence","MR","moyen","complet"
93.7819798657718,0.999999999278201,0,1,"Humidité relative","%","presence","MR","moyen","complet"
94.2261241610738,0.999999999280273,0,1,"Humidité relative","%","presence","MR","moyen","complet"
94.6702684563759,0.999999999282362,0,1,"Humidité relative","%","presence","MR","moyen","complet"
95.1144127516779,0.999999999284465,0,1,"Humidité relative","%","presence","MR","moyen","complet"
95.5585570469799,0.999999999286582,0,1,"Humidité relative","%","presence","MR","moyen","complet"
96.0027013422819,0.999999999288709,0,1,"Humidité relative","%","presence","MR","moyen","complet"
96.4468456375839,0.999999999290844,0,1,"Humidité relative","%","presence","MR","moyen","complet"
96.8909899328859,0.999999999292987,0,1,"Humidité relative","%","presence","MR","moyen","complet"
97.3351342281879,0.999999999295135,0,1,"Humidité relative","%","presence","MR","moyen","complet"
97.7792785234899,0.999999999297287,0,1,"Humidité relative","%","presence","MR","moyen","complet"
98.223422818792,0.999999999299441,0,1,"Humidité relative","%","presence","MR","moyen","complet"
98.667567114094,0.999999999301594,0,1,"Humidité relative","%","presence","MR","moyen","complet"
99.111711409396,0.999999999303747,0,1,"Humidité relative","%","presence","MR","moyen","complet"
99.555855704698,0.999999999305895,0,1,"Humidité relative","%","presence","MR","moyen","complet"
100,0.999999999308039,0,1,"Humidité relative","%","presence","MR","moyen","complet"
1002.85266666667,0.999999999845741,0,1,"Pression atmosphérique","hPa","presence","MR","moyen","complet"
1003.0556689038,0.999999999844666,0,1,"Pression atmosphérique","hPa","presence","MR","moyen","complet"
1003.25867114094,0.999999999843563,0,1,"Pression atmosphérique","hPa","presence","MR","moyen","complet"
1003.46167337808,0.99999999984243,0,1,"Pression atmosphérique","hPa","presence","MR","moyen","complet"
1003.66467561521,0.999999999841267,0,1,"Pression atmosphérique","hPa","presence","MR","moyen","complet"
1003.86767785235,0.999999999840072,0,1,"Pression atmosphérique","hPa","presence","MR","moyen","complet"
1004.07068008949,0.999999999838845,0,1,"Pression atmosphérique","hPa","presence","MR","moyen","complet"
1004.27368232662,0.999999999837586,0,1,"Pression atmosphérique","hPa","presence","MR","moyen","complet"
1004.47668456376,0.999999999836292,0,1,"Pression atmosphérique","hPa","presence","MR","moyen","complet"
1004.67968680089,0.999999999834964,0,1,"Pression atmosphérique","hPa","presence","MR","moyen","complet"
1004.88268903803,0.999999999833601,0,1,"Pression atmosphérique","hPa","presence","MR","moyen","complet"
1005.08569127517,0.999999999832201,0,1,"Pression atmosphérique","hPa","presence","MR","moyen","complet"
1005.2886935123,0.999999999830764,0,1,"Pression atmosphérique","hPa","presence","MR","moyen","complet"
1005.49169574944,0.999999999829288,0,1,"Pression atmosphérique","hPa","presence","MR","moyen","complet"
1005.69469798658,0.999999999827773,0,1,"Pression atmosphérique","hPa","presence","MR","moyen","complet"
1005.89770022371,0.999999999826218,0,1,"Pression atmosphérique","hPa","presence","MR","moyen","complet"
1006.10070246085,0.999999999824621,0,1,"Pression atmosphérique","hPa","presence","MR","moyen","complet"
1006.30370469799,0.999999999822982,0,1,"Pression atmosphérique","hPa","presence","MR","moyen","complet"
1006.50670693512,0.999999999821299,0,1,"Pression atmosphérique","hPa","presence","MR","moyen","complet"
1006.70970917226,0.999999999819571,0,1,"Pression atmosphérique","hPa","presence","MR","moyen","complet"
1006.9127114094,0.999999999817797,0,1,"Pression atmosphérique","hPa","presence","MR","moyen","complet"
1007.11571364653,0.999999999815976,0,1,"Pression atmosphérique","hPa","presence","MR","moyen","complet"
1007.31871588367,0.999999999814105,0,1,"Pression atmosphérique","hPa","presence","MR","moyen","complet"
1007.52171812081,0.999999999812185,0,1,"Pression atmosphérique","hPa","presence","MR","moyen","complet"
1007.72472035794,0.999999999810213,0,1,"Pression atmosphérique","hPa","presence","MR","moyen","complet"
1007.92772259508,0.999999999808188,0,1,"Pression atmosphérique","hPa","presence","MR","moyen","complet"
1008.13072483221,0.999999999806109,0,1,"Pression atmosphérique","hPa","presence","MR","moyen","complet"
1008.33372706935,0.999999999803974,0,1,"Pression atmosphérique","hPa","presence","MR","moyen","complet"
1008.53672930649,0.999999999801781,0,1,"Pression atmosphérique","hPa","presence","MR","moyen","complet"
1008.73973154362,0.999999999799528,0,1,"Pression atmosphérique","hPa","presence","MR","moyen","complet"
1008.94273378076,0.999999999797215,0,1,"Pression atmosphérique","hPa","presence","MR","moyen","complet"
1009.1457360179,0.999999999794839,0,1,"Pression atmosphérique","hPa","presence","MR","moyen","complet"
1009.34873825503,0.999999999792398,0,1,"Pression atmosphérique","hPa","presence","MR","moyen","complet"
1009.55174049217,0.999999999789891,0,1,"Pression atmosphérique","hPa","presence","MR","moyen","complet"
1009.75474272931,0.999999999787314,0,1,"Pression atmosphérique","hPa","presence","MR","moyen","complet"
1009.95774496644,0.999999999784668,0,1,"Pression atmosphérique","hPa","presence","MR","moyen","complet"
1010.16074720358,0.999999999781948,0,1,"Pression atmosphérique","hPa","presence","MR","moyen","complet"
1010.36374944072,0.999999999779154,0,1,"Pression atmosphérique","hPa","presence","MR","moyen","complet"
1010.56675167785,0.999999999776282,0,1,"Pression atmosphérique","hPa","presence","MR","moyen","complet"
1010.76975391499,0.999999999773331,0,1,"Pression atmosphérique","hPa","presence","MR","moyen","complet"
1010.97275615213,0.999999999770297,0,1,"Pression atmosphérique","hPa","presence","MR","moyen","complet"
1011.17575838926,0.999999999767179,0,1,"Pression atmosphérique","hPa","presence","MR","moyen","complet"
1011.3787606264,0.999999999763973,0,1,"Pression atmosphérique","hPa","presence","MR","moyen","complet"
1011.58176286353,0.999999999760678,0,1,"Pression atmosphérique","hPa","presence","MR","moyen","complet"
1011.78476510067,0.999999999757289,0,1,"Pression atmosphérique","hPa","presence","MR","moyen","complet"
1011.98776733781,0.999999999753805,0,1,"Pression atmosphérique","hPa","presence","MR","moyen","complet"
1012.19076957494,0.999999999750222,0,1,"Pression atmosphérique","hPa","presence","MR","moyen","complet"
1012.39377181208,0.999999999746536,0,1,"Pression atmosphérique","hPa","presence","MR","moyen","complet"
1012.59677404922,0.999999999742745,0,1,"Pression atmosphérique","hPa","presence","MR","moyen","complet"
1012.79977628635,0.999999999738845,0,1,"Pression atmosphérique","hPa","presence","MR","moyen","complet"
1013.00277852349,0.999999999734833,0,1,"Pression atmosphérique","hPa","presence","MR","moyen","complet"
1013.20578076063,0.999999999730704,0,1,"Pression atmosphérique","hPa","presence","MR","moyen","complet"
1013.40878299776,0.999999999726456,0,1,"Pression atmosphérique","hPa","presence","MR","moyen","complet"
1013.6117852349,0.999999999722083,0,1,"Pression atmosphérique","hPa","presence","MR","moyen","complet"
1013.81478747204,0.999999999717583,0,1,"Pression atmosphérique","hPa","presence","MR","moyen","complet"
1014.01778970917,0.999999999712949,0,1,"Pression atmosphérique","hPa","presence","MR","moyen","complet"
1014.22079194631,0.999999999708179,0,1,"Pression atmosphérique","hPa","presence","MR","moyen","complet"
1014.42379418345,0.999999999703267,0,1,"Pression atmosphérique","hPa","presence","MR","moyen","complet"
1014.62679642058,0.999999999698208,0,1,"Pression atmosphérique","hPa","presence","MR","moyen","complet"
1014.82979865772,0.999999999692998,0,1,"Pression atmosphérique","hPa","presence","MR","moyen","complet"
1015.03280089485,0.999999999687631,0,1,"Pression atmosphérique","hPa","presence","MR","moyen","complet"
1015.23580313199,0.999999999682101,0,1,"Pression atmosphérique","hPa","presence","MR","moyen","complet"
1015.43880536913,0.999999999676404,0,1,"Pression atmosphérique","hPa","presence","MR","moyen","complet"
1015.64180760626,0.999999999670532,0,1,"Pression atmosphérique","hPa","presence","MR","moyen","complet"
1015.8448098434,0.99999999966448,0,1,"Pression atmosphérique","hPa","presence","MR","moyen","complet"
1016.04781208054,0.999999999658241,0,1,"Pression atmosphérique","hPa","presence","MR","moyen","complet"
1016.25081431767,0.999999999651809,0,1,"Pression atmosphérique","hPa","presence","MR","moyen","complet"
1016.45381655481,0.999999999645177,0,1,"Pression atmosphérique","hPa","presence","MR","moyen","complet"
1016.65681879195,0.999999999638336,0,1,"Pression atmosphérique","hPa","presence","MR","moyen","complet"
1016.85982102908,0.999999999631281,0,1,"Pression atmosphérique","hPa","presence","MR","moyen","complet"
1017.06282326622,0.999999999624003,0,1,"Pression atmosphérique","hPa","presence","MR","moyen","complet"
1017.26582550336,0.999999999616492,0,1,"Pression atmosphérique","hPa","presence","MR","moyen","complet"
1017.46882774049,0.999999999608742,0,1,"Pression atmosphérique","hPa","presence","MR","moyen","complet"
1017.67182997763,0.999999999600743,0,1,"Pression atmosphérique","hPa","presence","MR","moyen","complet"
1017.87483221477,0.999999999592486,0,1,"Pression atmosphérique","hPa","presence","MR","moyen","complet"
1018.0778344519,0.99999999958396,0,1,"Pression atmosphérique","hPa","presence","MR","moyen","complet"
1018.28083668904,0.999999999575155,0,1,"Pression atmosphérique","hPa","presence","MR","moyen","complet"
1018.48383892617,0.999999999566062,0,1,"Pression atmosphérique","hPa","presence","MR","moyen","complet"
1018.68684116331,0.999999999556669,0,1,"Pression atmosphérique","hPa","presence","MR","moyen","complet"
1018.88984340045,0.999999999546963,0,1,"Pression atmosphérique","hPa","presence","MR","moyen","complet"
1019.09284563758,0.999999999536934,0,1,"Pression atmosphérique","hPa","presence","MR","moyen","complet"
1019.29584787472,0.999999999526568,0,1,"Pression atmosphérique","hPa","presence","MR","moyen","complet"
1019.49885011186,0.999999999515852,0,1,"Pression atmosphérique","hPa","presence","MR","moyen","complet"
1019.70185234899,0.999999999504773,0,1,"Pression atmosphérique","hPa","presence","MR","moyen","complet"
1019.90485458613,0.999999999493315,0,1,"Pression atmosphérique","hPa","presence","MR","moyen","complet"
1020.10785682327,0.999999999481464,0,1,"Pression atmosphérique","hPa","presence","MR","moyen","complet"
1020.3108590604,0.999999999469204,0,1,"Pression atmosphérique","hPa","presence","MR","moyen","complet"
1020.51386129754,0.999999999456518,0,1,"Pression atmosphérique","hPa","presence","MR","moyen","complet"
1020.71686353468,0.999999999443389,0,1,"Pression atmosphérique","hPa","presence","MR","moyen","complet"
1020.91986577181,0.999999999429799,0,1,"Pression atmosphérique","hPa","presence","MR","moyen","complet"
1021.12286800895,0.999999999415728,0,1,"Pression atmosphérique","hPa","presence","MR","moyen","complet"
1021.32587024609,0.999999999401158,0,1,"Pression atmosphérique","hPa","presence","MR","moyen","complet"
1021.52887248322,0.999999999386067,0,1,"Pression atmosphérique","hPa","presence","MR","moyen","complet"
1021.73187472036,0.999999999370433,0,1,"Pression atmosphérique","hPa","presence","MR","moyen","complet"
1021.93487695749,0.999999999354246,0,1,"Pression atmosphérique","hPa","presence","MR","moyen","complet"
1022.13787919463,0.999999999337552,0,1,"Pression atmosphérique","hPa","presence","MR","moyen","complet"
1022.34088143177,0.999999999320414,0,1,"Pression atmosphérique","hPa","presence","MR","moyen","complet"
1022.5438836689,0.999999999302905,0,1,"Pression atmosphérique","hPa","presence","MR","moyen","complet"
1022.74688590604,0.999999999285107,0,1,"Pression atmosphérique","hPa","presence","MR","moyen","complet"
1022.94988814318,0.999999999267109,0,1,"Pression atmosphérique","hPa","presence","MR","moyen","complet"
1023.15289038031,0.99999999924901,0,1,"Pression atmosphérique","hPa","presence","MR","moyen","complet"
1023.35589261745,0.999999999230917,0,1,"Pression atmosphérique","hPa","presence","MR","moyen","complet"
1023.55889485459,0.999999999212949,0,1,"Pression atmosphérique","hPa","presence","MR","moyen","complet"
1023.76189709172,0.999999999195232,0,1,"Pression atmosphérique","hPa","presence","MR","moyen","complet"
1023.96489932886,0.999999999177902,0,1,"Pression atmosphérique","hPa","presence","MR","moyen","complet"
1024.167901566,0.999999999161101,0,1,"Pression atmosphérique","hPa","presence","MR","moyen","complet"
1024.37090380313,0.999999999144981,0,1,"Pression atmosphérique","hPa","presence","MR","moyen","complet"
1024.57390604027,0.9999999991297,0,1,"Pression atmosphérique","hPa","presence","MR","moyen","complet"
1024.77690827741,0.99999999911542,0,1,"Pression atmosphérique","hPa","presence","MR","moyen","complet"
1024.97991051454,0.99999999910231,0,1,"Pression atmosphérique","hPa","presence","MR","moyen","complet"
1025.18291275168,0.999999999090537,0,1,"Pression atmosphérique","hPa","presence","MR","moyen","complet"
1025.38591498881,0.999999999080272,0,1,"Pression atmosphérique","hPa","presence","MR","moyen","complet"
1025.58891722595,0.99999999907168,0,1,"Pression atmosphérique","hPa","presence","MR","moyen","complet"
1025.79191946309,0.999999999064925,0,1,"Pression atmosphérique","hPa","presence","MR","moyen","complet"
1025.99492170022,0.999999999060155,0,1,"Pression atmosphérique","hPa","presence","MR","moyen","complet"
1026.19792393736,0.999999999057425,0,1,"Pression atmosphérique","hPa","presence","MR","moyen","complet"
1026.4009261745,0.99999999905672,0,1,"Pression atmosphérique","hPa","presence","MR","moyen","complet"
1026.60392841163,0.999999999058008,0,1,"Pression atmosphérique","hPa","presence","MR","moyen","complet"
1026.80693064877,0.999999999061244,0,1,"Pression atmosphérique","hPa","presence","MR","moyen","complet"
1027.00993288591,0.999999999066374,0,1,"Pression atmosphérique","hPa","presence","MR","moyen","complet"
1027.21293512304,0.999999999073331,0,1,"Pression atmosphérique","hPa","presence","MR","moyen","complet"
1027.41593736018,0.999999999082039,0,1,"Pression atmosphérique","hPa","presence","MR","moyen","complet"
1027.61893959732,0.999999999092413,0,1,"Pression atmosphérique","hPa","presence","MR","moyen","complet"
1027.82194183445,0.99999999910436,0,1,"Pression atmosphérique","hPa","presence","MR","moyen","complet"
1028.02494407159,0.999999999117782,0,1,"Pression atmosphérique","hPa","presence","MR","moyen","complet"
1028.22794630872,0.999999999132575,0,1,"Pression atmosphérique","hPa","presence","MR","moyen","complet"
1028.43094854586,0.999999999148629,0,1,"Pression atmosphérique","hPa","presence","MR","moyen","complet"
1028.633950783,0.999999999165834,0,1,"Pression atmosphérique","hPa","presence","MR","moyen","complet"
1028.83695302013,0.999999999184076,0,1,"Pression atmosphérique","hPa","presence","MR","moyen","complet"
1029.03995525727,0.999999999203242,0,1,"Pression atmosphérique","hPa","presence","MR","moyen","complet"
1029.24295749441,0.999999999223217,0,1,"Pression atmosphérique","hPa","presence","MR","moyen","complet"
1029.44595973154,0.999999999243888,0,1,"Pression atmosphérique","hPa","presence","MR","moyen","complet"
1029.64896196868,0.999999999265145,0,1,"Pression atmosphérique","hPa","presence","MR","moyen","complet"
1029.85196420582,0.999999999286879,0,1,"Pression atmosphérique","hPa","presence","MR","moyen","complet"
1030.05496644295,0.999999999308986,0,1,"Pression atmosphérique","hPa","presence","MR","moyen","complet"
1030.25796868009,0.999999999331364,0,1,"Pression atmosphérique","hPa","presence","MR","moyen","complet"
1030.46097091723,0.999999999353918,0,1,"Pression atmosphérique","hPa","presence","MR","moyen","complet"
1030.66397315436,0.999999999376556,0,1,"Pression atmosphérique","hPa","presence","MR","moyen","complet"
1030.8669753915,0.999999999399192,0,1,"Pression atmosphérique","hPa","presence","MR","moyen","complet"
1031.06997762864,0.999999999421746,0,1,"Pression atmosphérique","hPa","presence","MR","moyen","complet"
1031.27297986577,0.999999999444143,0,1,"Pression atmosphérique","hPa","presence","MR","moyen","complet"
1031.47598210291,0.999999999466315,0,1,"Pression atmosphérique","hPa","presence","MR","moyen","complet"
1031.67898434004,0.999999999488198,0,1,"Pression atmosphérique","hPa","presence","MR","moyen","complet"
1031.88198657718,0.999999999509737,0,1,"Pression atmosphérique","hPa","presence","MR","moyen","complet"
1032.08498881432,0.999999999530881,0,1,"Pression atmosphérique","hPa","presence","MR","moyen","complet"
1032.28799105145,0.999999999551583,0,1,"Pression atmosphérique","hPa","presence","MR","moyen","complet"
1032.49099328859,0.999999999571806,0,1,"Pression atmosphérique","hPa","presence","MR","moyen","complet"
1032.69399552573,0.999999999591515,0,1,"Pression atmosphérique","hPa","presence","MR","moyen","complet"
1032.89699776286,0.999999999610682,0,1,"Pression atmosphérique","hPa","presence","MR","moyen","complet"
1033.1,0.999999999629283,0,1,"Pression atmosphérique","hPa","presence","MR","moyen","complet"
11.4,33.6246912281198,23.0862076534751,48.9738235554771,"Température","°C","intensite","MR","moyen","complet"
11.5447427293065,33.4147039185867,22.9858163702081,48.5752787712148,"Température","°C","intensite","MR","moyen","complet"
11.689485458613,33.2087912624061,22.88659393518,48.186454490935,"Température","°C","intensite","MR","moyen","complet"
11.8342281879195,33.0069656837339,22.7885868440705,47.8072550571806,"Température","°C","intensite","MR","moyen","complet"
11.978970917226,32.8092392499673,22.6918421007686,47.4375846342211,"Température","°C","intensite","MR","moyen","complet"
12.1237136465324,32.6156237312616,22.5964072044411,47.0773473745048,"Température","°C","intensite","MR","moyen","complet"
12.2684563758389,32.4261306598166,22.5023301352029,46.7264475834258,"Température","°C","intensite","MR","moyen","complet"
12.4131991051454,32.2407713889566,22.4096593385343,46.3847898824396,"Température","°C","intensite","MR","moyen","complet"
12.5579418344519,32.0595571520304,22.3184437085981,46.0522793705521,"Température","°C","intensite","MR","moyen","complet"
12.7026845637584,31.8824991211607,22.2287325706248,45.728821784203,"Température","°C","intensite","MR","moyen","complet"
12.8474272930649,31.7096084658747,22.1405756625444,45.4143236555539,"Température","°C","intensite","MR","moyen","complet"
12.9921700223714,31.5408964116479,22.0540231160477,45.1086924691944,"Température","°C","intensite","MR","moyen","complet"
13.1369127516779,31.3763742983994,21.9691254372731,44.8118368172718,"Température","°C","intensite","MR","moyen","complet"
13.2816554809843,31.216053638976,21.8859334873129,44.5236665530536,"Température","°C","intensite","MR","moyen","complet"
13.4263982102908,31.0599461776669,21.8044984627417,44.2440929429322,"Température","°C","intensite","MR","moyen","complet"
13.5711409395973,30.9080639487915,21.7248718763652,43.9730288168872,"Température","°C","intensite","MR","moyen","complet"
13.7158836689038,30.7604193354081,21.6471055383896,43.7103887174256,"Température","°C","intensite","MR","moyen","complet"
13.8606263982103,30.6170251281899,21.5712515382075,43.4560890470292,"Température","°C","intensite","MR","moyen","complet"
14.0053691275168,30.4778945845217,21.4973622269881,43.2100482141507,"Température","°C","intensite","MR","moyen","complet"
14.1501118568233,30.3430414878693,21.425490201257,42.9721867778103,"Température","°C","intensite","MR","moyen","complet"
14.2948545861298,30.2124802074782,21.3556882876344,42.7424275908633,"Température","°C","intensite","MR","moyen","complet"
14.4395973154362,30.0862257584621,21.2880095288975,42.5206959420234,"Température","°C","intensite","MR","moyen","complet"
14.5843400447427,29.9642938623417,21.2225071715109,42.3069196967477,"Température","°C","intensite","MR","moyen","complet"
14.7290827740492,29.8467010080988,21.1592346547625,42.1010294371085,"Température","°C","intensite","MR","moyen","complet"
14.8738255033557,29.7334645138143,21.0982456016199,41.9029586008029,"Température","°C","intensite","MR","moyen","complet"
15.0185682326622,29.6246025889597,21.0395938114101,41.712643619472,"Température","°C","intensite","MR","moyen","complet"
15.1633109619687,29.5201343974171,20.9833332544034,41.5300240565304,"Température","°C","intensite","MR","moyen","complet"
15.3080536912752,29.4200801213033,20.9295180683653,41.3550427447329,"Température","°C","intensite","MR","moyen","complet"
15.4527964205817,29.3244610256808,20.8782025571205,41.1876459237337,"Température","°C","intensite","MR","moyen","complet"
15.5975391498881,29.2332995242367,20.8294411911512,41.0277833779232,"Température","°C","intensite","MR","moyen","complet"
15.7422818791946,29.1466192460202,20.7832886102329,40.8754085748587,"Température","°C","intensite","MR","moyen","complet"
15.8870246085011,29.0644451033272,20.7397996280891,40.7304788046379,"Température","°C","intensite","MR","moyen","complet"
16.0317673378076,28.9868033608291,20.6990292390247,40.5929553205926,"Température","°C","intensite","MR","moyen","complet"
16.1765100671141,28.9137217060444,20.6610326264783,40.4628034817193,"Température","°C","intensite","MR","moyen","complet"
16.3212527964206,28.8452293212567,20.625865173411,40.3399928972913,"Température","°C","intensite","MR","moyen","complet"
16.4659955257271,28.7813569569874,20.5935824744306,40.2244975741372,"Température","°C","intensite","MR","moyen","complet"
16.6107382550336,28.7221370071354,20.5642403495271,40.1162960671013,"Température","°C","intensite","MR","moyen","complet"
16.75548098434,28.6676035859019,20.5378948592779,40.01537163324,"Température","°C","intensite","MR","moyen","complet"
16.9002237136465,28.6177926066224,20.5146023213602,39.9217123903452,"Température","°C","intensite","MR","moyen","complet"
17.044966442953,28.5727418626349,20.4944193281884,39.8353114804221,"Température","°C","intensite","MR","moyen","complet"
17.1897091722595,28.5324911103175,20.4774027654778,39.7561672387876,"Température","°C","intensite","MR","moyen","complet"
17.334451901566,28.4970821544347,20.4636098315146,39.6842833694946,"Température","°C","intensite","MR","moyen","complet"
17.4791946308725,28.4665589359394,20.4530980568976,39.6196691278283,"Température","°C","intensite","MR","moyen","complet"
17.623937360179,28.4409676223827,20.4459253244984,39.5623395106608,"Température","°C","intensite","MR","moyen","complet"
17.7686800894855,28.4203567010903,20.4421498893686,39.5123154554932,"Température","°C","intensite","MR","moyen","complet"
17.9134228187919,28.4047770752733,20.4418303983115,39.4696240490584,"Température","°C","intensite","MR","moyen","complet"
18.0581655480984,28.3942821632477,20.4450259088145,39.4342987464022,"Température","°C","intensite","MR","moyen","complet"
18.2029082774049,28.3889280009442,20.4517959070271,39.4063796014062,"Température","°C","intensite","MR","moyen","complet"
18.3476510067114,28.3887733479009,20.4622003244549,39.385913509766,"Température","°C","intensite","MR","moyen","complet"
18.4923937360179,28.3938797969375,20.4762995530265,39.3729544654845,"Température","°C","intensite","MR","moyen","complet"
18.6371364653244,28.4043118877221,20.4941544581756,39.367563831995,"Température","°C","intensite","MR","moyen","complet"
18.7818791946309,28.4201372244497,20.5158263895734,39.3698106290783,"Température","°C","intensite","MR","moyen","complet"
18.9266219239374,28.4414265978624,20.5413771891327,39.3797718367953,"Température","°C","intensite","MR","moyen","complet"
19.0713646532438,28.4682541118535,20.5708691958964,39.3975327177102,"Température","°C","intensite","MR","moyen","complet"
19.2161073825503,28.5006973149092,20.6043652474197,39.4231871587404,"Température","°C","intensite","MR","moyen","complet"
19.3608501118568,28.5388373366529,20.6419286772439,39.4568380340261,"Température","°C","intensite","MR","moyen","complet"
19.5055928411633,28.5827590297728,20.6836233080646,39.498597590274,"Température","°C","intensite","MR","moyen","complet"
19.6503355704698,28.6325511176248,20.7295134401897,39.5485878560927,"Température","°C","intensite","MR","moyen","complet"
19.7950782997763,28.6883063478204,20.7796638348934,39.6069410768991,"Température","°C","intensite","MR","moyen","complet"
19.9398210290828,28.7501216456777,20.8341396873659,39.6738001686004,"Température","°C","intensite","MR","moyen","complet"
20.0845637583893,28.8180164945162,20.8929443928088,39.7492119379809,"Température","°C","intensite","MR","moyen","complet"
20.2293064876958,28.8917272374928,20.9558636782412,39.8328561199984,"Température","°C","intensite","MR","moyen","complet"
20.3740492170022,28.9709278935879,21.0226348780842,39.9243324104174,"Température","°C","intensite","MR","moyen","complet"
20.5187919463087,29.055291709091,21.0929943180836,40.023240113264,"Température","°C","intensite","MR","moyen","complet"
20.6635346756152,29.1444905157933,21.1666772511729,40.1291765044558,"Température","°C","intensite","MR","moyen","complet"
20.8082774049217,29.2381941280396,21.2434178035139,40.2417352883547,"Température","°C","intensite","MR","moyen","complet"
20.9530201342282,29.3360697784863,21.3229489301175,40.3605051472341,"Température","°C","intensite","MR","moyen","complet"
21.0977628635347,29.4377815926113,21.4050023791187,40.4850683847468,"Température","°C","intensite","MR","moyen","complet"
21.2425055928412,29.5429901022068,21.4893086634834,40.6149996654945,"Température","°C","intensite","MR","moyen","complet"
21.3872483221477,29.6513517982582,21.5755970386694,40.7498648537187,"Température","°C","intensite","MR","moyen","complet"
21.5319910514541,29.7625187237749,21.6635954845514,40.8892199549576,"Température","°C","intensite","MR","moyen","complet"
21.6767337807606,29.8761381072801,21.7530306897517,41.0326101652488,"Température","°C","intensite","MR","moyen","complet"
21.8214765100671,29.9918520378051,21.8436280363905,41.1795690330859,"Température","°C","intensite","MR","moyen","complet"
21.9662192393736,30.1092971823499,21.935111583199,41.3296177398726,"Température","°C","intensite","MR","moyen","complet"
22.1109619686801,30.2281045468777,22.0272040448973,41.4822645050422,"Température","°C","intensite","MR","moyen","complet"
22.2557046979866,30.3478992820032,22.1196267657614,41.637004122339,"Température","°C","intensite","MR","moyen","complet"
22.4004474272931,30.4683005346097,22.2120996853522,41.7933176339685,"Température","°C","intensite","MR","moyen","complet"
22.5451901565996,30.5889213466898,22.3043412944818,41.9506721494378,"Température","°C","intensite","MR","moyen","complet"
22.689932885906,30.7093686027502,22.3960685796254,42.1085208159045,"Température","°C","intensite","MR","moyen","complet"
22.8346756152125,30.8292430271473,22.4869969541578,42.2663029467425,"Température","°C","intensite","MR","moyen","complet"
22.979418344519,30.9481392327298,22.5768401749954,42.4234443148165,"Température","°C","intensite","MR","moyen","complet"
23.1241610738255,31.065645822159,22.6653102434552,42.5793576166248,"Température","°C","intensite","MR","moyen","complet"
23.268903803132,31.1813455432443,22.7521172893921,42.7334431130291,"Température","°C","intensite","MR","moyen","complet"
23.4136465324385,31.2948154995914,22.8369694379578,42.8850894517397,"Température","°C","intensite","MR","moyen","complet"
23.558389261745,31.4056274177872,22.9195726586103,43.033674676056,"Température","°C","intensite","MR","moyen","complet"
23.7031319910515,31.5133479722615,22.9996305963223,43.1785674235845,"Température","°C","intensite","MR","moyen","complet"
23.8478747203579,31.6175760513623,23.0768705602202,43.3191802482485,"Température","°C","intensite","MR","moyen","complet"
23.9926174496644,31.7181879665125,23.1512164628287,43.4553168942248,"Température","°C","intensite","MR","moyen","complet"
24.1373601789709,31.8151896548782,23.2226821369057,43.5869675521787,"Température","°C","intensite","MR","moyen","complet"
24.2821029082774,31.9085894919817,23.2912807079216,43.7141304566186,"Température","°C","intensite","MR","moyen","complet"
24.4268456375839,31.9983975896254,23.3570241318371,43.8368108250619,"Température","°C","intensite","MR","moyen","complet"
24.5715883668904,32.0846257666674,23.4199232182996,43.9550207313548,"Température","°C","intensite","MR","moyen","complet"
24.7163310961969,32.1672875188304,23.4799876596654,44.06877896689,"Température","°C","intensite","MR","moyen","complet"
24.8610738255034,32.2463979875967,23.5372260655068,44.1781108904045,"Température","°C","intensite","MR","moyen","complet"
25.0058165548098,32.3219739282436,23.5916460022977,44.2830482670141,"Température","°C","intensite","MR","moyen","complet"
25.1505592841163,32.3940336770719,23.6432540379958,44.3836290971148,"Température","°C","intensite","MR","moyen","complet"
25.2953020134228,32.4625971178823,23.6920557912684,44.4798974357607,"Température","°C","intensite","MR","moyen","complet"
25.4400447427293,32.5276856477517,23.7380559851268,44.5719032031046,"Température","°C","intensite","MR","moyen","complet"
25.5847874720358,32.5893221421635,23.7812585047577,44.6597019864709,"Température","°C","intensite","MR","moyen","complet"
25.7295302013423,32.6475309195434,23.8216664593507,44.7433548346138,"Température","°C","intensite","MR","moyen","complet"
25.8742729306488,32.7023377052543,23.8592822477365,44.8229280447007,"Température","°C","intensite","MR","moyen","complet"
26.0190156599553,32.7537695951002,23.8941076276574,44.8984929425502,"Température","°C","intensite","MR","moyen","complet"
26.1637583892617,32.8018550183924,23.926143788497,44.9701256566437,"Température","°C","intensite","MR","moyen","complet"
26.3085011185682,32.8466237006264,23.9553914272978,45.0379068864272,"Température","°C","intensite","MR","moyen","complet"
26.4532438478747,32.8881066258207,23.981850827895,45.1019216654134,"Température","°C","intensite","MR","moyen","complet"
26.5979865771812,32.9263359985658,24.0055219429903,45.1622591195949,"Température","°C","intensite","MR","moyen","complet"
26.7427293064877,32.9613452058326,24.0264044789807,45.2190122216803,"Température","°C","intensite","MR","moyen","complet"
26.8874720357942,32.9931687785862,24.0444979833494,45.2722775416683,"Température","°C","intensite","MR","moyen","complet"
27.0322147651007,33.0218423532529,24.0598019344123,45.3221549942791,"Température","°C","intensite","MR","moyen","complet"
27.1769574944072,33.0474026330849,24.0723158331982,45.3687475837729,"Température","°C","intensite","MR","moyen","complet"
27.3217002237136,33.0698873494686,24.0820392972261,45.4121611466898,"Température","°C","intensite","MR","moyen","complet"
27.4664429530201,33.0893352232184,24.0889721559202,45.452504093058,"Température","°C","intensite","MR","moyen","complet"
27.6111856823266,33.1057859258999,24.0931145473889,45.4898871466283,"Température","°C","intensite","MR","moyen","complet"
27.7559284116331,33.119280041223,24.0944670162673,45.5244230847021,"Température","°C","intensite","MR","moyen","complet"
27.9006711409396,33.1298590265458,24.0930306123047,45.5562264781353,"Température","°C","intensite","MR","moyen","complet"
28.0454138702461,33.1375651745279,24.0888069893556,45.5854134321104,"Température","°C","intensite","MR","moyen","complet"
28.1901565995526,33.1424415749709,24.0817985044099,45.6121013282797,"Température","°C","intensite","MR","moyen","complet"
28.3348993288591,33.1445320768843,24.0720083162797,45.6364085688964,"Température","°C","intensite","MR","moyen","complet"
28.4796420581656,33.1438812508099,24.0594404835349,45.6584543235559,"Température","°C","intensite","MR","moyen","complet"
28.624384787472,33.1405343514413,24.0441000612688,45.6783582791787,"Température","°C","intensite","MR","moyen","complet"
28.7691275167785,33.1345372805701,24.0259931962517,45.6962403938735,"Température","°C","intensite","MR","moyen","complet"
28.913870246085,33.1259365503915,24.0051272200212,45.7122206553169,"Température","°C","intensite","MR","moyen","complet"
29.0586129753915,33.1147792471992,23.981510739445,45.7264188442914,"Température","°C","intensite","MR","moyen","complet"
29.203355704698,33.1011129954994,23.9551537242873,45.7389543040145,"Température","°C","intensite","MR","moyen","complet"
29.3480984340045,33.0849859225713,23.9260675913023,45.7499457158877,"Température","°C","intensite","MR","moyen","complet"
29.492841163311,33.0664466235018,23.8942652843845,45.7595108822808,"Température","°C","intensite","MR","moyen","complet"
29.6375838926174,33.045544126719,23.8597613503061,45.767766516949,"Température","°C","intensite","MR","moyen","complet"
29.7823266219239,33.0223278600491,23.8225720095852,45.7748280436646,"Température","°C","intensite","MR","moyen","complet"
29.9270693512304,32.9968476173196,23.7827152220403,45.7808094036119,"Température","°C","intensite","MR","moyen","complet"
30.0718120805369,32.9691535255305,23.740210746611,45.7858228720722,"Température","°C","intensite","MR","moyen","complet"
30.2165548098434,32.9392960126144,23.695080195043,45.7899788848833,"Température","°C","intensite","MR","moyen","complet"
30.3612975391499,32.9073257758039,23.6473470790723,45.7933858751216,"Température","°C","intensite","MR","moyen","complet"
30.5060402684564,32.8732937506249,23.5970368507722,45.7961501204127,"Température","°C","intensite","MR","moyen","complet"
30.6507829977629,32.8372510805326,23.5441769357682,45.798375601222,"Température","°C","intensite","MR","moyen","complet"
30.7955257270694,32.7992490872059,23.4887967590681,45.8001638704315,"Température","°C","intensite","MR","moyen","complet"
30.9402684563758,32.7593392415143,23.4309277632997,45.8016139344491,"Température","°C","intensite","MR","moyen","complet"
31.0850111856823,32.7175731351709,23.3706034191999,45.8028221460403,"Température","°C","intensite","MR","moyen","complet"
31.2297539149888,32.674002453084,23.3078592282491,45.8038821090107,"Température","°C","intensite","MR","moyen","complet"
31.3744966442953,32.6286789464178,23.2427327173988,45.8048845948073,"Température","°C","intensite","MR","moyen","complet"
31.5192393736018,32.5816544063724,23.1752634258964,45.8059174710427,"Température","°C","intensite","MR","moyen","complet"
31.6639821029083,32.5329806386926,23.1054928842644,45.8070656418824,"Température","°C","intensite","MR","moyen","complet"
31.8087248322148,32.4827094389126,23.0334645855488,45.8084110001761,"Température","°C","intensite","MR","moyen","complet"
31.9534675615213,32.4308925683442,22.9592239490039,45.8100323911478,"Température","°C","intensite","MR","moyen","complet"
32.0982102908277,32.3775817308139,22.8828182764329,45.8120055874056,"Température","°C","intensite","MR","moyen","complet"
32.2429530201342,32.3228285501542,22.804296701457,45.8144032749717,"Température","°C","intensite","MR","moyen","complet"
32.3876957494407,32.2666845484533,22.7237101320283,45.8172950499817,"Température","°C","intensite","MR","moyen","complet"
32.5324384787472,32.2092011250663,22.6411111865494,45.8207474256516,"Température","°C","intensite","MR","moyen","complet"
32.6771812080537,32.1504295363893,22.5565541240015,45.8248238490677,"Température","°C","intensite","MR","moyen","complet"
32.8219239373602,32.0904208763994,22.4700947685163,45.8295847273121,"Température","°C","intensite","MR","moyen","complet"
32.9666666666667,32.0292260579603,22.3817904288591,45.8350874624026,"Température","°C","intensite","MR","moyen","complet"
34,29.1612398455308,20.3058141544838,41.878542906924,"Humidité relative","%","intensite","MR","moyen","complet"
34.4395973154362,29.1316871173975,20.3236565087844,41.7570132588658,"Humidité relative","%","intensite","MR","moyen","complet"
34.8791946308725,29.102773573651,20.3409043109637,41.6388286740371,"Humidité relative","%","intensite","MR","moyen","complet"
35.3187919463087,29.0745172783093,20.3575690537895,41.5239930039363,"Humidité relative","%","intensite","MR","moyen","complet"
35.758389261745,29.046936261584,20.3736635254398,41.4125081201522,"Humidité relative","%","intensite","MR","moyen","complet"
36.1979865771812,29.020048524233,20.3892018170949,41.3043739477207,"Humidité relative","%","intensite","MR","moyen","complet"
36.6375838926174,28.9938720420274,20.4041993269611,41.1995885022879,"Humidité relative","%","intensite","MR","moyen","complet"
37.0771812080537,28.968424770336,20.4186727606262,41.0981479311823,"Humidité relative","%","intensite","MR","moyen","complet"
37.5167785234899,28.9437246488254,20.4326401276682,41.0000465584779,"Humidité relative","%","intensite","MR","moyen","complet"
37.9563758389262,28.9197896062765,20.4461207344596,40.905276934109,"Humidité relative","%","intensite","MR","moyen","complet"
38.3959731543624,28.8966375655193,20.4591351731331,40.8138298870777,"Humidité relative","%","intensite","MR","moyen","complet"
38.8355704697987,28.8742864484846,20.4717053066991,40.7256945827721,"Humidité relative","%","intensite","MR","moyen","complet"
39.2751677852349,28.8527541813744,20.4838542503273,40.6408585843906,"Humidité relative","%","intensite","MR","moyen","complet"
39.7147651006711,28.8320586999516,20.4956063488295,40.5593079184472,"Humidité relative","%","intensite","MR","moyen","complet"
40.1543624161074,28.8122179549498,20.5069871504047,40.4810271443092,"Humidité relative","%","intensite","MR","moyen","complet"
40.5939597315436,28.7932499176038,20.5180233767286,40.4059994276981,"Humidité relative","%","intensite","MR","moyen","complet"
41.0335570469799,28.7751725853026,20.5287428894931,40.3342066180652,"Humidité relative","%","intensite","MR","moyen","complet"
41.4731543624161,28.7580039873653,20.5391746535208,40.2656293297331,"Humidité relative","%","intensite","MR","moyen","complet"
41.9127516778523,28.7417621909414,20.5493486965991,40.2002470266779,"Humidité relative","%","intensite","MR","moyen","complet"
42.3523489932886,28.7264653070371,20.5592960661957,40.138038110811,"Humidité relative","%","intensite","MR","moyen","complet"
42.7919463087248,28.7121314966695,20.569048783232,40.0789800136059,"Humidité relative","%","intensite","MR","moyen","complet"
43.2315436241611,28.6987789771482,20.5786397931052,40.0230492909036,"Humidité relative","%","intensite","MR","moyen","complet"
43.6711409395973,28.6864260284892,20.5881029141591,39.9702217207222,"Humidité relative","%","intensite","MR","moyen","complet"
44.1107382550336,28.6750909999607,20.5974727838125,39.9204724038882,"Humidité relative","%","intensite","MR","moyen","complet"
44.5503355704698,28.6647923167626,20.6067848025616,39.8737758673052,"Humidité relative","%","intensite","MR","moyen","complet"
44.989932885906,28.6555484868437,20.6160750760715,39.8301061696715,"Humidité relative","%","intensite","MR","moyen","complet"
45.4295302013423,28.6473781078571,20.6253803555791,39.789437009463,"Humidité relative","%","intensite","MR","moyen","complet"
45.8691275167785,28.6402998742568,20.6347379768197,39.7517418349972,"Humidité relative","%","intensite","MR","moyen","complet"
46.3087248322148,28.6343325845375,20.6441857976935,39.7169939564055,"Humidité relative","%","intensite","MR","moyen","complet"
46.748322147651,28.6294951486215,20.6537621348738,39.6851666593453,"Humidité relative","%","intensite","MR","moyen","complet"
47.1879194630872,28.625806595394,20.6635056995563,39.6562333202975,"Humidité relative","%","intensite","MR","moyen","complet"
47.6275167785235,28.6232860803901,20.6734555325312,39.6301675233072,"Humidité relative","%","intensite","MR","moyen","complet"
48.0671140939597,28.6219528936374,20.6836509387526,39.6069431780406,"Humidité relative","%","intensite","MR","moyen","complet"
48.506711409396,28.6218264676567,20.6941314215615,39.5865346390478,"Humidité relative","%","intensite","MR","moyen","complet"
48.9463087248322,28.6229263856236,20.7049366167021,39.568916826142,"Humidité relative","%","intensite","MR","moyen","complet"
49.3859060402685,28.6252723896963,20.7161062262559,39.5540653458217,"Humidité relative","%","intensite","MR","moyen","complet"
49.8255033557047,28.6288843895117,20.7276799525979,39.5419566136876,"Humidité relative","%","intensite","MR","moyen","complet"
50.2651006711409,28.633782470854,20.7396974324583,39.5325679778252,"Humidité relative","%","intensite","MR","moyen","complet"
50.7046979865772,28.6399869045005,20.7521981711572,39.5258778431482,"Humidité relative","%","intensite","MR","moyen","complet"
51.1442953020134,28.6475181552486,20.7652214770539,39.5218657967205,"Humidité relative","%","intensite","MR","moyen","complet"
51.5838926174497,28.6563968911278,20.7788063962366,39.5205127340986,"Humidité relative","%","intensite","MR","moyen","complet"
52.0234899328859,28.6666439928019,20.7929916474549,39.5218009867584,"Humidité relative","%","intensite","MR","moyen","complet"
52.4630872483221,28.6782805631666,20.8078155572777,39.5257144506956,"Humidité relative","%","intensite","MR","moyen","complet"
52.9026845637584,28.6913279371466,20.8233159954397,39.5322387163104,"Humidité relative","%","intensite","MR","moyen","complet"
53.3422818791946,28.7058076916975,20.8395303103207,39.5413611997112,"Humidité relative","%","intensite","MR","moyen","complet"
53.7818791946309,28.7217416560195,20.8564952644822,39.5530712755926,"Humidité relative","%","intensite","MR","moyen","complet"
54.2214765100671,28.7391519219859,20.8742469701701,39.5673604118643,"Humidité relative","%","intensite","MR","moyen","complet"
54.6610738255034,28.758060854795,20.8928208246734,39.5842223062293,"Humidité relative","%","intensite","MR","moyen","complet"
55.1006711409396,28.7784911038491,20.9122514454171,39.6036530249267,"Humidité relative","%","intensite","MR","moyen","complet"
55.5402684563758,28.8004656138695,20.9325726046506,39.6256511438731,"Humidité relative","%","intensite","MR","moyen","complet"
55.9798657718121,28.8240076362515,20.9538171635819,39.6502178924549,"Humidité relative","%","intensite","MR","moyen","complet"
56.4194630872483,28.8491407406679,20.9760170057985,39.6773573002347,"Humidité relative","%","intensite","MR","moyen","complet"
56.8590604026846,28.8758888269284,20.999202969805,39.7070763468537,"Humidité relative","%","intensite","MR","moyen","complet"
57.2986577181208,28.9042761371001,21.0234047805021,39.7393851154201,"Humidité relative","%","intensite","MR","moyen","complet"
57.738255033557,28.9343272679003,21.048650979426,39.7742969496844,"Humidité relative","%","intensite","MR","moyen","complet"
58.1778523489933,28.9660671833655,21.074968853567,39.8118286153117,"Humidité relative","%","intensite","MR","moyen","complet"
58.6174496644295,28.9995212278084,21.1023843625807,39.8520004655656,"Humidité relative","%","intensite","MR","moyen","complet"
59.0570469798658,29.0347151390695,21.1309220642152,39.8948366117228,"Humidité relative","%","intensite","MR","moyen","complet"
59.496644295302,29.0716750620723,21.1606050377757,39.9403650985377,"Humidité relative","%","intensite","MR","moyen","complet"
59.9362416107383,29.1104317655186,21.1914575770597,39.9886244017619,"Humidité relative","%","intensite","MR","moyen","complet"
60.3758389261745,29.1510337014272,21.2235138863718,40.0396828918801,"Humidité relative","%","intensite","MR","moyen","complet"
60.8154362416107,29.1935343103285,21.2568100774828,40.0936190529889,"Humidité relative","%","intensite","MR","moyen","complet"
61.255033557047,29.2379876647442,21.2913815654247,40.1505144256093,"Humidité relative","%","intensite","MR","moyen","complet"
61.6946308724832,29.2844485021042,21.3272633201741,40.210453221215,"Humidité relative","%","intensite","MR","moyen","complet"
62.1342281879195,29.3329722587858,21.3644901075403,40.2735219611453,"Humidité relative","%","intensite","MR","moyen","complet"
62.5738255033557,29.3836151053031,21.4030967192511,40.3398091398621,"Humidité relative","%","intensite","MR","moyen","complet"
63.0134228187919,29.4364339826813,21.4431181922269,40.4094049125216,"Humidité relative","%","intensite","MR","moyen","complet"
63.4530201342282,29.4914866400489,21.4845900170309,40.4824008068448,"Humidité relative","%","intensite","MR","moyen","complet"
63.8926174496644,29.548831673485,21.5275483354726,40.5588894592897,"Humidité relative","%","intensite","MR","moyen","complet"
64.3322147651007,29.6085285661609,21.5720301273382,40.638964375549,"Humidité relative","%","intensite","MR","moyen","complet"
64.7718120805369,29.6706377298157,21.6180733862096,40.7227197154187,"Humidité relative","%","intensite","MR","moyen","complet"
65.2114093959731,29.7352205476084,21.665717284326,40.8102501021082,"Humidité relative","%","intensite","MR","moyen","complet"
65.6510067114094,29.8023394183923,21.715002326437,40.9016504560878,"Humidité relative","%","intensite","MR","moyen","complet"
66.0906040268456,29.8720578024586,21.7659704925865,40.997015853594,"Humidité relative","%","intensite","MR","moyen","complet"
66.5302013422819,29.9444402687979,21.8186653697641,41.0964414099402,"Humidité relative","%","intensite","MR","moyen","complet"
66.9697986577181,30.0195525439326,21.8731322723548,41.2000221878106,"Humidité relative","%","intensite","MR","moyen","complet"
67.4093959731544,30.0974615623755,21.9294183513163,41.3078531307373,"Humidité relative","%","intensite","MR","moyen","complet"
67.8489932885906,30.1782355187695,21.9875726920085,41.4200290219997,"Humidité relative","%","intensite","MR","moyen","complet"
68.2885906040268,30.2619439217721,22.0476464005986,41.536644469208,"Humidité relative","%","intensite","MR","moyen","complet"
68.7281879194631,30.3486576497447,22.1096926789617,41.657793914875,"Humidité relative","%","intensite","MR","moyen","complet"
69.1677852348993,30.4384490083157,22.1737668879934,41.7835716733144,"Humidité relative","%","intensite","MR","moyen","complet"
69.6073825503356,30.5313917898847,22.2399265992434,41.9140719942463,"Humidité relative","%","intensite","MR","moyen","complet"
70.0469798657718,30.6275613351424,22.3082316347737,42.0493891535401,"Humidité relative","%","intensite","MR","moyen","complet"
70.486577181208,30.7270345966816,22.3787440951301,42.1896175715745,"Humidité relative","%","intensite","MR","moyen","complet"
70.9261744966443,30.8298902047801,22.4515283753047,42.3348519597564,"Humidité relative","%","intensite","MR","moyen","complet"
71.3657718120805,30.936208535439,22.5266511685427,42.4851874958065,"Humidité relative","%","intensite","MR","moyen","complet"
71.8053691275168,31.0460717807648,22.6041814578239,42.6407200284963,"Humidité relative","%","intensite","MR","moyen","complet"
72.244966442953,31.1595640217871,22.6841904948179,42.8015463126027,"Humidité relative","%","intensite","MR","moyen","complet"
72.6845637583893,31.2767713038092,22.7667517660716,42.9677642749464,"Humidité relative","%","intensite","MR","moyen","complet"
73.1241610738255,31.3977817143915,22.8519409461436,43.1394733124819,"Humidité relative","%","intensite","MR","moyen","complet"
73.5637583892617,31.5226854640756,22.9398358373461,43.3167746235278,"Humidité relative","%","intensite","MR","moyen","complet"
74.003355704698,31.6515749699589,23.0305162956909,43.4997715733526,"Humidité relative","%","intensite","MR","moyen","complet"
74.4429530201342,31.7845449422357,23.1240641425704,43.6885700954773,"Humidité relative","%","intensite","MR","moyen","complet"
74.8825503355705,31.9216924738288,23.2205630616193,43.8832791302105,"Humidité relative","%","intensite","MR","moyen","complet"
75.3221476510067,32.0631171332363,23.3200984801192,44.0840111020997,"Humidité relative","%","intensite","MR","moyen","complet"
75.7617449664429,32.2089210607303,23.4227574342103,44.290882438169,"Humidité relative","%","intensite","MR","moyen","complet"
76.2013422818792,32.3592090680456,23.5286284170702,44.5040141290085,"Humidité relative","%","intensite","MR","moyen","complet"
76.6409395973154,32.5140887417057,23.6378012091061,44.7235323349897,"Humidité relative","%","intensite","MR","moyen","complet"
77.0805369127517,32.6736705501411,23.7503666890895,44.9495690401102,"Humidité relative","%","intensite","MR","moyen","complet"
77.5201342281879,32.8380679547587,23.8664166250357,45.1822627562019,"Humidité relative","%","intensite","MR","moyen","complet"
77.9597315436242,33.007395108748,23.9860414178646,45.4217564659736,"Humidité relative","%","intensite","MR","moyen","complet"
78.3993288590604,33.1817069714974,24.1092795679859,45.6681285078441,"Humidité relative","%","intensite","MR","moyen","complet"
78.8389261744966,33.3609938815992,24.2361129699097,45.9213865750621,"Humidité relative","%","intensite","MR","moyen","complet"
79.2785234899329,33.5452434477175,24.3665188583422,46.1815396983298,"Humidité relative","%","intensite","MR","moyen","complet"
79.7181208053691,33.7344436359387,24.5004724931549,46.4486016644891,"Humidité relative","%","intensite","MR","moyen","complet"
80.1577181208054,33.9285826922852,24.6379471890219,46.7225907530218,"Humidité relative","%","intensite","MR","moyen","complet"
80.5973154362416,34.127649065255,24.7789143431812,47.003529476331,"Humidité relative","%","intensite","MR","moyen","complet"
81.0369127516778,34.3316313283259,24.9233434618177,47.2914443228609,"Humidité relative","%","intensite","MR","moyen","complet"
81.4765100671141,34.5405181023648,25.0712021855521,47.5863655021421,"Humidité relative","%","intensite","MR","moyen","complet"
81.9161073825503,34.7542979778865,25.2224563145051,47.88832669089,"Humidité relative","%","intensite","MR","moyen","complet"
82.3557046979866,34.9729594371112,25.3770698333833,48.197364779319,"Humidité relative","%","intensite","MR","moyen","complet"
82.7953020134228,35.1964907757716,25.5350049370141,48.5135196168805,"Humidité relative","%","intensite","MR","moyen","complet"
83.2348993288591,35.4248800246252,25.6962220567294,48.8368337566748,"Humidité relative","%","intensite","MR","moyen","complet"
83.6744966442953,35.6581148706321,25.8606798879687,49.1673521978338,"Humidité relative","%","intensite","MR","moyen","complet"
84.1140939597315,35.8961825777586,26.0283354194444,49.5051221252198,"Humidité relative","%","intensite","MR","moyen","complet"
84.5536912751678,36.1390699073755,26.1991439641755,49.8501926458371,"Humidité relative","%","intensite","MR","moyen","complet"
84.993288590604,36.3867630382191,26.3730591926635,50.202614521406,"Humidité relative","%","intensite","MR","moyen","complet"
85.4328859060403,36.6392474858898,26.5500331684452,50.5624398966011,"Humidité relative","%","intensite","MR","moyen","complet"
85.8724832214765,36.896508021864,26.7300163862197,50.9297220225163,"Humidité relative","%","intensite","MR","moyen","complet"
86.3120805369127,37.158528592003,26.9129578127044,51.3045149749728,"Humidité relative","%","intensite","MR","moyen","complet"
86.751677852349,37.425292234541,27.0988049303366,51.6868733673489,"Humidité relative","%","intensite","MR","moyen","complet"
87.1912751677852,37.6967809975427,27.2875037838905,52.0768520576672,"Humidité relative","%","intensite","MR","moyen","complet"
87.6308724832215,37.9729758558228,27.4789990300408,52.4745058497408,"Humidité relative","%","intensite","MR","moyen","complet"
88.0704697986577,38.2538566273234,27.6732339898578,52.8798891882364,"Humidité relative","%","intensite","MR","moyen","complet"
88.510067114094,38.5394018889516,27.8701507041771,53.2930558475782,"Humidité relative","%","intensite","MR","moyen","complet"
88.9496644295302,38.8295888918796,28.069689991745,53.7140586146763,"Humidité relative","%","intensite","MR","moyen","complet"
89.3892617449664,39.1243934763186,28.2717915099986,54.1429489655245,"Humidité relative","%","intensite","MR","moyen","complet"
89.8288590604027,39.4237899857786,28.4763938183001,54.5797767357734,"Humidité relative","%","intensite","MR","moyen","complet"
90.2684563758389,39.7277511808315,28.6834344434063,55.0245897854424,"Humidité relative","%","intensite","MR","moyen","complet"
90.7080536912752,40.0362481524004,28.8928499469197,55.477433657993,"Humidité relative","%","intensite","MR","moyen","complet"
91.1476510067114,40.3492502345996,29.1045759944321,55.9383512340394,"Humidité relative","%","intensite","MR","moyen","complet"
91.5872483221476,40.6667249171591,29.3185474260455,56.4073823800264,"Humidité relative","%","intensite","MR","moyen","complet"
92.0268456375839,40.9886377574662,29.5346983279232,56.8845635922539,"Humidité relative","%","intensite","MR","moyen","complet"
92.4664429530201,41.3149522922669,29.752962104507,57.3699276366747,"Humidité relative","%","intensite","MR","moyen","complet"
92.9060402684564,41.6456299490705,29.973271551012,57.8635031849354,"Humidité relative","%","intensite","MR","moyen","complet"
93.3456375838926,41.9806299573085,30.1955589258003,58.3653144471727,"Humidité relative","%","intensite","MR","moyen","complet"
93.7852348993289,42.3199092593022,30.4197560222215,58.8753808021101,"Humidité relative","%","intensite","MR","moyen","complet"
94.2248322147651,42.6634224210992,30.6457942395039,59.3937164250378,"Humidité relative","%","intensite","MR","moyen","complet"
94.6644295302013,43.0111215432432,30.873604652278,59.9203299142831,"Humidité relative","%","intensite","MR","moyen","complet"
95.1040268456376,43.3629561715486,31.1031180783173,60.4552239168096,"Humidité relative","%","intensite","MR","moyen","complet"
95.5436241610738,43.7188732079531,31.3342651440891,60.9983947535989,"Humidité relative","%","intensite","MR","moyen","complet"
95.9832214765101,44.0788168215324,31.5669763477191,61.5498320454946,"Humidité relative","%","intensite","MR","moyen","complet"
96.4228187919463,44.4427283597587,31.8011821189895,62.1095183401963,"Humidité relative","%","intensite","MR","moyen","complet"
96.8624161073825,44.8105462600984,32.03681287601,62.6774287411109,"Humidité relative","%","intensite","MR","moyen","complet"
97.3020134228188,45.1822059620435,32.2737990782225,63.2535305387714,"Humidité relative","%","intensite","MR","moyen","complet"
97.741610738255,45.5576398196795,32.5120712754268,63.837782845547,"Humidité relative","%","intensite","MR","moyen","complet"
98.1812080536913,45.9367770148982,32.7515601525425,64.43013623437,"Humidité relative","%","intensite","MR","moyen","complet"
98.6208053691275,46.319543471368,32.9921965698514,65.0305323822098,"Humidité relative","%","intensite","MR","moyen","complet"
99.0604026845638,46.7058617693809,33.233911598498,65.6389037190287,"Humidité relative","%","intensite","MR","moyen","complet"
99.5,47.0956510617004,33.4766365510567,66.2551730829552,"Humidité relative","%","intensite","MR","moyen","complet"
998.058333333333,36.8097866864172,24.374050941999,55.5902832534414,"Pression atmosphérique","hPa","intensite","MR","moyen","complet"
998.294530201342,36.8128183708789,24.4328776736607,55.4655744815619,"Pression atmosphérique","hPa","intensite","MR","moyen","complet"
998.530727069351,36.81492928338,24.4899807588055,55.3425922008106,"Pression atmosphérique","hPa","intensite","MR","moyen","complet"
998.76692393736,36.8161060497735,24.5453447833171,55.221292535659,"Pression atmosphérique","hPa","intensite","MR","moyen","complet"
999.003120805369,36.8163353646654,24.5989555625994,55.101630076699,"Pression atmosphérique","hPa","intensite","MR","moyen","complet"
999.239317673378,36.8156039948038,24.6508001585776,54.9835578879002,"Pression atmosphérique","hPa","intensite","MR","moyen","complet"
999.475514541387,36.8138987825054,24.7008668938462,54.8670275174105,"Pression atmosphérique","hPa","intensite","MR","moyen","complet"
999.711711409396,36.8112066491203,24.7491453628758,54.751989011987,"Pression atmosphérique","hPa","intensite","MR","moyen","complet"
999.947908277405,36.8075145985327,24.7956264402028,54.638390935128,"Pression atmosphérique","hPa","intensite","MR","moyen","complet"
1000.18410514541,36.8028097206973,24.8403022855423,54.526180388963,"Pression atmosphérique","hPa","intensite","MR","moyen","complet"
1000.42030201342,36.7970791952106,24.8831663457733,54.4153030399444,"Pression atmosphérique","hPa","intensite","MR","moyen","complet"
1000.65649888143,36.790310294915,24.9242133537651,54.305703148367,"Pression atmosphérique","hPa","intensite","MR","moyen","complet"
1000.89269574944,36.7824903895358,24.9634393240253,54.1973236017278,"Pression atmosphérique","hPa","intensite","MR","moyen","complet"
1001.12889261745,36.7736069493488,25.000841545165,54.0901059519222,"Pression atmosphérique","hPa","intensite","MR","moyen","complet"
1001.36508948546,36.7636475488785,25.0364185691933,53.9839904562558,"Pression atmosphérique","hPa","intensite","MR","moyen","complet"
1001.60128635347,36.7525998706248,25.0701701976661,53.8789161222366,"Pression atmosphérique","hPa","intensite","MR","moyen","complet"
1001.83748322148,36.7404517088176,25.1020974647308,53.7748207560963,"Pression atmosphérique","hPa","intensite","MR","moyen","complet"
1002.07368008949,36.7271909731974,25.1322026171216,53.6716410149731,"Pression atmosphérique","hPa","intensite","MR","moyen","complet"
1002.30987695749,36.7128056928214,25.1604890911747,53.5693124626748,"Pression atmosphérique","hPa","intensite","MR","moyen","complet"
1002.5460738255,36.6972840198925,25.186961486946,53.4677696289259,"Pression atmosphérique","hPa","intensite","MR","moyen","complet"
1002.78227069351,36.680614233612,25.2116255395259,53.3669460719892,"Pression atmosphérique","hPa","intensite","MR","moyen","complet"
1003.01846756152,36.6627847440519,25.2344880876581,53.2667744445388,"Pression atmosphérique","hPa","intensite","MR","moyen","complet"
1003.25466442953,36.6437840960475,25.2555570397814,53.1671865626514,"Pression atmosphérique","hPa","intensite","MR","moyen","complet"
1003.49086129754,36.6236009731079,25.2748413376204,53.0681134777684,"Pression atmosphérique","hPa","intensite","MR","moyen","complet"
1003.72705816555,36.6022242013432,25.2923509174624,52.9694855514764,"Pression atmosphérique","hPa","intensite","MR","moyen","complet"
1003.96325503356,36.5796427534064,25.3080966692652,52.8712325329397,"Pression atmosphérique","hPa","intensite","MR","moyen","complet"
1004.19945190157,36.555845752449,25.3220903937457,52.7732836388145,"Pression atmosphérique","hPa","intensite","MR","moyen","complet"
1004.43564876957,36.5308224760887,25.3343447576052,52.6755676354685,"Pression atmosphérique","hPa","intensite","MR","moyen","complet"
1004.67184563758,36.5045623603869,25.3448732470514,52.5780129233201,"Pression atmosphérique","hPa","intensite","MR","moyen","complet"
1004.90804250559,36.4770550038354,25.3536901197809,52.4805476231138,"Pression atmosphérique","hPa","intensite","MR","moyen","complet"
1005.1442393736,36.4482901713492,25.3608103555843,52.3830996639408,"Pression atmosphérique","hPa","intensite","MR","moyen","complet"
1005.38043624161,36.4182577982657,25.3662496057403,52.285596872815,"Pression atmosphérique","hPa","intensite","MR","moyen","complet"
1005.61663310962,36.3869479943459,25.370024141362,52.1879670656139,"Pression atmosphérique","hPa","intensite","MR","moyen","complet"
1005.85282997763,36.3543510477787,25.3721508008572,52.0901381391945,"Pression atmosphérique","hPa","intensite","MR","moyen","complet"
1006.08902684564,36.3204574291841,25.3726469366611,51.9920381644963,"Pression atmosphérique","hPa","intensite","MR","moyen","complet"
1006.32522371365,36.2852577956149,25.3715303613968,51.8935954804479,"Pression atmosphérique","hPa","intensite","MR","moyen","complet"
1006.56142058166,36.2487429945543,25.3688192936139,51.7947387884944,"Pression atmosphérique","hPa","intensite","MR","moyen","complet"
1006.79761744966,36.2109040679084,25.3645323032473,51.6953972475729,"Pression atmosphérique","hPa","intensite","MR","moyen","complet"
1007.03381431767,36.1717322559901,25.3586882569363,51.5955005693621,"Pression atmosphérique","hPa","intensite","MR","moyen","complet"
1007.27001118568,36.1312190014942,25.3513062633324,51.4949791136456,"Pression atmosphérique","hPa","intensite","MR","moyen","complet"
1007.50620805369,36.089355953461,25.3424056185196,51.3937639836296,"Pression atmosphérique","hPa","intensite","MR","moyen","complet"
1007.7424049217,36.0461349712254,25.3320057516609,51.2917871210657,"Pression atmosphérique","hPa","intensite","MR","moyen","complet"
1007.97860178971,36.0015481283523,25.320126170977,51.1889814010376,"Pression atmosphérique","hPa","intensite","MR","moyen","complet"
1008.21479865772,35.955587716552,25.3067864101546,51.0852807262763,"Pression atmosphérique","hPa","intensite","MR","moyen","complet"
1008.45099552573,35.908246249578,25.2920059752712,50.9806201208801,"Pression atmosphérique","hPa","intensite","MR","moyen","complet"
1008.68719239374,35.8595164671023,25.2758042923161,50.8749358233203,"Pression atmosphérique","hPa","intensite","MR","moyen","complet"
1008.92338926175,35.8093913385665,25.2582006553756,50.7681653786251,"Pression atmosphérique","hPa","intensite","MR","moyen","complet"
1009.15958612975,35.7578640670076,25.2392141755454,50.6602477296409,"Pression atmosphérique","hPa","intensite","MR","moyen","complet"
1009.39578299776,35.7049280928552,25.2188637306184,50.551123307279,"Pression atmosphérique","hPa","intensite","MR","moyen","complet"
1009.63197986577,35.6505770976987,25.197167915593,50.4407341196641,"Pression atmosphérique","hPa","intensite","MR","moyen","complet"
1009.86817673378,35.594805008022,25.1741449940346,50.329023840108,"Pression atmosphérique","hPa","intensite","MR","moyen","complet"
1010.10437360179,35.5376059989035,25.1498128503181,50.2159378938411,"Pression atmosphérique","hPa","intensite","MR","moyen","complet"
1010.3405704698,35.4789744976793,25.1241889427671,50.1014235434397,"Pression atmosphérique","hPa","intensite","MR","moyen","complet"
1010.57676733781,35.4189051875675,25.0972902577037,49.985429972896,"Pression atmosphérique","hPa","intensite","MR","moyen","complet"
1010.81296420582,35.3573930112506,25.0691332644117,49.8679083702806,"Pression atmosphérique","hPa","intensite","MR","moyen","complet"
1011.04916107383,35.2944331744154,25.0397338710109,49.7488120089586,"Pression atmosphérique","hPa","intensite","MR","moyen","complet"
1011.28535794183,35.2300211492458,25.0091073812367,49.62809632732,"Pression atmosphérique","hPa","intensite","MR","moyen","complet"
1011.52155480984,35.1641526778687,24.9772684521111,49.5057190069937,"Pression atmosphérique","hPa","intensite","MR","moyen","complet"
1011.75775167785,35.0968237757491,24.9442310524883,49.3816400495178,"Pression atmosphérique","hPa","intensite","MR","moyen","complet"
1011.99394854586,35.0280307350321,24.9100084224555,49.2558218514408,"Pression atmosphérique","hPa","intensite","MR","moyen","complet"
1012.23014541387,34.9577701278313,24.8746130335635,49.1282292778335,"Pression atmosphérique","hPa","intensite","MR","moyen","complet"
1012.46634228188,34.8860388094582,24.8380565498636,48.9988297341929,"Pression atmosphérique","hPa","intensite","MR","moyen","complet"
1012.70253914989,34.8128339215939,24.8003497897216,48.8675932367196,"Pression atmosphérique","hPa","intensite","MR","moyen","complet"
1012.9387360179,34.7381528953982,24.7615026883823,48.734492480953,"Pression atmosphérique","hPa","intensite","MR","moyen","complet"
1013.17493288591,34.6619934545545,24.7215242612556,48.5995029087481,"Pression atmosphérique","hPa","intensite","MR","moyen","complet"
1013.41112975392,34.5843536182486,24.6804225678989,48.4626027735753,"Pression atmosphérique","hPa","intensite","MR","moyen","complet"
1013.64732662192,34.5052317040794,24.6382046766691,48.3237732041265,"Pression atmosphérique","hPa","intensite","MR","moyen","complet"
1013.88352348993,34.4246263308979,24.5948766300231,48.1829982662058,"Pression atmosphérique","hPa","intensite","MR","moyen","complet"
1014.11972035794,34.3425364215734,24.5504434104474,48.0402650228794,"Pression atmosphérique","hPa","intensite","MR","moyen","complet"
1014.35591722595,34.2589612056845,24.5049089070034,47.8955635928588,"Pression atmosphérique","hPa","intensite","MR","moyen","complet"
1014.59211409396,34.1739002221323,24.45827588248,47.7488872070828,"Pression atmosphérique","hPa","intensite","MR","moyen","complet"
1014.82831096197,34.0873533216734,24.4105459411503,47.6002322634594,"Pression atmosphérique","hPa","intensite","MR","moyen","complet"
1015.06450782998,33.9993206693717,24.3617194971407,47.4495983797218,"Pression atmosphérique","hPa","intensite","MR","moyen","complet"
1015.30070469799,33.9098027469645,24.3117957434252,47.2969884443443,"Pression atmosphérique","hPa","intensite","MR","moyen","complet"
1015.536901566,33.8188003551434,24.2607726214706,47.1424086654548,"Pression atmosphérique","hPa","intensite","MR","moyen","complet"
1015.773098434,33.7263146157458,24.2086467915694,46.9858686176704,"Pression atmosphérique","hPa","intensite","MR","moyen","complet"
1016.00929530201,33.6323469738557,24.1554136039068,46.8273812867719,"Pression atmosphérique","hPa","intensite","MR","moyen","complet"
1016.24549217002,33.5368991998119,24.101067070428,46.6669631121179,"Pression atmosphérique","hPa","intensite","MR","moyen","complet"
1016.48168903803,33.4399733911203,24.0455998375794,46.5046340266886,"Pression atmosphérique","hPa","intensite","MR","moyen","complet"
1016.71788590604,33.34157197427,23.9890031600222,46.34041749463,"Pression atmosphérique","hPa","intensite","MR","moyen","complet"
1016.95408277405,33.2416977064495,23.9312668754282,46.1743405461563,"Pression atmosphérique","hPa","intensite","MR","moyen","complet"
1017.19027964206,33.1403536771621,23.8723793804918,46.0064338096475,"Pression atmosphérique","hPa","intensite","MR","moyen","complet"
1017.42647651007,33.0375433097376,23.8123276083115,45.8367315407593,"Pression atmosphérique","hPa","intensite","MR","moyen","complet"
1017.66267337808,32.9332703627394,23.751097007317,45.6652716483434,"Pression atmosphérique","hPa","intensite","MR","moyen","complet"
1017.89887024609,32.8275389312639,23.6886715219432,45.4920957169509,"Pression atmosphérique","hPa","intensite","MR","moyen","complet"
1018.13506711409,32.7203534481316,23.6250335752774,45.3172490256698,"Pression atmosphérique","hPa","intensite","MR","moyen","complet"
1018.3712639821,32.611718684966,23.5601640539339,45.1407805630192,"Pression atmosphérique","hPa","intensite","MR","moyen","complet"
1018.60746085011,32.5016397531618,23.4940422954388,44.9627430375994,"Pression atmosphérique","hPa","intensite","MR","moyen","complet"
1018.84365771812,32.3901221047367,23.4266460784377,44.7831928841652,"Pression atmosphérique","hPa","intensite","MR","moyen","complet"
1019.07985458613,32.277171533068,23.35795161607,44.6021902647635,"Pression atmosphérique","hPa","intensite","MR","moyen","complet"
1019.31605145414,32.1627941735115,23.2879335528864,44.4197990645442,"Pression atmosphérique","hPa","intensite","MR","moyen","complet"
1019.55224832215,32.0469965039003,23.2165649657172,44.2360868818249,"Pression atmosphérique","hPa","intensite","MR","moyen","complet"
1019.78844519016,31.9297853449226,23.1438173689347,44.0511250119564,"Pression atmosphérique","hPa","intensite","MR","moyen","complet"
1020.02464205817,31.8111678603771,23.0696607245817,43.8649884245076,"Pression atmosphérique","hPa","intensite","MR","moyen","complet"
1020.26083892617,31.6911515573044,22.9940634578741,43.6777557332572,"Pression atmosphérique","hPa","intensite","MR","moyen","complet"
1020.49703579418,31.5697442859922,22.9169924786155,43.4895091584527,"Pression atmosphérique","hPa","intensite","MR","moyen","complet"
1020.73323266219,31.446954239854,22.8384132090881,43.3003344807664,"Pression atmosphérique","hPa","intensite","MR","moyen","complet"
1020.9694295302,31.3227899551794,22.7582896190149,43.1103209863603,"Pression atmosphérique","hPa","intensite","MR","moyen","complet"
1021.20562639821,31.1972603107552,22.6765842682061,42.9195614024463,"Pression atmosphérique","hPa","intensite","MR","moyen","complet"
1021.44182326622,31.0703745273551,22.5932583575247,42.728151822714,"Pression atmosphérique","hPa","intensite","MR","moyen","complet"
1021.67802013423,30.9422056416297,22.5083171704343,42.5362803766831,"Pression atmosphérique","hPa","intensite","MR","moyen","complet"
1021.91421700224,30.8137262542242,22.4224115309481,42.3453884235312,"Pression atmosphérique","hPa","intensite","MR","moyen","complet"
1022.15041387025,30.6865608285912,22.3366743867571,42.1577983894113,"Pression atmosphérique","hPa","intensite","MR","moyen","complet"
1022.38661073826,30.5623229949816,22.2522517233337,41.9757783824695,"Pression atmosphérique","hPa","intensite","MR","moyen","complet"
1022.62280760626,30.4426005444275,22.1702915370898,41.8015219311468,"Pression atmosphérique","hPa","intensite","MR","moyen","complet"
1022.85900447427,30.3289573834885,22.091944438429,41.6371523354634,"Pression atmosphérique","hPa","intensite","MR","moyen","complet"
1023.09520134228,30.2229363024112,22.0183644356454,41.484728868456,"Pression atmosphérique","hPa","intensite","MR","moyen","complet"
1023.33139821029,30.126062538386,21.950709929228,41.3462547221889,"Pression atmosphérique","hPa","intensite","MR","moyen","complet"
1023.5675950783,30.0398481202041,21.8901449475812,41.2236866062709,"Pression atmosphérique","hPa","intensite","MR","moyen","complet"
1023.80379194631,29.965796986381,21.8378406552847,41.1189459252555,"Pression atmosphérique","hPa","intensite","MR","moyen","complet"
1024.03998881432,29.905410875686,21.7949771636656,41.0339314846607,"Pression atmosphérique","hPa","intensite","MR","moyen","complet"
1024.27618568233,29.8601959970292,21.7627456705832,40.9705337036686,"Pression atmosphérique","hPa","intensite","MR","moyen","complet"
1024.51238255034,29.831670494815,21.7423509519236,40.9306503459085,"Pression atmosphérique","hPa","intensite","MR","moyen","complet"
1024.74857941834,29.8213727362424,21.7350142213712,40.916203818237,"Pression atmosphérique","hPa","intensite","MR","moyen","complet"
1024.98477628635,29.830870458688,21.7419763676333,40.9291601313562,"Pression atmosphérique","hPa","intensite","MR","moyen","complet"
1025.22097315436,29.8617708283659,21.764501569497,40.9715496657916,"Pression atmosphérique","hPa","intensite","MR","moyen","complet"
1025.45717002237,29.9157314760679,21.8038812789713,41.0454899427163,"Pression atmosphérique","hPa","intensite","MR","moyen","complet"
1025.69336689038,29.9944725921371,21.8614385513919,41.1532106620306,"Pression atmosphérique","hPa","intensite","MR","moyen","complet"
1025.92956375839,30.0997660056928,21.9385144131554,41.2970494052314,"Pression atmosphérique","hPa","intensite","MR","moyen","complet"
1026.1657606264,30.2325695683195,22.0358077644761,41.4783189467077,"Pression atmosphérique","hPa","intensite","MR","moyen","complet"
1026.40195749441,30.3927696833137,22.1531775735763,41.6969730845628,"Pression atmosphérique","hPa","intensite","MR","moyen","complet"
1026.63815436242,30.580242499114,22.29044531864,41.9530080236941,"Pression atmosphérique","hPa","intensite","MR","moyen","complet"
1026.87435123043,30.7949249668068,22.4474492086387,42.2465552721377,"Pression atmosphérique","hPa","intensite","MR","moyen","complet"
1027.11054809843,31.0368120318983,22.6240422727405,42.5778775291646,"Pression atmosphérique","hPa","intensite","MR","moyen","complet"
1027.34674496644,31.3059540603061,22.820090380784,42.9473653816583,"Pression atmosphérique","hPa","intensite","MR","moyen","complet"
1027.58294183445,31.6024544717622,23.0354702223201,43.355534703698,"Pression atmosphérique","hPa","intensite","MR","moyen","complet"
1027.81913870246,31.9264675557895,23.2700672727338,43.8030246601487,"Pression atmosphérique","hPa","intensite","MR","moyen","complet"
1028.05533557047,32.2781964471014,23.5237737758983,44.2905962199462,"Pression atmosphérique","hPa","intensite","MR","moyen","complet"
1028.29153243848,32.6578912387759,23.7964867736118,44.8191310889812,"Pression atmosphérique","hPa","intensite","MR","moyen","complet"
1028.52772930649,33.0658472128228,24.0881062125422,45.3896309761561,"Pression atmosphérique","hPa","intensite","MR","moyen","complet"
1028.7639261745,33.5024031688916,24.3985331594351,46.0032171096692,"Pression atmosphérique","hPa","intensite","MR","moyen","complet"
1029.00012304251,33.9679398327962,24.7276681547029,46.6611299240126,"Pression atmosphérique","hPa","intensite","MR","moyen","complet"
1029.23631991051,34.462878327356,25.0754097330765,47.3647288418774,"Pression atmosphérique","hPa","intensite","MR","moyen","complet"
1029.47251677852,34.9876786887318,25.4416531375892,48.1154920792986,"Pression atmosphérique","hPa","intensite","MR","moyen","complet"
1029.70871364653,35.5428384119912,25.8262892496519,48.9150164070879,"Pression atmosphérique","hPa","intensite","MR","moyen","complet"
1029.94491051454,36.1288910101314,26.2292037533517,49.7650168070831,"Pression atmosphérique","hPa","intensite","MR","moyen","complet"
1030.18110738255,36.7464045711384,26.6502765463086,50.6673259678732,"Pression atmosphérique","hPa","intensite","MR","moyen","complet"
1030.41730425056,37.3959802980006,27.0893814026358,51.6238935715372,"Pression atmosphérique","hPa","intensite","MR","moyen","complet"
1030.65350111857,38.0782510167979,27.5463858858735,52.6367853302252,"Pression atmosphérique","hPa","intensite","MR","moyen","complet"
1030.88969798658,38.7938796382065,28.0211515015706,53.7081817390445,"Pression atmosphérique","hPa","intensite","MR","moyen","complet"
1031.12589485459,39.5435575578651,28.5135340707521,54.8403765191688,"Pression atmosphérique","hPa","intensite","MR","moyen","complet"
1031.3620917226,40.328002981167,29.023384297325,56.0357747321324,"Pression atmosphérique","hPa","intensite","MR","moyen","complet"
1031.5982885906,41.1479591581193,29.5505484949503,57.2968905523898,"Pression atmosphérique","hPa","intensite","MR","moyen","complet"
1031.83448545861,42.0041925139408,30.0948694324843,58.6263446899612,"Pression atmosphérique","hPa","intensite","MR","moyen","complet"
1032.07068232662,42.8974906611553,30.6561872522246,60.0268614581343,"Pression atmosphérique","hPa","intensite","MR","moyen","complet"
1032.30687919463,43.8286602789404,31.2343404121079,61.5012654822101,"Pression atmosphérique","hPa","intensite","MR","moyen","complet"
1032.54307606264,44.7985248455979,31.8291666020141,63.0524780442936,"Pression atmosphérique","hPa","intensite","MR","moyen","complet"
1032.77927293065,45.8079222100401,32.4405035853794,64.6835130557836,"Pression atmosphérique","hPa","intensite","MR","moyen","complet"
1033.01546979866,46.857701988347,33.0681899204601,66.3974726439513,"Pression atmosphérique","hPa","intensite","MR","moyen","complet"
1033.25166666667,47.9487227715454,33.7120655204728,68.1975423317306,"Pression atmosphérique","hPa","intensite","MR","moyen","complet"
11.1666666666667,0.999999999630853,0,1,"Température","°C","presence","MR","rafale_max","complet"
11.3140939597315,0.999999999629213,0,1,"Température","°C","presence","MR","rafale_max","complet"
11.4615212527964,0.999999999627579,0,1,"Température","°C","presence","MR","rafale_max","complet"
11.6089485458613,0.99999999962595,0,1,"Température","°C","presence","MR","rafale_max","complet"
11.7563758389262,0.999999999624327,0,1,"Température","°C","presence","MR","rafale_max","complet"
11.9038031319911,0.99999999962271,0,1,"Température","°C","presence","MR","rafale_max","complet"
12.0512304250559,0.9999999996211,0,1,"Température","°C","presence","MR","rafale_max","complet"
12.1986577181208,0.999999999619498,0,1,"Température","°C","presence","MR","rafale_max","complet"
12.3460850111857,0.999999999617903,0,1,"Température","°C","presence","MR","rafale_max","complet"
12.4935123042506,0.999999999616317,0,1,"Température","°C","presence","MR","rafale_max","complet"
12.6409395973154,0.99999999961474,0,1,"Température","°C","presence","MR","rafale_max","complet"
12.7883668903803,0.999999999613173,0,1,"Température","°C","presence","MR","rafale_max","complet"
12.9357941834452,0.999999999611615,0,1,"Température","°C","presence","MR","rafale_max","complet"
13.0832214765101,0.999999999610068,0,1,"Température","°C","presence","MR","rafale_max","complet"
13.2306487695749,0.999999999608532,0,1,"Température","°C","presence","MR","rafale_max","complet"
13.3780760626398,0.999999999607007,0,1,"Température","°C","presence","MR","rafale_max","complet"
13.5255033557047,0.999999999605495,0,1,"Température","°C","presence","MR","rafale_max","complet"
13.6729306487696,0.999999999603995,0,1,"Température","°C","presence","MR","rafale_max","complet"
13.8203579418345,0.999999999602508,0,1,"Température","°C","presence","MR","rafale_max","complet"
13.9677852348993,0.999999999601036,0,1,"Température","°C","presence","MR","rafale_max","complet"
14.1152125279642,0.999999999599577,0,1,"Température","°C","presence","MR","rafale_max","complet"
14.2626398210291,0.999999999598134,0,1,"Température","°C","presence","MR","rafale_max","complet"
14.410067114094,0.999999999596706,0,1,"Température","°C","presence","MR","rafale_max","complet"
14.5574944071588,0.999999999595294,0,1,"Température","°C","presence","MR","rafale_max","complet"
14.7049217002237,0.999999999593898,0,1,"Température","°C","presence","MR","rafale_max","complet"
14.8523489932886,0.99999999959252,0,1,"Température","°C","presence","MR","rafale_max","complet"
14.9997762863535,0.99999999959116,0,1,"Température","°C","presence","MR","rafale_max","complet"
15.1472035794183,0.999999999589818,0,1,"Température","°C","presence","MR","rafale_max","complet"
15.2946308724832,0.999999999588495,0,1,"Température","°C","presence","MR","rafale_max","complet"
15.4420581655481,0.999999999587191,0,1,"Température","°C","presence","MR","rafale_max","complet"
15.589485458613,0.999999999585908,0,1,"Température","°C","presence","MR","rafale_max","complet"
15.7369127516779,0.999999999584645,0,1,"Température","°C","presence","MR","rafale_max","complet"
15.8843400447427,0.999999999583404,0,1,"Température","°C","presence","MR","rafale_max","complet"
16.0317673378076,0.999999999582184,0,1,"Température","°C","presence","MR","rafale_max","complet"
16.1791946308725,0.999999999580987,0,1,"Température","°C","presence","MR","rafale_max","complet"
16.3266219239374,0.999999999579813,0,1,"Température","°C","presence","MR","rafale_max","complet"
16.4740492170022,0.999999999578663,0,1,"Température","°C","presence","MR","rafale_max","complet"
16.6214765100671,0.999999999577538,0,1,"Température","°C","presence","MR","rafale_max","complet"
16.768903803132,0.999999999576437,0,1,"Température","°C","presence","MR","rafale_max","complet"
16.9163310961969,0.999999999575361,0,1,"Température","°C","presence","MR","rafale_max","complet"
17.0637583892617,0.999999999574312,0,1,"Température","°C","presence","MR","rafale_max","complet"
17.2111856823266,0.99999999957329,0,1,"Température","°C","presence","MR","rafale_max","complet"
17.3586129753915,0.999999999572294,0,1,"Température","°C","presence","MR","rafale_max","complet"
17.5060402684564,0.999999999571327,0,1,"Température","°C","presence","MR","rafale_max","complet"
17.6534675615213,0.999999999570388,0,1,"Température","°C","presence","MR","rafale_max","complet"
17.8008948545861,0.999999999569478,0,1,"Température","°C","presence","MR","rafale_max","complet"
17.948322147651,0.999999999568598,0,1,"Température","°C","presence","MR","rafale_max","complet"
18.0957494407159,0.999999999567748,0,1,"Température","°C","presence","MR","rafale_max","complet"
18.2431767337808,0.999999999566929,0,1,"Température","°C","presence","MR","rafale_max","complet"
18.3906040268456,0.999999999566141,0,1,"Température","°C","presence","MR","rafale_max","complet"
18.5380313199105,0.999999999565386,0,1,"Température","°C","presence","MR","rafale_max","complet"
18.6854586129754,0.999999999564662,0,1,"Température","°C","presence","MR","rafale_max","complet"
18.8328859060403,0.999999999563973,0,1,"Température","°C","presence","MR","rafale_max","complet"
18.9803131991051,0.999999999563316,0,1,"Température","°C","presence","MR","rafale_max","complet"
19.12774049217,0.999999999562694,0,1,"Température","°C","presence","MR","rafale_max","complet"
19.2751677852349,0.999999999562107,0,1,"Température","°C","presence","MR","rafale_max","complet"
19.4225950782998,0.999999999561554,0,1,"Température","°C","presence","MR","rafale_max","complet"
19.5700223713647,0.999999999561037,0,1,"Température","°C","presence","MR","rafale_max","complet"
19.7174496644295,0.999999999560554,0,1,"Température","°C","presence","MR","rafale_max","complet"
19.8648769574944,0.999999999560105,0,1,"Température","°C","presence","MR","rafale_max","complet"
20.0123042505593,0.999999999559689,0,1,"Température","°C","presence","MR","rafale_max","complet"
20.1597315436242,0.999999999559305,0,1,"Température","°C","presence","MR","rafale_max","complet"
20.307158836689,0.999999999558953,0,1,"Température","°C","presence","MR","rafale_max","complet"
20.4545861297539,0.999999999558632,0,1,"Température","°C","presence","MR","rafale_max","complet"
20.6020134228188,0.999999999558341,0,1,"Température","°C","presence","MR","rafale_max","complet"
20.7494407158837,0.999999999558079,0,1,"Température","°C","presence","MR","rafale_max","complet"
20.8968680089485,0.999999999557847,0,1,"Température","°C","presence","MR","rafale_max","complet"
21.0442953020134,0.999999999557643,0,1,"Température","°C","presence","MR","rafale_max","complet"
21.1917225950783,0.999999999557467,0,1,"Température","°C","presence","MR","rafale_max","complet"
21.3391498881432,0.999999999557317,0,1,"Température","°C","presence","MR","rafale_max","complet"
21.4865771812081,0.999999999557193,0,1,"Température","°C","presence","MR","rafale_max","complet"
21.6340044742729,0.999999999557095,0,1,"Température","°C","presence","MR","rafale_max","complet"
21.7814317673378,0.999999999557021,0,1,"Température","°C","presence","MR","rafale_max","complet"
21.9288590604027,0.999999999556972,0,1,"Température","°C","presence","MR","rafale_max","complet"
22.0762863534676,0.999999999556945,0,1,"Température","°C","presence","MR","rafale_max","complet"
22.2237136465324,0.999999999556941,0,1,"Température","°C","presence","MR","rafale_max","complet"
22.3711409395973,0.999999999556958,0,1,"Température","°C","presence","MR","rafale_max","complet"
22.5185682326622,0.999999999556996,0,1,"Température","°C","presence","MR","rafale_max","complet"
22.6659955257271,0.999999999557055,0,1,"Température","°C","presence","MR","rafale_max","complet"
22.8134228187919,0.999999999557132,0,1,"Température","°C","presence","MR","rafale_max","complet"
22.9608501118568,0.999999999557228,0,1,"Température","°C","presence","MR","rafale_max","complet"
23.1082774049217,0.999999999557342,0,1,"Température","°C","presence","MR","rafale_max","complet"
23.2557046979866,0.999999999557474,0,1,"Température","°C","presence","MR","rafale_max","complet"
23.4031319910515,0.999999999557621,0,1,"Température","°C","presence","MR","rafale_max","complet"
23.5505592841163,0.999999999557784,0,1,"Température","°C","presence","MR","rafale_max","complet"
23.6979865771812,0.999999999557962,0,1,"Température","°C","presence","MR","rafale_max","complet"
23.8454138702461,0.999999999558155,0,1,"Température","°C","presence","MR","rafale_max","complet"
23.992841163311,0.999999999558363,0,1,"Température","°C","presence","MR","rafale_max","complet"
24.1402684563758,0.999999999558586,0,1,"Température","°C","presence","MR","rafale_max","complet"
24.2876957494407,0.999999999558823,0,1,"Température","°C","presence","MR","rafale_max","complet"
24.4351230425056,0.999999999559074,0,1,"Température","°C","presence","MR","rafale_max","complet"
24.5825503355705,0.99999999955934,0,1,"Température","°C","presence","MR","rafale_max","complet"
24.7299776286353,0.999999999559619,0,1,"Température","°C","presence","MR","rafale_max","complet"
24.8774049217002,0.999999999559912,0,1,"Température","°C","presence","MR","rafale_max","complet"
25.0248322147651,0.999999999560219,0,1,"Température","°C","presence","MR","rafale_max","complet"
25.17225950783,0.999999999560539,0,1,"Température","°C","presence","MR","rafale_max","complet"
25.3196868008949,0.999999999560872,0,1,"Température","°C","presence","MR","rafale_max","complet"
25.4671140939597,0.999999999561218,0,1,"Température","°C","presence","MR","rafale_max","complet"
25.6145413870246,0.999999999561577,0,1,"Température","°C","presence","MR","rafale_max","complet"
25.7619686800895,0.999999999561948,0,1,"Température","°C","presence","MR","rafale_max","complet"
25.9093959731544,0.999999999562332,0,1,"Température","°C","presence","MR","rafale_max","complet"
26.0568232662192,0.999999999562728,0,1,"Température","°C","presence","MR","rafale_max","complet"
26.2042505592841,0.999999999563136,0,1,"Température","°C","presence","MR","rafale_max","complet"
26.351677852349,0.999999999563555,0,1,"Température","°C","presence","MR","rafale_max","complet"
26.4991051454139,0.999999999563986,0,1,"Température","°C","presence","MR","rafale_max","complet"
26.6465324384788,0.999999999564429,0,1,"Température","°C","presence","MR","rafale_max","complet"
26.7939597315436,0.999999999564882,0,1,"Température","°C","presence","MR","rafale_max","complet"
26.9413870246085,0.999999999565347,0,1,"Température","°C","presence","MR","rafale_max","complet"
27.0888143176734,0.999999999565822,0,1,"Température","°C","presence","MR","rafale_max","complet"
27.2362416107383,0.999999999566308,0,1,"Température","°C","presence","MR","rafale_max","complet"
27.3836689038031,0.999999999566804,0,1,"Température","°C","presence","MR","rafale_max","complet"
27.531096196868,0.999999999567311,0,1,"Température","°C","presence","MR","rafale_max","complet"
27.6785234899329,0.999999999567827,0,1,"Température","°C","presence","MR","rafale_max","complet"
27.8259507829978,0.999999999568353,0,1,"Température","°C","presence","MR","rafale_max","complet"
27.9733780760626,0.999999999568889,0,1,"Température","°C","presence","MR","rafale_max","complet"
28.1208053691275,0.999999999569434,0,1,"Température","°C","presence","MR","rafale_max","complet"
28.2682326621924,0.999999999569988,0,1,"Température","°C","presence","MR","rafale_max","complet"
28.4156599552573,0.999999999570552,0,1,"Température","°C","presence","MR","rafale_max","complet"
28.5630872483221,0.999999999571124,0,1,"Température","°C","presence","MR","rafale_max","complet"
28.710514541387,0.999999999571704,0,1,"Température","°C","presence","MR","rafale_max","complet"
28.8579418344519,0.999999999572293,0,1,"Température","°C","presence","MR","rafale_max","complet"
29.0053691275168,0.99999999957289,0,1,"Température","°C","presence","MR","rafale_max","complet"
29.1527964205817,0.999999999573495,0,1,"Température","°C","presence","MR","rafale_max","complet"
29.3002237136465,0.999999999574108,0,1,"Température","°C","presence","MR","rafale_max","complet"
29.4476510067114,0.999999999574729,0,1,"Température","°C","presence","MR","rafale_max","complet"
29.5950782997763,0.999999999575357,0,1,"Température","°C","presence","MR","rafale_max","complet"
29.7425055928412,0.999999999575992,0,1,"Température","°C","presence","MR","rafale_max","complet"
29.889932885906,0.999999999576634,0,1,"Température","°C","presence","MR","rafale_max","complet"
30.0373601789709,0.999999999577283,0,1,"Température","°C","presence","MR","rafale_max","complet"
30.1847874720358,0.999999999577938,0,1,"Température","°C","presence","MR","rafale_max","complet"
30.3322147651007,0.9999999995786,0,1,"Température","°C","presence","MR","rafale_max","complet"
30.4796420581656,0.999999999579268,0,1,"Température","°C","presence","MR","rafale_max","complet"
30.6270693512304,0.999999999579943,0,1,"Température","°C","presence","MR","rafale_max","complet"
30.7744966442953,0.999999999580623,0,1,"Température","°C","presence","MR","rafale_max","complet"
30.9219239373602,0.999999999581308,0,1,"Température","°C","presence","MR","rafale_max","complet"
31.0693512304251,0.999999999582,0,1,"Température","°C","presence","MR","rafale_max","complet"
31.2167785234899,0.999999999582696,0,1,"Température","°C","presence","MR","rafale_max","complet"
31.3642058165548,0.999999999583398,0,1,"Température","°C","presence","MR","rafale_max","complet"
31.5116331096197,0.999999999584105,0,1,"Température","°C","presence","MR","rafale_max","complet"
31.6590604026846,0.999999999584816,0,1,"Température","°C","presence","MR","rafale_max","complet"
31.8064876957494,0.999999999585532,0,1,"Température","°C","presence","MR","rafale_max","complet"
31.9539149888143,0.999999999586252,0,1,"Température","°C","presence","MR","rafale_max","complet"
32.1013422818792,0.999999999586977,0,1,"Température","°C","presence","MR","rafale_max","complet"
32.2487695749441,0.999999999587705,0,1,"Température","°C","presence","MR","rafale_max","complet"
32.3961968680089,0.999999999588437,0,1,"Température","°C","presence","MR","rafale_max","complet"
32.5436241610738,0.999999999589174,0,1,"Température","°C","presence","MR","rafale_max","complet"
32.6910514541387,0.999999999589913,0,1,"Température","°C","presence","MR","rafale_max","complet"
32.8384787472036,0.999999999590656,0,1,"Température","°C","presence","MR","rafale_max","complet"
32.9859060402685,0.999999999591402,0,1,"Température","°C","presence","MR","rafale_max","complet"
33.1333333333333,0.99999999959215,0,1,"Température","°C","presence","MR","rafale_max","complet"
33.8225,0.999999999382793,0,1,"Humidité relative","%","presence","MR","rafale_max","complet"
34.266644295302,0.999999999387704,0,1,"Humidité relative","%","presence","MR","rafale_max","complet"
34.710788590604,0.999999999392544,0,1,"Humidité relative","%","presence","MR","rafale_max","complet"
35.154932885906,0.999999999397312,0,1,"Humidité relative","%","presence","MR","rafale_max","complet"
35.5990771812081,0.999999999402007,0,1,"Humidité relative","%","presence","MR","rafale_max","complet"
36.0432214765101,0.999999999406631,0,1,"Humidité relative","%","presence","MR","rafale_max","complet"
36.4873657718121,0.999999999411182,0,1,"Humidité relative","%","presence","MR","rafale_max","complet"
36.9315100671141,0.999999999415662,0,1,"Humidité relative","%","presence","MR","rafale_max","complet"
37.3756543624161,0.999999999420069,0,1,"Humidité relative","%","presence","MR","rafale_max","complet"
37.8197986577181,0.999999999424404,0,1,"Humidité relative","%","presence","MR","rafale_max","complet"
38.2639429530201,0.999999999428668,0,1,"Humidité relative","%","presence","MR","rafale_max","complet"
38.7080872483221,0.99999999943286,0,1,"Humidité relative","%","presence","MR","rafale_max","complet"
39.1522315436242,0.999999999436981,0,1,"Humidité relative","%","presence","MR","rafale_max","complet"
39.5963758389262,0.999999999441029,0,1,"Humidité relative","%","presence","MR","rafale_max","complet"
40.0405201342282,0.999999999445007,0,1,"Humidité relative","%","presence","MR","rafale_max","complet"
40.4846644295302,0.999999999448913,0,1,"Humidité relative","%","presence","MR","rafale_max","complet"
40.9288087248322,0.999999999452748,0,1,"Humidité relative","%","presence","MR","rafale_max","complet"
41.3729530201342,0.999999999456512,0,1,"Humidité relative","%","presence","MR","rafale_max","complet"
41.8170973154362,0.999999999460204,0,1,"Humidité relative","%","presence","MR","rafale_max","complet"
42.2612416107383,0.999999999463826,0,1,"Humidité relative","%","presence","MR","rafale_max","complet"
42.7053859060403,0.999999999467378,0,1,"Humidité relative","%","presence","MR","rafale_max","complet"
43.1495302013423,0.999999999470858,0,1,"Humidité relative","%","presence","MR","rafale_max","complet"
43.5936744966443,0.999999999474269,0,1,"Humidité relative","%","presence","MR","rafale_max","complet"
44.0378187919463,0.999999999477609,0,1,"Humidité relative","%","presence","MR","rafale_max","complet"
44.4819630872483,0.999999999480878,0,1,"Humidité relative","%","presence","MR","rafale_max","complet"
44.9261073825503,0.999999999484078,0,1,"Humidité relative","%","presence","MR","rafale_max","complet"
45.3702516778524,0.999999999487207,0,1,"Humidité relative","%","presence","MR","rafale_max","complet"
45.8143959731544,0.999999999490267,0,1,"Humidité relative","%","presence","MR","rafale_max","complet"
46.2585402684564,0.999999999493256,0,1,"Humidité relative","%","presence","MR","rafale_max","complet"
46.7026845637584,0.999999999496176,0,1,"Humidité relative","%","presence","MR","rafale_max","complet"
47.1468288590604,0.999999999499027,0,1,"Humidité relative","%","presence","MR","rafale_max","complet"
47.5909731543624,0.999999999501808,0,1,"Humidité relative","%","presence","MR","rafale_max","complet"
48.0351174496644,0.999999999504519,0,1,"Humidité relative","%","presence","MR","rafale_max","complet"
48.4792617449664,0.999999999507161,0,1,"Humidité relative","%","presence","MR","rafale_max","complet"
48.9234060402685,0.999999999509734,0,1,"Humidité relative","%","presence","MR","rafale_max","complet"
49.3675503355705,0.999999999512238,0,1,"Humidité relative","%","presence","MR","rafale_max","complet"
49.8116946308725,0.999999999514672,0,1,"Humidité relative","%","presence","MR","rafale_max","complet"
50.2558389261745,0.999999999517037,0,1,"Humidité relative","%","presence","MR","rafale_max","complet"
50.6999832214765,0.999999999519333,0,1,"Humidité relative","%","presence","MR","rafale_max","complet"
51.1441275167785,0.99999999952156,0,1,"Humidité relative","%","presence","MR","rafale_max","complet"
51.5882718120805,0.999999999523717,0,1,"Humidité relative","%","presence","MR","rafale_max","complet"
52.0324161073826,0.999999999525806,0,1,"Humidité relative","%","presence","MR","rafale_max","complet"
52.4765604026846,0.999999999527825,0,1,"Humidité relative","%","presence","MR","rafale_max","complet"
52.9207046979866,0.999999999529775,0,1,"Humidité relative","%","presence","MR","rafale_max","complet"
53.3648489932886,0.999999999531655,0,1,"Humidité relative","%","presence","MR","rafale_max","complet"
53.8089932885906,0.999999999533467,0,1,"Humidité relative","%","presence","MR","rafale_max","complet"
54.2531375838926,0.999999999535208,0,1,"Humidité relative","%","presence","MR","rafale_max","complet"
54.6972818791946,0.99999999953688,0,1,"Humidité relative","%","presence","MR","rafale_max","complet"
55.1414261744966,0.999999999538482,0,1,"Humidité relative","%","presence","MR","rafale_max","complet"
55.5855704697987,0.999999999540015,0,1,"Humidité relative","%","presence","MR","rafale_max","complet"
56.0297147651007,0.999999999541477,0,1,"Humidité relative","%","presence","MR","rafale_max","complet"
56.4738590604027,0.999999999542869,0,1,"Humidité relative","%","presence","MR","rafale_max","complet"
56.9180033557047,0.99999999954419,0,1,"Humidité relative","%","presence","MR","rafale_max","complet"
57.3621476510067,0.999999999545441,0,1,"Humidité relative","%","presence","MR","rafale_max","complet"
57.8062919463087,0.999999999546621,0,1,"Humidité relative","%","presence","MR","rafale_max","complet"
58.2504362416107,0.999999999547729,0,1,"Humidité relative","%","presence","MR","rafale_max","complet"
58.6945805369128,0.999999999548766,0,1,"Humidité relative","%","presence","MR","rafale_max","complet"
59.1387248322148,0.999999999549731,0,1,"Humidité relative","%","presence","MR","rafale_max","complet"
59.5828691275168,0.999999999550623,0,1,"Humidité relative","%","presence","MR","rafale_max","complet"
60.0270134228188,0.999999999551443,0,1,"Humidité relative","%","presence","MR","rafale_max","complet"
60.4711577181208,0.99999999955219,0,1,"Humidité relative","%","presence","MR","rafale_max","complet"
60.9153020134228,0.999999999552869,0,1,"Humidité relative","%","presence","MR","rafale_max","complet"
61.3594463087248,0.999999999553481,0,1,"Humidité relative","%","presence","MR","rafale_max","complet"
61.8035906040269,0.99999999955403,0,1,"Humidité relative","%","presence","MR","rafale_max","complet"
62.2477348993289,0.99999999955452,0,1,"Humidité relative","%","presence","MR","rafale_max","complet"
62.6918791946309,0.999999999554954,0,1,"Humidité relative","%","presence","MR","rafale_max","complet"
63.1360234899329,0.999999999555335,0,1,"Humidité relative","%","presence","MR","rafale_max","complet"
63.5801677852349,0.999999999555667,0,1,"Humidité relative","%","presence","MR","rafale_max","complet"
64.0243120805369,0.999999999555953,0,1,"Humidité relative","%","presence","MR","rafale_max","complet"
64.4684563758389,0.999999999556195,0,1,"Humidité relative","%","presence","MR","rafale_max","complet"
64.912600671141,0.999999999556397,0,1,"Humidité relative","%","presence","MR","rafale_max","complet"
65.356744966443,0.999999999556562,0,1,"Humidité relative","%","presence","MR","rafale_max","complet"
65.800889261745,0.999999999556694,0,1,"Humidité relative","%","presence","MR","rafale_max","complet"
66.245033557047,0.999999999556795,0,1,"Humidité relative","%","presence","MR","rafale_max","complet"
66.689177852349,0.999999999556869,0,1,"Humidité relative","%","presence","MR","rafale_max","complet"
67.133322147651,0.999999999556918,0,1,"Humidité relative","%","presence","MR","rafale_max","complet"
67.577466442953,0.999999999556946,0,1,"Humidité relative","%","presence","MR","rafale_max","complet"
68.021610738255,0.999999999556955,0,1,"Humidité relative","%","presence","MR","rafale_max","complet"
68.4657550335571,0.999999999556949,0,1,"Humidité relative","%","presence","MR","rafale_max","complet"
68.9098993288591,0.999999999556932,0,1,"Humidité relative","%","presence","MR","rafale_max","complet"
69.3540436241611,0.999999999556905,0,1,"Humidité relative","%","presence","MR","rafale_max","complet"
69.7981879194631,0.999999999556872,0,1,"Humidité relative","%","presence","MR","rafale_max","complet"
70.2423322147651,0.999999999556837,0,1,"Humidité relative","%","presence","MR","rafale_max","complet"
70.6864765100671,0.999999999556802,0,1,"Humidité relative","%","presence","MR","rafale_max","complet"
71.1306208053691,0.99999999955677,0,1,"Humidité relative","%","presence","MR","rafale_max","complet"
71.5747651006711,0.999999999556744,0,1,"Humidité relative","%","presence","MR","rafale_max","complet"
72.0189093959732,0.999999999556728,0,1,"Humidité relative","%","presence","MR","rafale_max","complet"
72.4630536912752,0.999999999556725,0,1,"Humidité relative","%","presence","MR","rafale_max","complet"
72.9071979865772,0.999999999556737,0,1,"Humidité relative","%","presence","MR","rafale_max","complet"
73.3513422818792,0.999999999556768,0,1,"Humidité relative","%","presence","MR","rafale_max","complet"
73.7954865771812,0.999999999556821,0,1,"Humidité relative","%","presence","MR","rafale_max","complet"
74.2396308724832,0.999999999556899,0,1,"Humidité relative","%","presence","MR","rafale_max","complet"
74.6837751677852,0.999999999557005,0,1,"Humidité relative","%","presence","MR","rafale_max","complet"
75.1279194630873,0.999999999557142,0,1,"Humidité relative","%","presence","MR","rafale_max","complet"
75.5720637583893,0.999999999557312,0,1,"Humidité relative","%","presence","MR","rafale_max","complet"
76.0162080536913,0.99999999955752,0,1,"Humidité relative","%","presence","MR","rafale_max","complet"
76.4603523489933,0.999999999557769,0,1,"Humidité relative","%","presence","MR","rafale_max","complet"
76.9044966442953,0.99999999955806,0,1,"Humidité relative","%","presence","MR","rafale_max","complet"
77.3486409395973,0.999999999558397,0,1,"Humidité relative","%","presence","MR","rafale_max","complet"
77.7927852348993,0.999999999558784,0,1,"Humidité relative","%","presence","MR","rafale_max","complet"
78.2369295302013,0.999999999559223,0,1,"Humidité relative","%","presence","MR","rafale_max","complet"
78.6810738255034,0.999999999559716,0,1,"Humidité relative","%","presence","MR","rafale_max","complet"
79.1252181208054,0.999999999560266,0,1,"Humidité relative","%","presence","MR","rafale_max","complet"
79.5693624161074,0.99999999956087,0,1,"Humidité relative","%","presence","MR","rafale_max","complet"
80.0135067114094,0.999999999561528,0,1,"Humidité relative","%","presence","MR","rafale_max","complet"
80.4576510067114,0.999999999562237,0,1,"Humidité relative","%","presence","MR","rafale_max","complet"
80.9017953020134,0.999999999562997,0,1,"Humidité relative","%","presence","MR","rafale_max","complet"
81.3459395973154,0.999999999563806,0,1,"Humidité relative","%","presence","MR","rafale_max","complet"
81.7900838926174,0.999999999564662,0,1,"Humidité relative","%","presence","MR","rafale_max","complet"
82.2342281879195,0.999999999565565,0,1,"Humidité relative","%","presence","MR","rafale_max","complet"
82.6783724832215,0.999999999566512,0,1,"Humidité relative","%","presence","MR","rafale_max","complet"
83.1225167785235,0.999999999567503,0,1,"Humidité relative","%","presence","MR","rafale_max","complet"
83.5666610738255,0.999999999568535,0,1,"Humidité relative","%","presence","MR","rafale_max","complet"
84.0108053691275,0.999999999569608,0,1,"Humidité relative","%","presence","MR","rafale_max","complet"
84.4549496644295,0.999999999570719,0,1,"Humidité relative","%","presence","MR","rafale_max","complet"
84.8990939597315,0.999999999571868,0,1,"Humidité relative","%","presence","MR","rafale_max","complet"
85.3432382550336,0.999999999573052,0,1,"Humidité relative","%","presence","MR","rafale_max","complet"
85.7873825503356,0.999999999574271,0,1,"Humidité relative","%","presence","MR","rafale_max","complet"
86.2315268456376,0.999999999575523,0,1,"Humidité relative","%","presence","MR","rafale_max","complet"
86.6756711409396,0.999999999576807,0,1,"Humidité relative","%","presence","MR","rafale_max","complet"
87.1198154362416,0.999999999578121,0,1,"Humidité relative","%","presence","MR","rafale_max","complet"
87.5639597315436,0.999999999579463,0,1,"Humidité relative","%","presence","MR","rafale_max","complet"
88.0081040268456,0.999999999580832,0,1,"Humidité relative","%","presence","MR","rafale_max","complet"
88.4522483221477,0.999999999582228,0,1,"Humidité relative","%","presence","MR","rafale_max","complet"
88.8963926174497,0.999999999583647,0,1,"Humidité relative","%","presence","MR","rafale_max","complet"
89.3405369127517,0.99999999958509,0,1,"Humidité relative","%","presence","MR","rafale_max","complet"
89.7846812080537,0.999999999586554,0,1,"Humidité relative","%","presence","MR","rafale_max","complet"
90.2288255033557,0.999999999588039,0,1,"Humidité relative","%","presence","MR","rafale_max","complet"
90.6729697986577,0.999999999589543,0,1,"Humidité relative","%","presence","MR","rafale_max","complet"
91.1171140939597,0.999999999591064,0,1,"Humidité relative","%","presence","MR","rafale_max","complet"
91.5612583892618,0.999999999592601,0,1,"Humidité relative","%","presence","MR","rafale_max","complet"
92.0054026845638,0.999999999594154,0,1,"Humidité relative","%","presence","MR","rafale_max","complet"
92.4495469798658,0.999999999595719,0,1,"Humidité relative","%","presence","MR","rafale_max","complet"
92.8936912751678,0.999999999597298,0,1,"Humidité relative","%","presence","MR","rafale_max","complet"
93.3378355704698,0.999999999598887,0,1,"Humidité relative","%","presence","MR","rafale_max","complet"
93.7819798657718,0.999999999600486,0,1,"Humidité relative","%","presence","MR","rafale_max","complet"
94.2261241610738,0.999999999602094,0,1,"Humidité relative","%","presence","MR","rafale_max","complet"
94.6702684563759,0.999999999603709,0,1,"Humidité relative","%","presence","MR","rafale_max","complet"
95.1144127516779,0.99999999960533,0,1,"Humidité relative","%","presence","MR","rafale_max","complet"
95.5585570469799,0.999999999606956,0,1,"Humidité relative","%","presence","MR","rafale_max","complet"
96.0027013422819,0.999999999608586,0,1,"Humidité relative","%","presence","MR","rafale_max","complet"
96.4468456375839,0.999999999610219,0,1,"Humidité relative","%","presence","MR","rafale_max","complet"
96.8909899328859,0.999999999611853,0,1,"Humidité relative","%","presence","MR","rafale_max","complet"
97.3351342281879,0.999999999613487,0,1,"Humidité relative","%","presence","MR","rafale_max","complet"
97.7792785234899,0.999999999615121,0,1,"Humidité relative","%","presence","MR","rafale_max","complet"
98.223422818792,0.999999999616753,0,1,"Humidité relative","%","presence","MR","rafale_max","complet"
98.667567114094,0.999999999618383,0,1,"Humidité relative","%","presence","MR","rafale_max","complet"
99.111711409396,0.999999999620008,0,1,"Humidité relative","%","presence","MR","rafale_max","complet"
99.555855704698,0.999999999621629,0,1,"Humidité relative","%","presence","MR","rafale_max","complet"
100,0.999999999623243,0,1,"Humidité relative","%","presence","MR","rafale_max","complet"
1002.85266666667,0.99999999989935,0,1,"Pression atmosphérique","hPa","presence","MR","rafale_max","complet"
1003.0556689038,0.999999999898802,0,1,"Pression atmosphérique","hPa","presence","MR","rafale_max","complet"
1003.25867114094,0.999999999898237,0,1,"Pression atmosphérique","hPa","presence","MR","rafale_max","complet"
1003.46167337808,0.999999999897653,0,1,"Pression atmosphérique","hPa","presence","MR","rafale_max","complet"
1003.66467561521,0.999999999897051,0,1,"Pression atmosphérique","hPa","presence","MR","rafale_max","complet"
1003.86767785235,0.999999999896431,0,1,"Pression atmosphérique","hPa","presence","MR","rafale_max","complet"
1004.07068008949,0.99999999989579,0,1,"Pression atmosphérique","hPa","presence","MR","rafale_max","complet"
1004.27368232662,0.999999999895131,0,1,"Pression atmosphérique","hPa","presence","MR","rafale_max","complet"
1004.47668456376,0.999999999894451,0,1,"Pression atmosphérique","hPa","presence","MR","rafale_max","complet"
1004.67968680089,0.99999999989375,0,1,"Pression atmosphérique","hPa","presence","MR","rafale_max","complet"
1004.88268903803,0.999999999893028,0,1,"Pression atmosphérique","hPa","presence","MR","rafale_max","complet"
1005.08569127517,0.999999999892284,0,1,"Pression atmosphérique","hPa","presence","MR","rafale_max","complet"
1005.2886935123,0.999999999891518,0,1,"Pression atmosphérique","hPa","presence","MR","rafale_max","complet"
1005.49169574944,0.999999999890729,0,1,"Pression atmosphérique","hPa","presence","MR","rafale_max","complet"
1005.69469798658,0.999999999889917,0,1,"Pression atmosphérique","hPa","presence","MR","rafale_max","complet"
1005.89770022371,0.99999999988908,0,1,"Pression atmosphérique","hPa","presence","MR","rafale_max","complet"
1006.10070246085,0.999999999888219,0,1,"Pression atmosphérique","hPa","presence","MR","rafale_max","complet"
1006.30370469799,0.999999999887333,0,1,"Pression atmosphérique","hPa","presence","MR","rafale_max","complet"
1006.50670693512,0.999999999886421,0,1,"Pression atmosphérique","hPa","presence","MR","rafale_max","complet"
1006.70970917226,0.999999999885482,0,1,"Pression atmosphérique","hPa","presence","MR","rafale_max","complet"
1006.9127114094,0.999999999884516,0,1,"Pression atmosphérique","hPa","presence","MR","rafale_max","complet"
1007.11571364653,0.999999999883523,0,1,"Pression atmosphérique","hPa","presence","MR","rafale_max","complet"
1007.31871588367,0.9999999998825,0,1,"Pression atmosphérique","hPa","presence","MR","rafale_max","complet"
1007.52171812081,0.999999999881448,0,1,"Pression atmosphérique","hPa","presence","MR","rafale_max","complet"
1007.72472035794,0.999999999880365,0,1,"Pression atmosphérique","hPa","presence","MR","rafale_max","complet"
1007.92772259508,0.999999999879252,0,1,"Pression atmosphérique","hPa","presence","MR","rafale_max","complet"
1008.13072483221,0.999999999878107,0,1,"Pression atmosphérique","hPa","presence","MR","rafale_max","complet"
1008.33372706935,0.999999999876928,0,1,"Pression atmosphérique","hPa","presence","MR","rafale_max","complet"
1008.53672930649,0.999999999875717,0,1,"Pression atmosphérique","hPa","presence","MR","rafale_max","complet"
1008.73973154362,0.99999999987447,0,1,"Pression atmosphérique","hPa","presence","MR","rafale_max","complet"
1008.94273378076,0.999999999873188,0,1,"Pression atmosphérique","hPa","presence","MR","rafale_max","complet"
1009.1457360179,0.999999999871869,0,1,"Pression atmosphérique","hPa","presence","MR","rafale_max","complet"
1009.34873825503,0.999999999870512,0,1,"Pression atmosphérique","hPa","presence","MR","rafale_max","complet"
1009.55174049217,0.999999999869117,0,1,"Pression atmosphérique","hPa","presence","MR","rafale_max","complet"
1009.75474272931,0.999999999867681,0,1,"Pression atmosphérique","hPa","presence","MR","rafale_max","complet"
1009.95774496644,0.999999999866205,0,1,"Pression atmosphérique","hPa","presence","MR","rafale_max","complet"
1010.16074720358,0.999999999864686,0,1,"Pression atmosphérique","hPa","presence","MR","rafale_max","complet"
1010.36374944072,0.999999999863124,0,1,"Pression atmosphérique","hPa","presence","MR","rafale_max","complet"
1010.56675167785,0.999999999861517,0,1,"Pression atmosphérique","hPa","presence","MR","rafale_max","complet"
1010.76975391499,0.999999999859863,0,1,"Pression atmosphérique","hPa","presence","MR","rafale_max","complet"
1010.97275615213,0.999999999858162,0,1,"Pression atmosphérique","hPa","presence","MR","rafale_max","complet"
1011.17575838926,0.999999999856412,0,1,"Pression atmosphérique","hPa","presence","MR","rafale_max","complet"
1011.3787606264,0.999999999854612,0,1,"Pression atmosphérique","hPa","presence","MR","rafale_max","complet"
1011.58176286353,0.999999999852759,0,1,"Pression atmosphérique","hPa","presence","MR","rafale_max","complet"
1011.78476510067,0.999999999850853,0,1,"Pression atmosphérique","hPa","presence","MR","rafale_max","complet"
1011.98776733781,0.999999999848891,0,1,"Pression atmosphérique","hPa","presence","MR","rafale_max","complet"
1012.19076957494,0.999999999846872,0,1,"Pression atmosphérique","hPa","presence","MR","rafale_max","complet"
1012.39377181208,0.999999999844795,0,1,"Pression atmosphérique","hPa","presence","MR","rafale_max","complet"
1012.59677404922,0.999999999842656,0,1,"Pression atmosphérique","hPa","presence","MR","rafale_max","complet"
1012.79977628635,0.999999999840455,0,1,"Pression atmosphérique","hPa","presence","MR","rafale_max","complet"
1013.00277852349,0.999999999838188,0,1,"Pression atmosphérique","hPa","presence","MR","rafale_max","complet"
1013.20578076063,0.999999999835855,0,1,"Pression atmosphérique","hPa","presence","MR","rafale_max","complet"
1013.40878299776,0.999999999833453,0,1,"Pression atmosphérique","hPa","presence","MR","rafale_max","complet"
1013.6117852349,0.999999999830979,0,1,"Pression atmosphérique","hPa","presence","MR","rafale_max","complet"
1013.81478747204,0.999999999828432,0,1,"Pression atmosphérique","hPa","presence","MR","rafale_max","complet"
1014.01778970917,0.999999999825809,0,1,"Pression atmosphérique","hPa","presence","MR","rafale_max","complet"
1014.22079194631,0.999999999823107,0,1,"Pression atmosphérique","hPa","presence","MR","rafale_max","complet"
1014.42379418345,0.999999999820323,0,1,"Pression atmosphérique","hPa","presence","MR","rafale_max","complet"
1014.62679642058,0.999999999817455,0,1,"Pression atmosphérique","hPa","presence","MR","rafale_max","complet"
1014.82979865772,0.9999999998145,0,1,"Pression atmosphérique","hPa","presence","MR","rafale_max","complet"
1015.03280089485,0.999999999811455,0,1,"Pression atmosphérique","hPa","presence","MR","rafale_max","complet"
1015.23580313199,0.999999999808317,0,1,"Pression atmosphérique","hPa","presence","MR","rafale_max","complet"
1015.43880536913,0.999999999805083,0,1,"Pression atmosphérique","hPa","presence","MR","rafale_max","complet"
1015.64180760626,0.999999999801749,0,1,"Pression atmosphérique","hPa","presence","MR","rafale_max","complet"
1015.8448098434,0.999999999798311,0,1,"Pression atmosphérique","hPa","presence","MR","rafale_max","complet"
1016.04781208054,0.999999999794767,0,1,"Pression atmosphérique","hPa","presence","MR","rafale_max","complet"
1016.25081431767,0.999999999791111,0,1,"Pression atmosphérique","hPa","presence","MR","rafale_max","complet"
1016.45381655481,0.999999999787341,0,1,"Pression atmosphérique","hPa","presence","MR","rafale_max","complet"
1016.65681879195,0.999999999783452,0,1,"Pression atmosphérique","hPa","presence","MR","rafale_max","complet"
1016.85982102908,0.99999999977944,0,1,"Pression atmosphérique","hPa","presence","MR","rafale_max","complet"
1017.06282326622,0.9999999997753,0,1,"Pression atmosphérique","hPa","presence","MR","rafale_max","complet"
1017.26582550336,0.999999999771028,0,1,"Pression atmosphérique","hPa","presence","MR","rafale_max","complet"
1017.46882774049,0.999999999766618,0,1,"Pression atmosphérique","hPa","presence","MR","rafale_max","complet"
1017.67182997763,0.999999999762066,0,1,"Pression atmosphérique","hPa","presence","MR","rafale_max","complet"
1017.87483221477,0.999999999757366,0,1,"Pression atmosphérique","hPa","presence","MR","rafale_max","complet"
1018.0778344519,0.999999999752513,0,1,"Pression atmosphérique","hPa","presence","MR","rafale_max","complet"
1018.28083668904,0.9999999997475,0,1,"Pression atmosphérique","hPa","presence","MR","rafale_max","complet"
1018.48383892617,0.999999999742322,0,1,"Pression atmosphérique","hPa","presence","MR","rafale_max","complet"
1018.68684116331,0.999999999736973,0,1,"Pression atmosphérique","hPa","presence","MR","rafale_max","complet"
1018.88984340045,0.999999999731445,0,1,"Pression atmosphérique","hPa","presence","MR","rafale_max","complet"
1019.09284563758,0.999999999725733,0,1,"Pression atmosphérique","hPa","presence","MR","rafale_max","complet"
1019.29584787472,0.999999999719828,0,1,"Pression atmosphérique","hPa","presence","MR","rafale_max","complet"
1019.49885011186,0.999999999713723,0,1,"Pression atmosphérique","hPa","presence","MR","rafale_max","complet"
1019.70185234899,0.99999999970741,0,1,"Pression atmosphérique","hPa","presence","MR","rafale_max","complet"
1019.90485458613,0.999999999700881,0,1,"Pression atmosphérique","hPa","presence","MR","rafale_max","complet"
1020.10785682327,0.999999999694128,0,1,"Pression atmosphérique","hPa","presence","MR","rafale_max","complet"
1020.3108590604,0.99999999968714,0,1,"Pression atmosphérique","hPa","presence","MR","rafale_max","complet"
1020.51386129754,0.99999999967991,0,1,"Pression atmosphérique","hPa","presence","MR","rafale_max","complet"
1020.71686353468,0.999999999672426,0,1,"Pression atmosphérique","hPa","presence","MR","rafale_max","complet"
1020.91986577181,0.99999999966468,0,1,"Pression atmosphérique","hPa","presence","MR","rafale_max","complet"
1021.12286800895,0.999999999656658,0,1,"Pression atmosphérique","hPa","presence","MR","rafale_max","complet"
1021.32587024609,0.999999999648352,0,1,"Pression atmosphérique","hPa","presence","MR","rafale_max","complet"
1021.52887248322,0.999999999639748,0,1,"Pression atmosphérique","hPa","presence","MR","rafale_max","complet"
1021.73187472036,0.999999999630833,0,1,"Pression atmosphérique","hPa","presence","MR","rafale_max","complet"
1021.93487695749,0.999999999621604,0,1,"Pression atmosphérique","hPa","presence","MR","rafale_max","complet"
1022.13787919463,0.999999999612085,0,1,"Pression atmosphérique","hPa","presence","MR","rafale_max","complet"
1022.34088143177,0.999999999602317,0,1,"Pression atmosphérique","hPa","presence","MR","rafale_max","complet"
1022.5438836689,0.999999999592341,0,1,"Pression atmosphérique","hPa","presence","MR","rafale_max","complet"
1022.74688590604,0.999999999582207,0,1,"Pression atmosphérique","hPa","presence","MR","rafale_max","complet"
1022.94988814318,0.999999999571966,0,1,"Pression atmosphérique","hPa","presence","MR","rafale_max","complet"
1023.15289038031,0.999999999561677,0,1,"Pression atmosphérique","hPa","presence","MR","rafale_max","complet"
1023.35589261745,0.999999999551403,0,1,"Pression atmosphérique","hPa","presence","MR","rafale_max","complet"
1023.55889485459,0.999999999541213,0,1,"Pression atmosphérique","hPa","presence","MR","rafale_max","complet"
1023.76189709172,0.999999999531181,0,1,"Pression atmosphérique","hPa","presence","MR","rafale_max","complet"
1023.96489932886,0.999999999521386,0,1,"Pression atmosphérique","hPa","presence","MR","rafale_max","complet"
1024.167901566,0.99999999951191,0,1,"Pression atmosphérique","hPa","presence","MR","rafale_max","complet"
1024.37090380313,0.999999999502843,0,1,"Pression atmosphérique","hPa","presence","MR","rafale_max","complet"
1024.57390604027,0.999999999494275,0,1,"Pression atmosphérique","hPa","presence","MR","rafale_max","complet"
1024.77690827741,0.9999999994863,0,1,"Pression atmosphérique","hPa","presence","MR","rafale_max","complet"
1024.97991051454,0.999999999479015,0,1,"Pression atmosphérique","hPa","presence","MR","rafale_max","complet"
1025.18291275168,0.999999999472517,0,1,"Pression atmosphérique","hPa","presence","MR","rafale_max","complet"
1025.38591498881,0.999999999466904,0,1,"Pression atmosphérique","hPa","presence","MR","rafale_max","complet"
1025.58891722595,0.99999999946227,0,1,"Pression atmosphérique","hPa","presence","MR","rafale_max","complet"
1025.79191946309,0.999999999458709,0,1,"Pression atmosphérique","hPa","presence","MR","rafale_max","complet"
1025.99492170022,0.999999999456306,0,1,"Pression atmosphérique","hPa","presence","MR","rafale_max","complet"
1026.19792393736,0.999999999455089,0,1,"Pression atmosphérique","hPa","presence","MR","rafale_max","complet"
1026.4009261745,0.999999999455047,0,1,"Pression atmosphérique","hPa","presence","MR","rafale_max","complet"
1026.60392841163,0.999999999456161,0,1,"Pression atmosphérique","hPa","presence","MR","rafale_max","complet"
1026.80693064877,0.999999999458401,0,1,"Pression atmosphérique","hPa","presence","MR","rafale_max","complet"
1027.00993288591,0.999999999461734,0,1,"Pression atmosphérique","hPa","presence","MR","rafale_max","complet"
1027.21293512304,0.999999999466118,0,1,"Pression atmosphérique","hPa","presence","MR","rafale_max","complet"
1027.41593736018,0.999999999471509,0,1,"Pression atmosphérique","hPa","presence","MR","rafale_max","complet"
1027.61893959732,0.999999999477853,0,1,"Pression atmosphérique","hPa","presence","MR","rafale_max","complet"
1027.82194183445,0.999999999485097,0,1,"Pression atmosphérique","hPa","presence","MR","rafale_max","complet"
1028.02494407159,0.999999999493181,0,1,"Pression atmosphérique","hPa","presence","MR","rafale_max","complet"
1028.22794630872,0.999999999502044,0,1,"Pression atmosphérique","hPa","presence","MR","rafale_max","complet"
1028.43094854586,0.99999999951162,0,1,"Pression atmosphérique","hPa","presence","MR","rafale_max","complet"
1028.633950783,0.999999999521845,0,1,"Pression atmosphérique","hPa","presence","MR","rafale_max","complet"
1028.83695302013,0.999999999532652,0,1,"Pression atmosphérique","hPa","presence","MR","rafale_max","complet"
1029.03995525727,0.999999999543974,0,1,"Pression atmosphérique","hPa","presence","MR","rafale_max","complet"
1029.24295749441,0.999999999555745,0,1,"Pression atmosphérique","hPa","presence","MR","rafale_max","complet"
1029.44595973154,0.999999999567898,0,1,"Pression atmosphérique","hPa","presence","MR","rafale_max","complet"
1029.64896196868,0.999999999580369,0,1,"Pression atmosphérique","hPa","presence","MR","rafale_max","complet"
1029.85196420582,0.999999999593096,0,1,"Pression atmosphérique","hPa","presence","MR","rafale_max","complet"
1030.05496644295,0.999999999606018,0,1,"Pression atmosphérique","hPa","presence","MR","rafale_max","complet"
1030.25796868009,0.999999999619076,0,1,"Pression atmosphérique","hPa","presence","MR","rafale_max","complet"
1030.46097091723,0.999999999632216,0,1,"Pression atmosphérique","hPa","presence","MR","rafale_max","complet"
1030.66397315436,0.999999999645385,0,1,"Pression atmosphérique","hPa","presence","MR","rafale_max","complet"
1030.8669753915,0.999999999658533,0,1,"Pression atmosphérique","hPa","presence","MR","rafale_max","complet"
1031.06997762864,0.999999999671616,0,1,"Pression atmosphérique","hPa","presence","MR","rafale_max","complet"
1031.27297986577,0.99999999968459,0,1,"Pression atmosphérique","hPa","presence","MR","rafale_max","complet"
1031.47598210291,0.999999999697416,0,1,"Pression atmosphérique","hPa","presence","MR","rafale_max","complet"
1031.67898434004,0.999999999710061,0,1,"Pression atmosphérique","hPa","presence","MR","rafale_max","complet"
1031.88198657718,0.99999999972249,0,1,"Pression atmosphérique","hPa","presence","MR","rafale_max","complet"
1032.08498881432,0.999999999734676,0,1,"Pression atmosphérique","hPa","presence","MR","rafale_max","complet"
1032.28799105145,0.999999999746595,0,1,"Pression atmosphérique","hPa","presence","MR","rafale_max","complet"
1032.49099328859,0.999999999758224,0,1,"Pression atmosphérique","hPa","presence","MR","rafale_max","complet"
1032.69399552573,0.999999999769545,0,1,"Pression atmosphérique","hPa","presence","MR","rafale_max","complet"
1032.89699776286,0.999999999780542,0,1,"Pression atmosphérique","hPa","presence","MR","rafale_max","complet"
1033.1,0.999999999791203,0,1,"Pression atmosphérique","hPa","presence","MR","rafale_max","complet"
11.4,33.2020887269916,22.8147999557405,48.318578202464,"Température","°C","intensite","MR","rafale_max","complet"
11.5447427293065,33.0032733830173,22.7216283496296,47.9374117573723,"Température","°C","intensite","MR","rafale_max","complet"
11.689485458613,32.8082846334422,22.6294886376278,47.5655264608664,"Température","°C","intensite","MR","rafale_max","complet"
11.8342281879195,32.6171370415728,22.5384265795835,47.2028349020804,"Température","°C","intensite","MR","rafale_max","complet"
11.978970917226,32.4298448212846,22.448488505226,46.8492493331018,"Température","°C","intensite","MR","rafale_max","complet"
12.1237136465324,32.2464218920842,22.3597213002269,46.5046818285582,"Température","°C","intensite","MR","rafale_max","complet"
12.2684563758389,32.0668819340221,22.272172390711,46.1690444439706,"Température","°C","intensite","MR","rafale_max","complet"
12.4131991051454,31.8912384424787,22.1858897263514,45.8422493728986,"Température","°C","intensite","MR","rafale_max","complet"
12.5579418344519,31.7195047828459,22.1009217621999,45.5242091028894,"Température","°C","intensite","MR","rafale_max","complet"
12.7026845637584,31.5516942451284,22.0173174394126,45.2148365702369,"Température","°C","intensite","MR","rafale_max","complet"
12.8474272930649,31.3878200984928,21.9351261650469,44.9140453135499,"Température","°C","intensite","MR","rafale_max","complet"
12.9921700223714,31.2278956457944,21.8543977911097,44.6217496261246,"Température","°C","intensite","MR","rafale_max","complet"
13.1369127516779,31.0719342781117,21.7751825930494,44.3378647071122,"Température","°C","intensite","MR","rafale_max","complet"
13.2816554809843,30.9199495293242,21.6975312478885,44.0623068114718,"Température","°C","intensite","MR","rafale_max","complet"
13.4263982102908,30.7719551307694,21.6214948121943,43.7949933987005,"Température","°C","intensite","MR","rafale_max","complet"
13.5711409395973,30.6279650660158,21.5471247000932,43.5358432803346,"Température","°C","intensite","MR","rafale_max","complet"
13.7158836689038,30.4879936257952,21.4744726615272,43.2847767662215,"Température","°C","intensite","MR","rafale_max","complet"
13.8606263982103,30.3520554631354,21.4035907609528,43.0417158095691,"Température","°C","intensite","MR","rafale_max","complet"
14.0053691275168,30.2201656487395,21.3345313566762,42.8065841507911,"Température","°C","intensite","MR","rafale_max","complet"
14.1501118568233,30.0923397266595,21.2673470810126,42.579307460175,"Température","°C","intensite","MR","rafale_max","complet"
14.2948545861298,29.9685937703152,21.2020908214474,42.3598134794172,"Température","°C","intensite","MR","rafale_max","complet"
14.4395973154362,29.8489444389092,21.1388157029682,42.148032162085,"Température","°C","intensite","MR","rafale_max","complet"
14.5843400447427,29.7334090342964,21.0775750717233,41.9438958130823,"Température","°C","intensite","MR","rafale_max","complet"
14.7290827740492,29.6220055583628,21.018422480147,41.7473392272178,"Température","°C","intensite","MR","rafale_max","complet"
14.8738255033557,29.514752770977,20.96141167368,41.5582998269965,"Température","°C","intensite","MR","rafale_max","complet"
15.0185682326622,29.4116702485764,20.9065965791916,41.3767177997771,"Température","°C","intensite","MR","rafale_max","complet"
15.1633109619687,29.3127784434543,20.8540312951968,41.2025362344662,"Température","°C","intensite","MR","rafale_max","complet"
15.3080536912752,29.2180987438189,20.8037700839401,41.0357012579454,"Température","°C","intensite","MR","rafale_max","complet"
15.4527964205817,29.1276535346942,20.7558673653974,40.8761621714546,"Température","°C","intensite","MR","rafale_max","complet"
15.5975391498881,29.041466259741,20.7103777132294,40.7238715871859,"Température","°C","intensite","MR","rafale_max","complet"
15.7422818791946,28.9595614840742,20.6673558526977,40.5787855653729,"Température","°C","intensite","MR","rafale_max","complet"
15.8870246085011,28.8819649581616,20.6268566605319,40.4408637521876,"Température","°C","intensite","MR","rafale_max","complet"
16.0317673378076,28.8087036828873,20.588935166719,40.3100695187949,"Température","°C","intensite","MR","rafale_max","complet"
16.1765100671141,28.7398059758713,20.5536465581595,40.1863701019431,"Température","°C","intensite","MR","rafale_max","complet"
16.3212527964206,28.6753015391383,20.5210461841196,40.0697367465034,"Température","°C","intensite","MR","rafale_max","complet"
16.4659955257271,28.6152215282329,20.4911895633806,39.9601448504074,"Température","°C","intensite","MR","rafale_max","complet"
16.6107382550336,28.559598622883,20.4641323929737,39.8575741124618,"Température","°C","intensite","MR","rafale_max","complet"
16.75548098434,28.5084670993181,20.4399305583601,39.7620086835613,"Température","°C","intensite","MR","rafale_max","complet"
16.9002237136465,28.4618629043537,20.4186401449034,39.6734373218496,"Température","°C","intensite","MR","rafale_max","complet"
17.044966442953,28.4198237313559,20.400317450456,39.5918535524205,"Température","°C","intensite","MR","rafale_max","complet"
17.1897091722595,28.3823890982094,20.3850189988661,39.5172558321856,"Température","°C","intensite","MR","rafale_max","complet"
17.334451901566,28.3496004274131,20.3728015541912,39.4496477205727,"Température","°C","intensite","MR","rafale_max","complet"
17.4791946308725,28.3215011284363,20.3637221353865,39.3890380567597,"Température","°C","intensite","MR","rafale_max","complet"
17.623937360179,28.2981366824736,20.3578380312203,39.335441144187,"Température","°C","intensite","MR","rafale_max","complet"
17.7686800894855,28.2795547297409,20.3552068151498,39.2888769431314,"Température","°C","intensite","MR","rafale_max","complet"
17.9134228187919,28.2658051594649,20.355886359876,39.2493712721679,"Température","°C","intensite","MR","rafale_max","complet"
18.0581655480984,28.256940202723,20.3599348512807,39.2169560193871,"Température","°C","intensite","MR","rafale_max","complet"
18.2029082774049,28.2530145282974,20.3674108014322,39.1916693642794,"Température","°C","intensite","MR","rafale_max","complet"
18.3476510067114,28.2540853417176,20.378373060335,39.1735560112441,"Température","°C","intensite","MR","rafale_max","complet"
18.4923937360179,28.2602124876701,20.3928808260823,39.1626674357266,"Température","°C","intensite","MR","rafale_max","complet"
18.6371364653244,28.2714585559655,20.4109936530604,39.1590621440339,"Température","°C","intensite","MR","rafale_max","complet"
18.7818791946309,28.2878889912605,20.4327714578418,39.1628059479307,"Température","°C","intensite","MR","rafale_max","complet"
18.9266219239374,28.309572206742,20.4582745223917,39.1739722551659,"Température","°C","intensite","MR","rafale_max","complet"
19.0713646532438,28.3365797019921,20.4875634942091,39.1926423771335,"Température","°C","intensite","MR","rafale_max","complet"
19.2161073825503,28.3689861852599,20.5206993830102,39.2189058549235,"Température","°C","intensite","MR","rafale_max","complet"
19.3608501118568,28.4068697003815,20.5577435535638,39.2528608050744,"Température","°C","intensite","MR","rafale_max","complet"
19.5055928411633,28.4503117585984,20.5987577142786,39.2946142863931,"Température","°C","intensite","MR","rafale_max","complet"
19.6503355704698,28.4993974755368,20.6438039011507,39.3442826892653,"Température","°C","intensite","MR","rafale_max","complet"
19.7950782997763,28.5542157136263,20.6929444566754,39.4019921489365,"Température","°C","intensite","MR","rafale_max","complet"
19.9398210290828,28.6148592241031,20.7462419986611,39.4678789762542,"Température","°C","intensite","MR","rafale_max","complet"
20.0845637583893,28.6813468221815,20.8037000721089,39.5419878523018,"Température","°C","intensite","MR","rafale_max","complet"
20.2293064876958,28.7534272857616,20.8651145490898,39.6240135050514,"Température","°C","intensite","MR","rafale_max","complet"
20.3740492170022,28.8307899426235,20.9302351038755,39.7135743860695,"Température","°C","intensite","MR","rafale_max","complet"
20.5187919463087,28.9131233830507,20.9988104314995,39.8102886108972,"Température","°C","intensite","MR","rafale_max","complet"
20.6635346756152,29.0001148686131,21.0705882150152,39.9137724021128,"Température","°C","intensite","MR","rafale_max","complet"
20.8082774049217,29.0914497763955,21.145315099618,40.0236386218635,"Température","°C","intensite","MR","rafale_max","complet"
20.9530201342282,29.1868110785368,21.2227366730791,40.1394953938618,"Température","°C","intensite","MR","rafale_max","complet"
21.0977628635347,29.2858788571196,21.3025974516101,40.2609448158662,"Température","°C","intensite","MR","rafale_max","complet"
21.2425055928412,29.3883298546142,21.3846408699947,40.3875817646041,"Température","°C","intensite","MR","rafale_max","complet"
21.3872483221477,29.4938370602345,21.4686092745748,40.5189927959546,"Température","°C","intensite","MR","rafale_max","complet"
21.5319910514541,29.6020693327024,21.5542439174692,40.6547551439703,"Température","°C","intensite","MR","rafale_max","complet"
21.6767337807606,29.71269106005,21.6412849502443,40.7944358229991,"Température","°C","intensite","MR","rafale_max","complet"
21.8214765100671,29.8253618572037,21.7294714151298,40.9375908377487,"Température","°C","intensite","MR","rafale_max","complet"
21.9662192393736,29.939736302204,21.818541231802,41.0837645066284,"Température","°C","intensite","MR","rafale_max","complet"
22.1109619686801,30.0554637120056,21.9082311777205,41.2324889040941,"Température","°C","intensite","MR","rafale_max","complet"
22.2557046979866,30.1721879588858,21.9982768600208,41.3832834280218,"Température","°C","intensite","MR","rafale_max","complet"
22.4004474272931,30.2895473285572,22.0884126770125,41.5356544983292,"Température","°C","intensite","MR","rafale_max","complet"
22.5451901565996,30.4071744211348,22.1783717674275,41.6890953931628,"Température","°C","intensite","MR","rafale_max","complet"
22.689932885906,30.5246960961502,22.2678859456898,41.8430862289682,"Température","°C","intensite","MR","rafale_max","complet"
22.8346756152125,30.641733462829,22.3566856216375,41.9970940906527,"Température","°C","intensite","MR","rafale_max","complet"
22.979418344519,30.757901916861,22.4444997033196,42.1505733178503,"Température","°C","intensite","MR","rafale_max","complet"
23.1241610738255,30.8728112248879,22.5310554817057,42.3029659529918,"Température","°C","intensite","MR","rafale_max","complet"
23.268903803132,30.9860656579094,22.6160784963855,42.4537023564771,"Température","°C","intensite","MR","rafale_max","complet"
23.4136465324385,31.0972641747736,22.6992923815956,42.6022019937383,"Température","°C","intensite","MR","rafale_max","complet"
23.558389261745,31.2060006568612,22.7804186921885,42.747874398373,"Température","°C","intensite","MR","rafale_max","complet"
23.7031319910515,31.3118641949962,22.8591767094523,42.8901203148088,"Température","°C","intensite","MR","rafale_max","complet"
23.8478747203579,31.4144744359163,22.9353080412427,43.0283823661854,"Température","°C","intensite","MR","rafale_max","complet"
23.9926174496644,31.5137142824473,23.0087405256204,43.1624750068299,"Température","°C","intensite","MR","rafale_max","complet"
24.1373601789709,31.6095895731005,23.0794870567581,43.2923899271534,"Température","°C","intensite","MR","rafale_max","complet"
24.2821029082774,31.7021083579089,23.1475596670297,43.4181265236397,"Température","°C","intensite","MR","rafale_max","complet"
24.4268456375839,31.791280233989,23.2129690940591,43.5396908866209,"Température","°C","intensite","MR","rafale_max","complet"
24.5715883668904,31.8771163198652,23.2757248079382,43.6570956760777,"Température","°C","intensite","MR","rafale_max","complet"
24.7163310961969,31.9596292289858,23.3358350439421,43.7703599862993,"Température","°C","intensite","MR","rafale_max","complet"
24.8610738255034,32.038833042477,23.3933068404305,43.8795092000268,"Température","°C","intensite","MR","rafale_max","complet"
25.0058165548098,32.114743281178,23.448146081652,43.9845748326771,"Température","°C","intensite","MR","rafale_max","complet"
25.1505592841163,32.187376877003,23.5003575451995,44.0855943672168,"Température","°C","intensite","MR","rafale_max","complet"
25.2953020134228,32.2567521436751,23.5499449538864,44.1826110802343,"Température","°C","intensite","MR","rafale_max","complet"
25.4400447427293,32.3228887468742,23.5969110318359,44.2756738597374,"Température","°C","intensite","MR","rafale_max","complet"
25.5847874720358,32.3858076738461,23.6412575645967,44.3648370151852,"Température","°C","intensite","MR","rafale_max","complet"
25.7295302013423,32.4455312025142,23.6829854631079,44.4501600802475,"Température","°C","intensite","MR","rafale_max","complet"
25.8742729306488,32.5020828701382,23.7220948313515,44.5317076087731,"Température","°C","intensite","MR","rafale_max","complet"
26.0190156599553,32.5554874415631,23.7585850375376,44.6095489644368,"Température","°C","intensite","MR","rafale_max","complet"
26.1637583892617,32.6057708770999,23.7924547886711,44.6837581045296,"Température","°C","intensite","MR","rafale_max","complet"
26.3085011185682,32.6529603000817,23.8237022083503,44.7544133583485,"Température","°C","intensite","MR","rafale_max","complet"
26.4532438478747,32.697083964135,23.8523249176472,44.8215972006453,"Température","°C","intensite","MR","rafale_max","complet"
26.5979865771812,32.7381712202082,23.878320118911,44.8853960205868,"Température","°C","intensite","MR","rafale_max","complet"
26.7427293064877,32.7762524833964,23.9016846823325,44.94589988669,"Température","°C","intensite","MR","rafale_max","complet"
26.8874720357942,32.8113591996034,23.9224152350908,45.0032023081932,"Température","°C","intensite","MR","rafale_max","complet"
27.0322147651007,32.8435238120782,23.9405082528974,45.0573999933356,"Température","°C","intensite","MR","rafale_max","complet"
27.1769574944072,32.872779727865,23.9559601537275,45.1085926050261,"Température","°C","intensite","MR","rafale_max","complet"
27.3217002237136,32.899161284203,23.9687673935214,45.1568825143907,"Température","°C","intensite","MR","rafale_max","complet"
27.4664429530201,32.9227037149134,23.9789265636086,45.2023745527021,"Température","°C","intensite","MR","rafale_max","complet"
27.6111856823266,32.9434431168077,23.9864344895939,45.2451757622073,"Température","°C","intensite","MR","rafale_max","complet"
27.7559284116331,32.9614164161536,23.9912883314185,45.2853951463823,"Température","°C","intensite","MR","rafale_max","complet"
27.9006711409396,32.9766613352301,23.9934856842871,45.3231434201584,"Température","°C","intensite","MR","rafale_max","complet"
28.0454138702461,32.9892163590066,23.9930246801285,45.3585327606774,"Température","°C","intensite","MR","rafale_max","complet"
28.1901565995526,32.9991207019765,23.9899040892357,45.3916765591498,"Température","°C","intensite","MR","rafale_max","complet"
28.3348993288591,33.0064142751759,23.9841234217054,45.4226891743984,"Température","°C","intensite","MR","rafale_max","complet"
28.4796420581656,33.0111376534187,23.9756830282795,45.4516856886874,"Température","°C","intensite","MR","rafale_max","complet"
28.624384787472,33.0133320427755,23.9645842001689,45.4787816664422,"Température","°C","intensite","MR","rafale_max","complet"
28.7691275167785,33.0130392483247,23.9508292674218,45.5040929164766,"Température","°C","intensite","MR","rafale_max","complet"
28.913870246085,33.0103016422024,23.9344216953859,45.527735258348,"Température","°C","intensite","MR","rafale_max","complet"
29.0586129753915,33.0051621319772,23.9153661787985,45.5498242934631,"Température","°C","intensite","MR","rafale_max","complet"
29.203355704698,32.997664129375,23.8936687330333,45.5704751815572,"Température","°C","intensite","MR","rafale_max","complet"
29.3480984340045,32.987851519376,23.8693367820233,45.5898024231638,"Température","°C","intensite","MR","rafale_max","complet"
29.492841163311,32.9757686297087,23.8423792423842,45.6079196486828,"Température","°C","intensite","MR","rafale_max","complet"
29.6375838926174,32.9614602007608,23.8128066032603,45.6249394146419,"Température","°C","intensite","MR","rafale_max","complet"
29.7823266219239,32.9449713559289,23.78063100143,45.6409730077268,"Température","°C","intensite","MR","rafale_max","complet"
29.9270693512304,32.9263475724261,23.7458662912145,45.6561302571352,"Température","°C","intensite","MR","rafale_max","complet"
30.0718120805369,32.9056346525655,23.7085281087597,45.6705193557781,"Température","°C","intensite","MR","rafale_max","complet"
30.2165548098434,32.882878695539,23.6686339302771,45.6842466908218,"Température","°C","intensite","MR","rafale_max","complet"
30.3612975391499,32.858126069706,23.6262031238651,45.6974166840257,"Température","°C","intensite","MR","rafale_max","complet"
30.5060402684564,32.8314233854085,23.5812569945598,45.7101316422876,"Température","°C","intensite","MR","rafale_max","complet"
30.6507829977629,32.8028174683279,23.5338188223066,45.7224916187644,"Température","°C","intensite","MR","rafale_max","complet"
30.7955257270694,32.7723553333959,23.4839138925828,45.7345942848813,"Température","°C","intensite","MR","rafale_max","complet"
30.9402684563758,32.740084159273,23.4315695194492,45.7465348134938,"Température","°C","intensite","MR","rafale_max","complet"
31.0850111856823,32.7060512634064,23.3768150608574,45.7584057734054,"Température","°C","intensite","MR","rafale_max","complet"
31.2297539149888,32.6703040776773,23.3196819260903,45.7702970353871,"Température","°C","intensite","MR","rafale_max","complet"
31.3744966442953,32.6328901246495,23.2602035752676,45.7822956897829,"Température","°C","intensite","MR","rafale_max","complet"
31.5192393736018,32.5938569944255,23.1984155109032,45.7944859757232,"Température","°C","intensite","MR","rafale_max","complet"
31.6639821029083,32.5532523221213,23.1343552615575,45.8069492219059,"Température","°C","intensite","MR","rafale_max","complet"
31.8087248322148,32.511123765965,23.0680623576809,45.819763798842,"Température","°C","intensite","MR","rafale_max","complet"
31.9534675615213,32.4675189860269,22.9995782998035,45.8330050824029,"Température","°C","intensite","MR","rafale_max","complet"
32.0982102908277,32.4224856235862,22.9289465192746,45.8467454284468,"Température","°C","intensite","MR","rafale_max","complet"
32.2429530201342,32.37607128114,22.8562123318104,45.861054158243,"Température","°C","intensite","MR","rafale_max","complet"
32.3876957494407,32.3283235030578,22.7814228841536,45.8759975543638,"Température","°C","intensite","MR","rafale_max","complet"
32.5324384787472,32.2792897568854,22.7046270941954,45.8916388666587,"Température","°C","intensite","MR","rafale_max","complet"
32.6771812080537,32.2290174153016,22.6258755849498,45.9080383278841,"Température","°C","intensite","MR","rafale_max","complet"
32.8219239373602,32.177553738728,22.5452206128069,45.9252531785193,"Température","°C","intensite","MR","rafale_max","complet"
32.9666666666667,32.1249458585947,22.4627159905222,45.9433377002621,"Température","°C","intensite","MR","rafale_max","complet"
34,29.6755046576195,20.6664692533063,42.6118059108479,"Humidité relative","%","intensite","MR","rafale_max","complet"
34.4395973154362,29.634469501531,20.6771058247992,42.4721810720673,"Humidité relative","%","intensite","MR","rafale_max","complet"
34.8791946308725,29.5941408355648,20.6871478917657,42.3361004802337,"Humidité relative","%","intensite","MR","rafale_max","complet"
35.3187919463087,29.554537153023,20.6966084410818,42.2035653240469,"Humidité relative","%","intensite","MR","rafale_max","complet"
35.758389261745,29.515676885497,20.7055017548164,42.0745747833139,"Humidité relative","%","intensite","MR","rafale_max","complet"
36.1979865771812,29.4775784078093,20.7138434157866,41.9491260673676,"Humidité relative","%","intensite","MR","rafale_max","complet"
36.6375838926174,29.4402600430729,20.7216503095133,41.8272144572309,"Humidité relative","%","intensite","MR","rafale_max","complet"
37.0771812080537,29.4037400678706,20.7289406224857,41.7088333516206,"Humidité relative","%","intensite","MR","rafale_max","complet"
37.5167785234899,29.368036717552,20.7357338366634,41.593974316863,"Humidité relative","%","intensite","MR","rafale_max","complet"
37.9563758389262,29.3331681916513,20.7420507201655,41.4826271407767,"Humidité relative","%","intensite","MR","rafale_max","complet"
38.3959731543624,29.299152659423,20.7479133141242,41.3747798905535,"Humidité relative","%","intensite","MR","rafale_max","complet"
38.8355704697987,29.2660082654982,20.7533449156984,41.2704189746459,"Humidité relative","%","intensite","MR","rafale_max","complet"
39.2751677852349,29.2337531356609,20.7583700572698,41.1695292086513,"Humidité relative","%","intensite","MR","rafale_max","complet"
39.7147651006711,29.2024053827455,20.7630144818699,41.0720938851553,"Humidité relative","%","intensite","MR","rafale_max","complet"
40.1543624161074,29.1719831126553,20.7673051149032,40.9780948474792,"Humidité relative","%","intensite","MR","rafale_max","complet"
40.5939597315436,29.142504430504,20.7712700322626,40.8875125672532,"Humidité relative","%","intensite","MR","rafale_max","complet"
41.0335570469799,29.1139874468807,20.7749384249486,40.8003262257188,"Humidité relative","%","intensite","MR","rafale_max","complet"
41.4731543624161,29.0864502842379,20.7783405603268,40.7165137986428,"Humidité relative","%","intensite","MR","rafale_max","complet"
41.9127516778523,29.0599110834075,20.7815077401775,40.6360521447102,"Humidité relative","%","intensite","MR","rafale_max","complet"
42.3523489932886,29.0343880102413,20.7844722557067,40.5589170972471,"Humidité relative","%","intensite","MR","rafale_max","complet"
42.7919463087248,29.0098992623813,20.7872673397036,40.4850835591126,"Humidité relative","%","intensite","MR","rafale_max","complet"
43.2315436241611,28.9864630761595,20.7899271160418,40.4145256005846,"Humidité relative","%","intensite","MR","rafale_max","complet"
43.6711409395973,28.9640977336295,20.7924865467339,40.3472165600618,"Humidité relative","%","intensite","MR","rafale_max","complet"
44.1107382550336,28.9428215697306,20.7949813767516,40.2831291473905,"Humidité relative","%","intensite","MR","rafale_max","complet"
44.5503355704698,28.9226529795888,20.7974480768368,40.2222355496292,"Humidité relative","%","intensite","MR","rafale_max","complet"
44.989932885906,28.9036104259538,20.7999237845235,40.164507539057,"Humidité relative","%","intensite","MR","rafale_max","complet"
45.4295302013423,28.8857124467771,20.8024462435956,40.1099165832371,"Humidité relative","%","intensite","MR","rafale_max","complet"
45.8691275167785,28.868977662931,20.8050537422018,40.058433956951,"Humidité relative","%","intensite","MR","rafale_max","complet"
46.3087248322148,28.8534247860733,20.8077850498431,40.0100308558245,"Humidité relative","%","intensite","MR","rafale_max","complet"
46.748322147651,28.8390726266589,20.8106793534409,39.9646785114772,"Humidité relative","%","intensite","MR","rafale_max","complet"
47.1879194630872,28.8259401021018,20.8137761926855,39.9223483080391,"Humidité relative","%","intensite","MR","rafale_max","complet"
47.6275167785235,28.8140462450908,20.8171153948505,39.8830118998912,"Humidité relative","%","intensite","MR","rafale_max","complet"
48.0671140939597,28.803410212061,20.8207370092482,39.8466413305039,"Humidité relative","%","intensite","MR","rafale_max","complet"
48.506711409396,28.7940512918258,20.8246812414817,39.813209152262,"Humidité relative","%","intensite","MR","rafale_max","complet"
48.9463087248322,28.7859889143722,20.8289883876365,39.782688547189,"Humidité relative","%","intensite","MR","rafale_max","complet"
49.3859060402685,28.7792426598233,20.8336987685338,39.7550534484992,"Humidité relative","%","intensite","MR","rafale_max","complet"
49.8255033557047,28.7738322675716,20.8388526641483,39.7302786629297,"Humidité relative","%","intensite","MR","rafale_max","complet"
50.2651006711409,28.7697776455883,20.8444902482761,39.7083399938286,"Humidité relative","%","intensite","MR","rafale_max","complet"
50.7046979865772,28.7670988799108,20.8506515235145,39.6892143649945,"Humidité relative","%","intensite","MR","rafale_max","complet"
51.1442953020134,28.7658162443156,20.8573762565969,39.6728799452911,"Humidité relative","%","intensite","MR","rafale_max","complet"
51.5838926174497,28.7659502101787,20.8647039141035,39.6593162740806,"Humidité relative","%","intensite","MR","rafale_max","complet"
52.0234899328859,28.7675214565304,20.8726735985508,39.648504387545,"Humidité relative","%","intensite","MR","rafale_max","complet"
52.4630872483221,28.7705508803084,20.8813239848364,39.6404269459879,"Humidité relative","%","intensite","MR","rafale_max","complet"
52.9026845637584,28.775059606815,20.8906932570031,39.6350683622331,"Humidité relative","%","intensite","MR","rafale_max","complet"
53.3422818791946,28.7810690003844,20.9008190452605,39.6324149312572,"Humidité relative","%","intensite","MR","rafale_max","complet"
53.7818791946309,28.7886006752643,20.9117383631878,39.6324549612186,"Humidité relative","%","intensite","MR","rafale_max","complet"
54.2214765100671,28.7976765067205,20.9234875450223,39.6351789060621,"Humidité relative","%","intensite","MR","rafale_max","complet"
54.6610738255034,28.808318642368,20.9361021829214,39.6405794999038,"Humidité relative","%","intensite","MR","rafale_max","complet"
55.1006711409396,28.8205495137371,20.9496170640727,39.6486518934154,"Humidité relative","%","intensite","MR","rafale_max","complet"
55.5402684563758,28.8343918480808,20.9640661075111,39.6593937924467,"Humidité relative","%","intensite","MR","rafale_max","complet"
55.9798657718121,28.8498686804296,20.9794823004905,39.6728055991436,"Humidité relative","%","intensite","MR","rafale_max","complet"
56.4194630872483,28.8670033659028,20.9958976342475,39.6888905558294,"Humidité relative","%","intensite","MR","rafale_max","complet"
56.8590604026846,28.8858195922826,21.0133430389857,39.7076548919355,"Humidité relative","%","intensite","MR","rafale_max","complet"
57.2986577181208,28.9063413928594,21.0318483179023,39.729107974276,"Humidité relative","%","intensite","MR","rafale_max","complet"
57.738255033557,28.9285931595566,21.0514420800744,39.7532624609719,"Humidité relative","%","intensite","MR","rafale_max","complet"
58.1778523489933,28.9525996563435,21.0721516720189,39.7801344593393,"Humidité relative","%","intensite","MR","rafale_max","complet"
58.6174496644295,28.9783860329449,21.094003107743,39.8097436880594,"Humidité relative","%","intensite","MR","rafale_max","complet"
59.0570469798658,29.0059778388569,21.1170209971001,39.8421136439556,"Humidité relative","%","intensite","MR","rafale_max","complet"
59.496644295302,29.0354010376784,21.1412284722754,39.8772717737003,"Humidité relative","%","intensite","MR","rafale_max","complet"
59.9362416107383,29.0666855145058,21.1666493594762,39.9152550056742,"Humidité relative","%","intensite","MR","rafale_max","complet"
60.3758389261745,29.0998759250503,21.1933152424557,39.95612622026,"Humidité relative","%","intensite","MR","rafale_max","complet"
60.8154362416107,29.1350211364724,21.2212590336652,39.9999573670953,"Humidité relative","%","intensite","MR","rafale_max","complet"
61.255033557047,29.1721706088369,21.2505129157814,40.0468234062762,"Humidité relative","%","intensite","MR","rafale_max","complet"
61.6946308724832,29.2113744263013,21.2811085932543,40.0968019186768,"Humidité relative","%","intensite","MR","rafale_max","complet"
62.1342281879195,29.2526833292804,21.3130775326483,40.149972741024,"Humidité relative","%","intensite","MR","rafale_max","complet"
62.5738255033557,29.2961487476133,21.3464511917968,40.2064176256193,"Humidité relative","%","intensite","MR","rafale_max","complet"
63.0134228187919,29.341822834762,21.3812612377949,40.2662199246087,"Humidité relative","%","intensite","MR","rafale_max","complet"
63.4530201342282,29.3897585030746,21.4175397538402,40.3294642987261,"Humidité relative","%","intensite","MR","rafale_max","complet"
63.8926174496644,29.4400094601442,21.4553194349289,40.3962364504526,"Humidité relative","%","intensite","MR","rafale_max","complet"
64.3322147651007,29.4926302463004,21.4946337724022,40.4666228815576,"Humidité relative","%","intensite","MR","rafale_max","complet"
64.7718120805369,29.5476762732682,21.5355172273255,40.5407106750176,"Humidité relative","%","intensite","MR","rafale_max","complet"
65.2114093959731,29.6052038640343,21.5780053926782,40.6185873013281,"Humidité relative","%","intensite","MR","rafale_max","complet"
65.6510067114094,29.6652702939594,21.6221351443189,40.700340449259,"Humidité relative","%","intensite","MR","rafale_max","complet"
66.0906040268456,29.7279338331809,21.6679447806841,40.786057881124,"Humidité relative","%","intensite","MR","rafale_max","complet"
66.5302013422819,29.7932537903488,21.7154741511742,40.8758273126695,"Humidité relative","%","intensite","MR","rafale_max","complet"
66.9697986577181,29.8612905577421,21.7647647731727,40.9697363177113,"Humidité relative","%","intensite","MR","rafale_max","complet"
67.4093959731544,29.9321056578146,21.815859937642,41.0678722576825,"Humidité relative","%","intensite","MR","rafale_max","complet"
67.8489932885906,30.0057617912212,21.8688048032352,41.1703222362804,"Humidité relative","%","intensite","MR","rafale_max","complet"
68.2885906040268,30.0823228863789,21.9236464788602,41.2771730794395,"Humidité relative","%","intensite","MR","rafale_max","complet"
68.7281879194631,30.1618541506174,21.980434094629,41.3885113408846,"Humidité relative","%","intensite","MR","rafale_max","complet"
69.1677852348993,30.2444221229801,22.0392188611205,41.5044233335638,"Humidité relative","%","intensite","MR","rafale_max","complet"
69.6073825503356,30.3300947287355,22.1000541168798,41.6249951872944,"Humidité relative","%","intensite","MR","rafale_max","complet"
70.0469798657718,30.4189413356651,22.1629953640682,41.750312933007,"Humidité relative","%","intensite","MR","rafale_max","complet"
70.486577181208,30.5110328121943,22.2281002921675,41.8804626140195,"Humidité relative","%","intensite","MR","rafale_max","complet"
70.9261744966443,30.6064415874379,22.2954287896267,42.0155304248325,"Humidité relative","%","intensite","MR","rafale_max","complet"
71.3657718120805,30.7052417132332,22.3650429433206,42.1556028780017,"Humidité relative","%","intensite","MR","rafale_max","complet"
71.8053691275168,30.8075089282407,22.4370070256654,42.3007669997144,"Humidité relative","%","intensite","MR","rafale_max","complet"
72.244966442953,30.9133207241901,22.5113874692039,42.451110554779,"Humidité relative","%","intensite","MR","rafale_max","complet"
72.6845637583893,31.0227564143602,22.5882528284387,42.6067223018262,"Humidité relative","%","intensite","MR","rafale_max","complet"
73.1241610738255,31.1358972043785,22.6676737286458,42.7676922796233,"Humidité relative","%","intensite","MR","rafale_max","complet"
73.5637583892617,31.2528262654358,22.7497228013502,42.9341121255133,"Humidité relative","%","intensite","MR","rafale_max","complet"
74.003355704698,31.3736288100121,22.8344746060851,43.106075427114,"Humidité relative","%","intensite","MR","rafale_max","complet"
74.4429530201342,31.4983921702155,22.9220055379886,43.2836781085498,"Humidité relative","%","intensite","MR","rafale_max","complet"
74.8825503355705,31.6272058788411,23.0123937207158,43.4670188526343,"Humidité relative","%","intensite","MR","rafale_max","complet"
75.3221476510067,31.7601617532614,23.1057188840605,43.6561995605853,"Humidité relative","%","intensite","MR","rafale_max","complet"
75.7617449664429,31.8973539822651,23.2020622255864,43.851325851024,"Humidité relative","%","intensite","MR","rafale_max","complet"
76.2013422818792,32.0388792159651,23.3015062554692,44.0525076002015,"Humidité relative","%","intensite","MR","rafale_max","complet"
76.6409395973154,32.1848366589051,23.4041346236429,44.2598595255887,"Humidité relative","%","intensite","MR","rafale_max","complet"
77.0805369127517,32.3353281664979,23.510031928229,44.4735018151835,"Humidité relative","%","intensite","MR","rafale_max","complet"
77.5201342281879,32.4904583449347,23.6192835041088,44.6935608051066,"Humidité relative","%","intensite","MR","rafale_max","complet"
77.9597315436242,32.6503323542725,23.7319732542436,44.9201670431612,"Humidité relative","%","intensite","MR","rafale_max","complet"
78.3993288590604,32.8149989061065,23.8481353494812,45.1533898741981,"Humidité relative","%","intensite","MR","rafale_max","complet"
78.8389261744966,32.9844451635456,23.9677497796872,45.3932318531216,"Humidité relative","%","intensite","MR","rafale_max","complet"
79.2785234899329,33.1586556920801,24.090792031819,45.6396969370582,"Humidité relative","%","intensite","MR","rafale_max","complet"
79.7181208053691,33.3376153982107,24.2172356616365,45.8927937097141,"Humidité relative","%","intensite","MR","rafale_max","complet"
80.1577181208054,33.5213094544845,24.3470523267813,46.1525351184827,"Humidité relative","%","intensite","MR","rafale_max","complet"
80.5973154362416,33.7097232246493,24.4802118179676,46.4189382155762,"Humidité relative","%","intensite","MR","rafale_max","complet"
81.0369127516778,33.902842188869,24.6166820887685,46.6920239022697,"Humidité relative","%","intensite","MR","rafale_max","complet"
81.4765100671141,34.100651868943,24.7564292844666,46.9718166753747,"Humidité relative","%","intensite","MR","rafale_max","complet"
81.9161073825503,34.3031377534786,24.8994177704216,47.2583443751024,"Humidité relative","%","intensite","MR","rafale_max","complet"
82.3557046979866,34.510285222968,25.0456101603879,47.5516379335101,"Humidité relative","%","intensite","MR","rafale_max","complet"
82.7953020134228,34.7220794747255,25.1949673451932,47.8517311227699,"Humidité relative","%","intensite","MR","rafale_max","complet"
83.2348993288591,34.9385054476421,25.3474485221611,48.1586603025416,"Humidité relative","%","intensite","MR","rafale_max","complet"
83.6744966442953,35.1595477467219,25.5030112256357,48.4724641657764,"Humidité relative","%","intensite","MR","rafale_max","complet"
84.1140939597315,35.3851905673642,25.661611358934,48.7931834823287,"Humidité relative","%","intensite","MR","rafale_max","complet"
84.5536912751678,35.6154176193604,25.82320322802,49.1208608398002,"Humidité relative","%","intensite","MR","rafale_max","complet"
84.993288590604,35.8502120505803,25.9877395771585,49.4555403810962,"Humidité relative","%","intensite","MR","rafale_max","complet"
85.4328859060403,36.089556370321,26.1551716267729,49.7972675382241,"Humidité relative","%","intensite","MR","rafale_max","complet"
85.8724832214765,36.3334323723011,26.3254491136909,50.146088761921,"Humidité relative","%","intensite","MR","rafale_max","complet"
86.3120805369127,36.5818210572817,26.4985203339236,50.5020512467547,"Humidité relative","%","intensite","MR","rafale_max","complet"
86.751677852349,36.8347025553014,26.6743321880829,50.8652026513973,"Humidité relative","%","intensite","MR","rafale_max","complet"
87.1912751677852,37.092056047517,26.852830229503,51.235590813833,"Humidité relative","%","intensite","MR","rafale_max","complet"
87.6308724832215,37.3538596876431,27.0339587150868,51.6132634613166,"Humidité relative","%","intensite","MR","rafale_max","complet"
88.0704697986577,37.6200905229892,27.2176606588595,51.9982679149622,"Humidité relative","%","intensite","MR","rafale_max","complet"
88.510067114094,37.8907244150969,27.4038778881706,52.3906507889005,"Humidité relative","%","intensite","MR","rafale_max","complet"
88.9496644295302,38.1657359599816,27.592551102441,52.7904576840007,"Humidité relative","%","intensite","MR","rafale_max","complet"
89.3892617449664,38.4450984079906,27.7836199343185,53.1977328762123,"Humidité relative","%","intensite","MR","rafale_max","complet"
89.8288590604027,38.7287835832889,27.977023013062,53.6125189996427,"Humidité relative","%","intensite","MR","rafale_max","complet"
90.2684563758389,39.0167618029928,28.1726980299408,54.0348567245365,"Humidité relative","%","intensite","MR","rafale_max","complet"
90.7080536912752,39.3090017959723,28.3705818054016,54.4647844303834,"Humidité relative","%","intensite","MR","rafale_max","complet"
91.1476510067114,39.6054706213481,28.5706103577244,54.9023378744295,"Humidité relative","%","intensite","MR","rafale_max","complet"
91.5872483221476,39.9061335867139,28.7727189728593,55.3475498559185,"Humidité relative","%","intensite","MR","rafale_max","complet"
92.0268456375839,40.2109541661203,28.9768422751131,55.8004498764357,"Humidité relative","%","intensite","MR","rafale_max","complet"
92.4664429530201,40.519893917856,29.182914298333,56.261063796774,"Humidité relative","%","intensite","MR","rafale_max","complet"
92.9060402684564,40.8329124020732,29.3908685572152,56.7294134907786,"Humidité relative","%","intensite","MR","rafale_max","complet"
93.3456375838926,41.1499670983039,29.6006381183559,57.2055164966674,"Humidité relative","%","intensite","MR","rafale_max","complet"
93.7852348993289,41.4710133229191,29.8121556706515,57.6893856663587,"Humidité relative","%","intensite","MR","rafale_max","complet"
94.2248322147651,41.7960041465896,30.0253535946494,58.181028813364,"Humidité relative","%","intensite","MR","rafale_max","complet"
94.6644295302013,42.124890311809,30.240164030452,58.6804483598371,"Humidité relative","%","intensite","MR","rafale_max","complet"
95.1040268456376,42.4576201505466,30.4565189437782,59.1876409833881,"Humidité relative","%","intensite","MR","rafale_max","complet"
95.5436241610738,42.7941395021014,30.6743501897962,59.7025972642939,"Humidité relative","%","intensite","MR","rafale_max","complet"
95.9832214765101,43.1343916312326,30.8935895743507,60.2253013337527,"Humidité relative","%","intensite","MR","rafale_max","complet"
96.4228187919463,43.4783171466494,31.1141689122274,60.7557305238431,"Humidité relative","%","intensite","MR","rafale_max","complet"
96.8624161073825,43.8258539199449,31.3360200821111,61.2938550198602,"Humidité relative","%","intensite","MR","rafale_max","complet"
97.3020134228188,44.1769370050657,31.5590750779204,61.8396375157059,"Humidité relative","%","intensite","MR","rafale_max","complet"
97.741610738255,44.531498558413,31.7832660562239,62.3930328730206,"Humidité relative","%","intensite","MR","rafale_max","complet"
98.1812080536913,44.8894677596759,32.0085253794718,62.9539877847453,"Humidité relative","%","intensite","MR","rafale_max","complet"
98.6208053691275,45.2507707335034,32.2347856548037,63.5224404438049,"Humidité relative","%","intensite","MR","rafale_max","complet"
99.0604026845638,45.6153304721261,32.4619797682267,64.0983202176069,"Humidité relative","%","intensite","MR","rafale_max","complet"
99.5,45.983066759042,32.6900409139862,64.6815473290479,"Humidité relative","%","intensite","MR","rafale_max","complet"
998.058333333333,38.0900796012485,25.2334170300459,57.4973322995409,"Pression atmosphérique","hPa","intensite","MR","rafale_max","complet"
998.294530201342,38.0693855698264,25.2787513448312,57.3318712579705,"Pression atmosphérique","hPa","intensite","MR","rafale_max","complet"
998.530727069351,38.0478722728317,25.3223130185562,57.1685763235328,"Pression atmosphérique","hPa","intensite","MR","rafale_max","complet"
998.76692393736,38.02552920254,25.3640908535671,57.0073999293324,"Pression atmosphérique","hPa","intensite","MR","rafale_max","complet"
999.003120805369,38.0023459329813,25.4040749351354,56.848293043436,"Pression atmosphérique","hPa","intensite","MR","rafale_max","complet"
999.239317673378,37.9783121223905,25.4422566444567,56.6912051797092,"Pression atmosphérique","hPa","intensite","MR","rafale_max","complet"
999.475514541387,37.9534175156784,25.4786286686915,56.536084412167,"Pression atmosphérique","hPa","intensite","MR","rafale_max","complet"
999.711711409396,37.9276519469249,25.5131850079692,56.3828773929148,"Pression atmosphérique","hPa","intensite","MR","rafale_max","complet"
999.947908277405,37.9010053418918,25.5459209792898,56.2315293737374,"Pression atmosphérique","hPa","intensite","MR","rafale_max","complet"
1000.18410514541,37.8734677205541,25.5768332172739,56.0819842313825,"Pression atmosphérique","hPa","intensite","MR","rafale_max","complet"
1000.42030201342,37.845029199651,25.6059196717218,55.9341844965698,"Pression atmosphérique","hPa","intensite","MR","rafale_max","complet"
1000.65649888143,37.8156799952538,25.6331796019633,55.7880713867393,"Pression atmosphérique","hPa","intensite","MR","rafale_max","complet"
1000.89269574944,37.7854104253508,25.6586135679875,55.643584842538,"Pression atmosphérique","hPa","intensite","MR","rafale_max","complet"
1001.12889261745,37.7542109124483,25.6822234183652,55.5006635680285,"Pression atmosphérique","hPa","intensite","MR","rafale_max","complet"
1001.36508948546,37.7220719861864,25.7040122749844,55.359245074586,"Pression atmosphérique","hPa","intensite","MR","rafale_max","complet"
1001.60128635347,37.6889842859688,25.7239845146395,55.219265728434,"Pression atmosphérique","hPa","intensite","MR","rafale_max","complet"
1001.83748322148,37.6549385636065,25.7421457475287,55.0806608017556,"Pression atmosphérique","hPa","intensite","MR","rafale_max","complet"
1002.07368008949,37.6199256859734,25.758502792725,54.9433645272998,"Pression atmosphérique","hPa","intensite","MR","rafale_max","complet"
1002.30987695749,37.5839366376727,25.7730636507068,54.8073101563871,"Pression atmosphérique","hPa","intensite","MR","rafale_max","complet"
1002.5460738255,37.5469625237147,25.78583747304,54.672430020208,"Pression atmosphérique","hPa","intensite","MR","rafale_max","complet"
1002.78227069351,37.5089945722032,25.7968345293216,54.5386555942906,"Pression atmosphérique","hPa","intensite","MR","rafale_max","complet"
1003.01846756152,37.4700241370307,25.8060661715031,54.4059175660047,"Pression atmosphérique","hPa","intensite","MR","rafale_max","complet"
1003.25466442953,37.4300427005801,25.8135447957246,54.2741459049549,"Pression atmosphérique","hPa","intensite","MR","rafale_max","complet"
1003.49086129754,37.3890418764338,25.8192838017975,54.1432699361088,"Pression atmosphérique","hPa","intensite","MR","rafale_max","complet"
1003.72705816555,37.3470134120873,25.823297550485,54.0132184154939,"Pression atmosphérique","hPa","intensite","MR","rafale_max","complet"
1003.96325503356,37.3039491916669,25.8256013187347,53.8839196082907,"Pression atmosphérique","hPa","intensite","MR","rafale_max","complet"
1004.19945190157,37.2598412386504,25.8262112530238,53.7553013691424,"Pression atmosphérique","hPa","intensite","MR","rafale_max","complet"
1004.43564876957,37.21468171859,25.8251443209826,53.6272912244955,"Pression atmosphérique","hPa","intensite","MR","rafale_max","complet"
1004.67184563758,37.1684629418356,25.8224182614641,53.4998164567829,"Pression atmosphérique","hPa","intensite","MR","rafale_max","complet"
1004.90804250559,37.1211773662579,25.8180515332325,53.3728041902567,"Pression atmosphérique","hPa","intensite","MR","rafale_max","complet"
1005.1442393736,37.0728175999694,25.8120632624388,53.2461814782777,"Pression atmosphérique","hPa","intensite","MR","rafale_max","complet"
1005.38043624161,37.0233764040435,25.8044731890573,53.1198753918665,"Pression atmosphérique","hPa","intensite","MR","rafale_max","complet"
1005.61663310962,36.9728466952287,25.7953016124508,52.9938131093248,"Pression atmosphérique","hPa","intensite","MR","rafale_max","complet"
1005.85282997763,36.9212215486584,25.7845693362316,52.8679220067339,"Pression atmosphérique","hPa","intensite","MR","rafale_max","complet"
1006.08902684564,36.8684942005532,25.7722976125794,52.7421297491444,"Pression atmosphérique","hPa","intensite","MR","rafale_max","complet"
1006.32522371365,36.814658050917,25.7585080861764,52.6163643822717,"Pression atmosphérique","hPa","intensite","MR","rafale_max","complet"
1006.56142058166,36.7597066662225,25.7432227379088,52.4905544245192,"Pression atmosphérique","hPa","intensite","MR","rafale_max","complet"
1006.79761744966,36.7036337820876,25.7264638284817,52.3646289591566,"Pression atmosphérique","hPa","intensite","MR","rafale_max","complet"
1007.03381431767,36.6464333059402,25.7082538420841,52.2385177264865,"Pression atmosphérique","hPa","intensite","MR","rafale_max","complet"
1007.27001118568,36.5880993196693,25.6886154302349,52.112151215841,"Pression atmosphérique","hPa","intensite","MR","rafale_max","complet"
1007.50620805369,36.528626082263,25.6675713559301,51.9854607572564,"Pression atmosphérique","hPa","intensite","MR","rafale_max","complet"
1007.7424049217,36.4680080324303,25.6451444382046,51.8583786126847,"Pression atmosphérique","hPa","intensite","MR","rafale_max","complet"
1007.97860178971,36.4062397912066,25.6213574972105,51.7308380666065,"Pression atmosphérique","hPa","intensite","MR","rafale_max","complet"
1008.21479865772,36.3433161645404,25.5962332999066,51.6027735159203,"Pression atmosphérique","hPa","intensite","MR","rafale_max","complet"
1008.45099552573,36.2792321458612,25.5697945064415,51.4741205589945,"Pression atmosphérique","hPa","intensite","MR","rafale_max","complet"
1008.68719239374,36.213982918626,25.5420636173053,51.3448160837716,"Pression atmosphérique","hPa","intensite","MR","rafale_max","complet"
1008.92338926175,36.1475638588436,25.5130629213135,51.2147983548308,"Pression atmosphérique","hPa","intensite","MR","rafale_max","complet"
1009.15958612975,36.0799705375753,25.4828144444778,51.0840070993178,"Pression atmosphérique","hPa","intensite","MR","rafale_max","complet"
1009.39578299776,36.0111987234104,25.4513398998098,50.952383591665,"Pression atmosphérique","hPa","intensite","MR","rafale_max","complet"
1009.63197986577,35.9412443849156,25.418660638092,50.8198707370285,"Pression atmosphérique","hPa","intensite","MR","rafale_max","complet"
1009.86817673378,35.8701036930559,25.3847975996448,50.6864131533822,"Pression atmosphérique","hPa","intensite","MR","rafale_max","complet"
1010.10437360179,35.7977730235865,25.3497712671075,50.5519572522138,"Pression atmosphérique","hPa","intensite","MR","rafale_max","complet"
1010.3405704698,35.7242489594143,25.3136016192446,50.4164513177757,"Pression atmosphérique","hPa","intensite","MR","rafale_max","complet"
1010.57676733781,35.6495282929266,25.2763080857798,50.2798455848528,"Pression atmosphérique","hPa","intensite","MR","rafale_max","complet"
1010.81296420582,35.5736080282866,25.2379095032552,50.1420923150136,"Pression atmosphérique","hPa","intensite","MR","rafale_max","complet"
1011.04916107383,35.4964853836938,25.1984240719046,50.0031458713184,"Pression atmosphérique","hPa","intensite","MR","rafale_max","complet"
1011.28535794183,35.4181577936076,25.1578693135262,49.8629627914646,"Pression atmosphérique","hPa","intensite","MR","rafale_max","complet"
1011.52155480984,35.3386229109336,25.1162620303326,49.7215018593523,"Pression atmosphérique","hPa","intensite","MR","rafale_max","complet"
1011.75775167785,35.2578786091702,25.0736182647542,49.5787241750594,"Pression atmosphérique","hPa","intensite","MR","rafale_max","complet"
1011.99394854586,35.175922984514,25.0299532601655,49.4345932232186,"Pression atmosphérique","hPa","intensite","MR","rafale_max","complet"
1012.23014541387,35.0927543579236,24.9852814225041,49.2890749397906,"Pression atmosphérique","hPa","intensite","MR","rafale_max","complet"
1012.46634228188,35.0083712771396,24.9396162827464,49.1421377772331,"Pression atmosphérique","hPa","intensite","MR","rafale_max","complet"
1012.70253914989,34.9227725186589,24.8929704602054,48.9937527680628,"Pression atmosphérique","hPa","intensite","MR","rafale_max","complet"
1012.9387360179,34.8359570896632,24.8453556266144,48.843893586812,"Pression atmosphérique","hPa","intensite","MR","rafale_max","complet"
1013.17493288591,34.7479242298988,24.7967824709593,48.6925366103791,"Pression atmosphérique","hPa","intensite","MR","rafale_max","complet"
1013.41112975392,34.6586734135078,24.7472606650258,48.5396609767736,"Pression atmosphérique","hPa","intensite","MR","rafale_max","complet"
1013.64732662192,34.5682043508072,24.6967988296268,48.3852486422518,"Pression atmosphérique","hPa","intensite","MR","rafale_max","complet"
1013.88352348993,34.4765169900171,24.6454045014807,48.229284436842,"Pression atmosphérique","hPa","intensite","MR","rafale_max","complet"
1014.11972035794,34.3836115189345,24.5930841007121,48.0717561182483,"Pression atmosphérique","hPa","intensite","MR","rafale_max","complet"
1014.35591722595,34.2894883665516,24.5398428989543,47.9126544241236,"Pression atmosphérique","hPa","intensite","MR","rafale_max","complet"
1014.59211409396,34.1941482046189,24.4856849880355,47.7519731226947,"Pression atmosphérique","hPa","intensite","MR","rafale_max","complet"
1014.82831096197,34.0975919491489,24.4306132492398,47.5897090617176,"Pression atmosphérique","hPa","intensite","MR","rafale_max","complet"
1015.06450782998,33.9998207618621,24.3746293231397,47.4258622157313,"Pression atmosphérique","hPa","intensite","MR","rafale_max","complet"
1015.30070469799,33.9008360515708,24.317733580007,47.2604357315751,"Pression atmosphérique","hPa","intensite","MR","rafale_max","complet"
1015.536901566,33.8006394755027,24.2599250908181,47.0934359721218,"Pression atmosphérique","hPa","intensite","MR","rafale_max","complet"
1015.773098434,33.6992329405597,24.2012015988824,46.9248725581687,"Pression atmosphérique","hPa","intensite","MR","rafale_max","complet"
1016.00929530201,33.5966186045128,24.1415594921321,46.7547584084185,"Pression atmosphérique","hPa","intensite","MR","rafale_max","complet"
1016.24549217002,33.4927988771316,24.0809937761285,46.5831097774707,"Pression atmosphérique","hPa","intensite","MR","rafale_max","complet"
1016.48168903803,33.3877764212453,24.0194980478535,46.4099462917246,"Pression atmosphérique","hPa","intensite","MR","rafale_max","complet"
1016.71788590604,33.281554153737,23.9570644703705,46.235290983086,"Pression atmosphérique","hPa","intensite","MR","rafale_max","complet"
1016.95408277405,33.1741352464666,23.8936837484595,46.0591703203493,"Pression atmosphérique","hPa","intensite","MR","rafale_max","complet"
1017.19027964206,33.0655231271237,23.8293451053483,45.8816142381087,"Pression atmosphérique","hPa","intensite","MR","rafale_max","complet"
1017.42647651007,32.9557214800086,23.764036260684,45.7026561630337,"Pression atmosphérique","hPa","intensite","MR","rafale_max","complet"
1017.66267337808,32.8447342467394,23.6977434099103,45.5223330373219,"Pression atmosphérique","hPa","intensite","MR","rafale_max","complet"
1017.89887024609,32.7325656268846,23.6304512052417,45.3406853391205,"Pression atmosphérique","hPa","intensite","MR","rafale_max","complet"
1018.13506711409,32.6192200785206,23.5621427384504,45.1577570996815,"Pression atmosphérique","hPa","intensite","MR","rafale_max","complet"
1018.3712639821,32.5047023187125,23.4927995257079,44.9735959169931,"Pression atmosphérique","hPa","intensite","MR","rafale_max","complet"
1018.60746085011,32.389017323916,23.4224014947541,44.7882529656014,"Pression atmosphérique","hPa","intensite","MR","rafale_max","complet"
1018.84365771812,32.272170330302,23.3509269746943,44.6017830023066,"Pression atmosphérique","hPa","intensite","MR","rafale_max","complet"
1019.07985458613,32.154166834,23.2783526887553,44.4142443673918,"Pression atmosphérique","hPa","intensite","MR","rafale_max","complet"
1019.31605145414,32.0350125912616,23.2046537503664,44.2256989810109,"Pression atmosphérique","hPa","intensite","MR","rafale_max","complet"
1019.55224832215,31.9147136185409,23.1298036629604,44.0362123343296,"Pression atmosphérique","hPa","intensite","MR","rafale_max","complet"
1019.78844519016,31.7932761924934,23.0537743239238,43.8458534749864,"Pression atmosphérique","hPa","intensite","MR","rafale_max","complet"
1020.02464205817,31.67070684989,22.9765360331587,43.6546949864044,"Pression atmosphérique","hPa","intensite","MR","rafale_max","complet"
1020.26083892617,31.5470123874475,22.8980575067512,43.4628129604594,"Pression atmosphérique","hPa","intensite","MR","rafale_max","complet"
1020.49703579418,31.4221998615725,22.8183058962708,43.2702869629762,"Pression atmosphérique","hPa","intensite","MR","rafale_max","complet"
1020.73323266219,31.2962765880196,22.7372468142567,43.0771999914997,"Pression atmosphérique","hPa","intensite","MR","rafale_max","complet"
1020.9694295302,31.1692501414627,22.6548443664723,42.8836384247628,"Pression atmosphérique","hPa","intensite","MR","rafale_max","complet"
1021.20562639821,31.041128354978,22.5710611915337,42.6896919632492,"Pression atmosphérique","hPa","intensite","MR","rafale_max","complet"
1021.44182326622,30.9119193194391,22.485858508536,42.4954535602352,"Pression atmosphérique","hPa","intensite","MR","rafale_max","complet"
1021.67802013423,30.7816927764479,22.3992400532785,42.3011052129396,"Pression atmosphérique","hPa","intensite","MR","rafale_max","complet"
1021.91421700224,30.6513883777135,22.3118336557545,42.1080411398244,"Pression atmosphérique","hPa","intensite","MR","rafale_max","complet"
1022.15041387025,30.5225758227735,22.2247333383704,41.9185067677967,"Pression atmosphérique","hPa","intensite","MR","rafale_max","complet"
1022.38661073826,30.3968138705167,22.1390458490262,41.7346935265269,"Pression atmosphérique","hPa","intensite","MR","rafale_max","complet"
1022.62280760626,30.2756359066606,22.0558800543729,41.5587193661285,"Pression atmosphérique","hPa","intensite","MR","rafale_max","complet"
1022.85900447427,30.1605518928775,21.9763475495262,41.3926330766719,"Pression atmosphérique","hPa","intensite","MR","rafale_max","complet"
1023.09520134228,30.0530510785679,21.9015634147819,41.2384203824204,"Pression atmosphérique","hPa","intensite","MR","rafale_max","complet"
1023.33139821029,29.9546054578908,21.832647148446,41.0980117086613,"Pression atmosphérique","hPa","intensite","MR","rafale_max","complet"
1023.5675950783,29.866673959037,21.7707238062361,40.9732915319933,"Pression atmosphérique","hPa","intensite","MR","rafale_max","complet"
1023.80379194631,29.7907073581476,21.7169253777009,40.8661092426127,"Pression atmosphérique","hPa","intensite","MR","rafale_max","complet"
1024.03998881432,29.728153916707,21.6723924286069,40.7782914695141,"Pression atmosphérique","hPa","intensite","MR","rafale_max","complet"
1024.27618568233,29.680465748699,21.6382760352065,40.7116558466293,"Pression atmosphérique","hPa","intensite","MR","rafale_max","complet"
1024.51238255034,29.6491059323252,21.6157400316969,40.6680262298303,"Pression atmosphérique","hPa","intensite","MR","rafale_max","complet"
1024.74857941834,29.635556390687,21.6059635860278,40.6492494115628,"Pression atmosphérique","hPa","intensite","MR","rafale_max","complet"
1024.98477628635,29.6413265766168,21.6101441115774,40.6572134218645,"Pression atmosphérique","hPa","intensite","MR","rafale_max","complet"
1025.22097315436,29.6679630088904,21.6295005131322,40.6938675519803,"Pression atmosphérique","hPa","intensite","MR","rafale_max","complet"
1025.45717002237,29.7170597205132,21.6652767551856,40.7612442901832,"Pression atmosphérique","hPa","intensite","MR","rafale_max","complet"
1025.69336689038,29.7902696948158,21.7187457288799,40.8614834193571,"Pression atmosphérique","hPa","intensite","MR","rafale_max","complet"
1025.92956375839,29.8892939846415,21.7911956783342,40.9968277137063,"Pression atmosphérique","hPa","intensite","MR","rafale_max","complet"
1026.1657606264,30.0150437981978,21.8832905541646,41.1685277393659,"Pression atmosphérique","hPa","intensite","MR","rafale_max","complet"
1026.40195749441,30.1673919985651,21.9948789311989,41.3765196363137,"Pression atmosphérique","hPa","intensite","MR","rafale_max","complet"
1026.63815436242,30.3462005476551,22.1257716768545,41.6207805597958,"Pression atmosphérique","hPa","intensite","MR","rafale_max","complet"
1026.87435123043,30.551389268455,22.2757945244209,41.9014183852969,"Pression atmosphérique","hPa","intensite","MR","rafale_max","complet"
1027.11054809843,30.7829331000155,22.4447862590919,42.2186675917299,"Pression atmosphérique","hPa","intensite","MR","rafale_max","complet"
1027.34674496644,31.0408595738885,22.6325968343339,42.5728859193112,"Pression atmosphérique","hPa","intensite","MR","rafale_max","complet"
1027.58294183445,31.3252464866569,22.8390854469337,42.9645516993131,"Pression atmosphérique","hPa","intensite","MR","rafale_max","complet"
1027.81913870246,31.6362197450585,23.0641185999807,43.3942617585424,"Pression atmosphérique","hPa","intensite","MR","rafale_max","complet"
1028.05533557047,31.9739513618019,23.3075681838572,43.8627298061468,"Pression atmosphérique","hPa","intensite","MR","rafale_max","complet"
1028.29153243848,32.3386575816045,23.5693096059649,44.3707852144978,"Pression atmosphérique","hPa","intensite","MR","rafale_max","complet"
1028.52772930649,32.7305971181865,23.8492200002241,44.9193721095688,"Pression atmosphérique","hPa","intensite","MR","rafale_max","complet"
1028.7639261745,33.1500694840379,24.1471765472324,45.5095486897617,"Pression atmosphérique","hPa","intensite","MR","rafale_max","complet"
1029.00012304251,33.5974133956743,24.4630549351311,46.1424866956744,"Pression atmosphérique","hPa","intensite","MR","rafale_max","complet"
1029.23631991051,34.0730052378889,24.7967279895938,46.8194709571527,"Pression atmosphérique","hPa","intensite","MR","rafale_max","complet"
1029.47251677852,34.5772575711825,25.1480644987369,47.5418989482849,"Pression atmosphérique","hPa","intensite","MR","rafale_max","complet"
1029.70871364653,35.1106176670979,25.5169282550526,48.3112802859032,"Pression atmosphérique","hPa","intensite","MR","rafale_max","complet"
1029.94491051454,35.6735660566841,25.9031773316743,49.1292361128404,"Pression atmosphérique","hPa","intensite","MR","rafale_max","complet"
1030.18110738255,36.2666150776784,26.3066636043499,49.9974983135072,"Pression atmosphérique","hPa","intensite","MR","rafale_max","complet"
1030.41730425056,36.8903074063502,26.7272325236278,50.9179085164144,"Pression atmosphérique","hPa","intensite","MR","rafale_max","complet"
1030.65350111857,37.5452145601756,27.1647231340427,51.8924168456944,"Pression atmosphérique","hPa","intensite","MR","rafale_max","complet"
1030.88969798658,38.2319353577616,27.6189683289278,52.9230803914248,"Pression atmosphérique","hPa","intensite","MR","rafale_max","complet"
1031.12589485459,38.9510943225779,28.0897953211312,54.0120613760762,"Pression atmosphérique","hPa","intensite","MR","rafale_max","complet"
1031.3620917226,39.7033400172081,28.5770263018865,55.1616250014778,"Pression atmosphérique","hPa","intensite","MR","rafale_max","complet"
1031.5982885906,40.4893432949547,29.0804792527835,56.3741369668031,"Pression atmosphérique","hPa","intensite","MR","rafale_max","complet"
1031.83448545861,41.3097954557004,29.5999688696229,57.6520606527769,"Pression atmosphérique","hPa","intensite","MR","rafale_max","complet"
1032.07068232662,42.1654062930653,30.1353075523803,58.997953970403,"Pression atmosphérique","hPa","intensite","MR","rafale_max","complet"
1032.30687919463,43.0569020199457,30.6863064127359,60.4144658734742,"Pression atmosphérique","hPa","intensite","MR","rafale_max","complet"
1032.54307606264,43.9850230596769,31.2527762499611,61.9043325331048,"Pression atmosphérique","hPa","intensite","MR","rafale_max","complet"
1032.77927293065,44.9505216901346,31.8345284473023,63.4703731691833,"Pression atmosphérique","hPa","intensite","MR","rafale_max","complet"
1033.01546979866,45.9541595283007,32.4313757444115,65.1154855284363,"Pression atmosphérique","hPa","intensite","MR","rafale_max","complet"
1033.25166666667,46.9967048429542,33.0431328464696,66.8426409916435,"Pression atmosphérique","hPa","intensite","MR","rafale_max","complet"
12,0.998142162247286,0.992693872021502,0.999529505609012,"Température","°C","presence","IC","moyen","sans_2202_2024"
12.1514765100671,0.998108702491522,0.992676920938439,0.999513517871487,"Température","°C","presence","IC","moyen","sans_2202_2024"
12.3029530201342,0.99807489933455,0.992658092746408,0.999497248913675,"Température","°C","presence","IC","moyen","sans_2202_2024"
12.4544295302013,0.998040762282348,0.992637384444969,0.999480709201779,"Température","°C","presence","IC","moyen","sans_2202_2024"
12.6059060402685,0.998006301487166,0.992614795662115,0.999463909948595,"Température","°C","presence","IC","moyen","sans_2202_2024"
12.7573825503356,0.997971527759707,0.992590328868686,0.999446863074623,"Température","°C","presence","IC","moyen","sans_2202_2024"
12.9088590604027,0.997936452580712,0.992563989597542,0.99942958116335,"Température","°C","presence","IC","moyen","sans_2202_2024"
13.0603355704698,0.997901088111876,0.992535786666099,0.999412077410972,"Température","°C","presence","IC","moyen","sans_2202_2024"
13.2118120805369,0.997865447206058,0.992505732400688,0.999394365570953,"Température","°C","presence","IC","moyen","sans_2202_2024"
13.363288590604,0.997829543416715,0.992473842861017,0.999376459893897,"Température","°C","presence","IC","moyen","sans_2202_2024"
13.5147651006711,0.997793391006522,0.992440138062857,0.999358375063296,"Température","°C","presence","IC","moyen","sans_2202_2024"
13.6662416107383,0.997757004955101,0.992404642196943,0.999340126127799,"Température","°C","presence","IC","moyen","sans_2202_2024"
13.8177181208054,0.997720400965811,0.992367383841897,0.99932172843072,"Température","°C","presence","IC","moyen","sans_2202_2024"
13.9691946308725,0.997683595471551,0.992328396168912,0.999303197537569,"Température","°C","presence","IC","moyen","sans_2202_2024"
14.1206711409396,0.997646605639495,0.992287717135779,0.999284549162438,"Température","°C","presence","IC","moyen","sans_2202_2024"
14.2721476510067,0.997609449374728,0.992245389667795,0.999265799094124,"Température","°C","presence","IC","moyen","sans_2202_2024"
14.4236241610738,0.997572145322704,0.992201461823002,0.999246963122866,"Température","°C","presence","IC","moyen","sans_2202_2024"
14.5751006711409,0.997534712870479,0.992155986939166,0.999228056968629,"Température","°C","presence","IC","moyen","sans_2202_2024"
14.7265771812081,0.997497172146658,0.992109023759915,0.999209096211819,"Température","°C","presence","IC","moyen","sans_2202_2024"
14.8780536912752,0.997459544020007,0.992060636537448,0.999190096227306,"Température","°C","presence","IC","moyen","sans_2202_2024"
15.0295302013423,0.997421850096663,0.992010895109265,0.999171072122618,"Température","°C","presence","IC","moyen","sans_2202_2024"
15.1810067114094,0.997384112715902,0.991959874946449,0.999152038681075,"Température","°C","presence","IC","moyen","sans_2202_2024"
15.3324832214765,0.997346354944397,0.991907657171111,0.999133010310623,"Température","°C","presence","IC","moyen","sans_2202_2024"
15.4839597315436,0.997308600568929,0.991854328540739,0.999114000999002,"Température","°C","presence","IC","moyen","sans_2202_2024"
15.6354362416107,0.997270874087498,0.991799981397308,0.99909502427585,"Température","°C","presence","IC","moyen","sans_2202_2024"
15.7869127516779,0.997233200698779,0.991744713579208,0.999076093182228,"Température","°C","presence","IC","moyen","sans_2202_2024"
15.938389261745,0.997195606289888,0.991688628294199,0.999057220247965,"Température","°C","presence","IC","moyen","sans_2202_2024"
16.0898657718121,0.997158117422414,0.991631833951823,0.999038417477144,"Température","°C","presence","IC","moyen","sans_2202_2024"
16.2413422818792,0.997120761316679,0.991574443953909,0.99901969634195,"Température","°C","presence","IC","moyen","sans_2202_2024"
16.3928187919463,0.997083565834183,0.991516576442058,0.999001067785002,"Température","°C","presence","IC","moyen","sans_2202_2024"
16.5442953020134,0.997046559458209,0.99145835400121,0.998982542230234,"Température","°C","presence","IC","moyen","sans_2202_2024"
16.6957718120805,0.99700977127256,0.991399903318694,0.998964129602289,"Température","°C","presence","IC","moyen","sans_2202_2024"
16.8472483221477,0.996973230938399,0.991341354798369,0.998945839354344,"Température","°C","presence","IC","moyen","sans_2202_2024"
16.9987248322148,0.996936968669171,0.991282842129802,0.998927680504206,"Température","°C","presence","IC","moyen","sans_2202_2024"
17.1502013422819,0.996901015203597,0.991224501812636,0.998909661678471,"Température","°C","presence","IC","moyen","sans_2202_2024"
17.301677852349,0.996865401776722,0.991166472636641,0.998891791164534,"Température","°C","presence","IC","moyen","sans_2202_2024"
17.4531543624161,0.996830160089015,0.991108895118178,0.998874076970139,"Température","°C","presence","IC","moyen","sans_2202_2024"
17.6046308724832,0.996795322273519,0.991051910894132,0.998856526890218,"Température","°C","presence","IC","moyen","sans_2202_2024"
17.7561073825503,0.996760920861053,0.990995662074609,0.998839148580689,"Température","°C","presence","IC","moyen","sans_2202_2024"
17.9075838926175,0.996726988743483,0.990940290556031,0.998821949638916,"Température","°C","presence","IC","moyen","sans_2202_2024"
18.0590604026846,0.996693559135069,0.990885937296506,0.998804937690527,"Température","°C","presence","IC","moyen","sans_2202_2024"
18.2105369127517,0.996660665531914,0.990832741555653,0.998788120482285,"Température","°C","presence","IC","moyen","sans_2202_2024"
18.3620134228188,0.996628341669548,0.990780840101347,0.998771505980713,"Température","°C","presence","IC","moyen","sans_2202_2024"
18.5134899328859,0.996596621478676,0.990730366386119,0.998755102476199,"Température","°C","presence","IC","moyen","sans_2202_2024"
18.664966442953,0.996565539039133,0.990681449696232,0.998738918692282,"Température","°C","presence","IC","moyen","sans_2202_2024"
18.8164429530201,0.996535128532096,0.990634214276714,0.998722963899862,"Température","°C","presence","IC","moyen","sans_2202_2024"
18.9679194630873,0.996505424190605,0.990588778435916,0.998707248036027,"Température","°C","presence","IC","moyen","sans_2202_2024"
19.1193959731544,0.996476460248461,0.9905452536334,0.998691781827207,"Température","°C","presence","IC","moyen","sans_2202_2024"
19.2708724832215,0.996448270887562,0.990503743555245,0.998676576916327,"Température","°C","presence","IC","moyen","sans_2202_2024"
19.4223489932886,0.996420890183765,0.990464343181099,0.998661645993579,"Température","°C","presence","IC","moyen","sans_2202_2024"
19.5738255033557,0.996394352051342,0.990427137847539,0.998647002930388,"Température","°C","presence","IC","moyen","sans_2202_2024"
19.7253020134228,0.996368690186134,0.990392202312567,0.99863266291605,"Température","°C","presence","IC","moyen","sans_2202_2024"
19.8767785234899,0.996343938007499,0.990359599826281,0.998618642596414,"Température","°C","presence","IC","moyen","sans_2202_2024"
20.0282550335571,0.99632012859915,0.990329381213004,0.998604960213838,"Température","°C","presence","IC","moyen","sans_2202_2024"
20.1797315436242,0.996297294649,0.990301583970375,0.998591635747497,"Température","°C","presence","IC","moyen","sans_2202_2024"
20.3312080536913,0.996275468388143,0.990276231391124,0.998578691052889,"Température","°C","presence","IC","moyen","sans_2202_2024"
20.4826845637584,0.996254679644487,0.990253318176818,0.998566150560937,"Température","°C","presence","IC","moyen","sans_2202_2024"
20.6341610738255,0.996234949721705,0.990232769824343,0.998554042729102,"Température","°C","presence","IC","moyen","sans_2202_2024"
20.7856375838926,0.996216297018644,0.990214490732139,0.998542397365483,"Température","°C","presence","IC","moyen","sans_2202_2024"
20.9371140939597,0.996198739027892,0.990198382132056,0.998531244511965,"Température","°C","presence","IC","moyen","sans_2202_2024"
21.0885906040269,0.996182292308743,0.990184344527379,0.998520614032812,"Température","°C","presence","IC","moyen","sans_2202_2024"
21.240067114094,0.99616697246145,0.990172279999028,0.998510535206409,"Température","°C","presence","IC","moyen","sans_2202_2024"
21.3915436241611,0.996152794102831,0.9901620943609,0.998501036325255,"Température","°C","presence","IC","moyen","sans_2202_2024"
21.5430201342282,0.996139770843273,0.990153699146137,0.998492144309699,"Température","°C","presence","IC","moyen","sans_2202_2024"
21.6944966442953,0.996127915265198,0.990147013407144,0.998483884341167,"Température","°C","presence","IC","moyen","sans_2202_2024"
21.8459731543624,0.99611723890302,0.990141965313297,0.998476279520755,"Température","°C","presence","IC","moyen","sans_2202_2024"
21.9974496644295,0.996107752224651,0.990138493531654,0.998469350559002,"Température","°C","presence","IC","moyen","sans_2202_2024"
22.1489261744967,0.996099464614593,0.990136548377369,0.998463115502463,"Température","°C","presence","IC","moyen","sans_2202_2024"
22.3004026845638,0.996092384358646,0.990136092722222,0.998457589502313,"Température","°C","presence","IC","moyen","sans_2202_2024"
22.4518791946309,0.996086518630277,0.990137102651402,0.998452784629644,"Température","°C","presence","IC","moyen","sans_2202_2024"
22.603355704698,0.996081873478679,0.990139567860672,0.998448709741427,"Température","°C","presence","IC","moyen","sans_2202_2024"
22.7548322147651,0.996078453818535,0.990143491788068,0.998445370400228,"Température","°C","presence","IC","moyen","sans_2202_2024"
22.9063087248322,0.996076263421531,0.990148891476495,0.998442768849882,"Température","°C","presence","IC","moyen","sans_2202_2024"
23.0577852348993,0.996075304909621,0.990155797165817,0.998440904048246,"Température","°C","presence","IC","moyen","sans_2202_2024"
23.2092617449664,0.996075579750068,0.990164251615345,0.998439771757168,"Température","°C","presence","IC","moyen","sans_2202_2024"
23.3607382550336,0.996077088252271,0.990174309159931,0.99843936468876,"Température","°C","presence","IC","moyen","sans_2202_2024"
23.5122147651007,0.996079829566393,0.990186034505179,0.998439672706103,"Température","°C","presence","IC","moyen","sans_2202_2024"
23.6636912751678,0.996083801683782,0.990199501269499,0.998440683075632,"Température","°C","presence","IC","moyen","sans_2202_2024"
23.8151677852349,0.996089001439202,0.990214790282881,0.998442380767713,"Température","°C","presence","IC","moyen","sans_2202_2024"
23.966644295302,0.996095424514856,0.990231987654327,0.998444748801279,"Température","°C","presence","IC","moyen","sans_2202_2024"
24.1181208053691,0.996103065446207,0.990251182621758,0.998447768627992,"Température","°C","presence","IC","moyen","sans_2202_2024"
24.2695973154363,0.99611191762958,0.990272465200014,0.998451420551057,"Température","°C","presence","IC","moyen","sans_2202_2024"
24.4210738255034,0.996121972959525,0.990295921316106,0.998455684250294,"Température","°C","presence","IC","moyen","sans_2202_2024"
24.5725503355705,0.99613321618256,0.990321593281439,0.998460540645145,"Température","°C","presence","IC","moyen","sans_2202_2024"
24.7240268456376,0.996145626132618,0.990349480239256,0.998465972821621,"Température","°C","presence","IC","moyen","sans_2202_2024"
24.8755033557047,0.996159180581571,0.990379566356247,0.99847196538617,"Température","°C","presence","IC","moyen","sans_2202_2024"
25.0269798657718,0.996173856431797,0.990411822236963,0.998478504394318,"Température","°C","presence","IC","moyen","sans_2202_2024"
25.1784563758389,0.996189629766321,0.990446205520662,0.9984855772928,"Température","°C","presence","IC","moyen","sans_2202_2024"
25.329932885906,0.996206475899354,0.990482661519794,0.998493172851904,"Température","°C","presence","IC","moyen","sans_2202_2024"
25.4814093959732,0.996224369427106,0.990521123895381,0.998501281089069,"Température","°C","presence","IC","moyen","sans_2202_2024"
25.6328859060403,0.996243284278755,0.990561515364584,0.998509893184693,"Température","°C","presence","IC","moyen","sans_2202_2024"
25.7843624161074,0.996263193767445,0.990603748435799,0.998519001390979,"Température","°C","presence","IC","moyen","sans_2202_2024"
25.9358389261745,0.996284070641203,0.990647726166687,0.998528598934541,"Température","°C","presence","IC","moyen","sans_2202_2024"
26.0873154362416,0.996305887133672,0.990693342940622,0.998538679913433,"Température","°C","presence","IC","moyen","sans_2202_2024"
26.2387919463087,0.996328615014524,0.990740485257117,0.998549239189207,"Température","°C","presence","IC","moyen","sans_2202_2024"
26.3902684563758,0.996352225639483,0.9907890325319,0.998560272274555,"Température","°C","presence","IC","moyen","sans_2202_2024"
26.541744966443,0.996376689999834,0.990838857902411,0.9985717752171,"Température","°C","presence","IC","moyen","sans_2202_2024"
26.6932214765101,0.996401978771329,0.99088982903458,0.998583744479881,"Température","°C","presence","IC","moyen","sans_2202_2024"
26.8446979865772,0.99642806236241,0.990941808926897,0.998596176819111,"Température","°C","presence","IC","moyen","sans_2202_2024"
26.9961744966443,0.996454910961642,0.990994656707876,0.998609069159833,"Température","°C","presence","IC","moyen","sans_2202_2024"
27.1476510067114,0.996482494584294,0.991048228423145,0.998622418470118,"Température","°C","presence","IC","moyen","sans_2202_2024"
27.2991275167785,0.99651078311798,0.991102377808528,0.99863622163456,"Température","°C","presence","IC","moyen","sans_2202_2024"
27.4506040268456,0.996539746367295,0.991156957045604,0.998650475327852,"Température","°C","presence","IC","moyen","sans_2202_2024"
27.6020805369128,0.996569354097377,0.991211817496386,0.998665175889351,"Température","°C","presence","IC","moyen","sans_2202_2024"
27.7535570469799,0.996599576076324,0.991266810413867,0.998680319199572,"Température","°C","presence","IC","moyen","sans_2202_2024"
27.905033557047,0.996630382116433,0.991321787625379,0.99869590055969,"Température","°C","presence","IC","moyen","sans_2202_2024"
28.0565100671141,0.996661742114184,0.991376602185812,0.998711914575159,"Température","°C","presence","IC","moyen","sans_2202_2024"
28.2079865771812,0.996693626088934,0.991431108997974,0.998728355044653,"Température","°C","presence","IC","moyen","sans_2202_2024"
28.3594630872483,0.996726004220282,0.991485165397501,0.998745214855575,"Température","°C","presence","IC","moyen","sans_2202_2024"
28.5109395973154,0.996758846884064,0.991538631699957,0.998762485887423,"Température","°C","presence","IC","moyen","sans_2202_2024"
28.6624161073826,0.996792124686939,0.991591371707983,0.998780158924307,"Température","°C","presence","IC","moyen","sans_2202_2024"
28.8138926174497,0.996825808499557,0.991643253176584,0.998798223577899,"Température","°C","presence","IC","moyen","sans_2202_2024"
28.9653691275168,0.996859869488262,0.991694148234908,0.998816668222059,"Température","°C","presence","IC","moyen","sans_2202_2024"
29.1168456375839,0.996894279145336,0.991743933763177,0.998835479940304,"Température","°C","presence","IC","moyen","sans_2202_2024"
29.268322147651,0.996929009317747,0.991792491723705,0.998854644487163,"Température","°C","presence","IC","moyen","sans_2202_2024"
29.4197986577181,0.996964032234411,0.991839709445307,0.998874146264338,"Température","°C","presence","IC","moyen","sans_2202_2024"
29.5712751677852,0.996999320531949,0.991885479860742,0.998893968312408,"Température","°C","presence","IC","moyen","sans_2202_2024"
29.7227516778524,0.997034847278941,0.9919297016972,0.998914092318599,"Température","°C","presence","IC","moyen","sans_2202_2024"
29.8742281879195,0.997070585998681,0.99197227962023,0.998934498640924,"Température","°C","presence","IC","moyen","sans_2202_2024"
30.0257046979866,0.997106510690438,0.992013124331917,0.998955166348742,"Température","°C","presence","IC","moyen","sans_2202_2024"
30.1771812080537,0.997142595849229,0.992052152624473,0.998976073279513,"Température","°C","presence","IC","moyen","sans_2202_2024"
30.3286577181208,0.997178816484119,0.992089287390818,0.998997196111257,"Température","°C","presence","IC","moyen","sans_2202_2024"
30.4801342281879,0.997215148135061,0.992124457594094,0.999018510449965,"Température","°C","presence","IC","moyen","sans_2202_2024"
30.631610738255,0.997251566888303,0.992157598198393,0.999039990930907,"Température","°C","presence","IC","moyen","sans_2202_2024"
30.7830872483222,0.997288049390366,0.992188650063309,0.999061611332596,"Température","°C","presence","IC","moyen","sans_2202_2024"
30.9345637583893,0.997324572860639,0.992217559805183,0.999083344701886,"Température","°C","presence","IC","moyen","sans_2202_2024"
31.0860402684564,0.997361115102596,0.992244279628177,0.999105163488533,"Température","°C","presence","IC","moyen","sans_2202_2024"
31.2375167785235,0.997397654513675,0.992268767128459,0.999127039687375,"Température","°C","presence","IC","moyen","sans_2202_2024"
31.3889932885906,0.997434170093854,0.992290985074942,0.999148944986179,"Température","°C","presence","IC","moyen","sans_2202_2024"
31.5404697986577,0.997470641452942,0.992310901170084,0.99917085091714,"Température","°C","presence","IC","moyen","sans_2202_2024"
31.6919463087248,0.997507048816629,0.992328487794283,0.999192729009996,"Température","°C","presence","IC","moyen","sans_2202_2024"
31.843422818792,0.997543373031335,0.992343721737348,0.999214550944729,"Température","°C","presence","IC","moyen","sans_2202_2024"
31.9948993288591,0.997579595567877,0.992356583920476,0.999236288701908,"Température","°C","presence","IC","moyen","sans_2202_2024"
32.1463758389262,0.997615698524017,0.992367059112003,0.999257914708832,"Température","°C","presence","IC","moyen","sans_2202_2024"
32.2978523489933,0.997651664625911,0.992375135640027,0.999279401979742,"Température","°C","presence","IC","moyen","sans_2202_2024"
32.4493288590604,0.997687477228505,0.992380805104816,0.999300724248581,"Température","°C","presence","IC","moyen","sans_2202_2024"
32.6008053691275,0.997723120314922,0.992384062093633,0.999321856092939,"Température","°C","presence","IC","moyen","sans_2202_2024"
32.7522818791946,0.997758578494881,0.992384903900395,0.999342773048036,"Température","°C","presence","IC","moyen","sans_2202_2024"
32.9037583892618,0.997793837002184,0.992383330252274,0.999363451709815,"Température","°C","presence","IC","moyen","sans_2202_2024"
33.0552348993289,0.997828881691325,0.992379343045092,0.999383869826448,"Température","°C","presence","IC","moyen","sans_2202_2024"
33.206711409396,0.997863699033251,0.99237294608906,0.999404006377738,"Température","°C","presence","IC","moyen","sans_2202_2024"
33.3581879194631,0.997898276110324,0.992364144866155,0.999423841642171,"Température","°C","presence","IC","moyen","sans_2202_2024"
33.5096644295302,0.997932600610529,0.992352946300141,0.999443357251511,"Température","°C","presence","IC","moyen","sans_2202_2024"
33.6611409395973,0.997966660820966,0.992339358540005,0.999462536233054,"Température","°C","presence","IC","moyen","sans_2202_2024"
33.8126174496644,0.998000445620669,0.992323390757341,0.999481363039819,"Température","°C","presence","IC","moyen","sans_2202_2024"
33.9640939597316,0.998033944472795,0.992305052957994,0.999499823569079,"Température","°C","presence","IC","moyen","sans_2202_2024"
34.1155704697987,0.998067147416228,0.992284355808085,0.999517905169789,"Température","°C","presence","IC","moyen","sans_2202_2024"
34.2670469798658,0.998100045056626,0.992261310474389,0.999535596639553,"Température","°C","presence","IC","moyen","sans_2202_2024"
34.4185234899329,0.998132628556971,0.99223592847884,0.999552888211859,"Température","°C","presence","IC","moyen","sans_2202_2024"
34.57,0.998164889627643,0.992208221566886,0.999569771534385,"Température","°C","presence","IC","moyen","sans_2202_2024"
25.3333333333333,0.996042089592649,0.983379639134889,0.999066634476443,"Humidité relative","%","presence","IC","moyen","sans_2202_2024"
25.831096196868,0.996040368735699,0.983716269033738,0.999046200442851,"Humidité relative","%","presence","IC","moyen","sans_2202_2024"
26.3288590604027,0.996038673672087,0.984039776093483,0.999025730323435,"Humidité relative","%","presence","IC","moyen","sans_2202_2024"
26.8266219239374,0.996037005390927,0.984350504356427,0.999005251691807,"Humidité relative","%","presence","IC","moyen","sans_2202_2024"
27.324384787472,0.996035364882404,0.984648789904473,0.998984793141324,"Humidité relative","%","presence","IC","moyen","sans_2202_2024"
27.8221476510067,0.996033753137712,0.984934961056002,0.998964384192646,"Humidité relative","%","presence","IC","moyen","sans_2202_2024"
28.3199105145414,0.996032171148984,0.985209338592318,0.998944055187266,"Humidité relative","%","presence","IC","moyen","sans_2202_2024"
28.8176733780761,0.996030619909217,0.985472236012024,0.998923837166904,"Humidité relative","%","presence","IC","moyen","sans_2202_2024"
29.3154362416107,0.996029100412203,0.985723959811548,0.998903761738814,"Humidité relative","%","presence","IC","moyen","sans_2202_2024"
29.8131991051454,0.996027613652448,0.98596480978981,0.998883860927305,"Humidité relative","%","presence","IC","moyen","sans_2202_2024"
30.3109619686801,0.996026160625097,0.986195079374861,0.998864167012015,"Humidité relative","%","presence","IC","moyen","sans_2202_2024"
30.8087248322148,0.99602474232585,0.986415055970026,0.998844712353765,"Humidité relative","%","presence","IC","moyen","sans_2202_2024"
31.3064876957494,0.996023359750878,0.986625021316897,0.998825529209102,"Humidité relative","%","presence","IC","moyen","sans_2202_2024"
31.8042505592841,0.996022013896738,0.986825251872207,0.998806649534932,"Humidité relative","%","presence","IC","moyen","sans_2202_2024"
32.3020134228188,0.996020705760285,0.987016019195368,0.998788104784976,"Humidité relative","%","presence","IC","moyen","sans_2202_2024"
32.7997762863535,0.996019436338577,0.987197590343218,0.998769925700046,"Humidité relative","%","presence","IC","moyen","sans_2202_2024"
33.2975391498881,0.996018206628788,0.987370228268226,0.998752142094458,"Humidité relative","%","presence","IC","moyen","sans_2202_2024"
33.7953020134228,0.996017017628105,0.987534192216237,0.998734782641118,"Humidité relative","%","presence","IC","moyen","sans_2202_2024"
34.2930648769575,0.996015870333633,0.98768973811962,0.998717874658081,"Humidité relative","%","presence","IC","moyen","sans_2202_2024"
34.7908277404922,0.996014765742295,0.987837118981572,0.998701443899519,"Humidité relative","%","presence","IC","moyen","sans_2202_2024"
35.2885906040268,0.996013704850726,0.987976585247235,0.99868551435417,"Humidité relative","%","presence","IC","moyen","sans_2202_2024"
35.7863534675615,0.996012688655171,0.988108385157302,0.998670108054377,"Humidité relative","%","presence","IC","moyen","sans_2202_2024"
36.2841163310962,0.996011718151374,0.988232765079834,0.998655244898808,"Humidité relative","%","presence","IC","moyen","sans_2202_2024"
36.7818791946309,0.996010794334466,0.988349969816195,0.998640942491818,"Humidité relative","%","presence","IC","moyen","sans_2202_2024"
37.2796420581655,0.996009918198857,0.988460242877201,0.998627216002255,"Humidité relative","%","presence","IC","moyen","sans_2202_2024"
37.7774049217002,0.996009090738117,0.988563826725961,0.998614078044196,"Humidité relative","%","presence","IC","moyen","sans_2202_2024"
38.2751677852349,0.996008312944862,0.98866096298422,0.998601538581801,"Humidité relative","%","presence","IC","moyen","sans_2202_2024"
38.7729306487696,0.996007585810627,0.98875189259955,0.998589604860003,"Humidité relative","%","presence","IC","moyen","sans_2202_2024"
39.2706935123042,0.996006910325753,0.988836855971189,0.998578281362323,"Humidité relative","%","presence","IC","moyen","sans_2202_2024"
39.7684563758389,0.996006287479256,0.98891609303297,0.998567569796555,"Humidité relative","%","presence","IC","moyen","sans_2202_2024"
40.2662192393736,0.996005718258701,0.988989843292331,0.998557469108543,"Humidité relative","%","presence","IC","moyen","sans_2202_2024"
40.7639821029083,0.996005203650075,0.989058345825026,0.998547975523708,"Humidité relative","%","presence","IC","moyen","sans_2202_2024"
41.261744966443,0.996004744637654,0.989121839225749,0.998539082615479,"Humidité relative","%","presence","IC","moyen","sans_2202_2024"
41.7595078299776,0.996004342203868,0.98918056151545,0.998530781399234,"Humidité relative","%","presence","IC","moyen","sans_2202_2024"
42.2572706935123,0.996003997329168,0.989234750006672,0.998523060449955,"Humidité relative","%","presence","IC","moyen","sans_2202_2024"
42.755033557047,0.996003710991886,0.989284641128655,0.998515906041349,"Humidité relative","%","presence","IC","moyen","sans_2202_2024"
43.2527964205817,0.996003484168095,0.989330470214404,0.998509302303922,"Humidité relative","%","presence","IC","moyen","sans_2202_2024"
43.7505592841163,0.996003317831464,0.989372471252208,0.998503231399203,"Humidité relative","%","presence","IC","moyen","sans_2202_2024"
44.248322147651,0.996003212953116,0.989410876604311,0.998497673707206,"Humidité relative","%","presence","IC","moyen","sans_2202_2024"
44.7460850111857,0.996003170501483,0.989445916695644,0.998492608024109,"Humidité relative","%","presence","IC","moyen","sans_2202_2024"
45.2438478747204,0.99600319144215,0.989477819675532,0.998488011767183,"Humidité relative","%","presence","IC","moyen","sans_2202_2024"
45.741610738255,0.996003276737711,0.98950681105533,0.998483861184066,"Humidité relative","%","presence","IC","moyen","sans_2202_2024"
46.2393736017897,0.99600342734761,0.989533113324832,0.998480131563649,"Humidité relative","%","presence","IC","moyen","sans_2202_2024"
46.7371364653244,0.99600364422799,0.989556945550212,0.998476797446077,"Humidité relative","%","presence","IC","moyen","sans_2202_2024"
47.2348993288591,0.996003928331534,0.989578522956022,0.998473832829594,"Humidité relative","%","presence","IC","moyen","sans_2202_2024"
47.7326621923937,0.996004280607305,0.989598056493613,0.998471211372302,"Humidité relative","%","presence","IC","moyen","sans_2202_2024"
48.2304250559284,0.996004702000584,0.989615752398087,0.998468906587197,"Humidité relative","%","presence","IC","moyen","sans_2202_2024"
48.7281879194631,0.996005193452709,0.98963181173563,0.998466892029183,"Humidité relative","%","presence","IC","moyen","sans_2202_2024"
49.2259507829978,0.99600575590091,0.989646429942878,0.9984651414731,"Humidité relative","%","presence","IC","moyen","sans_2202_2024"
49.7237136465324,0.996006390278138,0.989659796359667,0.998463629082123,"Humidité relative","%","presence","IC","moyen","sans_2202_2024"
50.2214765100671,0.996007097512899,0.989672093756338,0.998462329566177,"Humidité relative","%","presence","IC","moyen","sans_2202_2024"
50.7192393736018,0.996007878529086,0.989683497856544,0.998461218330322,"Humidité relative","%","presence","IC","moyen","sans_2202_2024"
51.2170022371365,0.996008734245798,0.989694176856315,0.998460271613288,"Humidité relative","%","presence","IC","moyen","sans_2202_2024"
51.7147651006711,0.996009665577175,0.989704290939982,0.99845946661658,"Humidité relative","%","presence","IC","moyen","sans_2202_2024"
52.2125279642058,0.996010673432217,0.989713991793438,0.998458781624756,"Humidité relative","%","presence","IC","moyen","sans_2202_2024"
52.7102908277405,0.996011758714608,0.989723422115058,0.998458196117652,"Humidité relative","%","presence","IC","moyen","sans_2202_2024"
53.2080536912752,0.996012922322535,0.989732715124577,0.998457690875429,"Humidité relative","%","presence","IC","moyen","sans_2202_2024"
53.7058165548098,0.996014165148508,0.989741994070091,0.998457248077442,"Humidité relative","%","presence","IC","moyen","sans_2202_2024"
54.2035794183445,0.99601548807918,0.989751371733344,0.998456851395978,"Humidité relative","%","presence","IC","moyen","sans_2202_2024"
54.7013422818792,0.996016891995159,0.989760949933408,0.998456486085948,"Humidité relative","%","presence","IC","moyen","sans_2202_2024"
55.1991051454139,0.996018377770825,0.989770819028851,0.998456139071632,"Humidité relative","%","presence","IC","moyen","sans_2202_2024"
55.6968680089485,0.996019946274143,0.989781057418473,0.998455799031564,"Humidité relative","%","presence","IC","moyen","sans_2202_2024"
56.1946308724832,0.996021598366474,0.989791731040716,0.998455456482581,"Humidité relative","%","presence","IC","moyen","sans_2202_2024"
56.6923937360179,0.996023334902388,0.98980289287182,0.998455103864032,"Humidité relative","%","presence","IC","moyen","sans_2202_2024"
57.1901565995526,0.996025156729469,0.989814582422862,0.99845473562301,"Humidité relative","%","presence","IC","moyen","sans_2202_2024"
57.6879194630873,0.996027065515513,0.989826823406872,0.998454349227043,"Humidité relative","%","presence","IC","moyen","sans_2202_2024"
58.1856823266219,0.996029071097651,0.989839607864742,0.998453953353874,"Humidité relative","%","presence","IC","moyen","sans_2202_2024"
58.6834451901566,0.996031187950138,0.989852906956107,0.998453563534307,"Humidité relative","%","presence","IC","moyen","sans_2202_2024"
59.1812080536913,0.996033430561995,0.989866683776396,0.998453196607883,"Humidité relative","%","presence","IC","moyen","sans_2202_2024"
59.678970917226,0.996035813378167,0.989880895529203,0.998452870356113,"Humidité relative","%","presence","IC","moyen","sans_2202_2024"
60.1767337807606,0.996038350794667,0.989895495446654,0.998452603212375,"Humidité relative","%","presence","IC","moyen","sans_2202_2024"
60.6744966442953,0.996041057153198,0.98991043458119,0.998452413986707,"Humidité relative","%","presence","IC","moyen","sans_2202_2024"
61.17225950783,0.996043946735254,0.989925663468427,0.998452321605442,"Humidité relative","%","presence","IC","moyen","sans_2202_2024"
61.6700223713647,0.996047033755719,0.989941133660446,0.998452344865867,"Humidité relative","%","presence","IC","moyen","sans_2202_2024"
62.1677852348993,0.996050332355954,0.989956799128652,0.998452502206364,"Humidité relative","%","presence","IC","moyen","sans_2202_2024"
62.665548098434,0.996053856596391,0.989972617535153,0.99845281149273,"Humidité relative","%","presence","IC","moyen","sans_2202_2024"
63.1633109619687,0.996057620448633,0.989988551371465,0.99845328982156,"Humidité relative","%","presence","IC","moyen","sans_2202_2024"
63.6610738255034,0.996061637787066,0.990004568963231,0.998453953341702,"Humidité relative","%","presence","IC","moyen","sans_2202_2024"
64.158836689038,0.996065922380008,0.990020645339642,0.99845481709493,"Humidité relative","%","presence","IC","moyen","sans_2202_2024"
64.6565995525727,0.996070487880374,0.990036762966208,0.998455894876977,"Humidité relative","%","presence","IC","moyen","sans_2202_2024"
65.1543624161074,0.996075347815901,0.990052912339642,0.998457199120076,"Humidité relative","%","presence","IC","moyen","sans_2202_2024"
65.6521252796421,0.996080515578922,0.9900690924437,0.998458740798072,"Humidité relative","%","presence","IC","moyen","sans_2202_2024"
66.1498881431767,0.996086004415702,0.990085311065054,0.998460529355061,"Humidité relative","%","presence","IC","moyen","sans_2202_2024"
66.6476510067114,0.996091827415368,0.990101584968454,0.998462572658327,"Humidité relative","%","presence","IC","moyen","sans_2202_2024"
67.1454138702461,0.996097997498421,0.990117939930798,0.998464876976143,"Humidité relative","%","presence","IC","moyen","sans_2202_2024"
67.6431767337808,0.996104527404865,0.990134410634005,0.998467446980781,"Humidité relative","%","presence","IC","moyen","sans_2202_2024"
68.1409395973154,0.996111429681963,0.990151040417024,0.998470285776807,"Humidité relative","%","presence","IC","moyen","sans_2202_2024"
68.6387024608501,0.996118716671633,0.990167880887723,0.998473394954464,"Humidité relative","%","presence","IC","moyen","sans_2202_2024"
69.1364653243848,0.996126400497511,0.990184991395847,0.998476774667723,"Humidité relative","%","presence","IC","moyen","sans_2202_2024"
69.6342281879195,0.996134493051697,0.990202438368779,0.998480423736283,"Humidité relative","%","presence","IC","moyen","sans_2202_2024"
70.1319910514541,0.9961430059812,0.990220294512286,0.998484339770605,"Humidité relative","%","presence","IC","moyen","sans_2202_2024"
70.6297539149888,0.996151950674118,0.990238637879044,0.998488519318855,"Humidité relative","%","presence","IC","moyen","sans_2202_2024"
71.1275167785235,0.996161338245558,0.990257550808216,0.998492958034481,"Humidité relative","%","presence","IC","moyen","sans_2202_2024"
71.6252796420582,0.996171179523341,0.99027711873999,0.998497650862979,"Humidité relative","%","presence","IC","moyen","sans_2202_2024"
72.1230425055928,0.996181485033497,0.990297428909501,0.998502592246388,"Humidité relative","%","presence","IC","moyen","sans_2202_2024"
72.6208053691275,0.996192264985598,0.9903185689252,0.99850777634394,"Humidité relative","%","presence","IC","moyen","sans_2202_2024"
73.1185682326622,0.996203529257937,0.99034062523728,0.998513197267318,"Humidité relative","%","presence","IC","moyen","sans_2202_2024"
73.6163310961969,0.996215287382605,0.990363681502408,0.998518849328985,"Humidité relative","%","presence","IC","moyen","sans_2202_2024"
74.1140939597315,0.996227548530473,0.990387816851612,0.998524727302086,"Humidité relative","%","presence","IC","moyen","sans_2202_2024"
74.6118568232662,0.996240321496128,0.990413104068774,0.998530826690456,"Humidité relative","%","presence","IC","moyen","sans_2202_2024"
75.1096196868009,0.996253614637781,0.990439607513599,0.998537143998986,"Humidité relative","%","presence","IC","moyen","sans_2202_2024"
75.6073825503356,0.99626742845851,0.990467352302051,0.998543675671585,"Humidité relative","%","presence","IC","moyen","sans_2202_2024"
76.1051454138702,0.996281747506594,0.990496290260375,0.99855041697406,"Humidité relative","%","presence","IC","moyen","sans_2202_2024"
76.6029082774049,0.996296554292767,0.99052635326618,0.998557364631586,"Humidité relative","%","presence","IC","moyen","sans_2202_2024"
77.1006711409396,0.996311831314926,0.990557462107881,0.998564517030761,"Humidité relative","%","presence","IC","moyen","sans_2202_2024"
77.5984340044743,0.996327561076974,0.9905895276337,0.998571874042117,"Humidité relative","%","presence","IC","moyen","sans_2202_2024"
78.0961968680089,0.996343726107055,0.990622451877761,0.998579436845741,"Humidité relative","%","presence","IC","moyen","sans_2202_2024"
78.5939597315436,0.996360308975167,0.990656129160099,0.998587207760133,"Humidité relative","%","presence","IC","moyen","sans_2202_2024"
79.0917225950783,0.996377292310139,0.990690447157642,0.998595190074314,"Humidité relative","%","presence","IC","moyen","sans_2202_2024"
79.589485458613,0.996394658815982,0.99072528794349,0.998603387883226,"Humidité relative","%","presence","IC","moyen","sans_2202_2024"
80.0872483221477,0.996412391287577,0.990760528992085,0.998611805926468,"Humidité relative","%","presence","IC","moyen","sans_2202_2024"
80.5850111856823,0.996430472625723,0.990796044148093,0.998620449430445,"Humidité relative","%","presence","IC","moyen","sans_2202_2024"
81.082774049217,0.996448885851522,0.990831704557045,0.998629323954079,"Humidité relative","%","presence","IC","moyen","sans_2202_2024"
81.5805369127517,0.996467614120109,0.990867379556002,0.998638435238288,"Humidité relative","%","presence","IC","moyen","sans_2202_2024"
82.0782997762864,0.99648664073372,0.990902937522724,0.998647789059544,"Humidité relative","%","presence","IC","moyen","sans_2202_2024"
82.576062639821,0.996505949154108,0.990938246681993,0.998657391087891,"Humidité relative","%","presence","IC","moyen","sans_2202_2024"
83.0738255033557,0.996525523014291,0.990973175867965,0.99866724674991,"Humidité relative","%","presence","IC","moyen","sans_2202_2024"
83.5715883668904,0.996545346129661,0.991007595241561,0.998677361097199,"Humidité relative","%","presence","IC","moyen","sans_2202_2024"
84.0693512304251,0.996565402508428,0.991041376962131,0.998687738681028,"Humidité relative","%","presence","IC","moyen","sans_2202_2024"
84.5671140939597,0.996585676361432,0.991074395812759,0.998698383433881,"Humidité relative","%","presence","IC","moyen","sans_2202_2024"
85.0648769574944,0.996606152111315,0.991106529778784,0.998709298558676,"Humidité relative","%","presence","IC","moyen","sans_2202_2024"
85.5626398210291,0.996626814401059,0.991137660579257,0.998720486426471,"Humidité relative","%","presence","IC","moyen","sans_2202_2024"
86.0604026845638,0.996647648101906,0.991167674151267,0.998731948483495,"Humidité relative","%","presence","IC","moyen","sans_2202_2024"
86.5581655480984,0.996668638320669,0.991196461087223,0.998743685168324,"Humidité relative","%","presence","IC","moyen","sans_2202_2024"
87.0559284116331,0.996689770406437,0.991223917025398,0.998755695839981,"Humidité relative","%","presence","IC","moyen","sans_2202_2024"
87.5536912751678,0.996711029956686,0.991249942994221,0.998767978717709,"Humidité relative","%","presence","IC","moyen","sans_2202_2024"
88.0514541387025,0.996732402822824,0.991274445711037,0.998780530833035,"Humidité relative","%","presence","IC","moyen","sans_2202_2024"
88.5492170022371,0.996753875115154,0.991297337836231,0.998793347994669,"Humidité relative","%","presence","IC","moyen","sans_2202_2024"
89.0469798657718,0.996775433207293,0.991318538183865,0.998806424766607,"Humidité relative","%","presence","IC","moyen","sans_2202_2024"
89.5447427293065,0.996797063740044,0.991337971890193,0.998819754459692,"Humidité relative","%","presence","IC","moyen","sans_2202_2024"
90.0425055928412,0.996818753624748,0.991355570541616,0.998833329136688,"Humidité relative","%","presence","IC","moyen","sans_2202_2024"
90.5402684563758,0.996840490046115,0.991371272263884,0.998847139630722,"Humidité relative","%","presence","IC","moyen","sans_2202_2024"
91.0380313199105,0.996862260464564,0.991385021774539,0.998861175576809,"Humidité relative","%","presence","IC","moyen","sans_2202_2024"
91.5357941834452,0.996884052618078,0.991396770400795,0.998875425455927,"Humidité relative","%","presence","IC","moyen","sans_2202_2024"
92.0335570469799,0.996905854523584,0.991406476065218,0.998889876650952,"Humidité relative","%","presence","IC","moyen","sans_2202_2024"
92.5313199105145,0.996927654477891,0.991414103241722,0.998904515513594,"Humidité relative","%","presence","IC","moyen","sans_2202_2024"
93.0290827740492,0.996949441058184,0.991419622884518,0.998919327441286,"Humidité relative","%","presence","IC","moyen","sans_2202_2024"
93.5268456375839,0.996971203122093,0.991423012332747,0.998934296962863,"Humidité relative","%","presence","IC","moyen","sans_2202_2024"
94.0246085011186,0.996992929807364,0.991424255193573,0.998949407831758,"Humidité relative","%","presence","IC","moyen","sans_2202_2024"
94.5223713646532,0.99701461053113,0.991423341206564,0.99896464312532,"Humidité relative","%","presence","IC","moyen","sans_2202_2024"
95.0201342281879,0.997036234988815,0.991420266092129,0.99897998534885,"Humidité relative","%","presence","IC","moyen","sans_2202_2024"
95.5178970917226,0.997057793152669,0.991415031386762,0.99899541654289,"Humidité relative","%","presence","IC","moyen","sans_2202_2024"
96.0156599552573,0.997079275269969,0.991407644267748,0.999010918392321,"Humidité relative","%","presence","IC","moyen","sans_2202_2024"
96.5134228187919,0.997100671860881,0.991398117369862,0.999026472335838,"Humidité relative","%","presence","IC","moyen","sans_2202_2024"
97.0111856823266,0.997121973716015,0.99138646859645,0.999042059674476,"Humidité relative","%","presence","IC","moyen","sans_2202_2024"
97.5089485458613,0.997143171893676,0.991372720927085,0.999057661677878,"Humidité relative","%","presence","IC","moyen","sans_2202_2024"
98.006711409396,0.997164257716832,0.991356902223841,0.999073259687155,"Humidité relative","%","presence","IC","moyen","sans_2202_2024"
98.5044742729307,0.997185222769818,0.991339045037952,0.999088835213292,"Humidité relative","%","presence","IC","moyen","sans_2202_2024"
99.0022371364653,0.997206058894772,0.991319186418461,0.999104370030166,"Humidité relative","%","presence","IC","moyen","sans_2202_2024"
99.5,0.99722675818784,0.991297367724173,0.999119846261411,"Humidité relative","%","presence","IC","moyen","sans_2202_2024"
1003.48166666667,0.998815203176414,0.993000802737697,0.999800413045326,"Pression atmosphérique","hPa","presence","IC","moyen","sans_2202_2024"
1003.68482102908,0.998797612219653,0.99308616765023,0.999791880961347,"Pression atmosphérique","hPa","presence","IC","moyen","sans_2202_2024"
1003.8879753915,0.998779808913015,0.993167618893439,0.999783093560674,"Pression atmosphérique","hPa","presence","IC","moyen","sans_2202_2024"
1004.09112975391,0.998761792007397,0.993245237144556,0.999774050382128,"Pression atmosphérique","hPa","presence","IC","moyen","sans_2202_2024"
1004.29428411633,0.998743560281355,0.99331909917691,0.999764751473591,"Pression atmosphérique","hPa","presence","IC","moyen","sans_2202_2024"
1004.49743847875,0.998725112542197,0.993389278002602,0.99975519741379,"Pression atmosphérique","hPa","presence","IC","moyen","sans_2202_2024"
1004.70059284116,0.998706447627075,0.993455843015237,0.999745389332158,"Pression atmosphérique","hPa","presence","IC","moyen","sans_2202_2024"
1004.90374720358,0.998687564404108,0.993518860133173,0.999735328926454,"Pression atmosphérique","hPa","presence","IC","moyen","sans_2202_2024"
1005.106901566,0.998668461773503,0.993578391943675,0.999725018477801,"Pression atmosphérique","hPa","presence","IC","moyen","sans_2202_2024"
1005.31005592841,0.998649138668698,0.993634497848401,0.999714460862803,"Pression atmosphérique","hPa","presence","IC","moyen","sans_2202_2024"
1005.51321029083,0.998629594057519,0.993687234210603,0.999703659562423,"Pression atmosphérique","hPa","presence","IC","moyen","sans_2202_2024"
1005.71636465324,0.99860982694335,0.993736654504414,0.999692618667271,"Pression atmosphérique","hPa","presence","IC","moyen","sans_2202_2024"
1005.91951901566,0.998589836366308,0.993782809466561,0.999681342879007,"Pression atmosphérique","hPa","presence","IC","moyen","sans_2202_2024"
1006.12267337808,0.99856962140444,0.993825747250812,0.999669837507542,"Pression atmosphérique","hPa","presence","IC","moyen","sans_2202_2024"
1006.32582774049,0.998549181174933,0.993865513585413,0.999658108463786,"Pression atmosphérique","hPa","presence","IC","moyen","sans_2202_2024"
1006.52898210291,0.998528514835323,0.993902151933731,0.999646162247678,"Pression atmosphérique","hPa","presence","IC","moyen","sans_2202_2024"
1006.73213646532,0.998507621584729,0.993935703658252,0.999634005931329,"Pression atmosphérique","hPa","presence","IC","moyen","sans_2202_2024"
1006.93529082774,0.998486500665094,0.993966208188021,0.999621647137096,"Pression atmosphérique","hPa","presence","IC","moyen","sans_2202_2024"
1007.13844519016,0.998465151362429,0.993993703189527,0.999609094010512,"Pression atmosphérique","hPa","presence","IC","moyen","sans_2202_2024"
1007.34159955257,0.998443573008081,0.994018224740982,0.999596355188031,"Pression atmosphérique","hPa","presence","IC","moyen","sans_2202_2024"
1007.54475391499,0.99842176498,0.994039807509808,0.99958343975961,"Pression atmosphérique","hPa","presence","IC","moyen","sans_2202_2024"
1007.7479082774,0.998399726704016,0.994058484933102,0.99957035722626,"Pression atmosphérique","hPa","presence","IC","moyen","sans_2202_2024"
1007.95106263982,0.998377457655128,0.994074289400709,0.999557117452716,"Pression atmosphérique","hPa","presence","IC","moyen","sans_2202_2024"
1008.15421700224,0.998354957358805,0.994087252440472,0.999543730615523,"Pression atmosphérique","hPa","presence","IC","moyen","sans_2202_2024"
1008.35737136465,0.998332225392281,0.994097404905079,0.999530207146867,"Pression atmosphérique","hPa","presence","IC","moyen","sans_2202_2024"
1008.56052572707,0.998309261385875,0.994104777159869,0.999516557674579,"Pression atmosphérique","hPa","presence","IC","moyen","sans_2202_2024"
1008.76368008949,0.998286065024298,0.994109399270842,0.999502792958831,"Pression atmosphérique","hPa","presence","IC","moyen","sans_2202_2024"
1008.9668344519,0.998262636047987,0.994111301192013,0.999488923826088,"Pression atmosphérique","hPa","presence","IC","moyen","sans_2202_2024"
1009.16998881432,0.998238974254424,0.994110512951183,0.999474961100975,"Pression atmosphérique","hPa","presence","IC","moyen","sans_2202_2024"
1009.37314317673,0.998215079499475,0.994107064833124,0.999460915536759,"Pression atmosphérique","hPa","presence","IC","moyen","sans_2202_2024"
1009.57629753915,0.998190951698723,0.994100987559094,0.999446797745197,"Pression atmosphérique","hPa","presence","IC","moyen","sans_2202_2024"
1009.77945190157,0.99816659082881,0.994092312461559,0.999432618126529,"Pression atmosphérique","hPa","presence","IC","moyen","sans_2202_2024"
1009.98260626398,0.99814199692878,0.994081071652969,0.999418386800437,"Pression atmosphérique","hPa","presence","IC","moyen","sans_2202_2024"
1010.1857606264,0.99811717010142,0.9940672981874,0.999404113538751,"Pression atmosphérique","hPa","presence","IC","moyen","sans_2202_2024"
1010.38891498881,0.998092110514611,0.994051026213887,0.999389807700729,"Pression atmosphérique","hPa","presence","IC","moyen","sans_2202_2024"
1010.59206935123,0.99806681840267,0.994032291120286,0.99937547817165,"Pression atmosphérique","hPa","presence","IC","moyen","sans_2202_2024"
1010.79522371365,0.998041294067696,0.994011129666522,0.999361133305464,"Pression atmosphérique","hPa","presence","IC","moyen","sans_2202_2024"
1010.99837807606,0.998015537880913,0.993987580106149,0.999346780872158,"Pression atmosphérique","hPa","presence","IC","moyen","sans_2202_2024"
1011.20153243848,0.997989550284014,0.9939616822952,0.999332428010437,"Pression atmosphérique","hPa","presence","IC","moyen","sans_2202_2024"
1011.40468680089,0.997963331790502,0.993933477787376,0.999318081186224,"Pression atmosphérique","hPa","presence","IC","moyen","sans_2202_2024"
1011.60784116331,0.997936882987018,0.993903009914723,0.99930374615742,"Pression atmosphérique","hPa","presence","IC","moyen","sans_2202_2024"
1011.81099552573,0.997910204534679,0.993870323853044,0.999289427945221,"Pression atmosphérique","hPa","presence","IC","moyen","sans_2202_2024"
1012.01414988814,0.997883297170398,0.993835466671358,0.99927513081225,"Pression atmosphérique","hPa","presence","IC","moyen","sans_2202_2024"
1012.21730425056,0.997856161708204,0.993798487364878,0.999260858247594,"Pression atmosphérique","hPa","presence","IC","moyen","sans_2202_2024"
1012.42045861298,0.997828799040553,0.993759436871038,0.999246612958797,"Pression atmosphérique","hPa","presence","IC","moyen","sans_2202_2024"
1012.62361297539,0.99780121013963,0.993718368068216,0.999232396870717,"Pression atmosphérique","hPa","presence","IC","moyen","sans_2202_2024"
1012.82676733781,0.997773396058644,0.993675335756901,0.999218211131103,"Pression atmosphérique","hPa","presence","IC","moyen","sans_2202_2024"
1013.02992170022,0.997745357933105,0.993630396623128,0.999204056122656,"Pression atmosphérique","hPa","presence","IC","moyen","sans_2202_2024"
1013.23307606264,0.9977170969821,0.993583609184101,0.999189931481259,"Pression atmosphérique","hPa","presence","IC","moyen","sans_2202_2024"
1013.43623042506,0.99768861450955,0.993535033715983,0.999175836120034,"Pression atmosphérique","hPa","presence","IC","moyen","sans_2202_2024"
1013.63938478747,0.997659911905455,0.993484732163889,0.999161768258818,"Pression atmosphérique","hPa","presence","IC","moyen","sans_2202_2024"
1013.84253914989,0.997630990647123,0.993432768034186,0.999147725458626,"Pression atmosphérique","hPa","presence","IC","moyen","sans_2202_2024"
1014.0456935123,0.997601852300387,0.993379206269218,0.999133704660663,"Pression atmosphérique","hPa","presence","IC","moyen","sans_2202_2024"
1014.24884787472,0.9975724985208,0.993324113104623,0.999119702229432,"Pression atmosphérique","hPa","presence","IC","moyen","sans_2202_2024"
1014.45200223714,0.997542931054817,0.993267555909406,0.999105713999497,"Pression atmosphérique","hPa","presence","IC","moyen","sans_2202_2024"
1014.65515659955,0.997513151740955,0.993209603008973,0.999091735325479,"Pression atmosphérique","hPa","presence","IC","moyen","sans_2202_2024"
1014.85831096197,0.997483162510933,0.993150323491287,0.999077761134885,"Pression atmosphérique","hPa","presence","IC","moyen","sans_2202_2024"
1015.06146532438,0.99745296539079,0.993089786996345,0.999063785983422,"Pression atmosphérique","hPa","presence","IC","moyen","sans_2202_2024"
1015.2646196868,0.997422562501985,0.993028063489146,0.999049804112466,"Pression atmosphérique","hPa","presence","IC","moyen","sans_2202_2024"
1015.46777404922,0.997391956062466,0.992965223016296,0.999035809508419,"Pression atmosphérique","hPa","presence","IC","moyen","sans_2202_2024"
1015.67092841163,0.997361148387721,0.992901335446406,0.999021795963737,"Pression atmosphérique","hPa","presence","IC","moyen","sans_2202_2024"
1015.87408277405,0.997330141891796,0.992836470194383,0.999007757139456,"Pression atmosphérique","hPa","presence","IC","moyen","sans_2202_2024"
1016.07723713647,0.997298939088291,0.992770695929741,0.998993686629107,"Pression atmosphérique","hPa","presence","IC","moyen","sans_2202_2024"
1016.28039149888,0.997267542591328,0.992704080268996,0.998979578023943,"Pression atmosphérique","hPa","presence","IC","moyen","sans_2202_2024"
1016.4835458613,0.997235955116481,0.992636689452212,0.99896542497949,"Pression atmosphérique","hPa","presence","IC","moyen","sans_2202_2024"
1016.68670022371,0.997204179481685,0.992568588003751,0.998951221283429,"Pression atmosphérique","hPa","presence","IC","moyen","sans_2202_2024"
1016.88985458613,0.997172218608108,0.992499838377264,0.998936960924918,"Pression atmosphérique","hPa","presence","IC","moyen","sans_2202_2024"
1017.09300894855,0.997140075520987,0.992430500584921,0.998922638165462,"Pression atmosphérique","hPa","presence","IC","moyen","sans_2202_2024"
1017.29616331096,0.997107753350433,0.992360631810919,0.998908247611489,"Pression atmosphérique","hPa","presence","IC","moyen","sans_2202_2024"
1017.49931767338,0.997075255332199,0.992290286009248,0.99889378428883,"Pression atmosphérique","hPa","presence","IC","moyen","sans_2202_2024"
1017.70247203579,0.997042584808407,0.992219513485721,0.998879243719304,"Pression atmosphérique","hPa","presence","IC","moyen","sans_2202_2024"
1017.90562639821,0.997009745228245,0.992148360464273,0.998864621999659,"Pression atmosphérique","hPa","presence","IC","moyen","sans_2202_2024"
1018.10878076063,0.996976740148611,0.992076868637516,0.998849915883083,"Pression atmosphérique","hPa","presence","IC","moyen","sans_2202_2024"
1018.31193512304,0.996943573234728,0.992005074701554,0.99883512286355,"Pression atmosphérique","hPa","presence","IC","moyen","sans_2202_2024"
1018.51508948546,0.99691024826071,0.991933009875086,0.998820241263229,"Pression atmosphérique","hPa","presence","IC","moyen","sans_2202_2024"
1018.71824384787,0.996876769110083,0.991860699402814,0.998805270323163,"Pression atmosphérique","hPa","presence","IC","moyen","sans_2202_2024"
1018.92139821029,0.996843139776268,0.9917881620432,0.998790210297425,"Pression atmosphérique","hPa","presence","IC","moyen","sans_2202_2024"
1019.12455257271,0.996809364363008,0.991715409540649,0.998775062550885,"Pression atmosphérique","hPa","presence","IC","moyen","sans_2202_2024"
1019.32770693512,0.996775447084755,0.991642446082209,0.998759829660685,"Pression atmosphérique","hPa","presence","IC","moyen","sans_2202_2024"
1019.53086129754,0.996741392267005,0.991569267738937,0.998744515521445,"Pression atmosphérique","hPa","presence","IC","moyen","sans_2202_2024"
1019.73401565996,0.996707204346583,0.991495861892088,0.998729125454138,"Pression atmosphérique","hPa","presence","IC","moyen","sans_2202_2024"
1019.93717002237,0.996672887871875,0.991422206644387,0.998713666318467,"Pression atmosphérique","hPa","presence","IC","moyen","sans_2202_2024"
1020.14032438479,0.996638447503011,0.991348270216656,0.998698146628444,"Pression atmosphérique","hPa","presence","IC","moyen","sans_2202_2024"
1020.3434787472,0.996603888011994,0.991274010330185,0.998682576670745,"Pression atmosphérique","hPa","presence","IC","moyen","sans_2202_2024"
1020.54663310962,0.996569214282766,0.991199373575285,0.998666968625228,"Pression atmosphérique","hPa","presence","IC","moyen","sans_2202_2024"
1020.74978747204,0.99653443131123,0.99112429476659,0.998651336686811,"Pression atmosphérique","hPa","presence","IC","moyen","sans_2202_2024"
1020.95294183445,0.996499544205206,0.991048696285764,0.998635697187706,"Pression atmosphérique","hPa","presence","IC","moyen","sans_2202_2024"
1021.15609619687,0.99646455818433,0.990972487412389,0.998620068718731,"Pression atmosphérique","hPa","presence","IC","moyen","sans_2202_2024"
1021.35925055928,0.996429478579898,0.99089556364397,0.998604472248197,"Pression atmosphérique","hPa","presence","IC","moyen","sans_2202_2024"
1021.5624049217,0.996394310834638,0.990817806006087,0.998588931236536,"Pression atmosphérique","hPa","presence","IC","moyen","sans_2202_2024"
1021.76555928412,0.996359060502435,0.99073908035391,0.998573471744562,"Pression atmosphérique","hPa","presence","IC","moyen","sans_2202_2024"
1021.96871364653,0.996323733972794,0.990659238533515,0.998558122812236,"Pression atmosphérique","hPa","presence","IC","moyen","sans_2202_2024"
1022.17186800895,0.996288380169035,0.990578229163878,0.998542931978635,"Pression atmosphérique","hPa","presence","IC","moyen","sans_2202_2024"
1022.37502237136,0.996253115236801,0.990496184976343,0.998527971036619,"Pression atmosphérique","hPa","presence","IC","moyen","sans_2202_2024"
1022.57817673378,0.996218065100765,0.990413292101789,0.998513311109339,"Pression atmosphérique","hPa","presence","IC","moyen","sans_2202_2024"
1022.7813310962,0.996183360035112,0.99032978146554,0.998499019623243,"Pression atmosphérique","hPa","presence","IC","moyen","sans_2202_2024"
1022.98448545861,0.996149134567392,0.990245932831378,0.998485159523421,"Pression atmosphérique","hPa","presence","IC","moyen","sans_2202_2024"
1023.18763982103,0.996115527336817,0.99016207800021,0.998471788610155,"Pression atmosphérique","hPa","presence","IC","moyen","sans_2202_2024"
1023.39079418345,0.996082680904828,0.990078603053789,0.998458959017556,"Pression atmosphérique","hPa","presence","IC","moyen","sans_2202_2024"
1023.59394854586,0.996050741515927,0.989995949533333,0.99844671685224,"Pression atmosphérique","hPa","presence","IC","moyen","sans_2202_2024"
1023.79710290828,0.99601985880696,0.989914614445231,0.998435102006252,"Pression atmosphérique","hPa","presence","IC","moyen","sans_2202_2024"
1024.00025727069,0.995990185463302,0.989835148991351,0.998424148154245,"Pression atmosphérique","hPa","presence","IC","moyen","sans_2202_2024"
1024.20341163311,0.995961876820688,0.989758155929977,0.998413882940545,"Pression atmosphérique","hPa","presence","IC","moyen","sans_2202_2024"
1024.40656599553,0.995935090411789,0.989684285485071,0.99840432835752,"Pression atmosphérique","hPa","presence","IC","moyen","sans_2202_2024"
1024.60972035794,0.995909985457052,0.9896142297366,0.998395501312946,"Pression atmosphérique","hPa","presence","IC","moyen","sans_2202_2024"
1024.81287472036,0.995886722299758,0.989548715443031,0.998387414381001,"Pression atmosphérique","hPa","presence","IC","moyen","sans_2202_2024"
1025.01602908277,0.995865461785775,0.989488495268927,0.998380076729364,"Pression atmosphérique","hPa","presence","IC","moyen","sans_2202_2024"
1025.21918344519,0.995846364589036,0.989434337415849,0.998373495213628,"Pression atmosphérique","hPa","presence","IC","moyen","sans_2202_2024"
1025.42233780761,0.995829590484382,0.989387013683447,0.998367675629955,"Pression atmosphérique","hPa","presence","IC","moyen","sans_2202_2024"
1025.62549217002,0.995815297570033,0.989347286019566,0.998362624117343,"Pression atmosphérique","hPa","presence","IC","moyen","sans_2202_2024"
1025.82864653244,0.99580364144267,0.989315891653211,0.998358348701954,"Pression atmosphérique","hPa","presence","IC","moyen","sans_2202_2024"
1026.03180089485,0.995794774328789,0.989293526941773,0.998354860977326,"Pression atmosphérique","hPa","presence","IC","moyen","sans_2202_2024"
1026.23495525727,0.995788835248582,0.989280794324238,0.998352176461033,"Pression atmosphérique","hPa","presence","IC","moyen","sans_2202_2024"
1026.43810961969,0.995785853218385,0.98927780030935,0.998350300898885,"Pression atmosphérique","hPa","presence","IC","moyen","sans_2202_2024"
1026.6412639821,0.995785783106033,0.989284291268217,0.998349237374156,"Pression atmosphérique","hPa","presence","IC","moyen","sans_2202_2024"
1026.84441834452,0.995788572542997,0.989299924008818,0.998348996963788,"Pression atmosphérique","hPa","presence","IC","moyen","sans_2202_2024"
1027.04757270694,0.995794163432429,0.989324276633735,0.998349598405619,"Pression atmosphérique","hPa","presence","IC","moyen","sans_2202_2024"
1027.25072706935,0.995802492318848,0.989356855289906,0.998351067536901,"Pression atmosphérique","hPa","presence","IC","moyen","sans_2202_2024"
1027.45388143177,0.995813490767558,0.989397101318634,0.998353436686082,"Pression atmosphérique","hPa","presence","IC","moyen","sans_2202_2024"
1027.65703579418,0.995827085751338,0.989444398714526,0.998356744009069,"Pression atmosphérique","hPa","presence","IC","moyen","sans_2202_2024"
1027.8601901566,0.995843200042055,0.989498081804993,0.998361032760164,"Pression atmosphérique","hPa","presence","IC","moyen","sans_2202_2024"
1028.06334451902,0.995861752604883,0.989557443065807,0.998366350487583,"Pression atmosphérique","hPa","presence","IC","moyen","sans_2202_2024"
1028.26649888143,0.995882658992955,0.989621740992554,0.998372748144073,"Pression atmosphérique","hPa","presence","IC","moyen","sans_2202_2024"
1028.46965324385,0.995905831740357,0.989690207952568,0.998380279104624,"Pression atmosphérique","hPa","presence","IC","moyen","sans_2202_2024"
1028.67280760626,0.995931180751486,0.989762057946559,0.99838899808579,"Pression atmosphérique","hPa","presence","IC","moyen","sans_2202_2024"
1028.87596196868,0.99595861368495,0.989836494213534,0.998398959964762,"Pression atmosphérique","hPa","presence","IC","moyen","sans_2202_2024"
1029.0791163311,0.995988036330265,0.989912716616403,0.998410218501038,"Pression atmosphérique","hPa","presence","IC","moyen","sans_2202_2024"
1029.28227069351,0.9960193529758,0.989989928748789,0.998422824969341,"Pression atmosphérique","hPa","presence","IC","moyen","sans_2202_2024"
1029.48542505593,0.996052466766502,0.990067344705807,0.99843682671921,"Pression atmosphérique","hPa","presence","IC","moyen","sans_2202_2024"
1029.68857941834,0.996087280050132,0.990144195463196,0.998452265684115,"Pression atmosphérique","hPa","presence","IC","moyen","sans_2202_2024"
1029.89173378076,0.996123694710818,0.990219734810237,0.998469176870747,"Pression atmosphérique","hPa","presence","IC","moyen","sans_2202_2024"
1030.09488814318,0.996161612488935,0.990293244782825,0.998487586866666,"Pression atmosphérique","hPa","presence","IC","moyen","sans_2202_2024"
1030.29804250559,0.996200935286419,0.990364040544395,0.998507512411234,"Pression atmosphérique","hPa","presence","IC","moyen","sans_2202_2024"
1030.50119686801,0.996241565456775,0.990431474664712,0.998528959079866,"Pression atmosphérique","hPa","presence","IC","moyen","sans_2202_2024"
1030.70435123043,0.996283406079175,0.990494940750512,0.998551920134497,"Pression atmosphérique","hPa","presence","IC","moyen","sans_2202_2024"
1030.90750559284,0.996326361216152,0.990553876388205,0.998576375593009,"Pression atmosphérique","hPa","presence","IC","moyen","sans_2202_2024"
1031.11065995526,0.996370336154556,0.990607765367734,0.998602291566802,"Pression atmosphérique","hPa","presence","IC","moyen","sans_2202_2024"
1031.31381431767,0.996415237629505,0.990656139168493,0.998629619908453,"Pression atmosphérique","hPa","presence","IC","moyen","sans_2202_2024"
1031.51696868009,0.996460974031239,0.990698577702669,0.99865829820066,"Pression atmosphérique","hPa","presence","IC","moyen","sans_2202_2024"
1031.72012304251,0.996507455594824,0.990734709328164,0.998688250103925,"Pression atmosphérique","hPa","presence","IC","moyen","sans_2202_2024"
1031.92327740492,0.996554594572806,0.990764210161298,0.998719386064554,"Pression atmosphérique","hPa","presence","IC","moyen","sans_2202_2024"
1032.12643176734,0.996602305390978,0.990786802737879,0.998751604367744,"Pression atmosphérique","hPa","presence","IC","moyen","sans_2202_2024"
1032.32958612975,0.996650504787513,0.990802254088501,0.998784792504112,"Pression atmosphérique","hPa","presence","IC","moyen","sans_2202_2024"
1032.53274049217,0.996699111935799,0.990810373308905,0.998818828803271,"Pression atmosphérique","hPa","presence","IC","moyen","sans_2202_2024"
1032.73589485459,0.996748048551368,0.990811008717796,0.998853584276275,"Pression atmosphérique","hPa","presence","IC","moyen","sans_2202_2024"
1032.939049217,0.996797238983389,0.990804044701785,0.99888892460068,"Pression atmosphérique","hPa","presence","IC","moyen","sans_2202_2024"
1033.14220357942,0.996846610291236,0.990789398349808,0.99892471217811,"Pression atmosphérique","hPa","presence","IC","moyen","sans_2202_2024"
1033.34535794183,0.996896092306695,0.990767015977376,0.998960808194731,"Pression atmosphérique","hPa","presence","IC","moyen","sans_2202_2024"
1033.54851230425,0.99694561768242,0.990736869634841,0.99899707461938,"Pression atmosphérique","hPa","presence","IC","moyen","sans_2202_2024"
1033.75166666667,0.996995121927264,0.990698953684201,0.999033376081743,"Pression atmosphérique","hPa","presence","IC","moyen","sans_2202_2024"
11.772,41.7056390603198,33.281951515448,52.2613684063067,"Température","°C","intensite","IC","moyen","sans_2202_2024"
11.9262908277405,41.4479223033265,33.1674930173461,51.7956018672902,"Température","°C","intensite","IC","moyen","sans_2202_2024"
12.080581655481,41.1941815509465,33.0534414090489,51.3399065668172,"Température","°C","intensite","IC","moyen","sans_2202_2024"
12.2348724832215,40.944424867034,32.9398319523052,50.8941858027562,"Température","°C","intensite","IC","moyen","sans_2202_2024"
12.389163310962,40.6986598394971,32.8267018267066,50.4583409407133,"Température","°C","intensite","IC","moyen","sans_2202_2024"
12.5434541387025,40.456893620938,32.7140901915447,50.0322714730098,"Température","°C","intensite","IC","moyen","sans_2202_2024"
12.697744966443,40.2191329690259,32.6020382416523,49.6158750808891,"Température","°C","intensite","IC","moyen","sans_2202_2024"
12.8520357941834,39.9853842866125,32.4905892563922,49.2090477008976,"Température","°C","intensite","IC","moyen","sans_2202_2024"
13.0063266219239,39.7556536615942,32.3797886409714,48.8116835963762,"Température","°C","intensite","IC","moyen","sans_2202_2024"
13.1606174496644,39.5299469065348,32.2696839592752,48.4236754349842,"Température","°C","intensite","IC","moyen","sans_2202_2024"
13.3149082774049,39.3082695980547,32.1603249574558,48.0449143731408,"Température","°C","intensite","IC","moyen","sans_2202_2024"
13.4691991051454,39.0906271160024,32.0517635775557,47.675290148227,"Température","°C","intensite","IC","moyen","sans_2202_2024"
13.6234899328859,38.8770246824178,31.9440539605106,47.3146911793271,"Température","°C","intensite","IC","moyen","sans_2202_2024"
13.7777807606264,38.6674674003014,31.8372524379549,46.9630046772156,"Température","°C","intensite","IC","moyen","sans_2202_2024"
13.9320715883669,38.4619602922061,31.7314175123418,46.6201167642089,"Température","°C","intensite","IC","moyen","sans_2202_2024"
14.0863624161074,38.2605083386648,31.6266098249921,46.2859126044,"Température","°C","intensite","IC","moyen","sans_2202_2024"
14.2406532438479,38.0631165164721,31.5228921117982,45.9602765446855,"Température","°C","intensite","IC","moyen","sans_2202_2024"
14.3949440715884,37.8697898368372,31.4203291464301,45.643092266879,"Température","°C","intensite","IC","moyen","sans_2202_2024"
14.5492348993289,37.6805333834279,31.3189876710157,45.3342429510774,"Température","°C","intensite","IC","moyen","sans_2202_2024"
14.7035257270694,37.495352350324,31.2189363143962,45.0336114503247,"Température","°C","intensite","IC","moyen","sans_2202_2024"
14.8578165548098,37.3142520799029,31.1202454981883,44.741080476489,"Température","°C","intensite","IC","moyen","sans_2202_2024"
15.0121073825503,37.1372381006775,31.0229873310079,44.4565327971466,"Température","°C","intensite","IC","moyen","sans_2202_2024"
15.1663982102908,36.9643161651116,30.9272354913301,44.1798514431515,"Température","°C","intensite","IC","moyen","sans_2202_2024"
15.3206890380313,36.7954922874345,30.8330650995731,43.910919926459,"Température","°C","intensite","IC","moyen","sans_2202_2024"
15.4749798657718,36.6307727814827,30.7405525800842,43.6496224676823,"Température","°C","intensite","IC","moyen","sans_2202_2024"
15.6292706935123,36.4701642985928,30.6497755137965,43.3958442327788,"Température","°C","intensite","IC","moyen","sans_2202_2024"
15.7835615212528,36.3136738655739,30.5608124823802,43.1494715782032,"Température","°C","intensite","IC","moyen","sans_2202_2024"
15.9378523489933,36.1613089227882,30.4737429047631,42.910392303826,"Température","°C","intensite","IC","moyen","sans_2202_2024"
16.0921431767338,36.0130773623695,30.388646866915,42.678495912894,"Température","°C","intensite","IC","moyen","sans_2202_2024"
16.2464340044743,35.8689875666099,30.3056049457893,42.4536738783158,"Température","°C","intensite","IC","moyen","sans_2202_2024"
16.4007248322148,35.7290484465469,30.2246980282961,42.2358199145808,"Température","°C","intensite","IC","moyen","sans_2202_2024"
16.5550156599553,35.5932694807854,30.1460071261326,42.0248302546705,"Température","°C","intensite","IC","moyen","sans_2202_2024"
16.7093064876957,35.4616607545866,30.0696131872313,41.8206039313929,"Température","°C","intensite","IC","moyen","sans_2202_2024"
16.8635973154362,35.3342329992622,29.9955969044948,41.6230430626658,"Température","°C","intensite","IC","moyen","sans_2202_2024"
17.0178881431767,35.2109976319095,29.9240385223826,41.4320531403868,"Température","°C","intensite","IC","moyen","sans_2202_2024"
17.1721789709172,35.091966795526,29.8550176417864,41.2475433226579,"Température","°C","intensite","IC","moyen","sans_2202_2024"
17.3264697986577,34.9771533995442,29.7886130234924,41.0694267292816,"Température","°C","intensite","IC","moyen","sans_2202_2024"
17.4807606263982,34.8665711608263,29.7249023903756,40.8976207406011,"Température","°C","intensite","IC","moyen","sans_2202_2024"
17.6350514541387,34.7602346451642,29.6639622283122,40.7320472999275,"Température","°C","intensite","IC","moyen","sans_2202_2024"
17.7893422818792,34.6581593093259,29.6058675856249,40.5726332199719,"Température","°C","intensite","IC","moyen","sans_2202_2024"
17.9436331096197,34.5603615436968,29.5506918707076,40.4193104938775,"Température","°C","intensite","IC","moyen","sans_2202_2024"
18.0979239373602,34.4668587155626,29.4985066473058,40.2720166116291,"Température","°C","intensite","IC","moyen","sans_2202_2024"
18.2522147651007,34.3776692130829,29.4493814267578,40.1306948827909,"Température","°C","intensite","IC","moyen","sans_2202_2024"
18.4065055928412,34.2928124900072,29.4033834563477,39.9952947666951,"Température","°C","intensite","IC","moyen","sans_2202_2024"
18.5607964205817,34.2123091111854,29.3605775027646,39.8657722113637,"Température","°C","intensite","IC","moyen","sans_2202_2024"
18.7150872483221,34.1361807989291,29.3210256295316,39.7420900025928,"Température","°C","intensite","IC","moyen","sans_2202_2024"
18.8693780760626,34.0644504802788,29.2847869671483,39.6242181247584,"Température","°C","intensite","IC","moyen","sans_2202_2024"
19.0236689038031,33.9971423352386,29.2519174745961,39.5121341350096,"Température","°C","intensite","IC","moyen","sans_2202_2024"
19.1779597315436,33.9342818460364,29.2224696907864,39.4058235525969,"Température","°C","intensite","IC","moyen","sans_2202_2024"
19.3322505592841,33.8758958474768,29.196492474501,39.3052802651326,"Température","°C","intensite","IC","moyen","sans_2202_2024"
19.4865413870246,33.8220125784491,29.1740307313747,39.2105069535885,"Température","°C","intensite","IC","moyen","sans_2202_2024"
19.6408322147651,33.7726617346622,29.1551251265238,39.1215155378038,"Température","°C","intensite","IC","moyen","sans_2202_2024"
19.7951230425056,33.7278745226747,29.1398117815301,39.0383276441862,"Température","°C","intensite","IC","moyen","sans_2202_2024"
19.9494138702461,33.6876837152961,29.1281219546608,38.9609750971341,"Température","°C","intensite","IC","moyen","sans_2202_2024"
20.1037046979866,33.6521237084347,29.1200817034516,38.8895004354868,"Température","°C","intensite","IC","moyen","sans_2202_2024"
20.2579955257271,33.6212305794725,29.1157115291135,38.8239574549897,"Température","°C","intensite","IC","moyen","sans_2202_2024"
20.4122863534676,33.5950092741773,29.1149943314104,38.7643780824801,"Température","°C","intensite","IC","moyen","sans_2202_2024"
20.5665771812081,33.5732728715445,29.1177213411916,38.71060644133,"Température","°C","intensite","IC","moyen","sans_2202_2024"
20.7208680089485,33.5557660016819,29.1236139994921,38.6624212221487,"Température","°C","intensite","IC","moyen","sans_2202_2024"
20.875158836689,33.5422353677704,29.1323935463797,38.6196057552133,"Température","°C","intensite","IC","moyen","sans_2202_2024"
21.0294496644295,33.5324295449901,29.1437820135697,38.5819462507021,"Température","°C","intensite","IC","moyen","sans_2202_2024"
21.18374049217,33.5260986946055,29.1575030912565,38.5492300270897,"Température","°C","intensite","IC","moyen","sans_2202_2024"
21.3380313199105,33.522994297465,29.1732829661843,38.5212438370579,"Température","°C","intensite","IC","moyen","sans_2202_2024"
21.492322147651,33.5228689065809,29.1908511251799,38.4977722954587,"Température","°C","intensite","IC","moyen","sans_2202_2024"
21.6466129753915,33.525475918501,29.209941116911,38.4785964156319,"Température","°C","intensite","IC","moyen","sans_2202_2024"
21.800903803132,33.5305693632406,29.2302912634037,38.4634922619027,"Température","°C","intensite","IC","moyen","sans_2202_2024"
21.9551946308725,33.5379037125833,29.2516453119091,38.4522297272824,"Température","°C","intensite","IC","moyen","sans_2202_2024"
22.109485458613,33.5472337066039,29.2737530170944,38.4445714462479,"Température","°C","intensite","IC","moyen","sans_2202_2024"
22.2637762863535,33.558314198302,29.2963706432815,38.4402718529306,"Température","°C","intensite","IC","moyen","sans_2202_2024"
22.418067114094,33.5709000162709,29.3192613765846,38.4390763951006,"Température","°C","intensite","IC","moyen","sans_2202_2024"
22.5723579418345,33.5847458453553,29.3421956373049,38.4407209139823,"Température","°C","intensite","IC","moyen","sans_2202_2024"
22.7266487695749,33.5996061252767,29.3649512838055,38.4449311991988,"Température","°C","intensite","IC","moyen","sans_2202_2024"
22.8809395973154,33.6152349672315,29.387313700279,38.4514227270611,"Température","°C","intensite","IC","moyen","sans_2202_2024"
23.0352304250559,33.6313860884809,29.4090757622691,38.4599005890417,"Température","°C","intensite","IC","moyen","sans_2202_2024"
23.1895212527964,33.6478127649715,29.4300376754608,38.4700596156763,"Température","°C","intensite","IC","moyen","sans_2202_2024"
23.3438120805369,33.6642678020343,29.4500066850128,38.4815846993954,"Température","°C","intensite","IC","moyen","sans_2202_2024"
23.4981029082774,33.6805035232189,29.4687966545045,38.4941513179897,"Température","°C","intensite","IC","moyen","sans_2202_2024"
23.6523937360179,33.6962717773233,29.4862275153107,38.5074262586375,"Température","°C","intensite","IC","moyen","sans_2202_2024"
23.8066845637584,33.71132396368,29.5021245888325,38.5210685407507,"Température","°C","intensite","IC","moyen","sans_2202_2024"
23.9609753914989,33.7254110757574,29.5163177854293,38.5347305343859,"Température","°C","intensite","IC","moyen","sans_2202_2024"
24.1152662192394,33.7382837631256,29.5286406850761,38.5480592696728,"Température","°C","intensite","IC","moyen","sans_2202_2024"
24.2695570469799,33.7496924118268,29.5389295056744,38.5606979316604,"Température","°C","intensite","IC","moyen","sans_2202_2024"
24.4238478747204,33.7593961685436,29.5470288703607,38.5722989159134,"Température","°C","intensite","IC","moyen","sans_2202_2024"
24.5781387024609,33.7672950487609,29.5528917861779,38.5826951609306,"Température","°C","intensite","IC","moyen","sans_2202_2024"
24.7324295302013,33.7734016207529,29.5565534979447,38.5918695532614,"Température","°C","intensite","IC","moyen","sans_2202_2024"
24.8867203579418,33.777731873476,29.558045807685,38.5998173877854,"Température","°C","intensite","IC","moyen","sans_2202_2024"
25.0410111856823,33.7803020866491,29.5573947995016,38.6065421802504,"Température","°C","intensite","IC","moyen","sans_2202_2024"
25.1953020134228,33.7811288220534,29.5546210164441,38.6120554162147,"Température","°C","intensite","IC","moyen","sans_2202_2024"
25.3495928411633,33.7802289148393,29.5497396552788,38.6163762811729,"Température","°C","intensite","IC","moyen","sans_2202_2024"
25.5038836689038,33.7776194648479,29.5427607776858,38.6195313734469,"Température","°C","intensite","IC","moyen","sans_2202_2024"
25.6581744966443,33.7733178279486,29.5336895367,38.6215544011262,"Température","°C","intensite","IC","moyen","sans_2202_2024"
25.8124653243848,33.7673416073995,29.5225264174572,38.6224858641019,"Température","°C","intensite","IC","moyen","sans_2202_2024"
25.9667561521253,33.7597086452344,29.5092674915117,38.6223727220255,"Température","°C","intensite","IC","moyen","sans_2202_2024"
26.1210469798658,33.7504370136807,29.4939046841532,38.6212680488674,"Température","°C","intensite","IC","moyen","sans_2202_2024"
26.2753378076063,33.7395450066128,29.476426054258,38.6192306746364,"Température","°C","intensite","IC","moyen","sans_2202_2024"
26.4296286353468,33.7270511310452,29.4568160862769,38.6163248147538,"Température","°C","intensite","IC","moyen","sans_2202_2024"
26.5839194630873,33.7129740986689,29.4350559939786,38.6126196875597,"Température","°C","intensite","IC","moyen","sans_2202_2024"
26.7382102908277,33.6973328174358,29.4111240355345,38.6081891204536,"Température","°C","intensite","IC","moyen","sans_2202_2024"
26.8925011185682,33.6801463831944,29.3849958394623,38.6031111452478,"Température","°C","intensite","IC","moyen","sans_2202_2024"
27.0467919463087,33.661434071381,29.3566447408249,38.5974675834188,"Température","°C","intensite","IC","moyen","sans_2202_2024"
27.2010827740492,33.6412153287698,29.3260421269324,38.5913436221008,"Température","°C","intensite","IC","moyen","sans_2202_2024"
27.3553736017897,33.6195097652852,29.2931577916062,38.5848273818393,"Température","°C","intensite","IC","moyen","sans_2202_2024"
27.5096644295302,33.5963371458808,29.2579602968526,38.5780094773424,"Température","°C","intensite","IC","moyen","sans_2202_2024"
27.6639552572707,33.5717173824871,29.2204173405621,38.5709825726913,"Température","°C","intensite","IC","moyen","sans_2202_2024"
27.8182460850112,33.5456705260321,29.1804961285999,38.5638409327172,"Température","°C","intensite","IC","moyen","sans_2202_2024"
27.9725369127517,33.5182167585374,29.1381637494121,38.5566799724971,"Température","°C","intensite","IC","moyen","sans_2202_2024"
28.1268277404922,33.4893763852931,29.0933875490191,38.5495958071626,"Température","°C","intensite","IC","moyen","sans_2202_2024"
28.2811185682327,33.4591698271141,29.0461355040505,38.5426848044397,"Température","°C","intensite","IC","moyen","sans_2202_2024"
28.4354093959732,33.4276176126816,28.9963765902631,38.536043142538,"Température","°C","intensite","IC","moyen","sans_2202_2024"
28.5897002237136,33.3947403709701,28.9440811438229,38.5297663761735,"Température","°C","intensite","IC","moyen","sans_2202_2024"
28.7439910514541,33.3605588237663,28.8892212125059,38.523949013627,"Température","°C","intensite","IC","moyen","sans_2202_2024"
28.8982818791946,33.3250937782775,28.8317708939006,38.5186841078128,"Température","°C","intensite","IC","moyen","sans_2202_2024"
29.0525727069351,33.2883661198373,28.7717066576837,38.5140628643384,"Température","°C","intensite","IC","moyen","sans_2202_2024"
29.2068635346756,33.2503968047058,28.7090076490887,38.5101742694853,"Température","°C","intensite","IC","moyen","sans_2202_2024"
29.3611543624161,33.2112068529701,28.6436559708066,38.5071047409214,"Température","°C","intensite","IC","moyen","sans_2202_2024"
29.5154451901566,33.1708173415451,28.5756369407374,38.5049378037679,"Température","°C","intensite","IC","moyen","sans_2202_2024"
29.6697360178971,33.1292493972776,28.5049393232582,38.503753794399,"Température","°C","intensite","IC","moyen","sans_2202_2024"
29.8240268456376,33.086524190155,28.4315555319798,38.5036295940394,"Température","°C","intensite","IC","moyen","sans_2202_2024"
29.9783176733781,33.0426629266206,28.355481802319,38.5046383938706,"Température","°C","intensite","IC","moyen","sans_2202_2024"
30.1326085011186,32.9976868429972,28.2767183326143,38.5068494929497,"Température","°C","intensite","IC","moyen","sans_2202_2024"
30.2868993288591,32.9516171990197,28.1952693929424,38.5103281298145,"Température","°C","intensite","IC","moyen","sans_2202_2024"
30.4411901565996,32.9044752714799,28.1111434012447,38.5151353481941,"Température","°C","intensite","IC","moyen","sans_2202_2024"
30.59548098434,32.8562823479832,28.0243529668268,38.5213278967857,"Température","°C","intensite","IC","moyen","sans_2202_2024"
30.7497718120805,32.8070597208188,27.9349149017487,38.5289581626039,"Température","°C","intensite","IC","moyen","sans_2202_2024"
30.904062639821,32.7568286809455,27.8428502010495,38.5380741369778,"Température","°C","intensite","IC","moyen","sans_2202_2024"
31.0583534675615,32.7056105120928,27.7481839931564,38.5487194128641,"Température","°C","intensite","IC","moyen","sans_2202_2024"
31.212644295302,32.6534264849791,27.6509454621847,38.5609332117823,"Température","°C","intensite","IC","moyen","sans_2202_2024"
31.3669351230425,32.6002978516484,27.5511677441521,38.5747504383647,"Température","°C","intensite","IC","moyen","sans_2202_2024"
31.521225950783,32.5462458399242,27.4488877993867,38.5902017602496,"Température","°C","intensite","IC","moyen","sans_2202_2024"
31.6755167785235,32.4912916479843,27.3441462636096,38.6073137108438,"Température","°C","intensite","IC","moyen","sans_2202_2024"
31.829807606264,32.4354564390541,27.2369872803156,38.6261088123393,"Température","°C","intensite","IC","moyen","sans_2202_2024"
31.9840984340045,32.3787613362216,27.1274583171565,38.6466057162811,"Température","°C","intensite","IC","moyen","sans_2202_2024"
32.138389261745,32.3212274173725,27.0156099690584,38.6688193589553,"Température","°C","intensite","IC","moyen","sans_2202_2024"
32.2926800894855,32.2628757102468,26.9014957507784,38.6927611288941,"Température","°C","intensite","IC","moyen","sans_2202_2024"
32.446970917226,32.2037271876172,26.7851718815335,38.7184390438602,"Température","°C","intensite","IC","moyen","sans_2202_2024"
32.6012617449665,32.1438027625892,26.6666970642169,38.7458579347903,"Température","°C","intensite","IC","moyen","sans_2202_2024"
32.7555525727069,32.083123284023,26.5461322615747,38.7750196343202,"Température","°C","intensite","IC","moyen","sans_2202_2024"
32.9098434004474,32.0217095320779,26.4235404715362,38.8059231676894,"Température","°C","intensite","IC","moyen","sans_2202_2024"
33.0641342281879,31.9595822138779,26.2989865036976,38.8385649440145,"Température","°C","intensite","IC","moyen","sans_2202_2024"
33.2184250559284,31.8967619593001,26.1725367587524,38.8729389461273,"Température","°C","intensite","IC","moyen","sans_2202_2024"
33.3727158836689,31.8332693168849,26.0442590124464,38.9090369173894,"Température","°C","intensite","IC","moyen","sans_2202_2024"
33.5270067114094,31.7691247498671,25.9142222054168,38.9468485441038,"Température","°C","intensite","IC","moyen","sans_2202_2024"
33.6812975391499,31.7043486323288,25.7824962400671,38.9863616323613,"Température","°C","intensite","IC","moyen","sans_2202_2024"
33.8355883668904,31.6389612454739,25.6491517854204,39.0275622783598,"Température","°C","intensite","IC","moyen","sans_2202_2024"
33.9898791946309,31.5729827740219,25.5142600907014,39.070435031427,"Température","°C","intensite","IC","moyen","sans_2202_2024"
34.1441700223714,31.5064333027235,25.3778928082175,39.1149630491598,"Température","°C","intensite","IC","moyen","sans_2202_2024"
34.2984608501119,31.4393328129947,25.2401218259413,39.1611282442527,"Température","°C","intensite","IC","moyen","sans_2202_2024"
34.4527516778524,31.3717011796706,25.1010191100498,39.2089114227439,"Température","°C","intensite","IC","moyen","sans_2202_2024"
34.6070425055928,31.3035581678774,24.960656557541,39.2582924135319,"Température","°C","intensite","IC","moyen","sans_2202_2024"
34.7613333333333,31.2349234300228,24.8191058589312,39.3092501891364,"Température","°C","intensite","IC","moyen","sans_2202_2024"
23.6666666666667,29.6337605943571,23.2664697016657,37.7435759796769,"Humidité relative","%","intensite","IC","moyen","sans_2202_2024"
24.175615212528,29.7169573152772,23.417706553485,37.7106763235355,"Humidité relative","%","intensite","IC","moyen","sans_2202_2024"
24.6845637583893,29.7999079232685,23.5682914072857,37.6792062219987,"Humidité relative","%","intensite","IC","moyen","sans_2202_2024"
25.1935123042506,29.8825889504288,23.7181436017997,37.6491995904997,"Humidité relative","%","intensite","IC","moyen","sans_2202_2024"
25.7024608501119,29.9649767097428,23.8671813311226,37.6206899657888,"Humidité relative","%","intensite","IC","moyen","sans_2202_2024"
26.2114093959732,30.0470472972342,24.0153217637672,37.5937103888549,"Humidité relative","%","intensite","IC","moyen","sans_2202_2024"
26.7203579418345,30.1287765943048,24.1624811756363,37.5682932754783,"Humidité relative","%","intensite","IC","moyen","sans_2202_2024"
27.2293064876958,30.21014027026,24.3085750975257,37.5444702738533,"Humidité relative","%","intensite","IC","moyen","sans_2202_2024"
27.738255033557,30.2911137850245,24.4535184776861,37.5222721087998,"Humidité relative","%","intensite","IC","moyen","sans_2202_2024"
28.2472035794183,30.3716723920512,24.5972258598665,37.5017284121931,"Humidité relative","%","intensite","IC","moyen","sans_2202_2024"
28.7561521252796,30.4517911414238,24.7396115771285,37.482867539367,"Humidité relative","%","intensite","IC","moyen","sans_2202_2024"
29.2651006711409,30.5314448831569,24.8805899615615,37.4657163714113,"Humidité relative","%","intensite","IC","moyen","sans_2202_2024"
29.7740492170022,30.6106082706947,25.0200755698387,37.4503001034686,"Humidité relative","%","intensite","IC","moyen","sans_2202_2024"
30.2829977628635,30.6892557646113,25.1579834243329,37.4366420193595,"Humidité relative","%","intensite","IC","moyen","sans_2202_2024"
30.7919463087248,30.7673616365136,25.2942292692611,37.4247632531111,"Humidité relative","%","intensite","IC","moyen","sans_2202_2024"
31.3008948545861,30.8448999731494,25.428729841046,37.4146825382474,"Humidité relative","%","intensite","IC","moyen","sans_2202_2024"
31.8098434004474,30.9218446807222,25.5614031517743,37.4064159460017,"Humidité relative","%","intensite","IC","moyen","sans_2202_2024"
32.3187919463087,30.9981694894148,25.6921687843025,37.3999766139469,"Humidité relative","%","intensite","IC","moyen","sans_2202_2024"
32.82774049217,31.0738479581231,25.8209481972077,37.3953744668823,"Humidité relative","%","intensite","IC","moyen","sans_2202_2024"
33.3366890380313,31.148853479401,25.9476650374218,37.3926159321809,"Humidité relative","%","intensite","IC","moyen","sans_2202_2024"
33.8456375838926,31.2231592846196,26.0722454580192,37.3917036521637,"Humidité relative","%","intensite","IC","moyen","sans_2202_2024"
34.3545861297539,31.2967384493399,26.1946184382721,37.3926361964218,"Humidité relative","%","intensite","IC","moyen","sans_2202_2024"
34.8635346756152,31.3695638989018,26.3147161027413,37.3954077773528,"Humidité relative","%","intensite","IC","moyen","sans_2202_2024"
35.3724832214765,31.4416084142297,26.4324740358642,37.4000079724827,"Humidité relative","%","intensite","IC","moyen","sans_2202_2024"
35.8814317673378,31.5128446378562,26.5478315882294,37.4064214574103,"Humidité relative","%","intensite","IC","moyen","sans_2202_2024"
36.3903803131991,31.5832450801639,26.6607321705183,37.4146277534247,"Humidité relative","%","intensite","IC","moyen","sans_2202_2024"
36.8993288590604,31.6527821258472,26.7711235309513,37.4246009939782,"Humidité relative","%","intensite","IC","moyen","sans_2202_2024"
37.4082774049217,31.721428040594,26.8789580120201,37.4363097142604,"Humidité relative","%","intensite","IC","moyen","sans_2202_2024"
37.917225950783,31.7891549779874,26.9841927823152,37.4497166680781,"Humidité relative","%","intensite","IC","moyen","sans_2202_2024"
38.4261744966443,31.8559349866285,27.0867900393933,37.4647786761163,"Humidité relative","%","intensite","IC","moyen","sans_2202_2024"
38.9351230425056,31.9217400174798,27.1867171798647,37.4814465094106,"Humidité relative","%","intensite","IC","moyen","sans_2202_2024"
39.4440715883669,31.9865419314301,27.2839469332194,37.499664811524,"Humidité relative","%","intensite","IC","moyen","sans_2202_2024"
39.9530201342282,32.0503125070794,27.3784574563508,37.5193720624743,"Humidité relative","%","intensite","IC","moyen","sans_2202_2024"
40.4619686800895,32.1130234487442,27.470232386268,37.5405005869225,"Humidité relative","%","intensite","IC","moyen","sans_2202_2024"
40.9709172259508,32.1746463946836,27.5592608491013,37.5629766085212,"Humidité relative","%","intensite","IC","moyen","sans_2202_2024"
41.4798657718121,32.2351529255434,27.6455374241737,37.5867203516384,"Humidité relative","%","intensite","IC","moyen","sans_2202_2024"
41.9888143176734,32.2945145730199,27.7290620626365,37.6116461909579,"Humidité relative","%","intensite","IC","moyen","sans_2202_2024"
42.4977628635347,32.3527028287396,27.8098399608966,37.6376628487074,"Humidité relative","%","intensite","IC","moyen","sans_2202_2024"
43.006711409396,32.4096891533566,27.8878813898054,37.6646736385354,"Humidité relative","%","intensite","IC","moyen","sans_2202_2024"
43.5156599552573,32.4654449858638,27.9632014812803,37.692576754337,"Humidité relative","%","intensite","IC","moyen","sans_2202_2024"
44.0246085011186,32.5199417531174,28.0358199746944,37.7212656016735,"Humidité relative","%","intensite","IC","moyen","sans_2202_2024"
44.5335570469799,32.5731508795736,28.1057609259518,37.7506291688324,"Humidité relative","%","intensite","IC","moyen","sans_2202_2024"
45.0425055928412,32.6250437972335,28.1730523826696,37.7805524340754,"Humidité relative","%","intensite","IC","moyen","sans_2202_2024"
45.5514541387025,32.6755919557964,28.2377260292838,37.8109168052152,"Humidité relative","%","intensite","IC","moyen","sans_2202_2024"
46.0604026845638,32.7247668330175,28.2998168061818,37.8416005873733,"Humidité relative","%","intensite","IC","moyen","sans_2202_2024"
46.5693512304251,32.7725399452676,28.3593625071398,37.8724794745917,"Humidité relative","%","intensite","IC","moyen","sans_2202_2024"
47.0782997762864,32.8188828582928,28.4164033593968,37.9034270609118,"Humidité relative","%","intensite","IC","moyen","sans_2202_2024"
47.5872483221476,32.8637671981704,28.4709815906435,37.9343153665791,"Humidité relative","%","intensite","IC","moyen","sans_2202_2024"
48.0961968680089,32.9071646624577,28.5231409870553,37.9650153751845,"Humidité relative","%","intensite","IC","moyen","sans_2202_2024"
48.6051454138702,32.9490470315313,28.572926446247,37.9953975777885,"Humidité relative","%","intensite","IC","moyen","sans_2202_2024"
49.1140939597315,32.9893861801112,28.6203835287149,38.0253325203912,"Humidité relative","%","intensite","IC","moyen","sans_2202_2024"
49.6230425055928,33.028154088968,28.6655580109476,38.054691351482,"Humidité relative","%","intensite","IC","moyen","sans_2202_2024"
50.1319910514541,33.0653228568077,28.7084954429701,38.0833463668209,"Humidité relative","%","intensite","IC","moyen","sans_2202_2024"
50.6409395973154,33.1008647123299,28.7492407126328,38.1111715490459,"Humidité relative","%","intensite","IC","moyen","sans_2202_2024"
51.1498881431767,33.1347520264547,28.787837618501,38.1380431001547,"Humidité relative","%","intensite","IC","moyen","sans_2202_2024"
51.658836689038,33.1669573247146,28.824328452742,38.1638399653608,"Humidité relative","%","intensite","IC","moyen","sans_2202_2024"
52.1677852348993,33.1974532998039,28.8587535949671,38.188444347259,"Humidité relative","%","intensite","IC","moyen","sans_2202_2024"
52.6767337807606,33.2262128242829,28.8911511175736,38.2117422096423,"Humidité relative","%","intensite","IC","moyen","sans_2202_2024"
53.1856823266219,33.2532089634296,28.9215564027522,38.2336237706864,"Humidité relative","%","intensite","IC","moyen","sans_2202_2024"
53.6946308724832,33.2784149882338,28.9500017709953,38.2539839855432,"Humidité relative","%","intensite","IC","moyen","sans_2202_2024"
54.2035794183445,33.301804388527,28.9765161206528,38.2727230186682,"Humidité relative","%","intensite","IC","moyen","sans_2202_2024"
54.7125279642058,33.3233508862428,29.001124577855,38.2897467064288,"Humidité relative","%","intensite","IC","moyen","sans_2202_2024"
55.2214765100671,33.3430284487999,29.0238481559446,38.3049670107156,"Humidité relative","%","intensite","IC","moyen","sans_2202_2024"
55.7304250559284,33.3608113026023,29.0447034234436,38.3183024643838,"Humidité relative","%","intensite","IC","moyen","sans_2202_2024"
56.2393736017897,33.3766739466485,29.0637021795259,38.3296786094117,"Humidité relative","%","intensite","IC","moyen","sans_2202_2024"
56.748322147651,33.3905911662434,29.0808511359697,38.3390284286476,"Humidité relative","%","intensite","IC","moyen","sans_2202_2024"
57.2572706935123,33.4025380468044,29.0961516046327,38.3462927719475,"Humidité relative","%","intensite","IC","moyen","sans_2202_2024"
57.7662192393736,33.4124903448661,29.1095994690538,38.3514212290212,"Humidité relative","%","intensite","IC","moyen","sans_2202_2024"
58.2751677852349,33.420504287025,29.1212474388698,38.3544732808467,"Humidité relative","%","intensite","IC","moyen","sans_2202_2024"
58.7841163310962,33.4268175594254,29.1312849344442,38.3557448518167,"Humidité relative","%","intensite","IC","moyen","sans_2202_2024"
59.2930648769575,33.4316931644283,29.1399172408045,38.3555690499835,"Humidité relative","%","intensite","IC","moyen","sans_2202_2024"
59.8020134228188,33.4353944686529,29.1473469440286,38.3542833391034,"Humidité relative","%","intensite","IC","moyen","sans_2202_2024"
60.3109619686801,33.438185099979,29.1537747346974,38.3522282433546,"Humidité relative","%","intensite","IC","moyen","sans_2202_2024"
60.8199105145414,33.4403288652947,29.1594001762017,38.3497461491584,"Humidité relative","%","intensite","IC","moyen","sans_2202_2024"
61.3288590604027,33.4420896890325,29.1644224359453,38.3471802064865,"Humidité relative","%","intensite","IC","moyen","sans_2202_2024"
61.837807606264,33.4437315725235,29.169040977597,38.3448733317646,"Humidité relative","%","intensite","IC","moyen","sans_2202_2024"
62.3467561521253,33.4455185741863,29.1734562126312,38.3431673142628,"Humidité relative","%","intensite","IC","moyen","sans_2202_2024"
62.8557046979866,33.4477148105609,29.1778701094868,38.3424020276541,"Humidité relative","%","intensite","IC","moyen","sans_2202_2024"
63.3646532438479,33.4505844781969,29.1824867587771,38.3429147482248,"Humidité relative","%","intensite","IC","moyen","sans_2202_2024"
63.8736017897092,33.4543918964064,29.1875128931305,38.3450395810105,"Humidité relative","%","intensite","IC","moyen","sans_2202_2024"
64.3825503355705,33.4594015708995,29.1931583604196,38.3491069948972,"Humidité relative","%","intensite","IC","moyen","sans_2202_2024"
64.8914988814318,33.4658782783331,29.1996365493726,38.3554434674725,"Humidité relative","%","intensite","IC","moyen","sans_2202_2024"
65.4004474272931,33.4740871718186,29.2071647668342,38.3643712401313,"Humidité relative","%","intensite","IC","moyen","sans_2202_2024"
65.9093959731544,33.4842939074566,29.2159645662666,38.3762081836412,"Humidité relative","%","intensite","IC","moyen","sans_2202_2024"
66.4183445190156,33.4967647919903,29.2262620274308,38.3912677740594,"Humidité relative","%","intensite","IC","moyen","sans_2202_2024"
66.9272930648769,33.5117669517028,29.2382879875638,38.4098591785851,"Humidité relative","%","intensite","IC","moyen","sans_2202_2024"
67.4362416107383,33.5295685227157,29.2522782247473,38.4322874506366,"Humidité relative","%","intensite","IC","moyen","sans_2202_2024"
67.9451901565996,33.5504388628876,29.2684735945305,38.4588538331808,"Humidité relative","%","intensite","IC","moyen","sans_2202_2024"
68.4541387024608,33.5746487855568,29.2871201212124,38.4898561691298,"Humidité relative","%","intensite","IC","moyen","sans_2202_2024"
68.9630872483221,33.6024708154205,29.308469045482,38.5255894174808,"Humidité relative","%","intensite","IC","moyen","sans_2202_2024"
69.4720357941834,33.6341794668988,29.3327768303421,38.5663462738166,"Humidité relative","%","intensite","IC","moyen","sans_2202_2024"
69.9809843400447,33.670051545393,29.3603051273969,38.6124178938305,"Humidité relative","%","intensite","IC","moyen","sans_2202_2024"
70.489932885906,33.7103664719101,29.3913207056342,38.6640947187053,"Humidité relative","%","intensite","IC","moyen","sans_2202_2024"
70.9988814317673,33.7554066316004,29.4260953447902,38.7216674014625,"Humidité relative","%","intensite","IC","moyen","sans_2202_2024"
71.5078299776286,33.8054577468287,29.4649056952218,38.7854278338296,"Humidité relative","%","intensite","IC","moyen","sans_2202_2024"
72.0167785234899,33.8608092754863,29.5080331059372,38.8556702737386,"Humidité relative","%","intensite","IC","moyen","sans_2202_2024"
72.5257270693512,33.9217548353353,29.555763422045,38.9326925742788,"Humidité relative","%","intensite","IC","moyen","sans_2202_2024"
73.0346756152125,33.9885926552789,29.6083867523763,39.0167975157837,"Humidité relative","%","intensite","IC","moyen","sans_2202_2024"
73.5436241610738,34.0616260545497,29.6661972074256,39.1082942437116,"Humidité relative","%","intensite","IC","moyen","sans_2202_2024"
74.0525727069351,34.1411639509205,29.7294926070497,39.2074998160996,"Humidité relative","%","intensite","IC","moyen","sans_2202_2024"
74.5615212527964,34.227521399163,29.7985741565773,39.3147408655986,"Humidité relative","%","intensite","IC","moyen","sans_2202_2024"
75.0704697986577,34.3210201611011,29.8737460891294,39.4303553824252,"Humidité relative","%","intensite","IC","moyen","sans_2202_2024"
75.579418344519,34.4219893087498,29.9553152710563,39.5546946259832,"Humidité relative","%","intensite","IC","moyen","sans_2202_2024"
76.0883668903803,34.5307654812027,30.0435904141242,39.688124764118,"Humidité relative","%","intensite","IC","moyen","sans_2202_2024"
76.5973154362416,34.6475774056278,30.1387741599653,39.8309039945488,"Humidité relative","%","intensite","IC","moyen","sans_2202_2024"
77.1062639821029,34.7723803830236,30.2408090714506,39.9830055685639,"Humidité relative","%","intensite","IC","moyen","sans_2202_2024"
77.6152125279642,34.9050919930301,30.3495956324915,40.1443716679226,"Humidité relative","%","intensite","IC","moyen","sans_2202_2024"
78.1241610738255,35.0456327518364,30.4650302600406,40.3149566730465,"Humidité relative","%","intensite","IC","moyen","sans_2202_2024"
78.6331096196868,35.1939258312489,30.5870054479111,40.4947263479185,"Humidité relative","%","intensite","IC","moyen","sans_2202_2024"
79.1420581655481,35.349896783164,30.7154098989528,40.6836570532941,"Humidité relative","%","intensite","IC","moyen","sans_2202_2024"
79.6510067114094,35.5134732689432,30.8501286492753,40.881734982767,"Humidité relative","%","intensite","IC","moyen","sans_2202_2024"
80.1599552572707,35.6845847932234,30.9910431880805,41.088955416464,"Humidité relative","%","intensite","IC","moyen","sans_2202_2024"
80.668903803132,35.8631624417254,31.1380315764778,41.3053219874432,"Humidité relative","%","intensite","IC","moyen","sans_2202_2024"
81.1778523489933,36.049138622653,31.2909685684086,41.530845956212,"Humidité relative","%","intensite","IC","moyen","sans_2202_2024"
81.6868008948546,36.2424468113034,31.4497257365049,41.7655454891777,"Humidité relative","%","intensite","IC","moyen","sans_2202_2024"
82.1957494407159,36.4430212975413,31.6141716053589,42.0094449372801,"Humidité relative","%","intensite","IC","moyen","sans_2202_2024"
82.7046979865772,36.6507969358102,31.7841717942924,42.2625741115333,"Humidité relative","%","intensite","IC","moyen","sans_2202_2024"
83.2136465324385,36.8657088973874,31.9595891712834,42.5249675527145,"Humidité relative","%","intensite","IC","moyen","sans_2202_2024"
83.7225950782998,37.0876924246108,32.1402840192493,42.7966637929748,"Humidité relative","%","intensite","IC","moyen","sans_2202_2024"
84.2315436241611,37.3166825868321,32.3261142154042,43.0777046077133,"Humidité relative","%","intensite","IC","moyen","sans_2202_2024"
84.7404921700224,37.5526140378781,32.5169354239023,43.3681342566262,"Humidité relative","%","intensite","IC","moyen","sans_2202_2024"
85.2494407158837,37.7954207748228,32.7126013014807,43.6679987134268,"Humidité relative","%","intensite","IC","moyen","sans_2202_2024"
85.758389261745,38.0450358979016,32.9129637153061,43.9773448843047,"Humidité relative","%","intensite","IC","moyen","sans_2202_2024"
86.2673378076063,38.3013913714197,33.1178729717461,44.2962198157533,"Humidité relative","%","intensite","IC","moyen","sans_2202_2024"
86.7762863534676,38.5644177855316,33.3271780543259,44.624669892925,"Humidité relative","%","intensite","IC","moyen","sans_2202_2024"
87.2852348993289,38.8340441187957,33.5407268687126,44.9627400301612,"Humidité relative","%","intensite","IC","moyen","sans_2202_2024"
87.7941834451902,39.1101975014253,33.7583664921985,45.3104728557878,"Humidité relative","%","intensite","IC","moyen","sans_2202_2024"
88.3031319910514,39.3928029791898,33.9799434248542,45.6679078936378,"Humidité relative","%","intensite","IC","moyen","sans_2202_2024"
88.8120805369127,39.6817832779343,34.2053038392842,46.0350807440716,"Humidité relative","%","intensite","IC","moyen","sans_2202_2024"
89.321029082774,39.977058568719,34.4342938257697,46.4120222674862,"Humidité relative","%","intensite","IC","moyen","sans_2202_2024"
89.8299776286353,40.2785462335956,34.6667596295119,46.7987577734487,"Humidité relative","%","intensite","IC","moyen","sans_2202_2024"
90.3389261744966,40.586160632069,34.9025478767115,47.1953062186389,"Humidité relative","%","intensite","IC","moyen","sans_2202_2024"
90.8478747203579,40.8998128683113,35.1415057863263,47.6016794167589,"Humidité relative","%","intensite","IC","moyen","sans_2202_2024"
91.3568232662192,41.2194105592228,35.3834813645392,48.0178812634452,"Humidité relative","%","intensite","IC","moyen","sans_2202_2024"
91.8657718120805,41.5448576034591,35.6283235792392,48.443906979037,"Humidité relative","%","intensite","IC","moyen","sans_2202_2024"
92.3747203579418,41.8760539515656,35.8758825121492,48.8797423717894,"Humidité relative","%","intensite","IC","moyen","sans_2202_2024"
92.8836689038031,42.2128953773888,36.1260094866297,49.3253631238143,"Humidité relative","%","intensite","IC","moyen","sans_2202_2024"
93.3926174496644,42.5552732509565,36.3785571696203,49.7807341016784,"Humidité relative","%","intensite","IC","moyen","sans_2202_2024"
93.9015659955257,42.903074313045,36.6333796466405,50.2458086932054,"Humidité relative","%","intensite","IC","moyen","sans_2202_2024"
94.410514541387,43.2561804516773,36.8903324692517,50.7205281716461,"Humidité relative","%","intensite","IC","moyen","sans_2202_2024"
94.9194630872483,43.6144684808195,37.1492726748491,51.2048210879843,"Humidité relative","%","intensite","IC","moyen","sans_2202_2024"
95.4284116331096,43.9778099215705,37.4100587791157,51.6986026917838,"Humidité relative","%","intensite","IC","moyen","sans_2202_2024"
95.9373601789709,44.346070786165,37.6725507418952,52.2017743806381,"Humidité relative","%","intensite","IC","moyen","sans_2202_2024"
96.4463087248322,44.7191113651326,37.9366099076349,52.7142231779826,"Humidité relative","%","intensite","IC","moyen","sans_2202_2024"
96.9552572706935,45.096786017986,38.2020989218896,53.235821238783,"Humidité relative","%","intensite","IC","moyen","sans_2202_2024"
97.4642058165548,45.4789429678318,38.4688816256706,53.7664253824079,"Humidité relative","%","intensite","IC","moyen","sans_2202_2024"
97.9731543624161,45.8654241003259,38.7368229296519,54.3058766518635,"Humidité relative","%","intensite","IC","moyen","sans_2202_2024"
98.4821029082774,46.2560647674182,39.0057886704242,54.8539998984802,"Humidité relative","%","intensite","IC","moyen","sans_2202_2024"
98.9910514541387,46.6506935963584,39.2756454511005,55.4106033911235,"Humidité relative","%","intensite","IC","moyen","sans_2202_2024"
99.5,47.0491323044552,39.5462604686384,55.9754784490334,"Humidité relative","%","intensite","IC","moyen","sans_2202_2024"
1001.78133333333,42.6237190426152,33.3798195612345,54.4275388215013,"Pression atmosphérique","hPa","intensite","IC","moyen","sans_2202_2024"
1001.99749440716,42.6103216974831,33.4489819840137,54.2808602076664,"Pression atmosphérique","hPa","intensite","IC","moyen","sans_2202_2024"
1002.21365548098,42.5955603528888,33.5156784867112,54.1353134920417,"Pression atmosphérique","hPa","intensite","IC","moyen","sans_2202_2024"
1002.42981655481,42.579421767948,33.5798866621871,53.9908659112408,"Pression atmosphérique","hPa","intensite","IC","moyen","sans_2202_2024"
1002.64597762864,42.5618928566485,33.6415857617076,53.8474831826381,"Pression atmosphérique","hPa","intensite","IC","moyen","sans_2202_2024"
1002.86213870246,42.5429606923569,33.7007567383175,53.705129487896,"Pression atmosphérique","hPa","intensite","IC","moyen","sans_2202_2024"
1003.07829977629,42.5226125123432,33.757382286587,53.5637674605278,"Pression atmosphérique","hPa","intensite","IC","moyen","sans_2202_2024"
1003.29446085011,42.5008357223203,33.811446878434,53.4233581777829,"Pression atmosphérique","hPa","intensite","IC","moyen","sans_2202_2024"
1003.51062192394,42.477617900997,33.8629367947291,53.2838611571324,"Pression atmosphérique","hPa","intensite","IC","moyen","sans_2202_2024"
1003.72678299776,42.4529468046418,33.9118401524069,53.1452343576181,"Pression atmosphérique","hPa","intensite","IC","moyen","sans_2202_2024"
1003.94294407159,42.4268103716576,33.9581469268218,53.0074341863111,"Pression atmosphérique","hPa","intensite","IC","moyen","sans_2202_2024"
1004.15910514541,42.3991967271628,34.0018489691084,52.8704155101066,"Pression atmosphérique","hPa","intensite","IC","moyen","sans_2202_2024"
1004.37526621924,42.3700941875797,34.0429400183266,52.7341316730558,"Pression atmosphérique","hPa","intensite","IC","moyen","sans_2202_2024"
1004.59142729306,42.3394912652258,34.0814157081982,52.5985345194131,"Pression atmosphérique","hPa","intensite","IC","moyen","sans_2202_2024"
1004.80758836689,42.3073766729076,34.1172735682694,52.4635744225466,"Pression atmosphérique","hPa","intensite","IC","moyen","sans_2202_2024"
1005.02374944072,42.2737393285143,34.1505130193627,52.3292003198294,"Pression atmosphérique","hPa","intensite","IC","moyen","sans_2202_2024"
1005.23991051454,42.2385683596092,34.1811353632144,52.1953597535971,"Pression atmosphérique","hPa","intensite","IC","moyen","sans_2202_2024"
1005.45607158837,42.2018531080175,34.2091437662285,52.061998918222,"Pression atmosphérique","hPa","intensite","IC","moyen","sans_2202_2024"
1005.67223266219,42.1635831344073,34.2345432373094,51.9290627133191,"Pression atmosphérique","hPa","intensite","IC","moyen","sans_2202_2024"
1005.88839373602,42.1237482228622,34.2573405997762,51.7964948030635,"Pression atmosphérique","hPa","intensite","IC","moyen","sans_2202_2024"
1006.10455480984,42.082338385444,34.2775444573933,51.6642376815603,"Pression atmosphérique","hPa","intensite","IC","moyen","sans_2202_2024"
1006.32071588367,42.0393438667422,34.2951651545904,51.5322327441728,"Pression atmosphérique","hPa","intensite","IC","moyen","sans_2202_2024"
1006.53687695749,41.9947551484085,34.3102147309805,51.4004203646785,"Pression atmosphérique","hPa","intensite","IC","moyen","sans_2202_2024"
1006.75303803132,41.9485629536741,34.3227068703172,51.268739978086,"Pression atmosphérique","hPa","intensite","IC","moyen","sans_2202_2024"
1006.96919910515,41.9007582518481,34.3326568440684,51.137130168915,"Pression atmosphérique","hPa","intensite","IC","moyen","sans_2202_2024"
1007.18536017897,41.8513322627934,34.3400814498128,51.0055287647048,"Pression atmosphérique","hPa","intensite","IC","moyen","sans_2202_2024"
1007.4015212528,41.800276461379,34.3449989446944,50.8738729344942,"Pression atmosphérique","hPa","intensite","IC","moyen","sans_2202_2024"
1007.61768232662,41.7475825819057,34.3474289741979,50.7420992919817,"Pression atmosphérique","hPa","intensite","IC","moyen","sans_2202_2024"
1007.83384340045,41.6932426225033,34.3473924965299,50.6101440030577,"Pression atmosphérique","hPa","intensite","IC","moyen","sans_2202_2024"
1008.05000447427,41.6372488494958,34.3449117029101,50.4779428973736,"Pression atmosphérique","hPa","intensite","IC","moyen","sans_2202_2024"
1008.2661655481,41.5795938017344,34.340009934095,50.3454315836031,"Pression atmosphérique","hPa","intensite","IC","moyen","sans_2202_2024"
1008.48232662192,41.5202702948934,34.3327115934667,50.2125455680308,"Pression atmosphérique","hPa","intensite","IC","moyen","sans_2202_2024"
1008.69848769575,41.459271425728,34.323042057031,50.0792203760994,"Pression atmosphérique","hPa","intensite","IC","moyen","sans_2202_2024"
1008.91464876958,41.3965905762913,34.3110275806703,49.9453916765383,"Pression atmosphérique","hPa","intensite","IC","moyen","sans_2202_2024"
1009.1308098434,41.332221418108,34.2966952050009,49.8109954076977,"Pression atmosphérique","hPa","intensite","IC","moyen","sans_2202_2024"
1009.34697091723,41.266157916302,34.2800726581799,49.6759679057107,"Pression atmosphérique","hPa","intensite","IC","moyen","sans_2202_2024"
1009.56313199105,41.198394333676,34.2611882570012,49.5402460341177,"Pression atmosphérique","hPa","intensite","IC","moyen","sans_2202_2024"
1009.77929306488,41.1289252347396,34.2400708066077,49.4037673145919,"Pression atmosphérique","hPa","intensite","IC","moyen","sans_2202_2024"
1009.9954541387,41.0577454896852,34.2167494991379,49.2664700584207,"Pression atmosphérique","hPa","intensite","IC","moyen","sans_2202_2024"
1010.21161521253,40.9848502783066,34.191253811603,49.1282934984141,"Pression atmosphérique","hPa","intensite","IC","moyen","sans_2202_2024"
1010.42777628635,40.9102350938604,34.1636134032769,48.9891779209277,"Pression atmosphérique","hPa","intensite","IC","moyen","sans_2202_2024"
1010.64393736018,40.8338957468653,34.1338580128555,48.8490647977116,"Pression atmosphérique","hPa","intensite","IC","moyen","sans_2202_2024"
1010.860098434,40.7558283688393,34.1020173556212,48.7078969173209,"Pression atmosphérique","hPa","intensite","IC","moyen","sans_2202_2024"
1011.07625950783,40.6760294159689,34.0681210208208,48.5656185158433,"Pression atmosphérique","hPa","intensite","IC","moyen","sans_2202_2024"
1011.29242058166,40.5944956727117,34.0321983694399,48.4221754067348,"Pression atmosphérique","hPa","intensite","IC","moyen","sans_2202_2024"
1011.50858165548,40.5112242553264,33.9942784325281,48.2775151095713,"Pression atmosphérique","hPa","intensite","IC","moyen","sans_2202_2024"
1011.72474272931,40.4262126153301,33.9543898102015,48.1315869775653,"Pression atmosphérique","hPa","intensite","IC","moyen","sans_2202_2024"
1011.94090380313,40.3394585428778,33.9125605714198,47.98434232371,"Pression atmosphérique","hPa","intensite","IC","moyen","sans_2202_2024"
1012.15706487696,40.2509601700657,33.8688181546079,47.8357345454582,"Pression atmosphérique","hPa","intensite","IC","moyen","sans_2202_2024"
1012.37322595078,40.1607159741503,33.8231892691625,47.6857192478559,"Pression atmosphérique","hPa","intensite","IC","moyen","sans_2202_2024"
1012.58938702461,40.0687247806858,33.7756997978578,47.5342543650915,"Pression atmosphérique","hPa","intensite","IC","moyen","sans_2202_2024"
1012.80554809843,39.9749857665739,33.7263747001386,47.3813002804365,"Pression atmosphérique","hPa","intensite","IC","moyen","sans_2202_2024"
1013.02170917226,39.8794984630257,33.6752379162625,47.2268199445871,"Pression atmosphérique","hPa","intensite","IC","moyen","sans_2202_2024"
1013.23787024609,39.7822627584313,33.6223122722329,47.0707789924338,"Pression atmosphérique","hPa","intensite","IC","moyen","sans_2202_2024"
1013.45403131991,39.6832789011366,33.5676193854403,46.9131458583098,"Pression atmosphérique","hPa","intensite","IC","moyen","sans_2202_2024"
1013.67019239374,39.5825475021228,33.511179570915,46.7538918897874,"Pression atmosphérique","hPa","intensite","IC","moyen","sans_2202_2024"
1013.88635346756,39.4800695375886,33.4530117480723,46.592991460108,"Pression atmosphérique","hPa","intensite","IC","moyen","sans_2202_2024"
1014.10251454139,39.3758463514294,33.3931333478265,46.4304220793432,"Pression atmosphérique","hPa","intensite","IC","moyen","sans_2202_2024"
1014.31867561521,39.2698796576155,33.3315602199323,46.266164504397,"Pression atmosphérique","hPa","intensite","IC","moyen","sans_2202_2024"
1014.53483668904,39.1621715424616,33.2683065404125,46.1002028479619,"Pression atmosphérique","hPa","intensite","IC","moyen","sans_2202_2024"
1014.75099776286,39.0527244667913,33.2033847189276,45.9325246865488,"Pression atmosphérique","hPa","intensite","IC","moyen","sans_2202_2024"
1014.96715883669,38.9415412679881,33.1368053059439,45.7631211677008,"Pression atmosphérique","hPa","intensite","IC","moyen","sans_2202_2024"
1015.18331991051,38.828625161936,33.0685768995676,45.5919871165017,"Pression atmosphérique","hPa","intensite","IC","moyen","sans_2202_2024"
1015.39948098434,38.7139797448437,32.9987060519261,45.4191211414692,"Pression atmosphérique","hPa","intensite","IC","moyen","sans_2202_2024"
1015.61564205817,38.5976089949525,32.927197174997,45.2445257399097,"Pression atmosphérique","hPa","intensite","IC","moyen","sans_2202_2024"
1015.83180313199,38.479517274124,32.8540524458126,45.0682074027774,"Pression atmosphérique","hPa","intensite","IC","moyen","sans_2202_2024"
1016.04796420582,38.3597093293076,32.779271711006,44.8901767190548,"Pression atmosphérique","hPa","intensite","IC","moyen","sans_2202_2024"
1016.26412527964,38.2381902938829,32.7028523907061,44.7104484796175,"Pression atmosphérique","hPa","intensite","IC","moyen","sans_2202_2024"
1016.48028635347,38.1149656888776,32.6247893818456,44.5290417805031,"Pression atmosphérique","hPa","intensite","IC","moyen","sans_2202_2024"
1016.69644742729,37.9900414240573,32.5450749610101,44.3459801254302,"Pression atmosphérique","hPa","intensite","IC","moyen","sans_2202_2024"
1016.91260850112,37.8634237988864,32.4636986870366,44.1612915273439,"Pression atmosphérique","hPa","intensite","IC","moyen","sans_2202_2024"
1017.12876957494,37.735119503356,32.3806473036574,43.9750086086674,"Pression atmosphérique","hPa","intensite","IC","moyen","sans_2202_2024"
1017.34493064877,37.6051356186807,32.295904642597,43.7871686998409,"Pression atmosphérique","hPa","intensite","IC","moyen","sans_2202_2024"
1017.5610917226,37.4734796178583,32.2094515276466,43.5978139355992,"Pression atmosphérique","hPa","intensite","IC","moyen","sans_2202_2024"
1017.77725279642,37.3401593660934,32.1212656803869,43.4069913483079,"Pression atmosphérique","hPa","intensite","IC","moyen","sans_2202_2024"
1017.99341387025,37.2051831210829,32.031321628385,43.2147529575135,"Pression atmosphérique","hPa","intensite","IC","moyen","sans_2202_2024"
1018.20957494407,37.0685595331607,31.9395906168726,43.0211558546902,"Pression atmosphérique","hPa","intensite","IC","moyen","sans_2202_2024"
1018.4257360179,36.9302976453002,31.846040525113,42.8262622819615,"Pression atmosphérique","hPa","intensite","IC","moyen","sans_2202_2024"
1018.64189709172,36.790406892975,31.7506357888852,42.6301397033594,"Pression atmosphérique","hPa","intensite","IC","moyen","sans_2202_2024"
1018.85805816555,36.6488971038731,31.6533373307554,42.4328608669406,"Pression atmosphérique","hPa","intensite","IC","moyen","sans_2202_2024"
1019.07421923937,36.5057784974666,31.5541025000705,42.2345038558177,"Pression atmosphérique","hPa","intensite","IC","moyen","sans_2202_2024"
1019.2903803132,36.3610616844323,31.452885024886,42.0351521258863,"Pression atmosphérique","hPa","intensite","IC","moyen","sans_2202_2024"
1019.50654138702,36.2147576659256,31.3496349783376,41.8348945277341,"Pression atmosphérique","hPa","intensite","IC","moyen","sans_2202_2024"
1019.72270246085,36.0668778327021,31.2442987622689,41.6338253099138,"Pression atmosphérique","hPa","intensite","IC","moyen","sans_2202_2024"
1019.93886353468,35.9174339640911,31.136819111238,41.4320441004596,"Pression atmosphérique","hPa","intensite","IC","moyen","sans_2202_2024"
1020.1550246085,35.7664382268142,31.0271351203211,41.2296558632215,"Pression atmosphérique","hPa","intensite","IC","moyen","sans_2202_2024"
1020.37118568233,35.6139031736532,30.9151823004241,41.0267708253155,"Pression atmosphérique","hPa","intensite","IC","moyen","sans_2202_2024"
1020.58734675615,35.4598417419632,30.800892665053,40.8235043717332,"Pression atmosphérique","hPa","intensite","IC","moyen","sans_2202_2024"
1020.80350782998,35.304267252031,30.6841948527065,40.6199769029588,"Pression atmosphérique","hPa","intensite","IC","moyen","sans_2202_2024"
1021.0196689038,35.1471934052782,30.5650142891766,40.4163136513067,"Pression atmosphérique","hPa","intensite","IC","moyen","sans_2202_2024"
1021.23582997763,34.9886342823092,30.4432733940875,40.2126444516622,"Pression atmosphérique","hPa","intensite","IC","moyen","sans_2202_2024"
1021.45199105145,34.8286043408014,30.3188918359182,40.0091034623841,"Pression atmosphérique","hPa","intensite","IC","moyen","sans_2202_2024"
1021.66815212528,34.6671254970855,30.1917930087,39.8058369665016,"Pression atmosphérique","hPa","intensite","IC","moyen","sans_2202_2024"
1021.88431319911,34.5047035976102,30.0623227013505,39.6035456803027,"Pression atmosphérique","hPa","intensite","IC","moyen","sans_2202_2024"
1022.10047427293,34.3426186977777,29.9315222819304,39.403791357881,"Pression atmosphérique","hPa","intensite","IC","moyen","sans_2202_2024"
1022.31663534676,34.1821986128795,29.8005085332416,39.208146421629,"Pression atmosphérique","hPa","intensite","IC","moyen","sans_2202_2024"
1022.53279642058,34.0247464067364,29.6704111994627,39.0181100039384,"Pression atmosphérique","hPa","intensite","IC","moyen","sans_2202_2024"
1022.74895749441,33.8715412817172,29.5423732223029,38.8351098324402,"Pression atmosphérique","hPa","intensite","IC","moyen","sans_2202_2024"
1022.96511856823,33.7238399564866,29.4175506764851,38.6605055573107,"Pression atmosphérique","hPa","intensite","IC","moyen","sans_2202_2024"
1023.18127964206,33.5828785165536,29.2971124495667,38.495593427477,"Pression atmosphérique","hPa","intensite","IC","moyen","sans_2202_2024"
1023.39744071588,33.449874724416,29.1822397267277,38.3416122119764,"Pression atmosphérique","hPa","intensite","IC","moyen","sans_2202_2024"
1023.61360178971,33.3260307782977,29.0741253531836,38.1997502571279,"Pression atmosphérique","hPa","intensite","IC","moyen","sans_2202_2024"
1023.82976286353,33.2125365111537,28.9739731541615,38.0711535706757,"Pression atmosphérique","hPa","intensite","IC","moyen","sans_2202_2024"
1024.04592393736,33.1105730247466,28.8829972941145,37.956934831361,"Pression atmosphérique","hPa","intensite","IC","moyen","sans_2202_2024"
1024.26208501119,33.0213167571844,28.8024217527225,37.8581832368049,"Pression atmosphérique","hPa","intensite","IC","moyen","sans_2202_2024"
1024.47824608501,32.9459439863494,28.733479985303,37.775975124032,"Pression atmosphérique","hPa","intensite","IC","moyen","sans_2202_2024"
1024.69440715884,32.8856357761526,28.677414819984,37.7113853250169,"Pression atmosphérique","hPa","intensite","IC","moyen","sans_2202_2024"
1024.91056823266,32.8415833775331,28.6354786240815,37.6654992536571,"Pression atmosphérique","hPa","intensite","IC","moyen","sans_2202_2024"
1025.12672930649,32.8149941016281,28.6089337483788,37.6394257598262,"Pression atmosphérique","hPa","intensite","IC","moyen","sans_2202_2024"
1025.34289038031,32.8070976885868,28.5990532312869,37.634310829948,"Pression atmosphérique","hPa","intensite","IC","moyen","sans_2202_2024"
1025.55905145414,32.8191532021588,28.6071217159157,37.6513522612631,"Pression atmosphérique","hPa","intensite","IC","moyen","sans_2202_2024"
1025.77521252796,32.8524564875189,28.6344365025671,37.6918154882345,"Pression atmosphérique","hPa","intensite","IC","moyen","sans_2202_2024"
1025.99137360179,32.9083482378661,28.6823086276312,37.7570507940701,"Pression atmosphérique","hPa","intensite","IC","moyen","sans_2202_2024"
1026.20753467562,32.9880415990168,28.7518893189557,37.8483262948923,"Pression atmosphérique","hPa","intensite","IC","moyen","sans_2202_2024"
1026.42369574944,33.0916896475511,28.8432646382506,37.9658799884125,"Pression atmosphérique","hPa","intensite","IC","moyen","sans_2202_2024"
1026.63985682327,33.2190688488108,28.9561123520766,38.1096233418535,"Pression atmosphérique","hPa","intensite","IC","moyen","sans_2202_2024"
1026.85601789709,33.3699996486827,29.0901080557187,38.2795716818995,"Pression atmosphérique","hPa","intensite","IC","moyen","sans_2202_2024"
1027.07217897092,33.5443450547483,29.2449243315481,38.4758419066305,"Pression atmosphérique","hPa","intensite","IC","moyen","sans_2202_2024"
1027.28834004474,33.7420085434934,29.4202288837491,38.6986500019403,"Pression atmosphérique","hPa","intensite","IC","moyen","sans_2202_2024"
1027.50450111857,33.9629321107609,29.6156825599557,38.948309066488,"Pression atmosphérique","hPa","intensite","IC","moyen","sans_2202_2024"
1027.72066219239,34.2070944502843,29.8309373749939,39.2252276896784,"Pression atmosphérique","hPa","intensite","IC","moyen","sans_2202_2024"
1027.93682326622,34.4745092461843,30.0656346591543,39.5299085230978,"Pression atmosphérique","hPa","intensite","IC","moyen","sans_2202_2024"
1028.15298434004,34.7652235662554,30.3194034589729,39.8629468830804,"Pression atmosphérique","hPa","intensite","IC","moyen","sans_2202_2024"
1028.36914541387,35.0793163436977,30.59185932091,40.225029222075,"Pression atmosphérique","hPa","intensite","IC","moyen","sans_2202_2024"
1028.5853064877,35.4168969356936,30.8826035858806,40.616931311032,"Pression atmosphérique","hPa","intensite","IC","moyen","sans_2202_2024"
1028.80146756152,35.7781037478831,31.1912233134572,41.0395159859604,"Pression atmosphérique","hPa","intensite","IC","moyen","sans_2202_2024"
1029.01762863535,36.1631029143825,31.5172919370615,41.4937303308854,"Pression atmosphérique","hPa","intensite","IC","moyen","sans_2202_2024"
1029.23378970917,36.5720870234994,31.8603707243332,41.9806021978549,"Pression atmosphérique","hPa","intensite","IC","moyen","sans_2202_2024"
1029.449950783,37.0052738797608,32.220011079767,42.5012360028652,"Pression atmosphérique","hPa","intensite","IC","moyen","sans_2202_2024"
1029.66611185682,37.4629052932642,32.5957576804561,43.0568077837191,"Pression atmosphérique","hPa","intensite","IC","moyen","sans_2202_2024"
1029.88227293065,37.9452458877307,32.9871523827112,43.6485595596597,"Pression atmosphérique","hPa","intensite","IC","moyen","sans_2202_2024"
1030.09843400447,38.4525819189395,33.3937387812506,44.2777930892523,"Pression atmosphérique","hPa","intensite","IC","moyen","sans_2202_2024"
1030.3145950783,38.9852200955101,33.8150672487754,44.9458631773211,"Pression atmosphérique","hPa","intensite","IC","moyen","sans_2202_2024"
1030.53075615213,39.5434863942296,34.2507002379216,45.6541707278541,"Pression atmosphérique","hPa","intensite","IC","moyen","sans_2202_2024"
1030.74691722595,40.1277248623595,34.7002175956674,46.4041557719302,"Pression atmosphérique","hPa","intensite","IC","moyen","sans_2202_2024"
1030.96307829978,40.7382963995305,35.163221626938,47.1972907131067,"Pression atmosphérique","hPa","intensite","IC","moyen","sans_2202_2024"
1031.1792393736,41.3755775120251,35.6393416521265,48.0350740247597,"Pression atmosphérique","hPa","intensite","IC","moyen","sans_2202_2024"
1031.39540044743,42.0399590323914,36.1282378324929,48.9190246045054,"Pression atmosphérique","hPa","intensite","IC","moyen","sans_2202_2024"
1031.61156152125,42.7318447975025,36.6296040851318,49.8506769429984,"Pression atmosphérique","hPa","intensite","IC","moyen","sans_2202_2024"
1031.82772259508,43.4516502782992,37.1431699700519,50.83157720329,"Pression atmosphérique","hPa","intensite","IC","moyen","sans_2202_2024"
1032.0438836689,44.1998011546069,37.6687014990974,51.8632802395272,"Pression atmosphérique","hPa","intensite","IC","moyen","sans_2202_2024"
1032.26004474273,44.9767318285418,38.2060008826053,52.9473475172734,"Pression atmosphérique","hPa","intensite","IC","moyen","sans_2202_2024"
1032.47620581655,45.7828838701897,38.7549052883681,54.0853458387987,"Pression atmosphérique","hPa","intensite","IC","moyen","sans_2202_2024"
1032.69236689038,46.6187043893688,39.3152847336909,55.278846730085,"Pression atmosphérique","hPa","intensite","IC","moyen","sans_2202_2024"
1032.90852796421,47.4846443274636,39.8870392624626,56.5294263148704,"Pression atmosphérique","hPa","intensite","IC","moyen","sans_2202_2024"
1033.12468903803,48.3811566635024,40.4700955746389,57.838665485268,"Pression atmosphérique","hPa","intensite","IC","moyen","sans_2202_2024"
1033.34085011186,49.3086945288249,41.0644032767388,59.2081501769737,"Pression atmosphérique","hPa","intensite","IC","moyen","sans_2202_2024"
1033.55701118568,50.267709224943,41.669930911589,60.6394715672704,"Pression atmosphérique","hPa","intensite","IC","moyen","sans_2202_2024"
1033.77317225951,51.2586481394201,42.2866619068732,62.1342260324835,"Pression atmosphérique","hPa","intensite","IC","moyen","sans_2202_2024"
1033.98933333333,52.281952554868,42.9145905584906,63.6940147249913,"Pression atmosphérique","hPa","intensite","IC","moyen","sans_2202_2024"
12,0.998089758182924,0.992463414886159,0.999517865779976,"Température","°C","presence","IC","rafale_max","sans_2202_2024"
12.1514630872483,0.998055658420536,0.992447393786158,0.999501540673064,"Température","°C","presence","IC","rafale_max","sans_2202_2024"
12.3029261744966,0.998021222125445,0.99242949504818,0.99948493077174,"Température","°C","presence","IC","rafale_max","sans_2202_2024"
12.454389261745,0.997986459674775,0.992409717615552,0.999468046887449,"Température","°C","presence","IC","rafale_max","sans_2202_2024"
12.6058523489933,0.997951382118961,0.992388063142603,0.999450900600792,"Température","°C","presence","IC","rafale_max","sans_2202_2024"
12.7573154362416,0.99791600119363,0.992364536209205,0.999433504222776,"Température","°C","presence","IC","rafale_max","sans_2202_2024"
12.9087785234899,0.997880329330802,0.992339144539655,0.999415870750137,"Température","°C","presence","IC","rafale_max","sans_2202_2024"
13.0602416107383,0.997844379669348,0.992311899224524,0.999398013815061,"Température","°C","presence","IC","rafale_max","sans_2202_2024"
13.2117046979866,0.997808166064667,0.992282814943859,0.999379947629647,"Température","°C","presence","IC","rafale_max","sans_2202_2024"
13.3631677852349,0.997771703097493,0.992251910190016,0.999361686925598,"Température","°C","presence","IC","rafale_max","sans_2202_2024"
13.5146308724832,0.997735006081809,0.992219207488221,0.999343246889712,"Température","°C","presence","IC","rafale_max","sans_2202_2024"
13.6660939597315,0.997698091071768,0.992184733612797,0.999324643095783,"Température","°C","presence","IC","rafale_max","sans_2202_2024"
13.8175570469799,0.997660974867607,0.99214851979687,0.999305891433662,"Température","°C","presence","IC","rafale_max","sans_2202_2024"
13.9690201342282,0.997623675020448,0.992110601933253,0.999287008036227,"Température","°C","presence","IC","rafale_max","sans_2202_2024"
14.1204832214765,0.997586209835961,0.992071020764071,0.999268009205118,"Température","°C","presence","IC","rafale_max","sans_2202_2024"
14.2719463087248,0.997548598376813,0.992029822056644,0.999248911336096,"Température","°C","presence","IC","rafale_max","sans_2202_2024"
14.4234093959732,0.997510860463841,0.991987056763061,0.999229730844936,"Température","°C","presence","IC","rafale_max","sans_2202_2024"
14.5748724832215,0.997473016675903,0.991942781160839,0.999210484094756,"Température","°C","presence","IC","rafale_max","sans_2202_2024"
14.7263355704698,0.997435088348333,0.991897056972072,0.999191187325691,"Température","°C","presence","IC","rafale_max","sans_2202_2024"
14.8777986577181,0.997397097569958,0.991849951458469,0.999171856587808,"Température","°C","presence","IC","rafale_max","sans_2202_2024"
15.0292617449664,0.997359067178607,0.991801537489724,0.999152507678101,"Température","°C","presence","IC","rafale_max","sans_2202_2024"
15.1807248322148,0.997321020755067,0.99175189358276,0.999133156082385,"Température","°C","presence","IC","rafale_max","sans_2202_2024"
15.3321879194631,0.997282982615432,0.991701103909436,0.99911381692283,"Température","°C","presence","IC","rafale_max","sans_2202_2024"
15.4836510067114,0.99724497780179,0.991649258270487,0.999094504911814,"Température","°C","presence","IC","rafale_max","sans_2202_2024"
15.6351140939597,0.997207032071201,0.991596452033564,0.99907523431268,"Température","°C","presence","IC","rafale_max","sans_2202_2024"
15.786577181208,0.99716917188292,0.99154278603344,0.999056018907927,"Température","°C","presence","IC","rafale_max","sans_2202_2024"
15.9380402684564,0.997131424383832,0.991488366432637,0.999036871975241,"Température","°C","presence","IC","rafale_max","sans_2202_2024"
16.0895033557047,0.99709381739203,0.991433304540923,0.999017806271694,"Température","°C","presence","IC","rafale_max","sans_2202_2024"
16.240966442953,0.997056379378541,0.991377716592382,0.998998834026358,"Température","°C","presence","IC","rafale_max","sans_2202_2024"
16.3924295302013,0.997019139447125,0.991321723478976,0.998979966941477,"Température","°C","presence","IC","rafale_max","sans_2202_2024"
16.5438926174497,0.996982127312147,0.991265450439789,0.998961216202257,"Température","°C","presence","IC","rafale_max","sans_2202_2024"
16.695355704698,0.996945373274483,0.99120902670541,0.998942592495266,"Température","°C","presence","IC","rafale_max","sans_2202_2024"
16.8468187919463,0.996908908195443,0.99115258509717,0.998924106035355,"Température","°C","presence","IC","rafale_max","sans_2202_2024"
16.9982818791946,0.996872763468692,0.991096261581256,0.998905766600963,"Température","°C","presence","IC","rafale_max","sans_2202_2024"
17.1497449664429,0.996836970990165,0.991040194777983,0.998887583577591,"Température","°C","presence","IC","rafale_max","sans_2202_2024"
17.3012080536913,0.996801563125961,0.990984525426824,0.998869566009219,"Température","°C","presence","IC","rafale_max","sans_2202_2024"
17.4526711409396,0.996766572678222,0.990929395808065,0.998851722657384,"Température","°C","presence","IC","rafale_max","sans_2202_2024"
17.6041342281879,0.996732032848999,0.990874949122275,0.998834062067626,"Température","°C","presence","IC","rafale_max","sans_2202_2024"
17.7555973154362,0.996697977202119,0.99082132882905,0.998816592642975,"Température","°C","presence","IC","rafale_max","sans_2202_2024"
17.9070604026846,0.996664439623068,0.990768677946805,0.998799322724171,"Température","°C","presence","IC","rafale_max","sans_2202_2024"
18.0585234899329,0.996631454276917,0.990717138315671,0.998782260676281,"Température","°C","presence","IC","rafale_max","sans_2202_2024"
18.2099865771812,0.996599055564317,0.990666849825851,0.998765414981386,"Température","°C","presence","IC","rafale_max","sans_2202_2024"
18.3614496644295,0.996567278075608,0.990617949614075,0.99874879433703,"Température","°C","presence","IC","rafale_max","sans_2202_2024"
18.5129127516778,0.996536156543076,0.990570571231079,0.998732407760088,"Température","°C","presence","IC","rafale_max","sans_2202_2024"
18.6643758389262,0.996505725791417,0.990524843783314,0.998716264695761,"Température","°C","presence","IC","rafale_max","sans_2202_2024"
18.8158389261745,0.99647602068647,0.990480891052362,0.998700375131367,"Température","°C","presence","IC","rafale_max","sans_2202_2024"
18.9673020134228,0.996447076082271,0.990438830595818,0.998684749714597,"Température","°C","presence","IC","rafale_max","sans_2202_2024"
19.1187651006711,0.996418926766516,0.990398772833639,0.998669399875895,"Température","°C","presence","IC","rafale_max","sans_2202_2024"
19.2702281879195,0.996391607404507,0.990360820124236,0.998654337954573,"Température","°C","presence","IC","rafale_max","sans_2202_2024"
19.4216912751678,0.996365152481671,0.99032506583482,0.998639577328242,"Température","°C","presence","IC","rafale_max","sans_2202_2024"
19.5731543624161,0.996339596244746,0.990291593410773,0.998625132545066,"Température","°C","presence","IC","rafale_max","sans_2202_2024"
19.7246174496644,0.996314972641739,0.990260475449017,0.998611019458245,"Température","°C","presence","IC","rafale_max","sans_2202_2024"
19.8760805369127,0.996291315260765,0.990231772780619,0.998597255362054,"Température","°C","presence","IC","rafale_max","sans_2202_2024"
20.0275436241611,0.996268657267888,0.990205533568073,0.998583859128583,"Température","°C","presence","IC","rafale_max","sans_2202_2024"
20.1790067114094,0.996247031344089,0.990181792422896,0.99857085134419,"Température","°C","presence","IC","rafale_max","sans_2202_2024"
20.3304697986577,0.996226469621484,0.990160569549435,0.998558254444426,"Température","°C","presence","IC","rafale_max","sans_2202_2024"
20.481932885906,0.996207001366735,0.990141855643874,0.998546093238826,"Température","°C","presence","IC","rafale_max","sans_2202_2024"
20.6333959731544,0.99618864554439,0.990125568154079,0.998534395825207,"Température","°C","presence","IC","rafale_max","sans_2202_2024"
20.7848590604027,0.996171417620516,0.990111602301201,0.998523191375386,"Température","°C","presence","IC","rafale_max","sans_2202_2024"
20.936322147651,0.996155332037314,0.990099850360813,0.998512509175059,"Température","°C","presence","IC","rafale_max","sans_2202_2024"
21.0877852348993,0.996140402193171,0.990090204141651,0.998502378206717,"Température","°C","presence","IC","rafale_max","sans_2202_2024"
21.2392483221476,0.9961266404243,0.990082557323566,0.998492826737208,"Température","°C","presence","IC","rafale_max","sans_2202_2024"
21.390711409396,0.996114057988033,0.990076807635779,0.998483881915222,"Température","°C","presence","IC","rafale_max","sans_2202_2024"
21.5421744966443,0.996102665047796,0.990072858857403,0.998475569384327,"Température","°C","presence","IC","rafale_max","sans_2202_2024"
21.6936375838926,0.996092470659778,0.990070622623396,0.998467912917399,"Température","°C","presence","IC","rafale_max","sans_2202_2024"
21.8451006711409,0.996083482761348,0.990070020020405,0.998460934078363,"Température","°C","presence","IC","rafale_max","sans_2202_2024"
21.9965637583893,0.996075708161206,0.990070982958366,0.998454651917083,"Température","°C","presence","IC","rafale_max","sans_2202_2024"
22.1480268456376,0.996069152531303,0.990073455305366,0.998449082702978,"Température","°C","presence","IC","rafale_max","sans_2202_2024"
22.2994899328859,0.99606382040054,0.990077393774976,0.998444239702473,"Température","°C","presence","IC","rafale_max","sans_2202_2024"
22.4509530201342,0.996059715150248,0.990082768557187,0.99844013300485,"Température","°C","presence","IC","rafale_max","sans_2202_2024"
22.6024161073825,0.996056839011458,0.990089563686067,0.998436769400226,"Température","°C","presence","IC","rafale_max","sans_2202_2024"
22.7538791946309,0.996055193063957,0.990097777139411,0.998434152312569,"Température","°C","presence","IC","rafale_max","sans_2202_2024"
22.9053422818792,0.996054777237135,0.990107420667874,0.998432281789626,"Température","°C","presence","IC","rafale_max","sans_2202_2024"
23.0568053691275,0.9960555903126,0.990118519353347,0.998431154550626,"Température","°C","presence","IC","rafale_max","sans_2202_2024"
23.2082684563758,0.996057629928573,0.990131110898627,0.998430764091556,"Température","°C","presence","IC","rafale_max","sans_2202_2024"
23.3597315436241,0.99606089258602,0.990145244652745,0.998431100846764,"Température","°C","presence","IC","rafale_max","sans_2202_2024"
23.5111946308725,0.996065373656528,0.990160980378521,0.998432152404702,"Température","°C","presence","IC","rafale_max","sans_2202_2024"
23.6626577181208,0.996071067391889,0.990178386771109,0.998433903774724,"Température","°C","presence","IC","rafale_max","sans_2202_2024"
23.8141208053691,0.996077966935366,0.990197539738329,0.998436337701154,"Température","°C","presence","IC","rafale_max","sans_2202_2024"
23.9655838926174,0.99608606433462,0.990218520455507,0.998439435020242,"Température","°C","presence","IC","rafale_max","sans_2202_2024"
24.1170469798658,0.996095350556261,0.990241413209344,0.998443175055221,"Température","°C","presence","IC","rafale_max","sans_2202_2024"
24.2685100671141,0.99610581550198,0.990266303046932,0.998447536044422,"Température","°C","presence","IC","rafale_max","sans_2202_2024"
24.4199731543624,0.99611744774287,0.990293271156467,0.998452495707023,"Température","°C","presence","IC","rafale_max","sans_2202_2024"
24.5714362416107,0.996130230093115,0.990322357972498,0.998458033665545,"Température","°C","presence","IC","rafale_max","sans_2202_2024"
24.722899328859,0.996144140525078,0.990353562587564,0.998464132282703,"Température","°C","presence","IC","rafale_max","sans_2202_2024"
24.8743624161074,0.996159156055888,0.990386869203732,0.998470775519126,"Température","°C","presence","IC","rafale_max","sans_2202_2024"
25.0258255033557,0.996175252915248,0.990422248550452,0.998477948840839,"Température","°C","presence","IC","rafale_max","sans_2202_2024"
25.177288590604,0.996192406594548,0.990459658500232,0.998485639156893,"Température","°C","presence","IC","rafale_max","sans_2202_2024"
25.3287516778523,0.996210591896217,0.990499044723339,0.998493834747495,"Température","°C","presence","IC","rafale_max","sans_2202_2024"
25.4802147651007,0.996229782983195,0.990540341376848,0.998502525183722,"Température","°C","presence","IC","rafale_max","sans_2202_2024"
25.631677852349,0.996249953428414,0.990583471823337,0.998511701239794,"Température","°C","presence","IC","rafale_max","sans_2202_2024"
25.7831409395973,0.99627107626417,0.99062834937467,0.998521354798738,"Température","°C","presence","IC","rafale_max","sans_2202_2024"
25.9346040268456,0.996293124031289,0.990674878056325,0.998531478752195,"Température","°C","presence","IC","rafale_max","sans_2202_2024"
26.0860671140939,0.996316068827985,0.990722953387862,0.998542066895021,"Température","°C","presence","IC","rafale_max","sans_2202_2024"
26.2375302013423,0.996339882358293,0.990772463175182,0.998553113815291,"Température","°C","presence","IC","rafale_max","sans_2202_2024"
26.3889932885906,0.996364535980015,0.990823288310377,0.998564614780276,"Température","°C","presence","IC","rafale_max","sans_2202_2024"
26.5404563758389,0.996390000752058,0.990875303575057,0.998576565618927,"Température","°C","presence","IC","rafale_max","sans_2202_2024"
26.6919194630872,0.996416247481089,0.990928378443153,0.998588962601416,"Température","°C","presence","IC","rafale_max","sans_2202_2024"
26.8433825503355,0.996443246767436,0.990982377879339,0.998601802316304,"Température","°C","presence","IC","rafale_max","sans_2202_2024"
26.9948456375839,0.996470969050138,0.991037163129332,0.998615081545923,"Température","°C","presence","IC","rafale_max","sans_2202_2024"
27.1463087248322,0.99649938465109,0.991092592498434,0.998628797140631,"Température","°C","presence","IC","rafale_max","sans_2202_2024"
27.2977718120805,0.9965284638182,0.991148522114852,0.998642945892634,"Température","°C","presence","IC","rafale_max","sans_2202_2024"
27.4492348993288,0.996558176767509,0.991204806674429,0.99865752441017,"Température","°C","presence","IC","rafale_max","sans_2202_2024"
27.6006979865772,0.996588493724205,0.991261300163576,0.998672528992889,"Température","°C","presence","IC","rafale_max","sans_2202_2024"
27.7521610738255,0.996619384962479,0.991317856557328,0.998687955509392,"Température","°C","presence","IC","rafale_max","sans_2202_2024"
27.9036241610738,0.996650820844184,0.991374330489609,0.998703799277917,"Température","°C","presence","IC","rafale_max","sans_2202_2024"
28.0550872483221,0.996682771856237,0.991430577892928,0.998720054951273,"Température","°C","presence","IC","rafale_max","sans_2202_2024"
28.2065503355704,0.996715208646739,0.991486456604919,0.998736716407184,"Température","°C","presence","IC","rafale_max","sans_2202_2024"
28.3580134228188,0.996748102059769,0.991541826939291,0.998753776645226,"Température","°C","presence","IC","rafale_max","sans_2202_2024"
28.5094765100671,0.996781423168824,0.991596552218998,0.998771227691619,"Température","°C","presence","IC","rafale_max","sans_2202_2024"
28.6609395973154,0.996815143308881,0.991650499269582,0.998789060513104,"Température","°C","presence","IC","rafale_max","sans_2202_2024"
28.8124026845637,0.996849234107058,0.991703538870956,0.99880726494116,"Température","°C","presence","IC","rafale_max","sans_2202_2024"
28.9638657718121,0.996883667511855,0.991755546166087,0.998825829607731,"Température","°C","presence","IC","rafale_max","sans_2202_2024"
29.1153288590604,0.996918415820966,0.991806401025348,0.998844741893601,"Température","°C","presence","IC","rafale_max","sans_2202_2024"
29.2667919463087,0.996953451707646,0.991855988365609,0.998863987890414,"Température","°C","presence","IC","rafale_max","sans_2202_2024"
29.418255033557,0.996988748245639,0.991904198423445,0.99888355237722,"Température","°C","presence","IC","rafale_max","sans_2202_2024"
29.5697181208053,0.997024278932646,0.991950926982187,0.998903418812236,"Température","°C","presence","IC","rafale_max","sans_2202_2024"
29.7211812080537,0.99706001771236,0.991996075552917,0.998923569340344,"Température","°C","presence","IC","rafale_max","sans_2202_2024"
29.872644295302,0.997095938995053,0.992039551509849,0.998943984816577,"Température","°C","presence","IC","rafale_max","sans_2202_2024"
30.0241073825503,0.997132017676733,0.992081268180934,0.998964644845649,"Température","°C","presence","IC","rafale_max","sans_2202_2024"
30.1755704697986,0.99716822915688,0.992121144894911,0.998985527837289,"Température","°C","presence","IC","rafale_max","sans_2202_2024"
30.327033557047,0.997204549354778,0.992159106986375,0.999006611076898,"Température","°C","presence","IC","rafale_max","sans_2202_2024"
30.4784966442953,0.997240954724461,0.992195085760805,0.999027870810768,"Température","°C","presence","IC","rafale_max","sans_2202_2024"
30.6299597315436,0.997277422268284,0.992229018421822,0.999049282344857,"Température","°C","presence","IC","rafale_max","sans_2202_2024"
30.7814228187919,0.997313929549162,0.992260847963261,0.999070820155874,"Température","°C","presence","IC","rafale_max","sans_2202_2024"
30.9328859060402,0.997350454701478,0.992290523028882,0.999092458013211,"Température","°C","presence","IC","rafale_max","sans_2202_2024"
31.0843489932886,0.997386976440702,0.992317997742807,0.999114169110071,"Température","°C","presence","IC","rafale_max","sans_2202_2024"
31.2358120805369,0.99742347407175,0.992343231513908,0.999135926202006,"Température","°C","presence","IC","rafale_max","sans_2202_2024"
31.3872751677852,0.997459927496107,0.992366188817518,0.999157701750964,"Température","°C","presence","IC","rafale_max","sans_2202_2024"
31.5387382550335,0.99749631721775,0.992386838957904,0.999179468072868,"Température","°C","presence","IC","rafale_max","sans_2202_2024"
31.6902013422819,0.997532624347908,0.992405155814947,0.999201197486751,"Température","°C","presence","IC","rafale_max","sans_2202_2024"
31.8416644295302,0.997568830608688,0.992421117578455,0.999222862463481,"Température","°C","presence","IC","rafale_max","sans_2202_2024"
31.9931275167785,0.997604918335613,0.992434706473434,0.999244435772163,"Température","°C","presence","IC","rafale_max","sans_2202_2024"
32.1445906040268,0.997640870479095,0.992445908479518,0.999265890622436,"Température","°C","presence","IC","rafale_max","sans_2202_2024"
32.2960536912751,0.9976766706049,0.992454713047588,0.999287200800988,"Température","°C","presence","IC","rafale_max","sans_2202_2024"
32.4475167785235,0.997712302893628,0.992461112816398,0.999308340800789,"Température","°C","presence","IC","rafale_max","sans_2202_2024"
32.5989798657718,0.997747752139256,0.992465103331798,0.999329285941726,"Température","°C","presence","IC","rafale_max","sans_2202_2024"
32.7504429530201,0.997783003746782,0.992466682770895,0.999350012481534,"Température","°C","presence","IC","rafale_max","sans_2202_2024"
32.9019060402684,0.997818043729015,0.992465851673195,0.999370497716097,"Température","°C","presence","IC","rafale_max","sans_2202_2024"
33.0533691275167,0.997852858702542,0.992462612680549,0.999390720068452,"Température","°C","presence","IC","rafale_max","sans_2202_2024"
33.2048322147651,0.997887435882922,0.992456970287392,0.999410659166005,"Température","°C","presence","IC","rafale_max","sans_2202_2024"
33.3562953020134,0.997921763079144,0.992448930602535,0.999430295905691,"Température","°C","presence","IC","rafale_max","sans_2202_2024"
33.5077583892617,0.997955828687394,0.99243850112349,0.999449612507003,"Température","°C","presence","IC","rafale_max","sans_2202_2024"
33.65922147651,0.997989621684156,0.992425690524065,0.999468592552985,"Température","°C","presence","IC","rafale_max","sans_2202_2024"
33.8106845637584,0.998023131618717,0.992410508455753,0.999487221019458,"Température","°C","presence","IC","rafale_max","sans_2202_2024"
33.9621476510067,0.998056348605082,0.992392965363194,0.999505484292898,"Température","°C","presence","IC","rafale_max","sans_2202_2024"
34.113610738255,0.998089263313358,0.992373072313848,0.999523370177464,"Température","°C","presence","IC","rafale_max","sans_2202_2024"
34.2650738255033,0.998121866960651,0.992350840841805,0.999540867891849,"Température","°C","presence","IC","rafale_max","sans_2202_2024"
34.4165369127517,0.998154151301489,0.992326282805556,0.999557968056632,"Température","°C","presence","IC","rafale_max","sans_2202_2024"
34.568,0.998186108617833,0.992299410259393,0.999574662672921,"Température","°C","presence","IC","rafale_max","sans_2202_2024"
25.3333333333333,0.995901850477692,0.982721496058415,0.99903783672336,"Humidité relative","%","presence","IC","rafale_max","sans_2202_2024"
25.831096196868,0.995901857355607,0.983080076350804,0.999017110989275,"Humidité relative","%","presence","IC","rafale_max","sans_2202_2024"
26.3288590604027,0.995901885390082,0.983424688313496,0.998996358989132,"Humidité relative","%","presence","IC","rafale_max","sans_2202_2024"
26.8266219239374,0.995901935342071,0.9837557076935,0.998975608859502,"Humidité relative","%","presence","IC","rafale_max","sans_2202_2024"
27.324384787472,0.995902007972148,0.984073501347468,0.998954889748618,"Humidité relative","%","presence","IC","rafale_max","sans_2202_2024"
27.8221476510067,0.995902104040467,0.984378427450477,0.998934231721873,"Humidité relative","%","presence","IC","rafale_max","sans_2202_2024"
28.3199105145414,0.995902224306719,0.984670835735566,0.998913665653293,"Humidité relative","%","presence","IC","rafale_max","sans_2202_2024"
28.8176733780761,0.995902369530088,0.984951067762238,0.998893223102824,"Humidité relative","%","presence","IC","rafale_max","sans_2202_2024"
29.3154362416107,0.995902540469204,0.985219457211988,0.998872936179523,"Humidité relative","%","presence","IC","rafale_max","sans_2202_2024"
29.8131991051454,0.9959027378821,0.985476330208736,0.998852837390956,"Humidité relative","%","presence","IC","rafale_max","sans_2202_2024"
30.3109619686801,0.99590296252616,0.985722005661831,0.998832959479343,"Humidité relative","%","presence","IC","rafale_max","sans_2202_2024"
30.8087248322148,0.995903215158072,0.985956795629077,0.998813335245273,"Humidité relative","%","presence","IC","rafale_max","sans_2202_2024"
31.3064876957494,0.995903496533775,0.986181005696992,0.99879399736013,"Humidité relative","%","presence","IC","rafale_max","sans_2202_2024"
31.8042505592841,0.995903807408407,0.986394935375244,0.998774978168605,"Humidité relative","%","presence","IC","rafale_max","sans_2202_2024"
32.3020134228188,0.995904148536255,0.986598878501955,0.998756309483057,"Humidité relative","%","presence","IC","rafale_max","sans_2202_2024"
32.7997762863535,0.995904520670694,0.986793123656328,0.99873802237171,"Humidité relative","%","presence","IC","rafale_max","sans_2202_2024"
33.2975391498881,0.995904924564135,0.986977954574776,0.998720146943014,"Humidité relative","%","presence","IC","rafale_max","sans_2202_2024"
33.7953020134228,0.995905360967965,0.987153650566563,0.998702712128726,"Humidité relative","%","presence","IC","rafale_max","sans_2202_2024"
34.2930648769575,0.995905830632491,0.987320486924753,0.998685745468502,"Humidité relative","%","presence","IC","rafale_max","sans_2202_2024"
34.7908277404922,0.995906334306875,0.987478735328151,0.998669272898963,"Humidité relative","%","presence","IC","rafale_max","sans_2202_2024"
35.2885906040268,0.995906872739075,0.987628664229859,0.998653318550329,"Humidité relative","%","presence","IC","rafale_max","sans_2202_2024"
35.7863534675615,0.995907446675782,0.987770539228038,0.998637904553729,"Humidité relative","%","presence","IC","rafale_max","sans_2202_2024"
36.2841163310962,0.995908056862356,0.987904623414575,0.998623050862329,"Humidité relative","%","presence","IC","rafale_max","sans_2202_2024"
36.7818791946309,0.995908704042756,0.988031177697482,0.99860877508925,"Humidité relative","%","presence","IC","rafale_max","sans_2202_2024"
37.2796420581655,0.995909388959481,0.98815046109311,0.998595092365108,"Humidité relative","%","presence","IC","rafale_max","sans_2202_2024"
37.7774049217002,0.995910112353494,0.988262730984571,0.998582015217711,"Humidité relative","%","presence","IC","rafale_max","sans_2202_2024"
38.2751677852349,0.995910874964155,0.988368243343176,0.998569553476123,"Humidité relative","%","presence","IC","rafale_max","sans_2202_2024"
38.7729306487696,0.995911677529153,0.98846725291016,0.998557714200853,"Humidité relative","%","presence","IC","rafale_max","sans_2202_2024"
39.2706935123042,0.995912520784427,0.988560013336494,0.998546501641498,"Humidité relative","%","presence","IC","rafale_max","sans_2202_2024"
39.7684563758389,0.995913405464102,0.988646777279167,0.998535917222608,"Humidité relative","%","presence","IC","rafale_max","sans_2202_2024"
40.2662192393736,0.995914332300405,0.988727796452934,0.998525959558039,"Humidité relative","%","presence","IC","rafale_max","sans_2202_2024"
40.7639821029083,0.995915302023595,0.988803321637128,0.998516624493459,"Humidité relative","%","presence","IC","rafale_max","sans_2202_2024"
41.261744966443,0.995916315361883,0.988873602637746,0.998507905176183,"Humidité relative","%","presence","IC","rafale_max","sans_2202_2024"
41.7595078299776,0.995917373041356,0.988938888205613,0.998499792150956,"Humidité relative","%","presence","IC","rafale_max","sans_2202_2024"
42.2572706935123,0.995918475785895,0.988999425911942,0.99849227347987,"Humidité relative","%","presence","IC","rafale_max","sans_2202_2024"
42.755033557047,0.995919624317094,0.989055461983112,0.998485334884172,"Humidité relative","%","presence","IC","rafale_max","sans_2202_2024"
43.2527964205817,0.995920819354181,0.98910724109687,0.998478959905411,"Humidité relative","%","presence","IC","rafale_max","sans_2202_2024"
43.7505592841163,0.995922061613931,0.989155006142519,0.998473130083103,"Humidité relative","%","presence","IC","rafale_max","sans_2202_2024"
44.248322147651,0.995923351810585,0.989198997947849,0.998467825145941,"Humidité relative","%","presence","IC","rafale_max","sans_2202_2024"
44.7460850111857,0.995924690655762,0.989239454975797,0.998463023213502,"Humidité relative","%","presence","IC","rafale_max","sans_2202_2024"
45.2438478747204,0.995926078858373,0.989276612993821,0.998458701005412,"Humidité relative","%","presence","IC","rafale_max","sans_2202_2024"
45.741610738255,0.995927517124536,0.98931070471903,0.998454834055006,"Humidité relative","%","presence","IC","rafale_max","sans_2202_2024"
46.2393736017897,0.995929006157481,0.989341959442002,0.998451396924702,"Humidité relative","%","presence","IC","rafale_max","sans_2202_2024"
46.7371364653244,0.995930546657466,0.98937060263211,0.998448363420497,"Humidité relative","%","presence","IC","rafale_max","sans_2202_2024"
47.2348993288591,0.995932139321682,0.989396855526991,0.998445706803299,"Humidité relative","%","presence","IC","rafale_max","sans_2202_2024"
47.7326621923937,0.995933784844164,0.98942093470857,0.998443399995059,"Humidité relative","%","presence","IC","rafale_max","sans_2202_2024"
48.2304250559284,0.995935483915695,0.989443051667828,0.998441415778048,"Humidité relative","%","presence","IC","rafale_max","sans_2202_2024"
48.7281879194631,0.995937237223714,0.989463412360225,0.998439726985907,"Humidité relative","%","presence","IC","rafale_max","sans_2202_2024"
49.2259507829978,0.995939045452218,0.989482216753467,0.998438306685493,"Humidité relative","%","presence","IC","rafale_max","sans_2202_2024"
49.7237136465324,0.995940909281669,0.98949965836902,0.998437128348805,"Humidité relative","%","presence","IC","rafale_max","sans_2202_2024"
50.2214765100671,0.995942829388895,0.989515923818564,0.998436166014653,"Humidité relative","%","presence","IC","rafale_max","sans_2202_2024"
50.7192393736018,0.995944806446991,0.989531192336342,0.998435394439967,"Humidité relative","%","presence","IC","rafale_max","sans_2202_2024"
51.2170022371365,0.995946841125222,0.989545635308187,0.998434789240945,"Humidité relative","%","presence","IC","rafale_max","sans_2202_2024"
51.7147651006711,0.995948934088922,0.989559415797803,0.998434327024428,"Humidité relative","%","presence","IC","rafale_max","sans_2202_2024"
52.2125279642058,0.995951085999392,0.989572688070763,0.998433985510139,"Humidité relative","%","presence","IC","rafale_max","sans_2202_2024"
52.7102908277405,0.995953297513798,0.989585597116549,0.998433743644529,"Humidité relative","%","presence","IC","rafale_max","sans_2202_2024"
53.2080536912752,0.995955569285073,0.989598278168856,0.998433581707156,"Humidité relative","%","presence","IC","rafale_max","sans_2202_2024"
53.7058165548098,0.995957901961805,0.98961085622432,0.998433481410581,"Humidité relative","%","presence","IC","rafale_max","sans_2202_2024"
54.2035794183445,0.995960296188142,0.989623445559771,0.998433425994865,"Humidité relative","%","presence","IC","rafale_max","sans_2202_2024"
54.7013422818792,0.995962752603678,0.989636149248061,0.998433400317766,"Humidité relative","%","presence","IC","rafale_max","sans_2202_2024"
55.1991051454139,0.995965271843354,0.989649058672504,0.998433390941757,"Humidité relative","%","presence","IC","rafale_max","sans_2202_2024"
55.6968680089485,0.995967854537347,0.989662253039952,0.998433386218972,"Humidité relative","%","presence","IC","rafale_max","sans_2202_2024"
56.1946308724832,0.995970501310965,0.989675798892534,0.998433376375135,"Humidité relative","%","presence","IC","rafale_max","sans_2202_2024"
56.6923937360179,0.995973212784537,0.989689749618063,0.998433353593468,"Humidité relative","%","presence","IC","rafale_max","sans_2202_2024"
57.1901565995526,0.995975989573306,0.989704144959184,0.998433312099486,"Humidité relative","%","presence","IC","rafale_max","sans_2202_2024"
57.6879194630873,0.995978833209416,0.989719008953355,0.998433249208827,"Humidité relative","%","presence","IC","rafale_max","sans_2202_2024"
58.1856823266219,0.995981754329588,0.989734336388257,0.998433173831199,"Humidité relative","%","presence","IC","rafale_max","sans_2202_2024"
58.6834451901566,0.995984768730606,0.989750102497937,0.998433101951015,"Humidité relative","%","presence","IC","rafale_max","sans_2202_2024"
59.1812080536913,0.995987892216274,0.989766274354934,0.998433050875926,"Humidité relative","%","presence","IC","rafale_max","sans_2202_2024"
59.678970917226,0.995991140532673,0.989782813056012,0.998433038861857,"Humidité relative","%","presence","IC","rafale_max","sans_2202_2024"
60.1767337807606,0.995994529363551,0.989799675668695,0.998433084817605,"Humidité relative","%","presence","IC","rafale_max","sans_2202_2024"
60.6744966442953,0.9959980743251,0.989816817045273,0.998433208024883,"Humidité relative","%","presence","IC","rafale_max","sans_2202_2024"
61.17225950783,0.996001790960131,0.989834191504272,0.998433427873692,"Humidité relative","%","presence","IC","rafale_max","sans_2202_2024"
61.6700223713647,0.996005694731646,0.989851754379051,0.998433763613227,"Humidité relative","%","presence","IC","rafale_max","sans_2202_2024"
62.1677852348993,0.996009801015819,0.989869463432948,0.99843423411874,"Humidité relative","%","presence","IC","rafale_max","sans_2202_2024"
62.665548098434,0.996014125094388,0.989887280140158,0.998434857675062,"Humidité relative","%","presence","IC","rafale_max","sans_2202_2024"
63.1633109619687,0.996018682146474,0.989905170831335,0.998435651777649,"Humidité relative","%","presence","IC","rafale_max","sans_2202_2024"
63.6610738255034,0.996023487239826,0.989923107702812,0.998436632952168,"Humidité relative","%","presence","IC","rafale_max","sans_2202_2024"
64.158836689038,0.996028555321514,0.989941069688244,0.998437816593763,"Humidité relative","%","presence","IC","rafale_max","sans_2202_2024"
64.6565995525727,0.996033901208066,0.989959043191483,0.998439216827119,"Humidité relative","%","presence","IC","rafale_max","sans_2202_2024"
65.1543624161074,0.996039539575079,0.989977022679542,0.998440846388483,"Humidité relative","%","presence","IC","rafale_max","sans_2202_2024"
65.6521252796421,0.996045484946296,0.989995011134624,0.998442716530691,"Humidité relative","%","presence","IC","rafale_max","sans_2202_2024"
66.1498881431767,0.996051751682185,0.990013020364357,0.998444836952122,"Humidité relative","%","presence","IC","rafale_max","sans_2202_2024"
66.6476510067114,0.996058353968018,0.990031071169633,0.998447215750345,"Humidité relative","%","presence","IC","rafale_max","sans_2202_2024"
67.1454138702461,0.996065305801475,0.990049193369724,0.998449859401,"Humidité relative","%","presence","IC","rafale_max","sans_2202_2024"
67.6431767337808,0.996072620979787,0.990067425684701,0.998452772762224,"Humidité relative","%","presence","IC","rafale_max","sans_2202_2024"
68.1409395973154,0.996080313086447,0.990085815475583,0.998455959104646,"Humidité relative","%","presence","IC","rafale_max","sans_2202_2024"
68.6387024608501,0.996088395477487,0.990104418343079,0.998459420166756,"Humidité relative","%","presence","IC","rafale_max","sans_2202_2024"
69.1364653243848,0.996096881267372,0.990123297586251,0.998463156235134,"Humidité relative","%","presence","IC","rafale_max","sans_2202_2024"
69.6342281879195,0.996105783314511,0.990142523522957,0.998467166248811,"Humidité relative","%","presence","IC","rafale_max","sans_2202_2024"
70.1319910514541,0.996115114206419,0.99016217267444,0.998471447926777,"Humidité relative","%","presence","IC","rafale_max","sans_2202_2024"
70.6297539149888,0.996124886244557,0.990182326817013,0.998475997917476,"Humidité relative","%","presence","IC","rafale_max","sans_2202_2024"
71.1275167785235,0.996135111428872,0.990203071904342,0.998480811968926,"Humidité relative","%","presence","IC","rafale_max","sans_2202_2024"
71.6252796420582,0.996145801442076,0.990224496864419,0.998485885118022,"Humidité relative","%","presence","IC","rafale_max","sans_2202_2024"
72.1230425055928,0.996156967633677,0.990246692275941,0.99849121189744,"Humidité relative","%","presence","IC","rafale_max","sans_2202_2024"
72.6208053691275,0.996168621003816,0.990269748929382,0.998496786558568,"Humidité relative","%","presence","IC","rafale_max","sans_2202_2024"
73.1185682326622,0.996180772186922,0.990293756278708,0.998502603308836,"Humidité relative","%","presence","IC","rafale_max","sans_2202_2024"
73.6163310961969,0.996193431435237,0.990318800790284,0.998508656561858,"Humidité relative","%","presence","IC","rafale_max","sans_2202_2024"
74.1140939597315,0.996206608602233,0.990344964196171,0.998514941198828,"Humidité relative","%","presence","IC","rafale_max","sans_2202_2024"
74.6118568232662,0.996220313125965,0.990372321659684,0.998521452839667,"Humidité relative","%","presence","IC","rafale_max","sans_2202_2024"
75.1096196868009,0.996234553964471,0.990400939679085,0.998528188113112,"Humidité relative","%","presence","IC","rafale_max","sans_2202_2024"
75.6073825503356,0.996249331696354,0.990430843895195,0.998535143433624,"Humidité relative","%","presence","IC","rafale_max","sans_2202_2024"
76.1051454138702,0.996264629908058,0.99046198361464,0.998542313706359,"Humidité relative","%","presence","IC","rafale_max","sans_2202_2024"
76.6029082774049,0.996280430024861,0.990494287801101,0.998549695263717,"Humidité relative","%","presence","IC","rafale_max","sans_2202_2024"
77.1006711409396,0.996296713467951,0.990527674334923,0.998557286107502,"Humidité relative","%","presence","IC","rafale_max","sans_2202_2024"
77.5984340044743,0.996313461674795,0.990562051186334,0.998565085728086,"Humidité relative","%","presence","IC","rafale_max","sans_2202_2024"
78.0961968680089,0.996330656118829,0.990597317564471,0.998573094926933,"Humidité relative","%","presence","IC","rafale_max","sans_2202_2024"
78.5939597315436,0.996348278328451,0.990633365038876,0.998581315642578,"Humidité relative","%","presence","IC","rafale_max","sans_2202_2024"
79.0917225950783,0.996366309905318,0.99067007863042,0.99858975078012,"Humidité relative","%","presence","IC","rafale_max","sans_2202_2024"
79.589485458613,0.996384732541928,0.990707337868919,0.998598404044263,"Humidité relative","%","presence","IC","rafale_max","sans_2202_2024"
80.0872483221477,0.996403528038475,0.990745017814943,0.998607279775978,"Humidité relative","%","presence","IC","rafale_max","sans_2202_2024"
80.5850111856823,0.996422678318994,0.990782990043579,0.99861638279286,"Humidité relative","%","presence","IC","rafale_max","sans_2202_2024"
81.082774049217,0.99644216544676,0.990821123588182,0.998625718233348,"Humidité relative","%","presence","IC","rafale_max","sans_2202_2024"
81.5805369127517,0.996461971638977,0.990859285842324,0.998635291405025,"Humidité relative","%","presence","IC","rafale_max","sans_2202_2024"
82.0782997762864,0.996482079280713,0.99089734341843,0.998645107637317,"Humidité relative","%","presence","IC","rafale_max","sans_2202_2024"
82.576062639821,0.996502470938129,0.990935162961746,0.998655172138975,"Humidité relative","%","presence","IC","rafale_max","sans_2202_2024"
83.0738255033557,0.996523129370964,0.990972611918515,0.998665489860851,"Humidité relative","%","presence","IC","rafale_max","sans_2202_2024"
83.5715883668904,0.996544037544307,0.991009559257435,0.998676065364519,"Humidité relative","%","presence","IC","rafale_max","sans_2202_2024"
84.0693512304251,0.99656517863965,0.991045876143622,0.998686902697411,"Humidité relative","%","presence","IC","rafale_max","sans_2202_2024"
84.5671140939597,0.996586536065229,0.991081436564545,0.998698005275192,"Humidité relative","%","presence","IC","rafale_max","sans_2202_2024"
85.0648769574944,0.996608093465669,0.991116117907524,0.998709375772137,"Humidité relative","%","presence","IC","rafale_max","sans_2202_2024"
85.5626398210291,0.996629834730931,0.991149801488621,0.998721016020326,"Humidité relative","%","presence","IC","rafale_max","sans_2202_2024"
86.0604026845638,0.996651744004576,0.991182373032902,0.998732926918472,"Humidité relative","%","presence","IC","rafale_max","sans_2202_2024"
86.5581655480984,0.996673805691362,0.991213723106279,0.998745108351189,"Humidité relative","%","presence","IC","rafale_max","sans_2202_2024"
87.0559284116331,0.996696004464177,0.991243747499301,0.99875755911946,"Humidité relative","%","presence","IC","rafale_max","sans_2202_2024"
87.5536912751678,0.996718325270332,0.991272347563518,0.998770276883015,"Humidité relative","%","presence","IC","rafale_max","sans_2202_2024"
88.0514541387025,0.996740753337209,0.991299430501201,0.998783258115214,"Humidité relative","%","presence","IC","rafale_max","sans_2202_2024"
88.5492170022371,0.996763274177305,0.991324909609484,0.99879649807093,"Humidité relative","%","presence","IC","rafale_max","sans_2202_2024"
89.0469798657718,0.996785873592658,0.991348704480153,0.998809990767784,"Humidité relative","%","presence","IC","rafale_max","sans_2202_2024"
89.5447427293065,0.996808537678699,0.99137074115657,0.998823728980915,"Humidité relative","%","presence","IC","rafale_max","sans_2202_2024"
90.0425055928412,0.996831252827516,0.991390952249437,0.998837704251304,"Humidité relative","%","presence","IC","rafale_max","sans_2202_2024"
90.5402684563758,0.996854005730572,0.991409277013309,0.998851906907474,"Humidité relative","%","presence","IC","rafale_max","sans_2202_2024"
91.0380313199105,0.996876783380884,0.991425661385971,0.998866326100204,"Humidité relative","%","presence","IC","rafale_max","sans_2202_2024"
91.5357941834452,0.996899573074668,0.991440057992994,0.998880949849701,"Humidité relative","%","presence","IC","rafale_max","sans_2202_2024"
92.0335570469799,0.996922362412497,0.991452426119938,0.998895765104486,"Humidité relative","%","presence","IC","rafale_max","sans_2202_2024"
92.5313199105145,0.996945139299948,0.991462731654826,0.998910757811088,"Humidité relative","%","presence","IC","rafale_max","sans_2202_2024"
93.0290827740492,0.9969678919478,0.991470947003628,0.998925912993455,"Humidité relative","%","presence","IC","rafale_max","sans_2202_2024"
93.5268456375839,0.996990608871768,0.991477050981558,0.998941214840908,"Humidité relative","%","presence","IC","rafale_max","sans_2202_2024"
94.0246085011186,0.997013278891799,0.991481028683071,0.998956646803294,"Humidité relative","%","presence","IC","rafale_max","sans_2202_2024"
94.5223713646532,0.997035891130959,0.991482871333422,0.998972191691958,"Humidité relative","%","presence","IC","rafale_max","sans_2202_2024"
95.0201342281879,0.997058435013913,0.991482576124647,0.998987831785091,"Humidité relative","%","presence","IC","rafale_max","sans_2202_2024"
95.5178970917226,0.997080900265026,0.991480146038759,0.999003548935986,"Humidité relative","%","presence","IC","rafale_max","sans_2202_2024"
96.0156599552573,0.997103276906097,0.991475589660852,0.999019324682733,"Humidité relative","%","presence","IC","rafale_max","sans_2202_2024"
96.5134228187919,0.997125555253745,0.991468920984682,0.999035140357971,"Humidité relative","%","presence","IC","rafale_max","sans_2202_2024"
97.0111856823266,0.997147725916466,0.991460159213129,0.999050977197305,"Humidité relative","%","presence","IC","rafale_max","sans_2202_2024"
97.5089485458613,0.99716977979137,0.991449328555776,0.999066816445166,"Humidité relative","%","presence","IC","rafale_max","sans_2202_2024"
98.006711409396,0.997191708060625,0.991436458025618,0.999082639456931,"Humidité relative","%","presence","IC","rafale_max","sans_2202_2024"
98.5044742729307,0.997213502187619,0.991421581236698,0.999098427796298,"Humidité relative","%","presence","IC","rafale_max","sans_2202_2024"
99.0022371364653,0.997235153912854,0.991404736204266,0.999114163327002,"Humidité relative","%","presence","IC","rafale_max","sans_2202_2024"
99.5,0.997256655249589,0.991385965148764,0.999129828298148,"Humidité relative","%","presence","IC","rafale_max","sans_2202_2024"
1003.48266666667,0.998762189738872,0.99264779447244,0.999792665553918,"Pression atmosphérique","hPa","presence","IC","rafale_max","sans_2202_2024"
1003.68580760626,0.998744585085963,0.992742627988297,0.999783912760484,"Pression atmosphérique","hPa","presence","IC","rafale_max","sans_2202_2024"
1003.88894854586,0.998726775899917,0.992833204886819,0.999774902926214,"Pression atmosphérique","hPa","presence","IC","rafale_max","sans_2202_2024"
1004.09208948546,0.998708761002181,0.992919619062571,0.99976563582734,"Pression atmosphérique","hPa","presence","IC","rafale_max","sans_2202_2024"
1004.29523042506,0.998690539238134,0.993001960000919,0.99975611175978,"Pression atmosphérique","hPa","presence","IC","rafale_max","sans_2202_2024"
1004.49837136465,0.998672109478011,0.993080312941849,0.999746331560464,"Pression atmosphérique","hPa","presence","IC","rafale_max","sans_2202_2024"
1004.70151230425,0.998653470617837,0.99315475904305,0.999736296626662,"Pression atmosphérique","hPa","presence","IC","rafale_max","sans_2202_2024"
1004.90465324385,0.998634621580368,0.993225375542708,0.99972600893301,"Pression atmosphérique","hPa","presence","IC","rafale_max","sans_2202_2024"
1005.10779418345,0.998615561316058,0.993292235922464,0.999715471045874,"Pression atmosphérique","hPa","presence","IC","rafale_max","sans_2202_2024"
1005.31093512304,0.998596288804018,0.993355410070939,0.99970468613475,"Pression atmosphérique","hPa","presence","IC","rafale_max","sans_2202_2024"
1005.51407606264,0.998576803053004,0.993414964448267,0.999693657980334,"Pression atmosphérique","hPa","presence","IC","rafale_max","sans_2202_2024"
1005.71721700224,0.998557103102405,0.99347096225199,0.999682390978962,"Pression atmosphérique","hPa","presence","IC","rafale_max","sans_2202_2024"
1005.92035794183,0.998537188023246,0.9935234635847,0.999670890143087,"Pression atmosphérique","hPa","presence","IC","rafale_max","sans_2202_2024"
1006.12349888143,0.998517056919204,0.993572525623737,0.999659161097512,"Pression atmosphérique","hPa","presence","IC","rafale_max","sans_2202_2024"
1006.32663982103,0.998496708927627,0.993618202793208,0.999647210071098,"Pression atmosphérique","hPa","presence","IC","rafale_max","sans_2202_2024"
1006.52978076063,0.998476143220573,0.993660546938585,0.999635043883727,"Pression atmosphérique","hPa","presence","IC","rafale_max","sans_2202_2024"
1006.73292170022,0.99845535900585,0.993699607504002,0.999622669928307,"Pression atmosphérique","hPa","presence","IC","rafale_max","sans_2202_2024"
1006.93606263982,0.998434355528071,0.993735431712396,0.999610096147691,"Pression atmosphérique","hPa","presence","IC","rafale_max","sans_2202_2024"
1007.13920357942,0.998413132069716,0.993768064748477,0.9995973310064,"Pression atmosphérique","hPa","presence","IC","rafale_max","sans_2202_2024"
1007.34234451902,0.998391687952204,0.99379754994449,0.999584383457138,"Pression atmosphérique","hPa","presence","IC","rafale_max","sans_2202_2024"
1007.54548545861,0.998370022536971,0.993823928968616,0.999571262902123,"Pression atmosphérique","hPa","presence","IC","rafale_max","sans_2202_2024"
1007.74862639821,0.998348135226564,0.993847242015764,0.99955797914936,"Pression atmosphérique","hPa","presence","IC","rafale_max","sans_2202_2024"
1007.95176733781,0.998326025465728,0.993867528000419,0.999544542364033,"Pression atmosphérique","hPa","presence","IC","rafale_max","sans_2202_2024"
1008.1549082774,0.998303692742517,0.993884824751105,0.999530963015305,"Pression atmosphérique","hPa","presence","IC","rafale_max","sans_2202_2024"
1008.358049217,0.998281136589403,0.993899169205915,0.999517251818862,"Pression atmosphérique","hPa","presence","IC","rafale_max","sans_2202_2024"
1008.5611901566,0.99825835658439,0.993910597608463,0.999503419675655,"Pression atmosphérique","hPa","presence","IC","rafale_max","sans_2202_2024"
1008.7643310962,0.998235352352141,0.993919145703515,0.999489477607337,"Pression atmosphérique","hPa","presence","IC","rafale_max","sans_2202_2024"
1008.96747203579,0.998212123565106,0.993924848931457,0.999475436688994,"Pression atmosphérique","hPa","presence","IC","rafale_max","sans_2202_2024"
1009.17061297539,0.998188669944655,0.993927742620682,0.999461307979828,"Pression atmosphérique","hPa","presence","IC","rafale_max","sans_2202_2024"
1009.37375391499,0.998164991262221,0.993927862176895,0.999447102452492,"Pression atmosphérique","hPa","presence","IC","rafale_max","sans_2202_2024"
1009.57689485459,0.998141087340438,0.993925243268272,0.99943283092185,"Pression atmosphérique","hPa","presence","IC","rafale_max","sans_2202_2024"
1009.78003579418,0.998116958054293,0.99391992200535,0.999418503973949,"Pression atmosphérique","hPa","presence","IC","rafale_max","sans_2202_2024"
1009.98317673378,0.998092603332276,0.993911935114519,0.999404131896017,"Pression atmosphérique","hPa","presence","IC","rafale_max","sans_2202_2024"
1010.18631767338,0.998068023157531,0.993901320103934,0.999389724608303,"Pression atmosphérique","hPa","presence","IC","rafale_max","sans_2202_2024"
1010.38945861298,0.998043217569012,0.993888115420677,0.999375291598566,"Pression atmosphérique","hPa","presence","IC","rafale_max","sans_2202_2024"
1010.59259955257,0.998018186662643,0.993872360598028,0.999360841859987,"Pression atmosphérique","hPa","presence","IC","rafale_max","sans_2202_2024"
1010.79574049217,0.997992930592471,0.993854096391719,0.999346383833237,"Pression atmosphérique","hPa","presence","IC","rafale_max","sans_2202_2024"
1010.99888143177,0.997967449571832,0.9938333649041,0.999331925353376,"Pression atmosphérique","hPa","presence","IC","rafale_max","sans_2202_2024"
1011.20202237136,0.997941743874501,0.993810209695225,0.999317473602186,"Pression atmosphérique","hPa","presence","IC","rafale_max","sans_2202_2024"
1011.40516331096,0.997915813835854,0.993784675879908,0.999303035066448,"Pression atmosphérique","hPa","presence","IC","rafale_max","sans_2202_2024"
1011.60830425056,0.997889659854022,0.993756810209941,0.999288615502597,"Pression atmosphérique","hPa","presence","IC","rafale_max","sans_2202_2024"
1011.81144519016,0.997863282391049,0.993726661140708,0.999274219908089,"Pression atmosphérique","hPa","presence","IC","rafale_max","sans_2202_2024"
1012.01458612975,0.997836681974036,0.993694278881569,0.999259852499682,"Pression atmosphérique","hPa","presence","IC","rafale_max","sans_2202_2024"
1012.21772706935,0.997809859196292,0.993659715429474,0.999245516698779,"Pression atmosphérique","hPa","presence","IC","rafale_max","sans_2202_2024"
1012.42086800895,0.997782814718478,0.993623024585387,0.999231215123839,"Pression atmosphérique","hPa","presence","IC","rafale_max","sans_2202_2024"
1012.62400894855,0.997755549269742,0.993584261953185,0.999216949589779,"Pression atmosphérique","hPa","presence","IC","rafale_max","sans_2202_2024"
1012.82714988814,0.997728063648854,0.993543484920807,0.999202721114218,"Pression atmosphérique","hPa","presence","IC","rafale_max","sans_2202_2024"
1013.03029082774,0.997700358725329,0.993500752623514,0.999188529930307,"Pression atmosphérique","hPa","presence","IC","rafale_max","sans_2202_2024"
1013.23343176734,0.997672435440545,0.993456125889206,0.999174375505832,"Pression atmosphérique","hPa","presence","IC","rafale_max","sans_2202_2024"
1013.43657270694,0.997644294808859,0.993409667165808,0.999160256568233,"Pression atmosphérique","hPa","presence","IC","rafale_max","sans_2202_2024"
1013.63971364653,0.997615937918699,0.993361440430796,0.999146171135118,"Pression atmosphérique","hPa","presence","IC","rafale_max","sans_2202_2024"
1013.84285458613,0.997587365933664,0.993311511082995,0.999132116549837,"Pression atmosphérique","hPa","presence","IC","rafale_max","sans_2202_2024"
1014.04599552573,0.997558580093599,0.993259945816805,0.999118089521647,"Pression atmosphérique","hPa","presence","IC","rafale_max","sans_2202_2024"
1014.24913646532,0.997529581715669,0.993206812479043,0.999104086170022,"Pression atmosphérique","hPa","presence","IC","rafale_max","sans_2202_2024"
1014.45227740492,0.997500372195414,0.993152179908614,0.999090102072641,"Pression atmosphérique","hPa","presence","IC","rafale_max","sans_2202_2024"
1014.65541834452,0.997470953007794,0.993096117759214,0.999076132316623,"Pression atmosphérique","hPa","presence","IC","rafale_max","sans_2202_2024"
1014.85855928412,0.99744132570822,0.993038696305284,0.999062171552599,"Pression atmosphérique","hPa","presence","IC","rafale_max","sans_2202_2024"
1015.06170022371,0.997411491933565,0.992979986231421,0.999048214051258,"Pression atmosphérique","hPa","presence","IC","rafale_max","sans_2202_2024"
1015.26484116331,0.997381453403173,0.992920058405433,0.999034253762029,"Pression atmosphérique","hPa","presence","IC","rafale_max","sans_2202_2024"
1015.46798210291,0.997351211919831,0.992858983635217,0.99902028437362,"Pression atmosphérique","hPa","presence","IC","rafale_max","sans_2202_2024"
1015.67112304251,0.997320769370741,0.992796832409609,0.999006299376197,"Pression atmosphérique","hPa","presence","IC","rafale_max","sans_2202_2024"
1015.8742639821,0.997290127728467,0.992733674623349,0.998992292125013,"Pression atmosphérique","hPa","presence","IC","rafale_max","sans_2202_2024"
1016.0774049217,0.997259289051857,0.992669579286259,0.998978255905372,"Pression atmosphérique","hPa","presence","IC","rafale_max","sans_2202_2024"
1016.2805458613,0.997228255486955,0.992604614216719,0.998964183998869,"Pression atmosphérique","hPa","presence","IC","rafale_max","sans_2202_2024"
1016.48368680089,0.997197029267883,0.992538845719522,0.998950069750879,"Pression atmosphérique","hPa","presence","IC","rafale_max","sans_2202_2024"
1016.68682774049,0.997165612717705,0.992472338248122,0.998935906639342,"Pression atmosphérique","hPa","presence","IC","rafale_max","sans_2202_2024"
1016.88996868009,0.997134008249267,0.992405154051327,0.998921688344915,"Pression atmosphérique","hPa","presence","IC","rafale_max","sans_2202_2024"
1017.09310961969,0.997102218366009,0.992337352804425,0.998907408822628,"Pression atmosphérique","hPa","presence","IC","rafale_max","sans_2202_2024"
1017.29625055928,0.99707024566276,0.992268991224739,0.998893062375195,"Pression atmosphérique","hPa","presence","IC","rafale_max","sans_2202_2024"
1017.49939149888,0.997038092826496,0.992200122671604,0.998878643728181,"Pression atmosphérique","hPa","presence","IC","rafale_max","sans_2202_2024"
1017.70253243848,0.997005762637079,0.992130796730714,0.998864148107232,"Pression atmosphérique","hPa","presence","IC","rafale_max","sans_2202_2024"
1017.90567337808,0.996973257967962,0.992061058782836,0.998849571317622,"Pression atmosphérique","hPa","presence","IC","rafale_max","sans_2202_2024"
1018.10881431767,0.99694058178687,0.991990949556828,0.998834909826347,"Pression atmosphérique","hPa","presence","IC","rafale_max","sans_2202_2024"
1018.31195525727,0.996907737156445,0.991920504666954,0.998820160847022,"Pression atmosphérique","hPa","presence","IC","rafale_max","sans_2202_2024"
1018.51509619687,0.996874727234864,0.991849754134444,0.998805322427833,"Pression atmosphérique","hPa","presence","IC","rafale_max","sans_2202_2024"
1018.71823713647,0.996841555276421,0.9917787218933,0.998790393542745,"Pression atmosphérique","hPa","presence","IC","rafale_max","sans_2202_2024"
1018.92137807606,0.99680822463208,0.991707425280336,0.998775374186193,"Pression atmosphérique","hPa","presence","IC","rafale_max","sans_2202_2024"
1019.12451901566,0.996774738749987,0.991635874509467,0.998760265471385,"Pression atmosphérique","hPa","presence","IC","rafale_max","sans_2202_2024"
1019.32765995526,0.996741101175954,0.991564072130297,0.998745069732331,"Pression atmosphérique","hPa","presence","IC","rafale_max","sans_2202_2024"
1019.53080089485,0.996707315553898,0.991492012471078,0.998729790629625,"Pression atmosphérique","hPa","presence","IC","rafale_max","sans_2202_2024"
1019.73394183445,0.996673385626252,0.991419681066158,0.998714433259929,"Pression atmosphérique","hPa","presence","IC","rafale_max","sans_2202_2024"
1019.93708277405,0.99663931523433,0.991347054068082,0.99869900426899,"Pression atmosphérique","hPa","presence","IC","rafale_max","sans_2202_2024"
1020.14022371365,0.996605108318655,0.991274097644581,0.998683511967905,"Pression atmosphérique","hPa","presence","IC","rafale_max","sans_2202_2024"
1020.34336465324,0.996570768919247,0.991200767360739,0.998667966452203,"Pression atmosphérique","hPa","presence","IC","rafale_max","sans_2202_2024"
1020.54650559284,0.996536301175867,0.991127007546732,0.998652379723147,"Pression atmosphérique","hPa","presence","IC","rafale_max","sans_2202_2024"
1020.74964653244,0.996501709328222,0.991052750651596,0.99863676581044,"Pression atmosphérique","hPa","presence","IC","rafale_max","sans_2202_2024"
1020.95278747204,0.996466997716127,0.990977916583632,0.998621140895343,"Pression atmosphérique","hPa","presence","IC","rafale_max","sans_2202_2024"
1021.15592841163,0.996432170779612,0.990902412038129,0.998605523432921,"Pression atmosphérique","hPa","presence","IC","rafale_max","sans_2202_2024"
1021.35906935123,0.996397233059001,0.990826129813259,0.998589934271904,"Pression atmosphérique","hPa","presence","IC","rafale_max","sans_2202_2024"
1021.56221029083,0.996362189194929,0.990748948115097,0.998574396770337,"Pression atmosphérique","hPa","presence","IC","rafale_max","sans_2202_2024"
1021.76535123043,0.996327043928321,0.990670729852892,0.998558936904887,"Pression atmosphérique","hPa","presence","IC","rafale_max","sans_2202_2024"
1021.96849217002,0.996291802845223,0.990591323842133,0.998543583658788,"Pression atmosphérique","hPa","presence","IC","rafale_max","sans_2202_2024"
1022.17163310962,0.996256515557974,0.990510679276266,0.99852838512964,"Pression atmosphérique","hPa","presence","IC","rafale_max","sans_2202_2024"
1022.37477404922,0.996221301439596,0.990428935872892,0.998513414656483,"Pression atmosphérique","hPa","presence","IC","rafale_max","sans_2202_2024"
1022.57791498881,0.9961862899817,0.990346287876063,0.998498744982513,"Pression atmosphérique","hPa","presence","IC","rafale_max","sans_2202_2024"
1022.78105592841,0.996151615139253,0.990262974942071,0.998484445126198,"Pression atmosphérique","hPa","presence","IC","rafale_max","sans_2202_2024"
1022.98419686801,0.996117415235932,0.990179286227259,0.998470579588145,"Pression atmosphérique","hPa","presence","IC","rafale_max","sans_2202_2024"
1023.18733780761,0.996083832821648,0.99009556361652,0.998457207680533,"Pression atmosphérique","hPa","presence","IC","rafale_max","sans_2202_2024"
1023.3904787472,0.996051014479943,0.990012203980961,0.998444383000284,"Pression atmosphérique","hPa","presence","IC","rafale_max","sans_2202_2024"
1023.5936196868,0.996019110583123,0.989929660352518,0.998432153064209,"Pression atmosphérique","hPa","presence","IC","rafale_max","sans_2202_2024"
1023.7967606264,0.995988274993232,0.989848441905618,0.998420559120535,"Pression atmosphérique","hPa","presence","IC","rafale_max","sans_2202_2024"
1023.999901566,0.995958664707181,0.989769112641421,0.998409636146967,"Pression atmosphérique","hPa","presence","IC","rafale_max","sans_2202_2024"
1024.20304250559,0.995930439444726,0.989692288678835,0.998399413040966,"Pression atmosphérique","hPa","presence","IC","rafale_max","sans_2202_2024"
1024.40618344519,0.995903761178329,0.989618634068508,0.998389913003666,"Pression atmosphérique","hPa","presence","IC","rafale_max","sans_2202_2024"
1024.60932438479,0.995878793604355,0.989548855061433,0.998381154115014,"Pression atmosphérique","hPa","presence","IC","rafale_max","sans_2202_2024"
1024.81246532438,0.995855701555598,0.989483692782723,0.99837315009464,"Pression atmosphérique","hPa","presence","IC","rafale_max","sans_2202_2024"
1025.01560626398,0.995834650355591,0.989423914283618,0.998365911240706,"Pression atmosphérique","hPa","presence","IC","rafale_max","sans_2202_2024"
1025.21874720358,0.995815805115832,0.989370301970823,0.998359445537729,"Pression atmosphérique","hPa","presence","IC","rafale_max","sans_2202_2024"
1025.42188814318,0.995799329977629,0.989323641441917,0.998353759923982,"Pression atmosphérique","hPa","presence","IC","rafale_max","sans_2202_2024"
1025.62502908277,0.995785387301006,0.989284707788501,0.99834886170955,"Pression atmosphérique","hPa","presence","IC","rafale_max","sans_2202_2024"
1025.82817002237,0.995774136803818,0.98925425046489,0.998344760137119,"Pression atmosphérique","hPa","presence","IC","rafale_max","sans_2202_2024"
1026.03131096197,0.995765734654987,0.989232976858979,0.998341468078906,"Pression atmosphérique","hPa","presence","IC","rafale_max","sans_2202_2024"
1026.23445190157,0.995760320993355,0.989221488939231,0.998339001927542,"Pression atmosphérique","hPa","presence","IC","rafale_max","sans_2202_2024"
1026.43759284116,0.995757917972742,0.989219864170363,0.998337366566708,"Pression atmosphérique","hPa","presence","IC","rafale_max","sans_2202_2024"
1026.64073378076,0.995758477959553,0.989227839444916,0.998336564672278,"Pression atmosphérique","hPa","presence","IC","rafale_max","sans_2202_2024"
1026.84387472036,0.995761946379488,0.989245063390849,0.998336606974032,"Pression atmosphérique","hPa","presence","IC","rafale_max","sans_2202_2024"
1027.04701565996,0.995768262802366,0.989271105577814,0.998337511843877,"Pression atmosphérique","hPa","presence","IC","rafale_max","sans_2202_2024"
1027.25015659955,0.995777361326524,0.989305463393653,0.998339304722843,"Pression atmosphérique","hPa","presence","IC","rafale_max","sans_2202_2024"
1027.45329753915,0.995789170973049,0.989347569321461,0.998342017500599,"Pression atmosphérique","hPa","presence","IC","rafale_max","sans_2202_2024"
1027.65643847875,0.995803616087297,0.989396798524,0.998345687838818,"Pression atmosphérique","hPa","presence","IC","rafale_max","sans_2202_2024"
1027.85957941834,0.995820616745228,0.989452476645335,0.998350358428784,"Pression atmosphérique","hPa","presence","IC","rafale_max","sans_2202_2024"
1028.06272035794,0.99584008916217,0.989513887743502,0.998356076173369,"Pression atmosphérique","hPa","presence","IC","rafale_max","sans_2202_2024"
1028.26586129754,0.995861946101732,0.989580282272576,0.998362891284195,"Pression atmosphérique","hPa","presence","IC","rafale_max","sans_2202_2024"
1028.46900223714,0.9958860972827,0.989650885037275,0.998370856286301,"Pression atmosphérique","hPa","presence","IC","rafale_max","sans_2202_2024"
1028.67214317673,0.99591244978187,0.989724903048097,0.998380024925274,"Pression atmosphérique","hPa","presence","IC","rafale_max","sans_2202_2024"
1028.87528411633,0.995940908430914,0.989801533209434,0.998390450975442,"Pression atmosphérique","hPa","presence","IC","rafale_max","sans_2202_2024"
1029.07842505593,0.99597137620549,0.9898799697771,0.998402186952529,"Pression atmosphérique","hPa","presence","IC","rafale_max","sans_2202_2024"
1029.28156599553,0.996003754604986,0.989959411524912,0.998415282739995,"Pression atmosphérique","hPa","presence","IC","rafale_max","sans_2202_2024"
1029.48470693512,0.99603794402139,0.990039068562455,0.998429784145086,"Pression atmosphérique","hPa","presence","IC","rafale_max","sans_2202_2024"
1029.68784787472,0.996073844095964,0.990118168747869,0.998445731408051,"Pression atmosphérique","hPa","presence","IC","rafale_max","sans_2202_2024"
1029.89098881432,0.99611135406253,0.990195963640817,0.998463157695691,"Pression atmosphérique","hPa","presence","IC","rafale_max","sans_2202_2024"
1030.09412975392,0.996150373076317,0.990271733941907,0.998482087617892,"Pression atmosphérique","hPa","presence","IC","rafale_max","sans_2202_2024"
1030.29727069351,0.996190800527491,0.990344794366471,0.998502535812344,"Pression atmosphérique","hPa","presence","IC","rafale_max","sans_2202_2024"
1030.50041163311,0.996232536338597,0.99041449790318,0.998524505647588,"Pression atmosphérique","hPa","presence","IC","rafale_max","sans_2202_2024"
1030.70355257271,0.99627548124531,0.990480239412271,0.998547988097144,"Pression atmosphérique","hPa","presence","IC","rafale_max","sans_2202_2024"
1030.9066935123,0.996319537060025,0.990541458524714,0.998572960837063,"Pression atmosphérique","hPa","presence","IC","rafale_max","sans_2202_2024"
1031.1098344519,0.996364606917913,0.990597641812835,0.998599387615402,"Pression atmosphérique","hPa","presence","IC","rafale_max","sans_2202_2024"
1031.3129753915,0.996410595505246,0.990648324214981,0.998627217934642,"Pression atmosphérique","hPa","presence","IC","rafale_max","sans_2202_2024"
1031.5161163311,0.996457409269861,0.990693089711564,0.99865638707706,"Pression atmosphérique","hPa","presence","IC","rafale_max","sans_2202_2024"
1031.71925727069,0.996504956613773,0.990731571266655,0.998686816489213,"Pression atmosphérique","hPa","presence","IC","rafale_max","sans_2202_2024"
1031.92239821029,0.996553148068043,0.990763450067505,0.998718414525706,"Pression atmosphérique","hPa","presence","IC","rafale_max","sans_2202_2024"
1032.12553914989,0.996601896450089,0.990788454112622,0.998751077535637,"Pression atmosphérique","hPa","presence","IC","rafale_max","sans_2202_2024"
1032.32868008949,0.996651117003741,0.990806356216191,0.998784691258814,"Pression atmosphérique","hPa","presence","IC","rafale_max","sans_2202_2024"
1032.53182102908,0.996700727522381,0.990816971511336,0.998819132484278,"Pression atmosphérique","hPa","presence","IC","rafale_max","sans_2202_2024"
1032.73496196868,0.996750648455631,0.990820154545966,0.998854270912149,"Pression atmosphérique","hPa","presence","IC","rafale_max","sans_2202_2024"
1032.93810290828,0.996800803000065,0.990815796071857,0.998889971152031,"Pression atmosphérique","hPa","presence","IC","rafale_max","sans_2202_2024"
1033.14124384787,0.996851117174508,0.990803819629909,0.998926094787716,"Pression atmosphérique","hPa","presence","IC","rafale_max","sans_2202_2024"
1033.34438478747,0.996901519880524,0.99078417803218,0.998962502438674,"Pression atmosphérique","hPa","presence","IC","rafale_max","sans_2202_2024"
1033.54752572707,0.99695194294874,0.990756849834751,0.998999055753495,"Pression atmosphérique","hPa","presence","IC","rafale_max","sans_2202_2024"
1033.75066666667,0.997002321171665,0.990721835885588,0.999035619278292,"Pression atmosphérique","hPa","presence","IC","rafale_max","sans_2202_2024"
11.7726666666667,42.0463849290155,33.5474153573129,52.6985005184181,"Température","°C","intensite","IC","rafale_max","sans_2202_2024"
11.9269485458613,41.7921255651562,33.4361516554433,52.236327232038,"Température","°C","intensite","IC","rafale_max","sans_2202_2024"
12.0812304250559,41.5416637418673,33.3251798481361,51.7839613861497,"Température","°C","intensite","IC","rafale_max","sans_2202_2024"
12.2355123042506,41.2950080100814,33.2145340665758,51.3413098956799,"Température","°C","intensite","IC","rafale_max","sans_2202_2024"
12.3897941834452,41.0521664523473,33.1042503831059,50.9082776660994,"Température","°C","intensite","IC","rafale_max","sans_2202_2024"
12.5440760626398,40.8131467197121,32.9943668702043,50.4847676488975,"Température","°C","intensite","IC","rafale_max","sans_2202_2024"
12.6983579418345,40.5779560683741,32.8849236533681,50.0706809005547,"Température","°C","intensite","IC","rafale_max","sans_2202_2024"
12.8526398210291,40.3466013961109,32.775962957087,49.6659166459266,"Température","°C","intensite","IC","rafale_max","sans_2202_2024"
13.0069217002237,40.1190892784895,32.6675291431017,49.2703723469485,"Température","°C","intensite","IC","rafale_max","sans_2202_2024"
13.1612035794183,39.8954260048648,32.5596687401577,48.8839437775537,"Température","°C","intensite","IC","rafale_max","sans_2202_2024"
13.315485458613,39.6756176141756,32.4524304645061,48.5065251056608,"Température","°C","intensite","IC","rafale_max","sans_2202_2024"
13.4697673378076,39.4596699305466,32.3458652304494,48.1380089830435,"Température","°C","intensite","IC","rafale_max","sans_2202_2024"
13.6240492170022,39.2475885987069,32.2400261502905,47.7782866438361,"Température","°C","intensite","IC","rafale_max","sans_2202_2024"
13.7783310961969,39.0393791192349,32.1349685231236,47.4272480123535,"Température","°C","intensite","IC","rafale_max","sans_2202_2024"
13.9326129753915,38.8350468836426,32.0307498119882,47.0847818208196,"Température","°C","intensite","IC","rafale_max","sans_2202_2024"
14.0868948545861,38.6345972093117,31.927429609009,46.7507757375049,"Température","°C","intensite","IC","rafale_max","sans_2202_2024"
14.2411767337808,38.4380353742941,31.8250695882541,46.4251165056617,"Température","°C","intensite","IC","rafale_max","sans_2202_2024"
14.3954586129754,38.2453666519938,31.7237334461583,46.107690093537,"Température","°C","intensite","IC","rafale_max","sans_2202_2024"
14.54974049217,38.056596345742,31.623486829481,45.79838185562,"Température","°C","intensite","IC","rafale_max","sans_2202_2024"
14.7040223713647,37.8717298232851,31.5243972508931,45.4970767051626,"Température","°C","intensite","IC","rafale_max","sans_2202_2024"
14.8583042505593,37.6907725512011,31.4265339924119,45.2036592978847,"Température","°C","intensite","IC","rafale_max","sans_2202_2024"
15.0125861297539,37.5137301292628,31.3299679970234,44.9180142266619,"Température","°C","intensite","IC","rafale_max","sans_2202_2024"
15.1668680089485,37.3406083247664,31.2347717489484,44.6400262268782,"Température","°C","intensite","IC","rafale_max","sans_2202_2024"
15.3211498881432,37.1714131068463,31.1410191431126,44.3695803920219,"Température","°C","intensite","IC","rafale_max","sans_2202_2024"
15.4754317673378,37.0061506807969,31.0487853444773,44.1065623990162,"Température","°C","intensite","IC","rafale_max","sans_2202_2024"
15.6297136465324,36.8448275224213,30.9581466379649,43.850858742693,"Température","°C","intensite","IC","rafale_max","sans_2202_2024"
15.7839955257271,36.6874504124326,30.8691802697759,43.6023569787677,"Température","°C","intensite","IC","rafale_max","sans_2202_2024"
15.9382774049217,36.5340264709289,30.7819642809371,43.3609459746245,"Température","°C","intensite","IC","rafale_max","sans_2202_2024"
16.0925592841163,36.3845631919678,30.6965773339424,43.1265161672106,"Température","°C","intensite","IC","rafale_max","sans_2202_2024"
16.246841163311,36.2390684782659,30.6130985333511,42.8989598273339,"Température","°C","intensite","IC","rafale_max","sans_2202_2024"
16.4011230425056,36.0975506760493,30.531607241182,42.6781713296894,"Température","°C","intensite","IC","rafale_max","sans_2202_2024"
16.5554049217002,35.960018610084,30.4521828879046,42.4640474279828,"Température","°C","intensite","IC","rafale_max","sans_2202_2024"
16.7096868008949,35.8264816189128,30.3749047797599,42.2564875345904,"Température","°C","intensite","IC","rafale_max","sans_2202_2024"
16.8639686800895,35.6969495903303,30.2998519030585,42.0553940042841,"Température","°C","intensite","IC","rafale_max","sans_2202_2024"
17.0182505592841,35.5714329971264,30.2271027260042,41.8606724216575,"Température","°C","intensite","IC","rafale_max","sans_2202_2024"
17.1725324384787,35.4499429331291,30.1567349984653,41.6722318920156,"Température","°C","intensite","IC","rafale_max","sans_2202_2024"
17.3268143176734,35.3324911495808,30.0888255499853,41.4899853356296,"Température","°C","intensite","IC","rafale_max","sans_2202_2024"
17.481096196868,35.2190900918825,30.0234500861763,41.3138497854132,"Température","°C","intensite","IC","rafale_max","sans_2202_2024"
17.6353780760626,35.1097529367403,29.9606829834838,41.1437466882342,"Température","°C","intensite","IC","rafale_max","sans_2202_2024"
17.7896599552573,35.0044936297521,29.9005970821476,40.9796022102494,"Température","°C","intensite","IC","rafale_max","sans_2202_2024"
17.9439418344519,34.9033269234717,29.8432634770221,40.8213475468169,"Température","°C","intensite","IC","rafale_max","sans_2202_2024"
18.0982237136465,34.8062684159908,29.7887513057512,40.6689192377159,"Température","°C","intensite","IC","rafale_max","sans_2202_2024"
18.2525055928412,34.7133345900781,29.7371275336351,40.5222594885718,"Température","°C","intensite","IC","rafale_max","sans_2202_2024"
18.4067874720358,34.6245428529196,29.68845673437,40.3813164995458,"Température","°C","intensite","IC","rafale_max","sans_2202_2024"
18.5610693512304,34.5399115765028,29.6428008656996,40.2460448025034,"Température","°C","intensite","IC","rafale_max","sans_2202_2024"
18.7153512304251,34.4594601386899,29.6002190388867,40.1164056080113,"Température","°C","intensite","IC","rafale_max","sans_2202_2024"
18.8696331096197,34.3832089650286,29.5607672808054,39.9923671636379,"Température","°C","intensite","IC","rafale_max","sans_2202_2024"
19.0239149888143,34.311179571347,29.5244982873619,39.8739051251263,"Température","°C","intensite","IC","rafale_max","sans_2202_2024"
19.1781968680089,34.2433946071852,29.4914611668993,39.7610029420825,"Température","°C","intensite","IC","rafale_max","sans_2202_2024"
19.3324787472036,34.1798779001139,29.4617011722079,39.6536522598618,"Température","°C","intensite","IC","rafale_max","sans_2202_2024"
19.4867606263982,34.1206545009966,29.435259419783,39.5518533393297,"Température","°C","intensite","IC","rafale_max","sans_2202_2024"
19.6410425055928,34.0657507302492,29.4121725950323,39.4556154961323,"Température","°C","intensite","IC","rafale_max","sans_2202_2024"
19.7953243847875,34.0151942251568,29.3924726422506,39.3649575610032,"Température","°C","intensite","IC","rafale_max","sans_2202_2024"
19.9496062639821,33.9690139883085,29.3761864383681,39.2799083624688,"Température","°C","intensite","IC","rafale_max","sans_2202_2024"
20.1038881431767,33.9272404372117,29.3633354497344,39.20050723307,"Température","°C","intensite","IC","rafale_max","sans_2202_2024"
20.2581700223714,33.8899054551525,29.3539353715531,39.126804539885,"Température","°C","intensite","IC","rafale_max","sans_2202_2024"
20.412451901566,33.8570242488934,29.3479780914517,39.0588437615074,"Température","°C","intensite","IC","rafale_max","sans_2202_2024"
20.5667337807606,33.8284437650713,29.3452851371828,38.9965066693657,"Température","°C","intensite","IC","rafale_max","sans_2202_2024"
20.7210156599553,33.8039204853975,29.3455862117084,38.9395881186097,"Température","°C","intensite","IC","rafale_max","sans_2202_2024"
20.8752975391499,33.783212149741,29.3486100817669,38.887886682697,"Température","°C","intensite","IC","rafale_max","sans_2202_2024"
21.0295794183445,33.7660784165039,29.3540864390704,38.8412037280081,"Température","°C","intensite","IC","rafale_max","sans_2202_2024"
21.1838612975391,33.75228060354,29.3617468207556,38.7993416364043,"Température","°C","intensite","IC","rafale_max","sans_2202_2024"
21.3381431767338,33.7415814466471,29.37132549781,38.762102125953,"Température","°C","intensite","IC","rafale_max","sans_2202_2024"
21.4924250559284,33.7337448753168,29.382560325408,38.7292846746553,"Température","°C","intensite","IC","rafale_max","sans_2202_2024"
21.646706935123,33.7285358054696,29.3951935475998,38.7006850537894,"Température","°C","intensite","IC","rafale_max","sans_2202_2024"
21.8009888143177,33.7257199489489,29.4089725475443,38.6760939790094,"Température","°C","intensite","IC","rafale_max","sans_2202_2024"
21.9552706935123,33.7250636395821,29.4236505335233,38.6552958885238,"Température","°C","intensite","IC","rafale_max","sans_2202_2024"
22.1095525727069,33.7263336756564,29.4389871503686,38.638067858509,"Température","°C","intensite","IC","rafale_max","sans_2202_2024"
22.2638344519016,33.7292971786858,29.454749005708,38.6241786663208,"Température","°C","intensite","IC","rafale_max","sans_2202_2024"
22.4181163310962,33.7337214683785,29.4707101006109,38.6133880120706,"Température","°C","intensite","IC","rafale_max","sans_2202_2024"
22.5723982102908,33.739373953735,29.4866521547803,38.6054459086983,"Température","°C","intensite","IC","rafale_max","sans_2202_2024"
22.7266800894855,33.7460220402355,29.502364817389,38.6000922498539,"Température","°C","intensite","IC","rafale_max","sans_2202_2024"
22.8809619686801,33.753433053088,29.5176457559322,38.5970565637108,"Température","°C","intensite","IC","rafale_max","sans_2202_2024"
23.0352438478747,33.7613741765323,29.5323006170264,38.5960579593541,"Température","°C","intensite","IC","rafale_max","sans_2202_2024"
23.1895257270693,33.7696124092018,29.546142854836,38.5968052706772,"Température","°C","intensite","IC","rafale_max","sans_2202_2024"
23.343807606264,33.7779145355597,29.5589934246752,38.5989974008769,"Température","°C","intensite","IC","rafale_max","sans_2202_2024"
23.4980894854586,33.7860471134307,29.570680341224,38.6023238687415,"Température","°C","intensite","IC","rafale_max","sans_2202_2024"
23.6523713646532,33.7937764776542,29.5810381026198,38.6064655560724,"Température","°C","intensite","IC","rafale_max","sans_2202_2024"
23.8066532438479,33.8008687598871,29.5899069833624,38.6110956538494,"Température","°C","intensite","IC","rafale_max","sans_2202_2024"
23.9609351230425,33.8070899245783,29.5971322004309,38.6158808032043,"Température","°C","intensite","IC","rafale_max","sans_2202_2024"
24.1152170022371,33.8122058211366,29.6025629582025,38.620482425969,"Température","°C","intensite","IC","rafale_max","sans_2202_2024"
24.2694988814318,33.815982252301,29.6060513786599,38.6245582385292,"Température","°C","intensite","IC","rafale_max","sans_2202_2024"
24.4237807606264,33.8181934293824,29.6074577208627,38.6277747184366,"Température","°C","intensite","IC","rafale_max","sans_2202_2024"
24.578062639821,33.8187460391558,29.6067429199066,38.6299697590823,"Température","°C","intensite","IC","rafale_max","sans_2202_2024"
24.7323445190157,33.8176526164239,29.6039438910165,38.6311240385835,"Température","°C","intensite","IC","rafale_max","sans_2202_2024"
24.8866263982103,33.8149288782896,29.5990937872258,38.6312305121067,"Température","°C","intensite","IC","rafale_max","sans_2202_2024"
25.0409082774049,33.8105907741346,29.5922198984447,38.6302904080567,"Température","°C","intensite","IC","rafale_max","sans_2202_2024"
25.1951901565995,33.8046544780618,29.5833438369797,38.6283129682143,"Température","°C","intensite","IC","rafale_max","sans_2202_2024"
25.3494720357942,33.7971363813594,29.5724817407676,38.6253151694586,"Température","°C","intensite","IC","rafale_max","sans_2202_2024"
25.5037539149888,33.7880530849883,29.5596444927633,38.6213214287295,"Température","°C","intensite","IC","rafale_max","sans_2202_2024"
25.6580357941834,33.777421392099,29.5448379552199,38.6163632925884,"Température","°C","intensite","IC","rafale_max","sans_2202_2024"
25.8123176733781,33.76525830058,29.5280632178613,38.6104791124685,"Température","°C","intensite","IC","rafale_max","sans_2202_2024"
25.9665995525727,33.7515809956407,29.5093168591616,38.6037137064941,"Température","°C","intensite","IC","rafale_max","sans_2202_2024"
26.1208814317673,33.736406842434,29.4885912201177,38.5961180085728,"Température","°C","intensite","IC","rafale_max","sans_2202_2024"
26.275163310962,33.7197533787197,29.4658746900204,38.5877487053446,"Température","°C","intensite","IC","rafale_max","sans_2202_2024"
26.4294451901566,33.7016383075736,29.4411520038024,38.578667861496,"Température","°C","intensite","IC","rafale_max","sans_2202_2024"
26.5837270693512,33.682079490144,29.4144045505685,38.568942533921,"Température","°C","intensite","IC","rafale_max","sans_2202_2024"
26.7380089485459,33.6610949384599,29.3856106928873,38.5586443752306,"Température","°C","intensite","IC","rafale_max","sans_2202_2024"
26.8922908277405,33.6387028082928,29.3547460963613,38.5478492271787,"Température","°C","intensite","IC","rafale_max","sans_2202_2024"
27.0465727069351,33.6149213920751,29.3217840688798,38.5366367046764,"Température","°C","intensite","IC","rafale_max","sans_2202_2024"
27.2008545861298,33.5897691118786,29.2866959088137,38.5250897712146,"Température","°C","intensite","IC","rafale_max","sans_2202_2024"
27.3551364653244,33.5632645124545,29.2494512612325,38.5132943066885,"Température","°C","intensite","IC","rafale_max","sans_2202_2024"
27.509418344519,33.5354262543388,29.2100184810144,38.501338668826,"Température","°C","intensite","IC","rafale_max","sans_2202_2024"
27.6637002237136,33.5062731070244,29.168365001495,38.4893132496445,"Température","°C","intensite","IC","rafale_max","sans_2202_2024"
27.8179821029083,33.4758239422028,29.1244577070597,38.4773100285991,"Température","°C","intensite","IC","rafale_max","sans_2202_2024"
27.9722639821029,33.4440977270782,29.0782633078391,38.4654221243268,"Température","°C","intensite","IC","rafale_max","sans_2202_2024"
28.1265458612975,33.4111135177548,29.0297487144306,38.4537433471266,"Température","°C","intensite","IC","rafale_max","sans_2202_2024"
28.2808277404922,33.3768904527013,28.978881410344,38.4423677545393,"Température","°C","intensite","IC","rafale_max","sans_2202_2024"
28.4351096196868,33.3414477462934,28.9256298196703,38.4313892125818,"Température","°C","intensite","IC","rafale_max","sans_2202_2024"
28.5893914988814,33.3048046824355,28.8699636673081,38.4209009653598,"Température","°C","intensite","IC","rafale_max","sans_2202_2024"
28.7436733780761,33.2669806082663,28.8118543289604,38.4109952158951,"Température","°C","intensite","IC","rafale_max","sans_2202_2024"
28.8979552572707,33.2279949279464,28.7512751680451,38.4017627210758,"Température","°C","intensite","IC","rafale_max","sans_2202_2024"
29.0522371364653,33.187867096533,28.6882018566484,38.3932924036465,"Température","°C","intensite","IC","rafale_max","sans_2202_2024"
29.2065190156599,33.1466166139408,28.6226126777008,38.3856709841008,"Température","°C","intensite","IC","rafale_max","sans_2202_2024"
29.3608008948546,33.1042630189919,28.5544888056698,38.3789826352274,"Température","°C","intensite","IC","rafale_max","sans_2202_2024"
29.5150827740492,33.0608258835562,28.4838145632425,38.3733086618717,"Température","°C","intensite","IC","rafale_max","sans_2202_2024"
29.6693646532438,33.0163248067825,28.4105776517117,38.3687272082371,"Température","°C","intensite","IC","rafale_max","sans_2202_2024"
29.8236465324385,32.9707794094235,28.3347693530831,38.3653129947422,"Température","°C","intensite","IC","rafale_max","sans_2202_2024"
29.9779284116331,32.9242093282537,28.256384702267,38.3631370861007,"Température","°C","intensite","IC","rafale_max","sans_2202_2024"
30.1322102908277,32.8766342105836,28.1754226281145,38.3622666918927,"Température","°C","intensite","IC","rafale_max","sans_2202_2024"
30.2864921700224,32.8280737088691,28.0918860624801,38.3627650004715,"Température","°C","intensite","IC","rafale_max","sans_2202_2024"
30.440774049217,32.7785474754189,28.0057820169352,38.3646910466052,"Température","°C","intensite","IC","rafale_max","sans_2202_2024"
30.5950559284116,32.7280751571992,27.9171216272071,38.368099612798,"Température","°C","intensite","IC","rafale_max","sans_2202_2024"
30.7493378076063,32.6766763907381,27.8259201658595,38.3730411637957,"Température","°C","intensite","IC","rafale_max","sans_2202_2024"
30.9036196868009,32.6243707971293,27.7321970241566,38.3795618133487,"Température","°C","intensite","IC","rafale_max","sans_2202_2024"
31.0579015659955,32.5711779771362,27.6359756644461,38.38770332191,"Température","°C","intensite","IC","rafale_max","sans_2202_2024"
31.2121834451901,32.5171175063969,27.5372835447514,38.3975031235918,"Température","°C","intensite","IC","rafale_max","sans_2202_2024"
31.3664653243848,32.462208930731,27.4361520175729,38.4089943803881,"Température","°C","intensite","IC","rafale_max","sans_2202_2024"
31.5207472035794,32.4064717615479,27.3326162051508,38.4222060614197,"Température","°C","intensite","IC","rafale_max","sans_2202_2024"
31.675029082774,32.3499254713584,27.2267148536408,38.4371630447551,"Température","°C","intensite","IC","rafale_max","sans_2202_2024"
31.8293109619687,32.2925894893879,27.1184901687917,38.4538862392203,"Température","°C","intensite","IC","rafale_max","sans_2202_2024"
31.9835928411633,32.2344831972938,27.0079876357977,38.4723927235286,"Température","°C","intensite","IC","rafale_max","sans_2202_2024"
32.1378747203579,32.1756259249851,26.895255826021,38.4926959000314,"Température","°C","intensite","IC","rafale_max","sans_2202_2024"
32.2921565995526,32.1160369465463,26.7803461932551,38.5148056604178,"Température","°C","intensite","IC","rafale_max","sans_2202_2024"
32.4464384787472,32.0557354762645,26.6633128621297,38.5387285607603,"Température","°C","intensite","IC","rafale_max","sans_2202_2024"
32.6007203579418,31.9947406647598,26.5442124111398,38.5644680034142,"Température","°C","intensite","IC","rafale_max","sans_2202_2024"
32.7550022371365,31.9330715952193,26.4231036526422,38.5920244234228,"Température","°C","intensite","IC","rafale_max","sans_2202_2024"
32.9092841163311,31.8707472797353,26.3000474119847,38.6213954772526,"Température","°C","intensite","IC","rafale_max","sans_2202_2024"
33.0635659955257,31.8077866557459,26.1751063077438,38.6525762318731,"Température","°C","intensite","IC","rafale_max","sans_2202_2024"
33.2178478747203,31.7442085825791,26.0483445348416,38.6855593523965,"Température","°C","intensite","IC","rafale_max","sans_2202_2024"
33.372129753915,31.6800318381001,25.9198276521002,38.7203352867091,"Température","°C","intensite","IC","rafale_max","sans_2202_2024"
33.5264116331096,31.6152751154608,25.7896223755772,38.7568924457315,"Température","°C","intensite","IC","rafale_max","sans_2202_2024"
33.6806935123042,31.5499570199522,25.65779637882,38.7952173781578,"Température","°C","intensite","IC","rafale_max","sans_2202_2024"
33.8349753914989,31.4840960659583,25.5244181009703,38.835294938724,"Température","°C","intensite","IC","rafale_max","sans_2202_2024"
33.9892572706935,31.4177106740114,25.3895565634604,38.8771084492449,"Température","°C","intensite","IC","rafale_max","sans_2202_2024"
34.1435391498881,31.3508191679492,25.2532811958651,38.9206398518377,"Température","°C","intensite","IC","rafale_max","sans_2202_2024"
34.2978210290828,31.2834397721718,25.1156616713076,38.9658698539138,"Température","°C","intensite","IC","rafale_max","sans_2202_2024"
34.4521029082774,31.215590608999,24.9767677516712,39.0127780646648,"Température","°C","intensite","IC","rafale_max","sans_2202_2024"
34.606384787472,31.1472896961269,24.8366691427367,39.061343122903,"Température","°C","intensite","IC","rafale_max","sans_2202_2024"
34.7606666666667,31.0785549441836,24.6954353592495,39.1115428162265,"Température","°C","intensite","IC","rafale_max","sans_2202_2024"
23.6666666666667,29.95369202702,23.5112179317972,38.1615137357956,"Humidité relative","%","intensite","IC","rafale_max","sans_2202_2024"
24.175615212528,30.0371588133778,23.663452630873,38.1276106937568,"Humidité relative","%","intensite","IC","rafale_max","sans_2202_2024"
24.6845637583893,30.120360324069,23.8150196621598,38.095123116496,"Humidité relative","%","intensite","IC","rafale_max","sans_2202_2024"
25.1935123042506,30.2032722021486,23.9658374823482,38.064084027482,"Humidité relative","%","intensite","IC","rafale_max","sans_2202_2024"
25.7024608501119,30.2858698660225,24.1158233994823,38.034526059821,"Humidité relative","%","intensite","IC","rafale_max","sans_2202_2024"
26.2114093959732,30.3681285118127,24.2648936920203,38.0064813394691,"Humidité relative","%","intensite","IC","rafale_max","sans_2202_2024"
26.7203579418345,30.4500231159184,24.4129637416942,37.9799813562341,"Humidité relative","%","intensite","IC","rafale_max","sans_2202_2024"
27.2293064876958,30.5315284377785,24.5599481807679,37.9550568220186,"Humidité relative","%","intensite","IC","rafale_max","sans_2202_2024"
27.738255033557,30.612619022835,24.7057610542088,37.9317375158372,"Humidité relative","%","intensite","IC","rafale_max","sans_2202_2024"
28.2472035794183,30.6932692057022,24.8503159971878,37.9100521152455,"Humidité relative","%","intensite","IC","rafale_max","sans_2202_2024"
28.7561521252796,30.7734531135423,24.99352642819,37.8900280139447,"Humidité relative","%","intensite","IC","rafale_max","sans_2202_2024"
29.2651006711409,30.8531446696507,25.1353057578606,37.8716911254878,"Humidité relative","%","intensite","IC","rafale_max","sans_2202_2024"
29.7740492170022,30.9323175972527,25.2755676135268,37.8550656731937,"Humidité relative","%","intensite","IC","rafale_max","sans_2202_2024"
30.2829977628635,31.0109454235143,25.4142260791186,37.8401739665935,"Humidité relative","%","intensite","IC","rafale_max","sans_2202_2024"
30.7919463087248,31.0890014837686,25.5511959499652,37.8270361649779,"Humidité relative","%","intensite","IC","rafale_max","sans_2202_2024"
31.3008948545861,31.1664589259597,25.6863930016716,37.8156700288873,"Humidité relative","%","intensite","IC","rafale_max","sans_2202_2024"
31.8098434004474,31.2432907153065,25.8197342719761,37.8060906606862,"Humidité relative","%","intensite","IC","rafale_max","sans_2202_2024"
32.3187919463087,31.3194696391879,25.951138354165,37.7983102356887,"Humidité relative","%","intensite","IC","rafale_max","sans_2202_2024"
32.82774049217,31.3949683122511,26.08052570028,37.7923377256412,"Humidité relative","%","intensite","IC","rafale_max","sans_2202_2024"
33.3366890380313,31.4697591817443,26.2078189319949,37.7881786167237,"Humidité relative","%","intensite","IC","rafale_max","sans_2202_2024"
33.8456375838926,31.5438145330754,26.3329431566817,37.7858346245882,"Humidité relative","%","intensite","IC","rafale_max","sans_2202_2024"
34.3545861297539,31.6171064955986,26.4558262858323,37.7853034093044,"Humidité relative","%","intensite","IC","rafale_max","sans_2202_2024"
34.8635346756152,31.6896070486289,26.5763993526637,37.7865782934156,"Humidité relative","%","intensite","IC","rafale_max","sans_2202_2024"
35.3724832214765,31.7612880276863,26.6945968254288,37.7896479866183,"Humidité relative","%","intensite","IC","rafale_max","sans_2202_2024"
35.8814317673378,31.8321211309715,26.8103569126857,37.7944963208376,"Humidité relative","%","intensite","IC","rafale_max","sans_2202_2024"
36.3903803131991,31.9020779260713,26.9236218565699,37.8011019996841,"Humidité relative","%","intensite","IC","rafale_max","sans_2202_2024"
36.8993288590604,31.9711298568976,27.0343382099669,37.8094383664168,"Humidité relative","%","intensite","IC","rafale_max","sans_2202_2024"
37.4082774049217,32.039248250858,27.1424570934184,37.8194731945996,"Humidité relative","%","intensite","IC","rafale_max","sans_2202_2024"
37.917225950783,32.1064043262594,27.2479344276221,37.8311685056123,"Humidité relative","%","intensite","IC","rafale_max","sans_2202_2024"
38.4261744966443,32.1725691999447,27.3507311375022,37.844480417051,"Humidité relative","%","intensite","IC","rafale_max","sans_2202_2024"
38.9351230425056,32.2377138951627,27.4508133240546,37.859359025828,"Humidité relative","%","intensite","IC","rafale_max","sans_2202_2024"
39.4440715883669,32.3018093496707,27.5481524004926,37.8757483294531,"Humidité relative","%","intensite","IC","rafale_max","sans_2202_2024"
39.9530201342282,32.3648264240696,27.6427251896425,37.8935861885512,"Humidité relative","%","intensite","IC","rafale_max","sans_2202_2024"
40.4619686800895,32.4267359103714,27.7345139800561,37.9128043331533,"Humidité relative","%","intensite","IC","rafale_max","sans_2202_2024"
40.9709172259508,32.4875085407978,27.823506538895,37.9333284146983,"Humidité relative","%","intensite","IC","rafale_max","sans_2202_2024"
41.4798657718121,32.5471149968096,27.9096960803055,37.9550781050266,"Humidité relative","%","intensite","IC","rafale_max","sans_2202_2024"
41.9888143176734,32.6055259183654,27.9930811886981,37.977967242935,"Humidité relative","%","intensite","IC","rafale_max","sans_2202_2024"
42.4977628635347,32.6627119134084,28.073665697076,38.0019040281381,"Humidité relative","%","intensite","IC","rafale_max","sans_2202_2024"
43.006711409396,32.7186435675804,28.151458521276,38.0267912617498,"Humidité relative","%","intensite","IC","rafale_max","sans_2202_2024"
43.5156599552573,32.7732914541602,28.2264734516913,38.0525266316956,"Humidité relative","%","intensite","IC","rafale_max","sans_2202_2024"
44.0246085011186,32.8266261442259,28.2987289046965,38.0790030408024,"Humidité relative","%","intensite","IC","rafale_max","sans_2202_2024"
44.5335570469799,32.878618217038,28.3682476365859,38.1061089747256,"Humidité relative","%","intensite","IC","rafale_max","sans_2202_2024"
45.0425055928412,32.9292382706411,28.43505642334,38.1337289063584,"Humidité relative","%","intensite","IC","rafale_max","sans_2202_2024"
45.5514541387025,32.9784569326822,28.49918570994,38.1617437329603,"Humidité relative","%","intensite","IC","rafale_max","sans_2202_2024"
46.0604026845638,33.0262448714424,28.5606692332501,38.1900312419379,"Humidité relative","%","intensite","IC","rafale_max","sans_2202_2024"
46.5693512304251,33.0725728070796,28.619543622673,38.2184666010205,"Humidité relative","%","intensite","IC","rafale_max","sans_2202_2024"
47.0782997762864,33.117411523077,28.6758479828544,38.2469228684921,"Humidité relative","%","intensite","IC","rafale_max","sans_2202_2024"
47.5872483221476,33.160731877898,28.7296234626816,38.2752715191764,"Humidité relative","%","intensite","IC","rafale_max","sans_2202_2024"
48.0961968680089,33.2025048168384,28.7809128146788,38.3033829819994,"Humidité relative","%","intensite","IC","rafale_max","sans_2202_2024"
48.6051454138702,33.2427013840774,28.8297599486801,38.3311271851758,"Humidité relative","%","intensite","IC","rafale_max","sans_2202_2024"
49.1140939597315,33.281292734919,28.8762094833548,38.3583741053636,"Humidité relative","%","intensite","IC","rafale_max","sans_2202_2024"
49.6230425055928,33.3182501482217,28.9203062987997,38.3849943174892,"Humidité relative","%","intensite","IC","rafale_max","sans_2202_2024"
50.1319910514541,33.3535450390109,28.962095093001,38.4108595423461,"Humidité relative","%","intensite","IC","rafale_max","sans_2202_2024"
50.6409395973154,33.3871489712701,29.001619944535,38.4358431895055,"Humidité relative","%","intensite","IC","rafale_max","sans_2202_2024"
51.1498881431767,33.4190336709037,29.0389238834235,38.4598208935189,"Humidité relative","%","intensite","IC","rafale_max","sans_2202_2024"
51.658836689038,33.4491710388684,29.0740484716111,38.4826710418383,"Humidité relative","%","intensite","IC","rafale_max","sans_2202_2024"
52.1677852348993,33.4775331644657,29.1070333940974,38.5042752933103,"Humidité relative","%","intensite","IC","rafale_max","sans_2202_2024"
52.6767337807606,33.5040923387905,29.1379160613444,38.5245190865036,"Humidité relative","%","intensite","IC","rafale_max","sans_2202_2024"
53.1856823266219,33.5288210683293,29.1667312232066,38.5432921375017,"Humidité relative","%","intensite","IC","rafale_max","sans_2202_2024"
53.6946308724832,33.5516920887013,29.1935105942936,38.5604889271201,"Humidité relative","%","intensite","IC","rafale_max","sans_2202_2024"
54.2035794183445,33.5726783785364,29.2182824903934,38.5760091777891,"Humidité relative","%","intensite","IC","rafale_max","sans_2202_2024"
54.7125279642058,33.5917531734823,29.2410714753477,38.5897583205691,"Humidité relative","%","intensite","IC","rafale_max","sans_2202_2024"
55.2214765100671,33.6088899803335,29.2618980175974,38.6016479529412,"Humidité relative","%","intensite","IC","rafale_max","sans_2202_2024"
55.7304250559284,33.6240625912764,29.280778155492,38.6115962881274,"Humidité relative","%","intensite","IC","rafale_max","sans_2202_2024"
56.2393736017897,33.6372450982397,29.297723170404,38.619528596749,"Humidité relative","%","intensite","IC","rafale_max","sans_2202_2024"
56.748322147651,33.6484119073448,29.3127392666865,38.625377641628,"Humidité relative","%","intensite","IC","rafale_max","sans_2202_2024"
57.2572706935123,33.6575377534467,29.3258272575815,38.629084106462,"Humidité relative","%","intensite","IC","rafale_max","sans_2202_2024"
57.7662192393736,33.6645980750573,29.3369825392631,38.630597473288,"Humidité relative","%","intensite","IC","rafale_max","sans_2202_2024"
58.2751677852349,33.6696495191515,29.346258125666,38.6299777602999,"Humidité relative","%","intensite","IC","rafale_max","sans_2202_2024"
58.7841163310962,33.6729317777232,29.3538454935704,38.6275227467407,"Humidité relative","%","intensite","IC","rafale_max","sans_2202_2024"
59.2930648769575,33.6747100074519,29.3599521762477,38.6235674799013,"Humidité relative","%","intensite","IC","rafale_max","sans_2202_2024"
59.8020134228188,33.6752496484892,29.3647829549732,38.6184512457299,"Humidité relative","%","intensite","IC","rafale_max","sans_2202_2024"
60.3109619686801,33.6748163163223,29.3685406632557,38.6125162615533,"Humidité relative","%","intensite","IC","rafale_max","sans_2202_2024"
60.8199105145414,33.6736757145465,29.3714269555559,38.606106466814,"Humidité relative","%","intensite","IC","rafale_max","sans_2202_2024"
61.3288590604027,33.6720935685828,29.3736430384267,38.5995664142899,"Humidité relative","%","intensite","IC","rafale_max","sans_2202_2024"
61.837807606264,33.670335580356,29.3753903621328,38.593240263973,"Humidité relative","%","intensite","IC","rafale_max","sans_2202_2024"
62.3467561521253,33.6686674039383,29.3768712709097,38.5874708815413,"Humidité relative","%","intensite","IC","rafale_max","sans_2202_2024"
62.8557046979866,33.667354642155,29.3782896101262,38.5825990431364,"Humidité relative","%","intensite","IC","rafale_max","sans_2202_2024"
63.3646532438479,33.6666628641461,29.3798512887324,38.5789627479416,"Humidité relative","%","intensite","IC","rafale_max","sans_2202_2024"
63.8736017897092,33.6668576438783,29.3817647955379,38.5768966398268,"Humidité relative","%","intensite","IC","rafale_max","sans_2202_2024"
64.3825503355705,33.6682046196108,29.3842416680583,38.5767315390748,"Humidité relative","%","intensite","IC","rafale_max","sans_2202_2024"
64.8914988814318,33.6709695743244,29.3874969129189,38.5787940849322,"Humidité relative","%","intensite","IC","rafale_max","sans_2202_2024"
65.4004474272931,33.6754185371442,29.3917493770926,38.5834064894306,"Humidité relative","%","intensite","IC","rafale_max","sans_2202_2024"
65.9093959731544,33.681817905802,29.3972220695876,38.5908864026049,"Humidité relative","%","intensite","IC","rafale_max","sans_2202_2024"
66.4183445190156,33.6904345902118,29.4041424335602,38.6015468889126,"Humidité relative","%","intensite","IC","rafale_max","sans_2202_2024"
66.9272930648769,33.7015361772602,29.4127425692199,38.6156965143323,"Humidité relative","%","intensite","IC","rafale_max","sans_2202_2024"
67.4362416107383,33.7153911169479,29.4232594082766,38.6336395433135,"Humidité relative","%","intensite","IC","rafale_max","sans_2202_2024"
67.9451901565996,33.732268930057,29.4359348410629,38.6556762444784,"Humidité relative","%","intensite","IC","rafale_max","sans_2202_2024"
68.4541387024608,33.7524404375644,29.4510157978056,38.6821033037582,"Humidité relative","%","intensite","IC","rafale_max","sans_2202_2024"
68.9630872483221,33.7761780120668,29.4687542858209,38.7132143434967,"Humidité relative","%","intensite","IC","rafale_max","sans_2202_2024"
69.4720357941834,33.8037558515409,29.4894073846353,38.7493005459972,"Humidité relative","%","intensite","IC","rafale_max","sans_2202_2024"
69.9809843400447,33.8354502758175,29.5132372011853,38.7906513800304,"Humidité relative","%","intensite","IC","rafale_max","sans_2202_2024"
70.489932885906,33.8715400462154,29.5405107872987,38.8375554289894,"Humidité relative","%","intensite","IC","rafale_max","sans_2202_2024"
70.9988814317673,33.9123067088478,29.5715000216104,38.8903013196668,"Humidité relative","%","intensite","IC","rafale_max","sans_2202_2024"
71.5078299776286,33.9580349621935,29.6064814578954,38.9491787510616,"Humidité relative","%","intensite","IC","rafale_max","sans_2202_2024"
72.0167785234899,34.0090130496019,29.6457361415195,39.0144796231972,"Humidité relative","%","intensite","IC","rafale_max","sans_2202_2024"
72.5257270693512,34.0655331774919,29.6895493953103,39.0864992666446,"Humidité relative","%","intensite","IC","rafale_max","sans_2202_2024"
73.0346756152125,34.1278919600982,29.7382105756326,39.1655377743035,"Humidité relative","%","intensite","IC","rafale_max","sans_2202_2024"
73.5436241610738,34.1963908917184,29.79201279884,39.2519014379831,"Humidité relative","%","intensite","IC","rafale_max","sans_2202_2024"
74.0525727069351,34.2713368475253,29.8512526375543,39.3459042934411,"Humidité relative","%","intensite","IC","rafale_max","sans_2202_2024"
74.5615212527964,34.3530426141223,29.9162297854373,39.4478697787705,"Humidité relative","%","intensite","IC","rafale_max","sans_2202_2024"
75.0704697986577,34.4418274511466,29.9872466882565,39.5581325123491,"Humidité relative","%","intensite","IC","rafale_max","sans_2202_2024"
75.579418344519,34.5380176853565,30.0646081381542,39.6770401979779,"Humidité relative","%","intensite","IC","rafale_max","sans_2202_2024"
76.0883668903803,34.6419469579647,30.1486204742488,39.8049552570229,"Humidité relative","%","intensite","IC","rafale_max","sans_2202_2024"
76.5973154362416,34.7538407978229,30.2394835222939,39.9421322559941,"Humidité relative","%","intensite","IC","rafale_max","sans_2202_2024"
77.1062639821029,34.8736513005545,30.3371365141575,40.088541463533,"Humidité relative","%","intensite","IC","rafale_max","sans_2202_2024"
77.6152125279642,35.001292844935,30.4414765212145,40.2441221917452,"Humidité relative","%","intensite","IC","rafale_max","sans_2202_2024"
78.1241610738255,35.1366827426001,30.5523965364358,40.4088259551687,"Humidité relative","%","intensite","IC","rafale_max","sans_2202_2024"
78.6331096196868,35.279740958623,30.6697856270462,40.5826156479534,"Humidité relative","%","intensite","IC","rafale_max","sans_2202_2024"
79.1420581655481,35.4303898376404,30.7935290754923,40.7654647497432,"Humidité relative","%","intensite","IC","rafale_max","sans_2202_2024"
79.6510067114094,35.5885538350326,30.9235085124573,40.9573565547647,"Humidité relative","%","intensite","IC","rafale_max","sans_2202_2024"
80.1599552572707,35.754159252696,31.0596020455237,41.1582834188754,"Humidité relative","%","intensite","IC","rafale_max","sans_2202_2024"
80.668903803132,35.9271339789758,31.2016843868824,41.3682460196262,"Humidité relative","%","intensite","IC","rafale_max","sans_2202_2024"
81.1778523489933,36.1074072323589,31.3496269832298,41.5872526247546,"Humidité relative","%","intensite","IC","rafale_max","sans_2202_2024"
81.6868008948546,36.2949093085524,31.5032981506834,41.815318364927,"Humidité relative","%","intensite","IC","rafale_max","sans_2202_2024"
82.1957494407159,36.4895713306044,31.6625632171848,42.0524645069988,"Humidité relative","%","intensite","IC","rafale_max","sans_2202_2024"
82.7046979865772,36.6913250017491,31.8272846744618,42.2987177245507,"Humidité relative","%","intensite","IC","rafale_max","sans_2202_2024"
83.2136465324385,36.9001023606831,31.9973223411766,42.5541093629782,"Humidité relative","%","intensite","IC","rafale_max","sans_2202_2024"
83.7225950782998,37.1158355390098,32.1725335384218,42.8186746969633,"Humidité relative","%","intensite","IC","rafale_max","sans_2202_2024"
84.2315436241611,37.3384565206096,32.3527732782315,43.0924521787291,"Humidité relative","%","intensite","IC","rafale_max","sans_2202_2024"
84.7404921700224,37.567896902721,32.5378944652633,43.3754826760594,"Humidité relative","%","intensite","IC","rafale_max","sans_2202_2024"
85.2494407158837,37.8040876585415,32.7277481112987,43.6678086996552,"Humidité relative","%","intensite","IC","rafale_max","sans_2202_2024"
85.758389261745,38.0469589011808,32.9221835616972,43.9694736199788,"Humidité relative","%","intensite","IC","rafale_max","sans_2202_2024"
86.2673378076063,38.2964396488235,33.1210487324499,44.2805208743008,"Humidité relative","%","intensite","IC","rafale_max","sans_2202_2024"
86.7762863534676,38.5524575909819,33.3241903560206,44.6009931651928,"Humidité relative","%","intensite","IC","rafale_max","sans_2202_2024"
87.2852348993289,38.8149388557422,33.5314542337373,44.9309316522025,"Humidité relative","%","intensite","IC","rafale_max","sans_2202_2024"
87.7941834451902,39.083807777933,33.7426854921397,45.2703751388801,"Humidité relative","%","intensite","IC","rafale_max","sans_2202_2024"
88.3031319910514,39.3589866681649,33.9577288403818,45.6193592576954,"Humidité relative","%","intensite","IC","rafale_max","sans_2202_2024"
88.8120805369127,39.6403955827183,34.1764288255688,45.9779156556813,"Humidité relative","%","intensite","IC","rafale_max","sans_2202_2024"
89.321029082774,39.9279520942745,34.3986300827609,46.3460711838535,"Humidité relative","%","intensite","IC","rafale_max","sans_2202_2024"
89.8299776286353,40.2215710635125,34.6241775763237,46.7238470935821,"Humidité relative","%","intensite","IC","rafale_max","sans_2202_2024"
90.3389261744966,40.5211644116168,34.8529168293361,47.1112582431328,"Humidité relative","%","intensite","IC","rafale_max","sans_2202_2024"
90.8478747203579,40.8266408937636,35.0846941378891,47.5083123175437,"Humidité relative","%","intensite","IC","rafale_max","sans_2202_2024"
91.3568232662192,41.1379058736771,35.3193567673153,47.9150090648765,"Humidité relative","%","intensite","IC","rafale_max","sans_2202_2024"
91.8657718120805,41.4548610993741,35.556753127672,48.3313395516694,"Humidité relative","%","intensite","IC","rafale_max","sans_2202_2024"
92.3747203579418,41.7774044802333,35.7967329261478,48.7572854401503,"Humidité relative","%","intensite","IC","rafale_max","sans_2202_2024"
92.8836689038031,42.1054298655565,36.0391472944725,49.1928182894387,"Humidité relative","%","intensite","IC","rafale_max","sans_2202_2024"
93.3926174496644,42.4388268248081,36.2838488898522,49.6378988826007,"Humidité relative","%","intensite","IC","rafale_max","sans_2202_2024"
93.9015659955257,42.7774804297448,36.5306919684264,50.0924765810295,"Humidité relative","%","intensite","IC","rafale_max","sans_2202_2024"
94.410514541387,43.1212710386741,36.779532430724,50.5564887072218,"Humidité relative","%","intensite","IC","rafale_max","sans_2202_2024"
94.9194630872483,43.4700740831003,37.0302278390786,51.0298599566287,"Humidité relative","%","intensite","IC","rafale_max","sans_2202_2024"
95.4284116331096,43.8237598570456,37.2826374074196,51.51250183888,"Humidité relative","%","intensite","IC","rafale_max","sans_2202_2024"
95.9373601789709,44.1821933093544,37.5366219642899,52.0043121483398,"Humidité relative","%","intensite","IC","rafale_max","sans_2202_2024"
96.4463087248322,44.5452338393166,37.7920438903255,52.5051744636484,"Humidité relative","%","intensite","IC","rafale_max","sans_2202_2024"
96.9552572706935,44.9127350959671,38.0487670317764,53.0149576756559,"Humidité relative","%","intensite","IC","rafale_max","sans_2202_2024"
97.4642058165548,45.2845447814451,38.3066565919287,53.5335155429562,"Humidité relative","%","intensite","IC","rafale_max","sans_2202_2024"
97.9731543624161,45.6605044588188,38.5655790025146,54.0606862740961,"Humidité relative","%","intensite","IC","rafale_max","sans_2202_2024"
98.4821029082774,46.0404493648074,38.8254017773618,54.5962921354586,"Humidité relative","%","intensite","IC","rafale_max","sans_2202_2024"
98.9910514541387,46.4242082278521,39.0859933506412,55.1401390838035,"Humidité relative","%","intensite","IC","rafale_max","sans_2202_2024"
99.5,46.8116030920137,39.3472229021228,55.6920164224856,"Humidité relative","%","intensite","IC","rafale_max","sans_2202_2024"
1001.78733333333,43.7314169903695,34.1998469508052,55.9194558600372,"Pression atmosphérique","hPa","intensite","IC","rafale_max","sans_2202_2024"
1002.00344519016,43.7049041603367,34.2616363912758,55.7509462143086,"Pression atmosphérique","hPa","intensite","IC","rafale_max","sans_2202_2024"
1002.21955704698,43.6770625499272,34.3209147406392,55.5837688886355,"Pression atmosphérique","hPa","intensite","IC","rafale_max","sans_2202_2024"
1002.4356689038,43.6478803200179,34.3776615148514,55.4178897714602,"Pression atmosphérique","hPa","intensite","IC","rafale_max","sans_2202_2024"
1002.65178076063,43.6173457925429,34.4318579112645,55.253273259003,"Pression atmosphérique","hPa","intensite","IC","rafale_max","sans_2202_2024"
1002.86789261745,43.5854474545105,34.4834868505096,55.0898822397314,"Pression atmosphérique","hPa","intensite","IC","rafale_max","sans_2202_2024"
1003.08400447427,43.5521739620306,34.532533014764,54.9276780828101,"Pression atmosphérique","hPa","intensite","IC","rafale_max","sans_2202_2024"
1003.3001163311,43.5175141443491,34.5789828821068,54.7666206308103,"Pression atmosphérique","hPa","intensite","IC","rafale_max","sans_2202_2024"
1003.51622818792,43.4814570078898,34.622824756673,54.6066681969553,"Pression atmosphérique","hPa","intensite","IC","rafale_max","sans_2202_2024"
1003.73234004474,43.4439917402997,34.6640487943357,54.4477775671616,"Pression atmosphérique","hPa","intensite","IC","rafale_max","sans_2202_2024"
1003.94845190157,43.4051077144982,34.7026470236562,54.2899040071178,"Pression atmosphérique","hPa","intensite","IC","rafale_max","sans_2202_2024"
1004.16456375839,43.3647944927269,34.7386133618635,54.1330012746244,"Pression atmosphérique","hPa","intensite","IC","rafale_max","sans_2202_2024"
1004.38067561521,43.3230418305999,34.7719436256467,53.9770216373979,"Pression atmosphérique","hPa","intensite","IC","rafale_max","sans_2202_2024"
1004.59678747204,43.2798396811508,34.8026355365677,53.8219158965122,"Pression atmosphérique","hPa","intensite","IC","rafale_max","sans_2202_2024"
1004.81289932886,43.235178198876,34.830688720928,53.6676334156265,"Pression atmosphérique","hPa","intensite","IC","rafale_max","sans_2202_2024"
1005.02901118568,43.189047743773,34.856104703954,53.5141221561199,"Pression atmosphérique","hPa","intensite","IC","rafale_max","sans_2202_2024"
1005.24512304251,43.1414388853695,34.8788868981962,53.3613287182146,"Pression atmosphérique","hPa","intensite","IC","rafale_max","sans_2202_2024"
1005.46123489933,43.0923424067449,34.8990405860697,53.2091983881462,"Pression atmosphérique","hPa","intensite","IC","rafale_max","sans_2202_2024"
1005.67734675615,43.0417493085383,34.9165728964995,53.0576751913926,"Pression atmosphérique","hPa","intensite","IC","rafale_max","sans_2202_2024"
1005.89345861298,42.9896508129447,34.931492775668,52.9067019519487,"Pression atmosphérique","hPa","intensite","IC","rafale_max","sans_2202_2024"
1006.1095704698,42.9360383676957,34.9438109518975,52.7562203575889,"Pression atmosphérique","hPa","intensite","IC","rafale_max","sans_2202_2024"
1006.32568232662,42.8809036500223,34.953539894738,52.6061710310294,"Pression atmosphérique","hPa","intensite","IC","rafale_max","sans_2202_2024"
1006.54179418345,42.8242385705994,34.9606937683641,52.456493606861,"Pression atmosphérique","hPa","intensite","IC","rafale_max","sans_2202_2024"
1006.75790604027,42.7660352774685,34.9652883794196,52.3071268140942,"Pression atmosphérique","hPa","intensite","IC","rafale_max","sans_2202_2024"
1006.97401789709,42.7062861599373,34.9673411194831,52.1580085641184,"Pression atmosphérique","hPa","intensite","IC","rafale_max","sans_2202_2024"
1007.19012975392,42.6449838524546,34.9668709023553,52.0090760438509,"Pression atmosphérique","hPa","intensite","IC","rafale_max","sans_2202_2024"
1007.40624161074,42.5821212384576,34.9638980964024,51.8602658138187,"Pression atmosphérique","hPa","intensite","IC","rafale_max","sans_2202_2024"
1007.62235346756,42.5176914541893,34.9584444522133,51.7115139108881,"Pression atmosphérique","hPa","intensite","IC","rafale_max","sans_2202_2024"
1007.83846532438,42.4516878924856,34.950533025852,51.5627559553386,"Pression atmosphérique","hPa","intensite","IC","rafale_max","sans_2202_2024"
1008.05457718121,42.3841042065282,34.9401880980087,51.4139272619492,"Pression atmosphérique","hPa","intensite","IC","rafale_max","sans_2202_2024"
1008.27068903803,42.314934313562,34.9274350893675,51.264962954756,"Pression atmosphérique","hPa","intensite","IC","rafale_max","sans_2202_2024"
1008.48680089485,42.2441723985747,34.9123004725236,51.1157980851185,"Pression atmosphérique","hPa","intensite","IC","rafale_max","sans_2202_2024"
1008.70291275168,42.1718129179369,34.8948116807912,50.9663677527301,"Pression atmosphérique","hPa","intensite","IC","rafale_max","sans_2202_2024"
1008.9190246085,42.0978506029995,34.8749970142493,50.8166072291954,"Pression atmosphérique","hPa","intensite","IC","rafale_max","sans_2202_2024"
1009.13513646532,42.0222804636481,34.8528855433724,50.6664520838016,"Pression atmosphérique","hPa","intensite","IC","rafale_max","sans_2202_2024"
1009.35124832215,41.9450977918094,34.8285070105952,50.5158383111062,"Pression atmosphérique","hPa","intensite","IC","rafale_max","sans_2202_2024"
1009.56736017897,41.8662981649108,34.8018917301479,50.3647024599764,"Pression atmosphérique","hPa","intensite","IC","rafale_max","sans_2202_2024"
1009.78347203579,41.7858774492882,34.7730704864968,50.2129817637177,"Pression atmosphérique","hPa","intensite","IC","rafale_max","sans_2202_2024"
1009.99958389262,41.7038318035413,34.7420744317037,50.0606142709473,"Pression atmosphérique","hPa","intensite","IC","rafale_max","sans_2202_2024"
1010.21569574944,41.620157681834,34.7089349820107,49.907538976881,"Pression atmosphérique","hPa","intensite","IC","rafale_max","sans_2202_2024"
1010.43180760626,41.5348518371374,34.6736837139292,49.75369595472,"Pression atmosphérique","hPa","intensite","IC","rafale_max","sans_2202_2024"
1010.64791946309,41.4479113244134,34.6363522600984,49.5990264868485,"Pression atmosphérique","hPa","intensite","IC","rafale_max","sans_2202_2024"
1010.86403131991,41.3593335037365,34.5969722051499,49.4434731955728,"Pression atmosphérique","hPa","intensite","IC","rafale_max","sans_2202_2024"
1011.08014317673,41.2691160433525,34.5555749817917,49.2869801731595,"Pression atmosphérique","hPa","intensite","IC","rafale_max","sans_2202_2024"
1011.29625503356,41.1772569226701,34.5121917673,49.1294931109566,"Pression atmosphérique","hPa","intensite","IC","rafale_max","sans_2202_2024"
1011.51236689038,41.0837544351856,34.4668533805751,48.9709594274099,"Pression atmosphérique","hPa","intensite","IC","rafale_max","sans_2202_2024"
1011.7284787472,40.9886071913359,34.4195901798938,48.8113283948118,"Pression atmosphérique","hPa","intensite","IC","rafale_max","sans_2202_2024"
1011.94459060403,40.8918141212807,34.3704319614596,48.6505512646562,"Pression atmosphérique","hPa","intensite","IC","rafale_max","sans_2202_2024"
1012.16070246085,40.7933744776079,34.3194078588236,48.4885813914914,"Pression atmosphérique","hPa","intensite","IC","rafale_max","sans_2202_2024"
1012.37681431767,40.6932878379643,34.2665462432203,48.3253743552007,"Pression atmosphérique","hPa","intensite","IC","rafale_max","sans_2202_2024"
1012.5929261745,40.5915541076059,34.2118746248373,48.1608880816636,"Pression atmosphérique","hPa","intensite","IC","rafale_max","sans_2202_2024"
1012.80903803132,40.4881735218673,34.1554195550069,47.9950829617765,"Pression atmosphérique","hPa","intensite","IC","rafale_max","sans_2202_2024"
1013.02514988814,40.3831466485491,34.0972065292878,47.8279219688406,"Pression atmosphérique","hPa","intensite","IC","rafale_max","sans_2202_2024"
1013.24126174497,40.2764743902178,34.0372598913774,47.6593707743442,"Pression atmosphérique","hPa","intensite","IC","rafale_max","sans_2202_2024"
1013.45737360179,40.1681579864209,33.9756027377761,47.4893978621931,"Pression atmosphérique","hPa","intensite","IC","rafale_max","sans_2202_2024"
1013.67348545861,40.0581990158102,33.9122568231055,47.3179746414561,"Pression atmosphérique","hPa","intensite","IC","rafale_max","sans_2202_2024"
1013.88959731544,39.9465993981753,33.8472424659659,47.1450755577161,"Pression atmosphérique","hPa","intensite","IC","rafale_max","sans_2202_2024"
1014.10570917226,39.8333613963826,33.7805784552053,46.9706782031237,"Pression atmosphérique","hPa","intensite","IC","rafale_max","sans_2202_2024"
1014.32182102908,39.7184876182192,33.7122819564628,46.7947634252689,"Pression atmosphérique","hPa","intensite","IC","rafale_max","sans_2202_2024"
1014.53793288591,39.6019810181397,33.6423684188417,46.6173154349843,"Pression atmosphérique","hPa","intensite","IC","rafale_max","sans_2202_2024"
1014.75404474273,39.4838448989124,33.5708514815681,46.4383219132025,"Pression atmosphérique","hPa","intensite","IC","rafale_max","sans_2202_2024"
1014.97015659955,39.3640829131654,33.4977428804905,46.2577741169846,"Pression atmosphérique","hPa","intensite","IC","rafale_max","sans_2202_2024"
1015.18626845638,39.2426990648288,33.4230523542876,46.0756669848305,"Pression atmosphérique","hPa","intensite","IC","rafale_max","sans_2202_2024"
1015.4023803132,39.1196977104722,33.346787550262,45.8919992413692,"Pression atmosphérique","hPa","intensite","IC","rafale_max","sans_2202_2024"
1015.61849217002,38.9950835605348,33.2689539296197,45.7067735015038,"Pression atmosphérique","hPa","intensite","IC","rafale_max","sans_2202_2024"
1015.83460402685,38.8688616804474,33.1895546721636,45.5199963740658,"Pression atmosphérique","hPa","intensite","IC","rafale_max","sans_2202_2024"
1016.05071588367,38.7410374916429,33.1085905803625,45.3316785649911,"Pression atmosphérique","hPa","intensite","IC","rafale_max","sans_2202_2024"
1016.26682774049,38.6116167724567,33.0260599828041,45.1418349799919,"Pression atmosphérique","hPa","intensite","IC","rafale_max","sans_2202_2024"
1016.48293959732,38.4806056589103,32.9419586370952,44.9504848266402,"Pression atmosphérique","hPa","intensite","IC","rafale_max","sans_2202_2024"
1016.69905145414,38.3480106453822,32.8562796323371,44.757651715717,"Pression atmosphérique","hPa","intensite","IC","rafale_max","sans_2202_2024"
1016.91516331096,38.2138385851604,32.7690132913846,44.5633637616004,"Pression atmosphérique","hPa","intensite","IC","rafale_max","sans_2202_2024"
1017.13127516779,38.0780966908756,32.6801470731876,44.3676536813776,"Pression atmosphérique","hPa","intensite","IC","rafale_max","sans_2202_2024"
1017.34738702461,37.9407925348164,32.5896654756242,44.1705588922559,"Pression atmosphérique","hPa","intensite","IC","rafale_max","sans_2202_2024"
1017.56349888143,37.8019340491202,32.4975499393556,43.9721216067273,"Pression atmosphérique","hPa","intensite","IC","rafale_max","sans_2202_2024"
1017.77961073826,37.6615295258441,32.403778753378,43.7723889247998,"Pression atmosphérique","hPa","intensite","IC","rafale_max","sans_2202_2024"
1017.99572259508,37.5195876169083,32.3083269631051,43.5714129224464,"Pression atmosphérique","hPa","intensite","IC","rafale_max","sans_2202_2024"
1018.2118344519,37.3761173339169,32.2111662819983,43.369250735247,"Pression atmosphérique","hPa","intensite","IC","rafale_max","sans_2202_2024"
1018.42794630872,37.231128047849,32.1122650079637,43.1659646359908,"Pression atmosphérique","hPa","intensite","IC","rafale_max","sans_2202_2024"
1018.64405816555,37.0846294886243,32.0115879459577,42.9616221047917,"Pression atmosphérique","hPa","intensite","IC","rafale_max","sans_2202_2024"
1018.86017002237,36.9366317445372,31.90909633849,42.7562958900174,"Pression atmosphérique","hPa","intensite","IC","rafale_max","sans_2202_2024"
1019.07628187919,36.7871452615622,31.8047478059764,42.5500640580771,"Pression atmosphérique","hPa","intensite","IC","rafale_max","sans_2202_2024"
1019.29239373602,36.6361808425274,31.6984962991778,42.3430100298223,"Pression atmosphérique","hPa","intensite","IC","rafale_max","sans_2202_2024"
1019.50850559284,36.483749646155,31.5902920662597,42.1352226010272,"Pression atmosphérique","hPa","intensite","IC","rafale_max","sans_2202_2024"
1019.72461744966,36.32986318597,31.4800816373126,41.9267959441026,"Pression atmosphérique","hPa","intensite","IC","rafale_max","sans_2202_2024"
1019.94072930649,36.1745333290736,31.3678078294866,41.7178295878917,"Pression atmosphérique","hPa","intensite","IC","rafale_max","sans_2202_2024"
1020.15684116331,36.0177722947829,31.2534097761933,41.5084283720942,"Pression atmosphérique","hPa","intensite","IC","rafale_max","sans_2202_2024"
1020.37295302013,35.8595926531337,31.1368229841151,41.2987023725802,"Pression atmosphérique","hPa","intensite","IC","rafale_max","sans_2202_2024"
1020.58906487696,35.700007323249,31.0179794220135,41.0887667936075,"Pression atmosphérique","hPa","intensite","IC","rafale_max","sans_2202_2024"
1020.80517673378,35.5390295715685,30.8968076455272,40.8787418227548,"Pression atmosphérique","hPa","intensite","IC","rafale_max","sans_2202_2024"
1021.0212885906,35.3766730099436,30.7732329622808,40.6687524442579,"Pression atmosphérique","hPa","intensite","IC","rafale_max","sans_2202_2024"
1021.23740044743,35.212951593592,30.6471776416578,40.4589282064011,"Pression atmosphérique","hPa","intensite","IC","rafale_max","sans_2202_2024"
1021.45351230425,35.0478796189165,30.5185611735045,40.2494029387102,"Pression atmosphérique","hPa","intensite","IC","rafale_max","sans_2202_2024"
1021.66962416107,34.8814793125418,30.3873071941058,40.0403231276541,"Pression atmosphérique","hPa","intensite","IC","rafale_max","sans_2202_2024"
1021.8857360179,34.7142650810778,30.2537692266346,39.8323987696189,"Pression atmosphérique","hPa","intensite","IC","rafale_max","sans_2202_2024"
1022.10184787472,34.547523907212,30.1189956632352,39.6271981132581,"Pression atmosphérique","hPa","intensite","IC","rafale_max","sans_2202_2024"
1022.31795973154,34.3825879867723,29.9841085229014,39.4262966252681,"Pression atmosphérique","hPa","intensite","IC","rafale_max","sans_2202_2024"
1022.53407158837,34.2207641265058,29.8502426017739,39.2311953046692,"Pression atmosphérique","hPa","intensite","IC","rafale_max","sans_2202_2024"
1022.75018344519,34.0633346868942,29.7185457249061,39.0433226690145,"Pression atmosphérique","hPa","intensite","IC","rafale_max","sans_2202_2024"
1022.96629530201,33.9115590124476,29.5901786884061,38.8640381920135,"Pression atmosphérique","hPa","intensite","IC","rafale_max","sans_2202_2024"
1023.18240715884,33.7666753342467,29.4663149380546,38.6946370974917,"Pression atmosphérique","hPa","intensite","IC","rafale_max","sans_2202_2024"
1023.39851901566,33.6299031312759,29.3481400463503,38.5363564039433,"Pression atmosphérique","hPa","intensite","IC","rafale_max","sans_2202_2024"
1023.61463087248,33.5024459393455,29.2368510620921,38.3903821083546,"Pression atmosphérique","hPa","intensite","IC","rafale_max","sans_2202_2024"
1023.83074272931,33.3854945991223,29.1336558138871,38.2578573986151,"Pression atmosphérique","hPa","intensite","IC","rafale_max","sans_2202_2024"
1024.04685458613,33.28023093796,29.0397722505887,38.1398917913862,"Pression atmosphérique","hPa","intensite","IC","rafale_max","sans_2202_2024"
1024.26296644295,33.187831883855,28.9564278972882,38.0375711071106,"Pression atmosphérique","hPa","intensite","IC","rafale_max","sans_2202_2024"
1024.47907829978,33.1094740139201,28.8848594951922,37.9519682157677,"Pression atmosphérique","hPa","intensite","IC","rafale_max","sans_2202_2024"
1024.6951901566,33.0463385443216,28.8263128780067,37.8841545156165,"Pression atmosphérique","hPa","intensite","IC","rafale_max","sans_2202_2024"
1024.91130201342,32.9996167736347,28.7820431170165,37.8352121418001,"Pression atmosphérique","hPa","intensite","IC","rafale_max","sans_2202_2024"
1025.12741387025,32.9705159971133,28.7533149427567,37.8062469416155,"Pression atmosphérique","hPa","intensite","IC","rafale_max","sans_2202_2024"
1025.34352572707,32.9602659154443,28.741403423886,37.7984022977091,"Pression atmosphérique","hPa","intensite","IC","rafale_max","sans_2202_2024"
1025.55963758389,32.9701255682474,28.7475948543491,37.8128739288793,"Pression atmosphérique","hPa","intensite","IC","rafale_max","sans_2202_2024"
1025.77574944072,33.0013908299284,28.7731877688404,37.8509258501104,"Pression atmosphérique","hPa","intensite","IC","rafale_max","sans_2202_2024"
1025.99186129754,33.0554025136025,28.8194939745211,37.9139077286466,"Pression atmosphérique","hPa","intensite","IC","rafale_max","sans_2202_2024"
1026.20797315436,33.1332984226104,28.8875919444794,38.0030106514834,"Pression atmosphérique","hPa","intensite","IC","rafale_max","sans_2202_2024"
1026.42408501119,33.2351230186307,28.977461736872,38.1183628881482,"Pression atmosphérique","hPa","intensite","IC","rafale_max","sans_2202_2024"
1026.64019686801,33.3606472951074,29.0887743088504,38.2598722150331,"Pression atmosphérique","hPa","intensite","IC","rafale_max","sans_2202_2024"
1026.85630872483,33.509686821398,29.2211991002914,38.4275507317212,"Pression atmosphérique","hPa","intensite","IC","rafale_max","sans_2202_2024"
1027.07242058166,33.6820995035115,29.3744024084077,38.6215117227279,"Pression atmosphérique","hPa","intensite","IC","rafale_max","sans_2202_2024"
1027.28853243848,33.8777834882772,29.5480455330901,38.8419671545889,"Pression atmosphérique","hPa","intensite","IC","rafale_max","sans_2202_2024"
1027.5046442953,34.0966752100544,29.7417828153326,39.0892256727998,"Pression atmosphérique","hPa","intensite","IC","rafale_max","sans_2202_2024"
1027.72075615213,34.3387475649189,29.9552596840615,39.3636909432177,"Pression atmosphérique","hPa","intensite","IC","rafale_max","sans_2202_2024"
1027.93686800895,34.6040081983036,30.1881108337641,39.6658601786031,"Pression atmosphérique","hPa","intensite","IC","rafale_max","sans_2202_2024"
1028.15297986577,34.8924978930068,30.4399586606432,39.9963226884276,"Pression atmosphérique","hPa","intensite","IC","rafale_max","sans_2202_2024"
1028.3690917226,35.2042890453073,30.7104120871351,40.3557582903524,"Pression atmosphérique","hPa","intensite","IC","rafale_max","sans_2202_2024"
1028.58520357942,35.5394842176715,30.9990659018428,40.7449354266844,"Pression atmosphérique","hPa","intensite","IC","rafale_max","sans_2202_2024"
1028.80131543624,35.8982147571869,31.3055007323849,41.1647088404498,"Pression atmosphérique","hPa","intensite","IC","rafale_max","sans_2202_2024"
1029.01742729306,36.2806394694459,31.6292837507231,41.6160166852284,"Pression atmosphérique","hPa","intensite","IC","rafale_max","sans_2202_2024"
1029.23353914989,36.6869433381106,31.9699701829939,42.0998769717244,"Pression atmosphérique","hPa","intensite","IC","rafale_max","sans_2202_2024"
1029.44965100671,37.1173362808602,32.3271056584477,42.6173832926005,"Pression atmosphérique","hPa","intensite","IC","rafale_max","sans_2202_2024"
1029.66576286353,37.5720519328134,32.7002293856575,43.1696998144357,"Pression atmosphérique","hPa","intensite","IC","rafale_max","sans_2202_2024"
1029.88187472036,38.0513464488827,33.0888780911002,43.758055579477,"Pression atmosphérique","hPa","intensite","IC","rafale_max","sans_2202_2024"
1030.09798657718,38.5554973168346,33.4925905994251,44.3837382162356,"Pression atmosphérique","hPa","intensite","IC","rafale_max","sans_2202_2024"
1030.314098434,39.0848021730965,33.9109128813591,45.0480872117668,"Pression atmosphérique","hPa","intensite","IC","rafale_max","sans_2202_2024"
1030.53021029083,39.639577613621,34.3434033501846,45.752486943838,"Pression atmosphérique","hPa","intensite","IC","rafale_max","sans_2202_2024"
1030.74632214765,40.2201579923156,34.789638156753,46.4983597023364,"Pression atmosphérique","hPa","intensite","IC","rafale_max","sans_2202_2024"
1030.96243400447,40.8268941997617,35.2492162207296,47.2871589416587,"Pression atmosphérique","hPa","intensite","IC","rafale_max","sans_2202_2024"
1031.1785458613,41.4601524151099,35.7217637447249,48.1203629968575,"Pression atmosphérique","hPa","intensite","IC","rafale_max","sans_2202_2024"
1031.39465771812,42.120312824223,36.206937988065,48.9994694661895,"Pression atmosphérique","hPa","intensite","IC","rafale_max","sans_2202_2024"
1031.61076957494,42.8077682972734,36.7044301252022,49.9259904142959,"Pression atmosphérique","hPa","intensite","IC","rafale_max","sans_2202_2024"
1031.82688143177,43.5229230191593,37.2139670748594,50.901448488983,"Pression atmosphérique","hPa","intensite","IC","rafale_max","sans_2202_2024"
1032.04299328859,44.2661910662504,37.7353122530343,51.9273739773074,"Pression atmosphérique","hPa","intensite","IC","rafale_max","sans_2202_2024"
1032.25910514541,45.0379949231012,38.2682652687253,53.0053027606406,"Pression atmosphérique","hPa","intensite","IC","rafale_max","sans_2202_2024"
1032.47521700224,45.8387639329477,38.8126606392472,54.1367750701375,"Pression atmosphérique","hPa","intensite","IC","rafale_max","sans_2202_2024"
1032.69132885906,46.66893267593,39.3683656474617,55.3233348982297,"Pression atmosphérique","hPa","intensite","IC","rafale_max","sans_2202_2024"
1032.90744071588,47.5289392691765,39.9352774935898,56.5665298911639,"Pression atmosphérique","hPa","intensite","IC","rafale_max","sans_2202_2024"
1033.12355257271,48.4192235830406,40.5133199090371,57.8679115325111,"Pression atmosphérique","hPa","intensite","IC","rafale_max","sans_2202_2024"
1033.33966442953,49.3402253680186,41.1024394003286,59.2290354267246,"Pression atmosphérique","hPa","intensite","IC","rafale_max","sans_2202_2024"
1033.55577628635,50.2923822870664,41.7026012804359,60.6514615023554,"Pression atmosphérique","hPa","intensite","IC","rafale_max","sans_2202_2024"
1033.77188814318,51.2761278483118,42.3137856258985,62.1367539733237,"Pression atmosphérique","hPa","intensite","IC","rafale_max","sans_2202_2024"
1033.988,52.2918892334082,42.9359832744822,63.6864809201696,"Pression atmosphérique","hPa","intensite","IC","rafale_max","sans_2202_2024"
11.7673333333333,0.999999999749392,0,1,"Température","°C","presence","MR","moyen","sans_2202_2024"
11.9129306487696,0.999999999744982,0,1,"Température","°C","presence","MR","moyen","sans_2202_2024"
12.0585279642058,0.99999999974053,0,1,"Température","°C","presence","MR","moyen","sans_2202_2024"
12.2041252796421,0.999999999736037,0,1,"Température","°C","presence","MR","moyen","sans_2202_2024"
12.3497225950783,0.999999999731505,0,1,"Température","°C","presence","MR","moyen","sans_2202_2024"
12.4953199105145,0.999999999726935,0,1,"Température","°C","presence","MR","moyen","sans_2202_2024"
12.6409172259508,0.999999999722328,0,1,"Température","°C","presence","MR","moyen","sans_2202_2024"
12.786514541387,0.999999999717687,0,1,"Température","°C","presence","MR","moyen","sans_2202_2024"
12.9321118568233,0.999999999713013,0,1,"Température","°C","presence","MR","moyen","sans_2202_2024"
13.0777091722595,0.999999999708308,0,1,"Température","°C","presence","MR","moyen","sans_2202_2024"
13.2233064876957,0.999999999703575,0,1,"Température","°C","presence","MR","moyen","sans_2202_2024"
13.368903803132,0.999999999698814,0,1,"Température","°C","presence","MR","moyen","sans_2202_2024"
13.5145011185682,0.999999999694029,0,1,"Température","°C","presence","MR","moyen","sans_2202_2024"
13.6600984340045,0.999999999689222,0,1,"Température","°C","presence","MR","moyen","sans_2202_2024"
13.8056957494407,0.999999999684395,0,1,"Température","°C","presence","MR","moyen","sans_2202_2024"
13.9512930648769,0.999999999679551,0,1,"Température","°C","presence","MR","moyen","sans_2202_2024"
14.0968903803132,0.999999999674692,0,1,"Température","°C","presence","MR","moyen","sans_2202_2024"
14.2424876957494,0.99999999966982,0,1,"Température","°C","presence","MR","moyen","sans_2202_2024"
14.3880850111857,0.999999999664939,0,1,"Température","°C","presence","MR","moyen","sans_2202_2024"
14.5336823266219,0.999999999660052,0,1,"Température","°C","presence","MR","moyen","sans_2202_2024"
14.6792796420581,0.999999999655161,0,1,"Température","°C","presence","MR","moyen","sans_2202_2024"
14.8248769574944,0.99999999965027,0,1,"Température","°C","presence","MR","moyen","sans_2202_2024"
14.9704742729306,0.999999999645381,0,1,"Température","°C","presence","MR","moyen","sans_2202_2024"
15.1160715883669,0.999999999640498,0,1,"Température","°C","presence","MR","moyen","sans_2202_2024"
15.2616689038031,0.999999999635625,0,1,"Température","°C","presence","MR","moyen","sans_2202_2024"
15.4072662192394,0.999999999630764,0,1,"Température","°C","presence","MR","moyen","sans_2202_2024"
15.5528635346756,0.999999999625919,0,1,"Température","°C","presence","MR","moyen","sans_2202_2024"
15.6984608501118,0.999999999621094,0,1,"Température","°C","presence","MR","moyen","sans_2202_2024"
15.8440581655481,0.999999999616292,0,1,"Température","°C","presence","MR","moyen","sans_2202_2024"
15.9896554809843,0.999999999611518,0,1,"Température","°C","presence","MR","moyen","sans_2202_2024"
16.1352527964206,0.999999999606775,0,1,"Température","°C","presence","MR","moyen","sans_2202_2024"
16.2808501118568,0.999999999602066,0,1,"Température","°C","presence","MR","moyen","sans_2202_2024"
16.426447427293,0.999999999597396,0,1,"Température","°C","presence","MR","moyen","sans_2202_2024"
16.5720447427293,0.99999999959277,0,1,"Température","°C","presence","MR","moyen","sans_2202_2024"
16.7176420581655,0.99999999958819,0,1,"Température","°C","presence","MR","moyen","sans_2202_2024"
16.8632393736018,0.999999999583662,0,1,"Température","°C","presence","MR","moyen","sans_2202_2024"
17.008836689038,0.999999999579189,0,1,"Température","°C","presence","MR","moyen","sans_2202_2024"
17.1544340044742,0.999999999574775,0,1,"Température","°C","presence","MR","moyen","sans_2202_2024"
17.3000313199105,0.999999999570426,0,1,"Température","°C","presence","MR","moyen","sans_2202_2024"
17.4456286353467,0.999999999566145,0,1,"Température","°C","presence","MR","moyen","sans_2202_2024"
17.591225950783,0.999999999561937,0,1,"Température","°C","presence","MR","moyen","sans_2202_2024"
17.7368232662192,0.999999999557806,0,1,"Température","°C","presence","MR","moyen","sans_2202_2024"
17.8824205816554,0.999999999553757,0,1,"Température","°C","presence","MR","moyen","sans_2202_2024"
18.0280178970917,0.999999999549793,0,1,"Température","°C","presence","MR","moyen","sans_2202_2024"
18.1736152125279,0.99999999954592,0,1,"Température","°C","presence","MR","moyen","sans_2202_2024"
18.3192125279642,0.999999999542142,0,1,"Température","°C","presence","MR","moyen","sans_2202_2024"
18.4648098434004,0.999999999538464,0,1,"Température","°C","presence","MR","moyen","sans_2202_2024"
18.6104071588367,0.99999999953489,0,1,"Température","°C","presence","MR","moyen","sans_2202_2024"
18.7560044742729,0.999999999531423,0,1,"Température","°C","presence","MR","moyen","sans_2202_2024"
18.9016017897091,0.99999999952807,0,1,"Température","°C","presence","MR","moyen","sans_2202_2024"
19.0471991051454,0.999999999524834,0,1,"Température","°C","presence","MR","moyen","sans_2202_2024"
19.1927964205816,0.999999999521719,0,1,"Température","°C","presence","MR","moyen","sans_2202_2024"
19.3383937360179,0.99999999951873,0,1,"Température","°C","presence","MR","moyen","sans_2202_2024"
19.4839910514541,0.99999999951587,0,1,"Température","°C","presence","MR","moyen","sans_2202_2024"
19.6295883668903,0.999999999513145,0,1,"Température","°C","presence","MR","moyen","sans_2202_2024"
19.7751856823266,0.999999999510558,0,1,"Température","°C","presence","MR","moyen","sans_2202_2024"
19.9207829977628,0.999999999508114,0,1,"Température","°C","presence","MR","moyen","sans_2202_2024"
20.0663803131991,0.999999999505815,0,1,"Température","°C","presence","MR","moyen","sans_2202_2024"
20.2119776286353,0.999999999503666,0,1,"Température","°C","presence","MR","moyen","sans_2202_2024"
20.3575749440715,0.999999999501664,0,1,"Température","°C","presence","MR","moyen","sans_2202_2024"
20.5031722595078,0.999999999499807,0,1,"Température","°C","presence","MR","moyen","sans_2202_2024"
20.648769574944,0.999999999498092,0,1,"Température","°C","presence","MR","moyen","sans_2202_2024"
20.7943668903803,0.999999999496516,0,1,"Température","°C","presence","MR","moyen","sans_2202_2024"
20.9399642058165,0.999999999495076,0,1,"Température","°C","presence","MR","moyen","sans_2202_2024"
21.0855615212527,0.999999999493769,0,1,"Température","°C","presence","MR","moyen","sans_2202_2024"
21.231158836689,0.999999999492591,0,1,"Température","°C","presence","MR","moyen","sans_2202_2024"
21.3767561521252,0.999999999491539,0,1,"Température","°C","presence","MR","moyen","sans_2202_2024"
21.5223534675615,0.999999999490608,0,1,"Température","°C","presence","MR","moyen","sans_2202_2024"
21.6679507829977,0.999999999489795,0,1,"Température","°C","presence","MR","moyen","sans_2202_2024"
21.8135480984339,0.999999999489095,0,1,"Température","°C","presence","MR","moyen","sans_2202_2024"
21.9591454138702,0.999999999488506,0,1,"Température","°C","presence","MR","moyen","sans_2202_2024"
22.1047427293064,0.999999999488022,0,1,"Température","°C","presence","MR","moyen","sans_2202_2024"
22.2503400447427,0.999999999487639,0,1,"Température","°C","presence","MR","moyen","sans_2202_2024"
22.3959373601789,0.999999999487353,0,1,"Température","°C","presence","MR","moyen","sans_2202_2024"
22.5415346756152,0.99999999948716,0,1,"Température","°C","presence","MR","moyen","sans_2202_2024"
22.6871319910514,0.999999999487054,0,1,"Température","°C","presence","MR","moyen","sans_2202_2024"
22.8327293064876,0.999999999487032,0,1,"Température","°C","presence","MR","moyen","sans_2202_2024"
22.9783266219239,0.999999999487089,0,1,"Température","°C","presence","MR","moyen","sans_2202_2024"
23.1239239373601,0.99999999948722,0,1,"Température","°C","presence","MR","moyen","sans_2202_2024"
23.2695212527964,0.99999999948742,0,1,"Température","°C","presence","MR","moyen","sans_2202_2024"
23.4151185682326,0.999999999487686,0,1,"Température","°C","presence","MR","moyen","sans_2202_2024"
23.5607158836688,0.999999999488011,0,1,"Température","°C","presence","MR","moyen","sans_2202_2024"
23.7063131991051,0.999999999488392,0,1,"Température","°C","presence","MR","moyen","sans_2202_2024"
23.8519105145413,0.999999999488824,0,1,"Température","°C","presence","MR","moyen","sans_2202_2024"
23.9975078299776,0.999999999489304,0,1,"Température","°C","presence","MR","moyen","sans_2202_2024"
24.1431051454138,0.999999999489831,0,1,"Température","°C","presence","MR","moyen","sans_2202_2024"
24.28870246085,0.999999999490403,0,1,"Température","°C","presence","MR","moyen","sans_2202_2024"
24.4342997762863,0.999999999491022,0,1,"Température","°C","presence","MR","moyen","sans_2202_2024"
24.5798970917225,0.999999999491685,0,1,"Température","°C","presence","MR","moyen","sans_2202_2024"
24.7254944071588,0.999999999492393,0,1,"Température","°C","presence","MR","moyen","sans_2202_2024"
24.871091722595,0.999999999493144,0,1,"Température","°C","presence","MR","moyen","sans_2202_2024"
25.0166890380312,0.999999999493937,0,1,"Température","°C","presence","MR","moyen","sans_2202_2024"
25.1622863534675,0.999999999494773,0,1,"Température","°C","presence","MR","moyen","sans_2202_2024"
25.3078836689037,0.99999999949565,0,1,"Température","°C","presence","MR","moyen","sans_2202_2024"
25.45348098434,0.999999999496567,0,1,"Température","°C","presence","MR","moyen","sans_2202_2024"
25.5990782997762,0.999999999497525,0,1,"Température","°C","presence","MR","moyen","sans_2202_2024"
25.7446756152125,0.999999999498521,0,1,"Température","°C","presence","MR","moyen","sans_2202_2024"
25.8902729306487,0.999999999499556,0,1,"Température","°C","presence","MR","moyen","sans_2202_2024"
26.0358702460849,0.999999999500628,0,1,"Température","°C","presence","MR","moyen","sans_2202_2024"
26.1814675615212,0.999999999501737,0,1,"Température","°C","presence","MR","moyen","sans_2202_2024"
26.3270648769574,0.999999999502882,0,1,"Température","°C","presence","MR","moyen","sans_2202_2024"
26.4726621923937,0.999999999504062,0,1,"Température","°C","presence","MR","moyen","sans_2202_2024"
26.6182595078299,0.999999999505277,0,1,"Température","°C","presence","MR","moyen","sans_2202_2024"
26.7638568232661,0.999999999506525,0,1,"Température","°C","presence","MR","moyen","sans_2202_2024"
26.9094541387024,0.999999999507806,0,1,"Température","°C","presence","MR","moyen","sans_2202_2024"
27.0550514541386,0.99999999950912,0,1,"Température","°C","presence","MR","moyen","sans_2202_2024"
27.2006487695749,0.999999999510465,0,1,"Température","°C","presence","MR","moyen","sans_2202_2024"
27.3462460850111,0.99999999951184,0,1,"Température","°C","presence","MR","moyen","sans_2202_2024"
27.4918434004473,0.999999999513245,0,1,"Température","°C","presence","MR","moyen","sans_2202_2024"
27.6374407158836,0.999999999514679,0,1,"Température","°C","presence","MR","moyen","sans_2202_2024"
27.7830380313198,0.999999999516142,0,1,"Température","°C","presence","MR","moyen","sans_2202_2024"
27.9286353467561,0.999999999517632,0,1,"Température","°C","presence","MR","moyen","sans_2202_2024"
28.0742326621923,0.999999999519148,0,1,"Température","°C","presence","MR","moyen","sans_2202_2024"
28.2198299776285,0.999999999520691,0,1,"Température","°C","presence","MR","moyen","sans_2202_2024"
28.3654272930648,0.999999999522258,0,1,"Température","°C","presence","MR","moyen","sans_2202_2024"
28.511024608501,0.99999999952385,0,1,"Température","°C","presence","MR","moyen","sans_2202_2024"
28.6566219239373,0.999999999525466,0,1,"Température","°C","presence","MR","moyen","sans_2202_2024"
28.8022192393735,0.999999999527104,0,1,"Température","°C","presence","MR","moyen","sans_2202_2024"
28.9478165548098,0.999999999528765,0,1,"Température","°C","presence","MR","moyen","sans_2202_2024"
29.093413870246,0.999999999530447,0,1,"Température","°C","presence","MR","moyen","sans_2202_2024"
29.2390111856822,0.999999999532149,0,1,"Température","°C","presence","MR","moyen","sans_2202_2024"
29.3846085011185,0.999999999533872,0,1,"Température","°C","presence","MR","moyen","sans_2202_2024"
29.5302058165547,0.999999999535613,0,1,"Température","°C","presence","MR","moyen","sans_2202_2024"
29.675803131991,0.999999999537373,0,1,"Température","°C","presence","MR","moyen","sans_2202_2024"
29.8214004474272,0.99999999953915,0,1,"Température","°C","presence","MR","moyen","sans_2202_2024"
29.9669977628634,0.999999999540944,0,1,"Température","°C","presence","MR","moyen","sans_2202_2024"
30.1125950782997,0.999999999542755,0,1,"Température","°C","presence","MR","moyen","sans_2202_2024"
30.2581923937359,0.999999999544581,0,1,"Température","°C","presence","MR","moyen","sans_2202_2024"
30.4037897091722,0.999999999546421,0,1,"Température","°C","presence","MR","moyen","sans_2202_2024"
30.5493870246084,0.999999999548276,0,1,"Température","°C","presence","MR","moyen","sans_2202_2024"
30.6949843400446,0.999999999550144,0,1,"Température","°C","presence","MR","moyen","sans_2202_2024"
30.8405816554809,0.999999999552024,0,1,"Température","°C","presence","MR","moyen","sans_2202_2024"
30.9861789709171,0.999999999553917,0,1,"Température","°C","presence","MR","moyen","sans_2202_2024"
31.1317762863534,0.999999999555821,0,1,"Température","°C","presence","MR","moyen","sans_2202_2024"
31.2773736017896,0.999999999557736,0,1,"Température","°C","presence","MR","moyen","sans_2202_2024"
31.4229709172258,0.99999999955966,0,1,"Température","°C","presence","MR","moyen","sans_2202_2024"
31.5685682326621,0.999999999561594,0,1,"Température","°C","presence","MR","moyen","sans_2202_2024"
31.7141655480983,0.999999999563536,0,1,"Température","°C","presence","MR","moyen","sans_2202_2024"
31.8597628635346,0.999999999565487,0,1,"Température","°C","presence","MR","moyen","sans_2202_2024"
32.0053601789708,0.999999999567445,0,1,"Température","°C","presence","MR","moyen","sans_2202_2024"
32.1509574944071,0.99999999956941,0,1,"Température","°C","presence","MR","moyen","sans_2202_2024"
32.2965548098433,0.99999999957138,0,1,"Température","°C","presence","MR","moyen","sans_2202_2024"
32.4421521252795,0.999999999573357,0,1,"Température","°C","presence","MR","moyen","sans_2202_2024"
32.5877494407158,0.999999999575338,0,1,"Température","°C","presence","MR","moyen","sans_2202_2024"
32.733346756152,0.999999999577324,0,1,"Température","°C","presence","MR","moyen","sans_2202_2024"
32.8789440715883,0.999999999579314,0,1,"Température","°C","presence","MR","moyen","sans_2202_2024"
33.0245413870245,0.999999999581306,0,1,"Température","°C","presence","MR","moyen","sans_2202_2024"
33.1701387024607,0.999999999583302,0,1,"Température","°C","presence","MR","moyen","sans_2202_2024"
33.315736017897,0.999999999585299,0,1,"Température","°C","presence","MR","moyen","sans_2202_2024"
33.4613333333332,0.999999999587299,0,1,"Température","°C","presence","MR","moyen","sans_2202_2024"
33.25,0.99999999946364,0,1,"Humidité relative","%","presence","MR","moyen","sans_2202_2024"
33.6946308724832,0.999999999463809,0,1,"Humidité relative","%","presence","MR","moyen","sans_2202_2024"
34.1392617449664,0.99999999946398,0,1,"Humidité relative","%","presence","MR","moyen","sans_2202_2024"
34.5838926174497,0.999999999464153,0,1,"Humidité relative","%","presence","MR","moyen","sans_2202_2024"
35.0285234899329,0.999999999464327,0,1,"Humidité relative","%","presence","MR","moyen","sans_2202_2024"
35.4731543624161,0.999999999464503,0,1,"Humidité relative","%","presence","MR","moyen","sans_2202_2024"
35.9177852348993,0.99999999946468,0,1,"Humidité relative","%","presence","MR","moyen","sans_2202_2024"
36.3624161073826,0.99999999946486,0,1,"Humidité relative","%","presence","MR","moyen","sans_2202_2024"
36.8070469798658,0.999999999465041,0,1,"Humidité relative","%","presence","MR","moyen","sans_2202_2024"
37.251677852349,0.999999999465225,0,1,"Humidité relative","%","presence","MR","moyen","sans_2202_2024"
37.6963087248322,0.99999999946541,0,1,"Humidité relative","%","presence","MR","moyen","sans_2202_2024"
38.1409395973154,0.999999999465597,0,1,"Humidité relative","%","presence","MR","moyen","sans_2202_2024"
38.5855704697987,0.999999999465787,0,1,"Humidité relative","%","presence","MR","moyen","sans_2202_2024"
39.0302013422819,0.999999999465979,0,1,"Humidité relative","%","presence","MR","moyen","sans_2202_2024"
39.4748322147651,0.999999999466173,0,1,"Humidité relative","%","presence","MR","moyen","sans_2202_2024"
39.9194630872483,0.99999999946637,0,1,"Humidité relative","%","presence","MR","moyen","sans_2202_2024"
40.3640939597315,0.999999999466568,0,1,"Humidité relative","%","presence","MR","moyen","sans_2202_2024"
40.8087248322148,0.99999999946677,0,1,"Humidité relative","%","presence","MR","moyen","sans_2202_2024"
41.253355704698,0.999999999466973,0,1,"Humidité relative","%","presence","MR","moyen","sans_2202_2024"
41.6979865771812,0.999999999467179,0,1,"Humidité relative","%","presence","MR","moyen","sans_2202_2024"
42.1426174496644,0.999999999467388,0,1,"Humidité relative","%","presence","MR","moyen","sans_2202_2024"
42.5872483221477,0.9999999994676,0,1,"Humidité relative","%","presence","MR","moyen","sans_2202_2024"
43.0318791946309,0.999999999467814,0,1,"Humidité relative","%","presence","MR","moyen","sans_2202_2024"
43.4765100671141,0.99999999946803,0,1,"Humidité relative","%","presence","MR","moyen","sans_2202_2024"
43.9211409395973,0.99999999946825,0,1,"Humidité relative","%","presence","MR","moyen","sans_2202_2024"
44.3657718120805,0.999999999468473,0,1,"Humidité relative","%","presence","MR","moyen","sans_2202_2024"
44.8104026845638,0.999999999468698,0,1,"Humidité relative","%","presence","MR","moyen","sans_2202_2024"
45.255033557047,0.999999999468926,0,1,"Humidité relative","%","presence","MR","moyen","sans_2202_2024"
45.6996644295302,0.999999999469158,0,1,"Humidité relative","%","presence","MR","moyen","sans_2202_2024"
46.1442953020134,0.999999999469392,0,1,"Humidité relative","%","presence","MR","moyen","sans_2202_2024"
46.5889261744966,0.999999999469629,0,1,"Humidité relative","%","presence","MR","moyen","sans_2202_2024"
47.0335570469799,0.99999999946987,0,1,"Humidité relative","%","presence","MR","moyen","sans_2202_2024"
47.4781879194631,0.999999999470114,0,1,"Humidité relative","%","presence","MR","moyen","sans_2202_2024"
47.9228187919463,0.999999999470361,0,1,"Humidité relative","%","presence","MR","moyen","sans_2202_2024"
48.3674496644295,0.999999999470611,0,1,"Humidité relative","%","presence","MR","moyen","sans_2202_2024"
48.8120805369128,0.999999999470865,0,1,"Humidité relative","%","presence","MR","moyen","sans_2202_2024"
49.256711409396,0.999999999471122,0,1,"Humidité relative","%","presence","MR","moyen","sans_2202_2024"
49.7013422818792,0.999999999471383,0,1,"Humidité relative","%","presence","MR","moyen","sans_2202_2024"
50.1459731543624,0.999999999471647,0,1,"Humidité relative","%","presence","MR","moyen","sans_2202_2024"
50.5906040268456,0.999999999471915,0,1,"Humidité relative","%","presence","MR","moyen","sans_2202_2024"
51.0352348993289,0.999999999472186,0,1,"Humidité relative","%","presence","MR","moyen","sans_2202_2024"
51.4798657718121,0.999999999472462,0,1,"Humidité relative","%","presence","MR","moyen","sans_2202_2024"
51.9244966442953,0.99999999947274,0,1,"Humidité relative","%","presence","MR","moyen","sans_2202_2024"
52.3691275167785,0.999999999473023,0,1,"Humidité relative","%","presence","MR","moyen","sans_2202_2024"
52.8137583892617,0.999999999473309,0,1,"Humidité relative","%","presence","MR","moyen","sans_2202_2024"
53.258389261745,0.9999999994736,0,1,"Humidité relative","%","presence","MR","moyen","sans_2202_2024"
53.7030201342282,0.999999999473894,0,1,"Humidité relative","%","presence","MR","moyen","sans_2202_2024"
54.1476510067114,0.999999999474192,0,1,"Humidité relative","%","presence","MR","moyen","sans_2202_2024"
54.5922818791946,0.999999999474494,0,1,"Humidité relative","%","presence","MR","moyen","sans_2202_2024"
55.0369127516779,0.999999999474801,0,1,"Humidité relative","%","presence","MR","moyen","sans_2202_2024"
55.4815436241611,0.999999999475111,0,1,"Humidité relative","%","presence","MR","moyen","sans_2202_2024"
55.9261744966443,0.999999999475426,0,1,"Humidité relative","%","presence","MR","moyen","sans_2202_2024"
56.3708053691275,0.999999999475745,0,1,"Humidité relative","%","presence","MR","moyen","sans_2202_2024"
56.8154362416107,0.999999999476068,0,1,"Humidité relative","%","presence","MR","moyen","sans_2202_2024"
57.260067114094,0.999999999476395,0,1,"Humidité relative","%","presence","MR","moyen","sans_2202_2024"
57.7046979865772,0.999999999476727,0,1,"Humidité relative","%","presence","MR","moyen","sans_2202_2024"
58.1493288590604,0.999999999477063,0,1,"Humidité relative","%","presence","MR","moyen","sans_2202_2024"
58.5939597315436,0.999999999477404,0,1,"Humidité relative","%","presence","MR","moyen","sans_2202_2024"
59.0385906040268,0.999999999477749,0,1,"Humidité relative","%","presence","MR","moyen","sans_2202_2024"
59.4832214765101,0.9999999994781,0,1,"Humidité relative","%","presence","MR","moyen","sans_2202_2024"
59.9278523489933,0.99999999947846,0,1,"Humidité relative","%","presence","MR","moyen","sans_2202_2024"
60.3724832214765,0.999999999478829,0,1,"Humidité relative","%","presence","MR","moyen","sans_2202_2024"
60.8171140939597,0.99999999947921,0,1,"Humidité relative","%","presence","MR","moyen","sans_2202_2024"
61.261744966443,0.999999999479606,0,1,"Humidité relative","%","presence","MR","moyen","sans_2202_2024"
61.7063758389262,0.999999999480017,0,1,"Humidité relative","%","presence","MR","moyen","sans_2202_2024"
62.1510067114094,0.999999999480447,0,1,"Humidité relative","%","presence","MR","moyen","sans_2202_2024"
62.5956375838926,0.999999999480898,0,1,"Humidité relative","%","presence","MR","moyen","sans_2202_2024"
63.0402684563758,0.99999999948137,0,1,"Humidité relative","%","presence","MR","moyen","sans_2202_2024"
63.4848993288591,0.999999999481867,0,1,"Humidité relative","%","presence","MR","moyen","sans_2202_2024"
63.9295302013423,0.999999999482391,0,1,"Humidité relative","%","presence","MR","moyen","sans_2202_2024"
64.3741610738255,0.999999999482943,0,1,"Humidité relative","%","presence","MR","moyen","sans_2202_2024"
64.8187919463087,0.999999999483525,0,1,"Humidité relative","%","presence","MR","moyen","sans_2202_2024"
65.263422818792,0.99999999948414,0,1,"Humidité relative","%","presence","MR","moyen","sans_2202_2024"
65.7080536912752,0.999999999484789,0,1,"Humidité relative","%","presence","MR","moyen","sans_2202_2024"
66.1526845637584,0.999999999485474,0,1,"Humidité relative","%","presence","MR","moyen","sans_2202_2024"
66.5973154362416,0.999999999486197,0,1,"Humidité relative","%","presence","MR","moyen","sans_2202_2024"
67.0419463087248,0.99999999948696,0,1,"Humidité relative","%","presence","MR","moyen","sans_2202_2024"
67.486577181208,0.999999999487766,0,1,"Humidité relative","%","presence","MR","moyen","sans_2202_2024"
67.9312080536913,0.999999999488615,0,1,"Humidité relative","%","presence","MR","moyen","sans_2202_2024"
68.3758389261745,0.999999999489509,0,1,"Humidité relative","%","presence","MR","moyen","sans_2202_2024"
68.8204697986577,0.999999999490451,0,1,"Humidité relative","%","presence","MR","moyen","sans_2202_2024"
69.2651006711409,0.999999999491443,0,1,"Humidité relative","%","presence","MR","moyen","sans_2202_2024"
69.7097315436242,0.999999999492485,0,1,"Humidité relative","%","presence","MR","moyen","sans_2202_2024"
70.1543624161074,0.99999999949358,0,1,"Humidité relative","%","presence","MR","moyen","sans_2202_2024"
70.5989932885906,0.999999999494729,0,1,"Humidité relative","%","presence","MR","moyen","sans_2202_2024"
71.0436241610738,0.999999999495934,0,1,"Humidité relative","%","presence","MR","moyen","sans_2202_2024"
71.488255033557,0.999999999497197,0,1,"Humidité relative","%","presence","MR","moyen","sans_2202_2024"
71.9328859060403,0.999999999498519,0,1,"Humidité relative","%","presence","MR","moyen","sans_2202_2024"
72.3775167785235,0.999999999499902,0,1,"Humidité relative","%","presence","MR","moyen","sans_2202_2024"
72.8221476510067,0.999999999501347,0,1,"Humidité relative","%","presence","MR","moyen","sans_2202_2024"
73.2667785234899,0.999999999502855,0,1,"Humidité relative","%","presence","MR","moyen","sans_2202_2024"
73.7114093959732,0.999999999504429,0,1,"Humidité relative","%","presence","MR","moyen","sans_2202_2024"
74.1560402684564,0.999999999506068,0,1,"Humidité relative","%","presence","MR","moyen","sans_2202_2024"
74.6006711409396,0.999999999507776,0,1,"Humidité relative","%","presence","MR","moyen","sans_2202_2024"
75.0453020134228,0.999999999509552,0,1,"Humidité relative","%","presence","MR","moyen","sans_2202_2024"
75.489932885906,0.999999999511398,0,1,"Humidité relative","%","presence","MR","moyen","sans_2202_2024"
75.9345637583893,0.999999999513316,0,1,"Humidité relative","%","presence","MR","moyen","sans_2202_2024"
76.3791946308725,0.999999999515305,0,1,"Humidité relative","%","presence","MR","moyen","sans_2202_2024"
76.8238255033557,0.999999999517369,0,1,"Humidité relative","%","presence","MR","moyen","sans_2202_2024"
77.2684563758389,0.999999999519505,0,1,"Humidité relative","%","presence","MR","moyen","sans_2202_2024"
77.7130872483222,0.999999999521711,0,1,"Humidité relative","%","presence","MR","moyen","sans_2202_2024"
78.1577181208054,0.999999999523987,0,1,"Humidité relative","%","presence","MR","moyen","sans_2202_2024"
78.6023489932886,0.999999999526328,0,1,"Humidité relative","%","presence","MR","moyen","sans_2202_2024"
79.0469798657718,0.999999999528732,0,1,"Humidité relative","%","presence","MR","moyen","sans_2202_2024"
79.491610738255,0.999999999531196,0,1,"Humidité relative","%","presence","MR","moyen","sans_2202_2024"
79.9362416107383,0.999999999533718,0,1,"Humidité relative","%","presence","MR","moyen","sans_2202_2024"
80.3808724832215,0.999999999536296,0,1,"Humidité relative","%","presence","MR","moyen","sans_2202_2024"
80.8255033557047,0.999999999538925,0,1,"Humidité relative","%","presence","MR","moyen","sans_2202_2024"
81.2701342281879,0.999999999541606,0,1,"Humidité relative","%","presence","MR","moyen","sans_2202_2024"
81.7147651006711,0.999999999544333,0,1,"Humidité relative","%","presence","MR","moyen","sans_2202_2024"
82.1593959731544,0.999999999547106,0,1,"Humidité relative","%","presence","MR","moyen","sans_2202_2024"
82.6040268456376,0.999999999549921,0,1,"Humidité relative","%","presence","MR","moyen","sans_2202_2024"
83.0486577181208,0.999999999552776,0,1,"Humidité relative","%","presence","MR","moyen","sans_2202_2024"
83.493288590604,0.999999999555669,0,1,"Humidité relative","%","presence","MR","moyen","sans_2202_2024"
83.9379194630872,0.999999999558596,0,1,"Humidité relative","%","presence","MR","moyen","sans_2202_2024"
84.3825503355705,0.999999999561557,0,1,"Humidité relative","%","presence","MR","moyen","sans_2202_2024"
84.8271812080537,0.999999999564548,0,1,"Humidité relative","%","presence","MR","moyen","sans_2202_2024"
85.2718120805369,0.999999999567567,0,1,"Humidité relative","%","presence","MR","moyen","sans_2202_2024"
85.7164429530201,0.999999999570612,0,1,"Humidité relative","%","presence","MR","moyen","sans_2202_2024"
86.1610738255034,0.99999999957368,0,1,"Humidité relative","%","presence","MR","moyen","sans_2202_2024"
86.6057046979866,0.99999999957677,0,1,"Humidité relative","%","presence","MR","moyen","sans_2202_2024"
87.0503355704698,0.999999999579879,0,1,"Humidité relative","%","presence","MR","moyen","sans_2202_2024"
87.494966442953,0.999999999583005,0,1,"Humidité relative","%","presence","MR","moyen","sans_2202_2024"
87.9395973154362,0.999999999586146,0,1,"Humidité relative","%","presence","MR","moyen","sans_2202_2024"
88.3842281879195,0.9999999995893,0,1,"Humidité relative","%","presence","MR","moyen","sans_2202_2024"
88.8288590604027,0.999999999592465,0,1,"Humidité relative","%","presence","MR","moyen","sans_2202_2024"
89.2734899328859,0.999999999595639,0,1,"Humidité relative","%","presence","MR","moyen","sans_2202_2024"
89.7181208053691,0.99999999959882,0,1,"Humidité relative","%","presence","MR","moyen","sans_2202_2024"
90.1627516778524,0.999999999602007,0,1,"Humidité relative","%","presence","MR","moyen","sans_2202_2024"
90.6073825503356,0.999999999605196,0,1,"Humidité relative","%","presence","MR","moyen","sans_2202_2024"
91.0520134228188,0.999999999608388,0,1,"Humidité relative","%","presence","MR","moyen","sans_2202_2024"
91.496644295302,0.999999999611579,0,1,"Humidité relative","%","presence","MR","moyen","sans_2202_2024"
91.9412751677852,0.999999999614768,0,1,"Humidité relative","%","presence","MR","moyen","sans_2202_2024"
92.3859060402685,0.999999999617954,0,1,"Humidité relative","%","presence","MR","moyen","sans_2202_2024"
92.8305369127517,0.999999999621135,0,1,"Humidité relative","%","presence","MR","moyen","sans_2202_2024"
93.2751677852349,0.99999999962431,0,1,"Humidité relative","%","presence","MR","moyen","sans_2202_2024"
93.7197986577181,0.999999999627476,0,1,"Humidité relative","%","presence","MR","moyen","sans_2202_2024"
94.1644295302013,0.999999999630633,0,1,"Humidité relative","%","presence","MR","moyen","sans_2202_2024"
94.6090604026846,0.999999999633779,0,1,"Humidité relative","%","presence","MR","moyen","sans_2202_2024"
95.0536912751678,0.999999999636912,0,1,"Humidité relative","%","presence","MR","moyen","sans_2202_2024"
95.498322147651,0.999999999640032,0,1,"Humidité relative","%","presence","MR","moyen","sans_2202_2024"
95.9429530201342,0.999999999643137,0,1,"Humidité relative","%","presence","MR","moyen","sans_2202_2024"
96.3875838926174,0.999999999646226,0,1,"Humidité relative","%","presence","MR","moyen","sans_2202_2024"
96.8322147651007,0.999999999649297,0,1,"Humidité relative","%","presence","MR","moyen","sans_2202_2024"
97.2768456375839,0.99999999965235,0,1,"Humidité relative","%","presence","MR","moyen","sans_2202_2024"
97.7214765100671,0.999999999655383,0,1,"Humidité relative","%","presence","MR","moyen","sans_2202_2024"
98.1661073825503,0.999999999658396,0,1,"Humidité relative","%","presence","MR","moyen","sans_2202_2024"
98.6107382550336,0.999999999661386,0,1,"Humidité relative","%","presence","MR","moyen","sans_2202_2024"
99.0553691275168,0.999999999664354,0,1,"Humidité relative","%","presence","MR","moyen","sans_2202_2024"
99.5,0.999999999667299,0,1,"Humidité relative","%","presence","MR","moyen","sans_2202_2024"
1001.60266666667,0.999999999890207,0,1,"Pression atmosphérique","hPa","presence","MR","moyen","sans_2202_2024"
1001.81405816555,0.99999999988911,0,1,"Pression atmosphérique","hPa","presence","MR","moyen","sans_2202_2024"
1002.02544966443,0.999999999887993,0,1,"Pression atmosphérique","hPa","presence","MR","moyen","sans_2202_2024"
1002.23684116331,0.999999999886857,0,1,"Pression atmosphérique","hPa","presence","MR","moyen","sans_2202_2024"
1002.44823266219,0.9999999998857,0,1,"Pression atmosphérique","hPa","presence","MR","moyen","sans_2202_2024"
1002.65962416107,0.999999999884522,0,1,"Pression atmosphérique","hPa","presence","MR","moyen","sans_2202_2024"
1002.87101565996,0.999999999883324,0,1,"Pression atmosphérique","hPa","presence","MR","moyen","sans_2202_2024"
1003.08240715884,0.999999999882103,0,1,"Pression atmosphérique","hPa","presence","MR","moyen","sans_2202_2024"
1003.29379865772,0.99999999988086,0,1,"Pression atmosphérique","hPa","presence","MR","moyen","sans_2202_2024"
1003.5051901566,0.999999999879595,0,1,"Pression atmosphérique","hPa","presence","MR","moyen","sans_2202_2024"
1003.71658165548,0.999999999878306,0,1,"Pression atmosphérique","hPa","presence","MR","moyen","sans_2202_2024"
1003.92797315436,0.999999999876993,0,1,"Pression atmosphérique","hPa","presence","MR","moyen","sans_2202_2024"
1004.13936465324,0.999999999875656,0,1,"Pression atmosphérique","hPa","presence","MR","moyen","sans_2202_2024"
1004.35075615213,0.999999999874294,0,1,"Pression atmosphérique","hPa","presence","MR","moyen","sans_2202_2024"
1004.56214765101,0.999999999872906,0,1,"Pression atmosphérique","hPa","presence","MR","moyen","sans_2202_2024"
1004.77353914989,0.999999999871492,0,1,"Pression atmosphérique","hPa","presence","MR","moyen","sans_2202_2024"
1004.98493064877,0.999999999870051,0,1,"Pression atmosphérique","hPa","presence","MR","moyen","sans_2202_2024"
1005.19632214765,0.999999999868582,0,1,"Pression atmosphérique","hPa","presence","MR","moyen","sans_2202_2024"
1005.40771364653,0.999999999867085,0,1,"Pression atmosphérique","hPa","presence","MR","moyen","sans_2202_2024"
1005.61910514541,0.99999999986556,0,1,"Pression atmosphérique","hPa","presence","MR","moyen","sans_2202_2024"
1005.8304966443,0.999999999864004,0,1,"Pression atmosphérique","hPa","presence","MR","moyen","sans_2202_2024"
1006.04188814318,0.999999999862418,0,1,"Pression atmosphérique","hPa","presence","MR","moyen","sans_2202_2024"
1006.25327964206,0.999999999860802,0,1,"Pression atmosphérique","hPa","presence","MR","moyen","sans_2202_2024"
1006.46467114094,0.999999999859153,0,1,"Pression atmosphérique","hPa","presence","MR","moyen","sans_2202_2024"
1006.67606263982,0.999999999857472,0,1,"Pression atmosphérique","hPa","presence","MR","moyen","sans_2202_2024"
1006.8874541387,0.999999999855757,0,1,"Pression atmosphérique","hPa","presence","MR","moyen","sans_2202_2024"
1007.09884563758,0.999999999854008,0,1,"Pression atmosphérique","hPa","presence","MR","moyen","sans_2202_2024"
1007.31023713647,0.999999999852223,0,1,"Pression atmosphérique","hPa","presence","MR","moyen","sans_2202_2024"
1007.52162863535,0.999999999850403,0,1,"Pression atmosphérique","hPa","presence","MR","moyen","sans_2202_2024"
1007.73302013423,0.999999999848546,0,1,"Pression atmosphérique","hPa","presence","MR","moyen","sans_2202_2024"
1007.94441163311,0.99999999984665,0,1,"Pression atmosphérique","hPa","presence","MR","moyen","sans_2202_2024"
1008.15580313199,0.999999999844716,0,1,"Pression atmosphérique","hPa","presence","MR","moyen","sans_2202_2024"
1008.36719463087,0.999999999842742,0,1,"Pression atmosphérique","hPa","presence","MR","moyen","sans_2202_2024"
1008.57858612975,0.999999999840727,0,1,"Pression atmosphérique","hPa","presence","MR","moyen","sans_2202_2024"
1008.78997762864,0.999999999838669,0,1,"Pression atmosphérique","hPa","presence","MR","moyen","sans_2202_2024"
1009.00136912752,0.999999999836569,0,1,"Pression atmosphérique","hPa","presence","MR","moyen","sans_2202_2024"
1009.2127606264,0.999999999834425,0,1,"Pression atmosphérique","hPa","presence","MR","moyen","sans_2202_2024"
1009.42415212528,0.999999999832236,0,1,"Pression atmosphérique","hPa","presence","MR","moyen","sans_2202_2024"
1009.63554362416,0.999999999829999,0,1,"Pression atmosphérique","hPa","presence","MR","moyen","sans_2202_2024"
1009.84693512304,0.999999999827715,0,1,"Pression atmosphérique","hPa","presence","MR","moyen","sans_2202_2024"
1010.05832662192,0.999999999825383,0,1,"Pression atmosphérique","hPa","presence","MR","moyen","sans_2202_2024"
1010.26971812081,0.999999999822999,0,1,"Pression atmosphérique","hPa","presence","MR","moyen","sans_2202_2024"
1010.48110961969,0.999999999820564,0,1,"Pression atmosphérique","hPa","presence","MR","moyen","sans_2202_2024"
1010.69250111857,0.999999999818077,0,1,"Pression atmosphérique","hPa","presence","MR","moyen","sans_2202_2024"
1010.90389261745,0.999999999815534,0,1,"Pression atmosphérique","hPa","presence","MR","moyen","sans_2202_2024"
1011.11528411633,0.999999999812936,0,1,"Pression atmosphérique","hPa","presence","MR","moyen","sans_2202_2024"
1011.32667561521,0.999999999810281,0,1,"Pression atmosphérique","hPa","presence","MR","moyen","sans_2202_2024"
1011.53806711409,0.999999999807566,0,1,"Pression atmosphérique","hPa","presence","MR","moyen","sans_2202_2024"
1011.74945861298,0.999999999804791,0,1,"Pression atmosphérique","hPa","presence","MR","moyen","sans_2202_2024"
1011.96085011186,0.999999999801954,0,1,"Pression atmosphérique","hPa","presence","MR","moyen","sans_2202_2024"
1012.17224161074,0.999999999799053,0,1,"Pression atmosphérique","hPa","presence","MR","moyen","sans_2202_2024"
1012.38363310962,0.999999999796086,0,1,"Pression atmosphérique","hPa","presence","MR","moyen","sans_2202_2024"
1012.5950246085,0.999999999793052,0,1,"Pression atmosphérique","hPa","presence","MR","moyen","sans_2202_2024"
1012.80641610738,0.999999999789948,0,1,"Pression atmosphérique","hPa","presence","MR","moyen","sans_2202_2024"
1013.01780760626,0.999999999786773,0,1,"Pression atmosphérique","hPa","presence","MR","moyen","sans_2202_2024"
1013.22919910515,0.999999999783525,0,1,"Pression atmosphérique","hPa","presence","MR","moyen","sans_2202_2024"
1013.44059060403,0.999999999780201,0,1,"Pression atmosphérique","hPa","presence","MR","moyen","sans_2202_2024"
1013.65198210291,0.999999999776801,0,1,"Pression atmosphérique","hPa","presence","MR","moyen","sans_2202_2024"
1013.86337360179,0.99999999977332,0,1,"Pression atmosphérique","hPa","presence","MR","moyen","sans_2202_2024"
1014.07476510067,0.999999999769758,0,1,"Pression atmosphérique","hPa","presence","MR","moyen","sans_2202_2024"
1014.28615659955,0.999999999766111,0,1,"Pression atmosphérique","hPa","presence","MR","moyen","sans_2202_2024"
1014.49754809843,0.999999999762377,0,1,"Pression atmosphérique","hPa","presence","MR","moyen","sans_2202_2024"
1014.70893959732,0.999999999758555,0,1,"Pression atmosphérique","hPa","presence","MR","moyen","sans_2202_2024"
1014.9203310962,0.999999999754641,0,1,"Pression atmosphérique","hPa","presence","MR","moyen","sans_2202_2024"
1015.13172259508,0.999999999750632,0,1,"Pression atmosphérique","hPa","presence","MR","moyen","sans_2202_2024"
1015.34311409396,0.999999999746527,0,1,"Pression atmosphérique","hPa","presence","MR","moyen","sans_2202_2024"
1015.55450559284,0.999999999742321,0,1,"Pression atmosphérique","hPa","presence","MR","moyen","sans_2202_2024"
1015.76589709172,0.999999999738013,0,1,"Pression atmosphérique","hPa","presence","MR","moyen","sans_2202_2024"
1015.9772885906,0.999999999733599,0,1,"Pression atmosphérique","hPa","presence","MR","moyen","sans_2202_2024"
1016.18868008949,0.999999999729076,0,1,"Pression atmosphérique","hPa","presence","MR","moyen","sans_2202_2024"
1016.40007158837,0.99999999972444,0,1,"Pression atmosphérique","hPa","presence","MR","moyen","sans_2202_2024"
1016.61146308725,0.999999999719689,0,1,"Pression atmosphérique","hPa","presence","MR","moyen","sans_2202_2024"
1016.82285458613,0.999999999714819,0,1,"Pression atmosphérique","hPa","presence","MR","moyen","sans_2202_2024"
1017.03424608501,0.999999999709826,0,1,"Pression atmosphérique","hPa","presence","MR","moyen","sans_2202_2024"
1017.24563758389,0.999999999704707,0,1,"Pression atmosphérique","hPa","presence","MR","moyen","sans_2202_2024"
1017.45702908277,0.999999999699458,0,1,"Pression atmosphérique","hPa","presence","MR","moyen","sans_2202_2024"
1017.66842058166,0.999999999694074,0,1,"Pression atmosphérique","hPa","presence","MR","moyen","sans_2202_2024"
1017.87981208054,0.999999999688553,0,1,"Pression atmosphérique","hPa","presence","MR","moyen","sans_2202_2024"
1018.09120357942,0.999999999682889,0,1,"Pression atmosphérique","hPa","presence","MR","moyen","sans_2202_2024"
1018.3025950783,0.999999999677078,0,1,"Pression atmosphérique","hPa","presence","MR","moyen","sans_2202_2024"
1018.51398657718,0.999999999671116,0,1,"Pression atmosphérique","hPa","presence","MR","moyen","sans_2202_2024"
1018.72537807606,0.999999999664997,0,1,"Pression atmosphérique","hPa","presence","MR","moyen","sans_2202_2024"
1018.93676957494,0.999999999658718,0,1,"Pression atmosphérique","hPa","presence","MR","moyen","sans_2202_2024"
1019.14816107383,0.999999999652273,0,1,"Pression atmosphérique","hPa","presence","MR","moyen","sans_2202_2024"
1019.35955257271,0.999999999645656,0,1,"Pression atmosphérique","hPa","presence","MR","moyen","sans_2202_2024"
1019.57094407159,0.999999999638863,0,1,"Pression atmosphérique","hPa","presence","MR","moyen","sans_2202_2024"
1019.78233557047,0.999999999631888,0,1,"Pression atmosphérique","hPa","presence","MR","moyen","sans_2202_2024"
1019.99372706935,0.999999999624724,0,1,"Pression atmosphérique","hPa","presence","MR","moyen","sans_2202_2024"
1020.20511856823,0.999999999617366,0,1,"Pression atmosphérique","hPa","presence","MR","moyen","sans_2202_2024"
1020.41651006711,0.999999999609809,0,1,"Pression atmosphérique","hPa","presence","MR","moyen","sans_2202_2024"
1020.627901566,0.999999999602044,0,1,"Pression atmosphérique","hPa","presence","MR","moyen","sans_2202_2024"
1020.83929306488,0.999999999594066,0,1,"Pression atmosphérique","hPa","presence","MR","moyen","sans_2202_2024"
1021.05068456376,0.999999999585867,0,1,"Pression atmosphérique","hPa","presence","MR","moyen","sans_2202_2024"
1021.26207606264,0.999999999577441,0,1,"Pression atmosphérique","hPa","presence","MR","moyen","sans_2202_2024"
1021.47346756152,0.99999999956878,0,1,"Pression atmosphérique","hPa","presence","MR","moyen","sans_2202_2024"
1021.6848590604,0.999999999559875,0,1,"Pression atmosphérique","hPa","presence","MR","moyen","sans_2202_2024"
1021.89625055928,0.99999999955072,0,1,"Pression atmosphérique","hPa","presence","MR","moyen","sans_2202_2024"
1022.10764205817,0.999999999541311,0,1,"Pression atmosphérique","hPa","presence","MR","moyen","sans_2202_2024"
1022.31903355705,0.999999999531682,0,1,"Pression atmosphérique","hPa","presence","MR","moyen","sans_2202_2024"
1022.53042505593,0.999999999521884,0,1,"Pression atmosphérique","hPa","presence","MR","moyen","sans_2202_2024"
1022.74181655481,0.999999999511975,0,1,"Pression atmosphérique","hPa","presence","MR","moyen","sans_2202_2024"
1022.95320805369,0.999999999502018,0,1,"Pression atmosphérique","hPa","presence","MR","moyen","sans_2202_2024"
1023.16459955257,0.999999999492079,0,1,"Pression atmosphérique","hPa","presence","MR","moyen","sans_2202_2024"
1023.37599105145,0.999999999482229,0,1,"Pression atmosphérique","hPa","presence","MR","moyen","sans_2202_2024"
1023.58738255034,0.999999999472546,0,1,"Pression atmosphérique","hPa","presence","MR","moyen","sans_2202_2024"
1023.79877404922,0.999999999463112,0,1,"Pression atmosphérique","hPa","presence","MR","moyen","sans_2202_2024"
1024.0101655481,0.999999999454012,0,1,"Pression atmosphérique","hPa","presence","MR","moyen","sans_2202_2024"
1024.22155704698,0.999999999445335,0,1,"Pression atmosphérique","hPa","presence","MR","moyen","sans_2202_2024"
1024.43294854586,0.999999999437177,0,1,"Pression atmosphérique","hPa","presence","MR","moyen","sans_2202_2024"
1024.64434004474,0.999999999429631,0,1,"Pression atmosphérique","hPa","presence","MR","moyen","sans_2202_2024"
1024.85573154362,0.999999999422797,0,1,"Pression atmosphérique","hPa","presence","MR","moyen","sans_2202_2024"
1025.06712304251,0.999999999416773,0,1,"Pression atmosphérique","hPa","presence","MR","moyen","sans_2202_2024"
1025.27851454139,0.999999999411656,0,1,"Pression atmosphérique","hPa","presence","MR","moyen","sans_2202_2024"
1025.48990604027,0.999999999407545,0,1,"Pression atmosphérique","hPa","presence","MR","moyen","sans_2202_2024"
1025.70129753915,0.999999999404532,0,1,"Pression atmosphérique","hPa","presence","MR","moyen","sans_2202_2024"
1025.91268903803,0.999999999402708,0,1,"Pression atmosphérique","hPa","presence","MR","moyen","sans_2202_2024"
1026.12408053691,0.999999999402149,0,1,"Pression atmosphérique","hPa","presence","MR","moyen","sans_2202_2024"
1026.33547203579,0.999999999402866,0,1,"Pression atmosphérique","hPa","presence","MR","moyen","sans_2202_2024"
1026.54686353468,0.999999999404832,0,1,"Pression atmosphérique","hPa","presence","MR","moyen","sans_2202_2024"
1026.75825503356,0.999999999408012,0,1,"Pression atmosphérique","hPa","presence","MR","moyen","sans_2202_2024"
1026.96964653244,0.999999999412362,0,1,"Pression atmosphérique","hPa","presence","MR","moyen","sans_2202_2024"
1027.18103803132,0.999999999417834,0,1,"Pression atmosphérique","hPa","presence","MR","moyen","sans_2202_2024"
1027.3924295302,0.999999999424374,0,1,"Pression atmosphérique","hPa","presence","MR","moyen","sans_2202_2024"
1027.60382102908,0.999999999431922,0,1,"Pression atmosphérique","hPa","presence","MR","moyen","sans_2202_2024"
1027.81521252796,0.999999999440415,0,1,"Pression atmosphérique","hPa","presence","MR","moyen","sans_2202_2024"
1028.02660402685,0.999999999449785,0,1,"Pression atmosphérique","hPa","presence","MR","moyen","sans_2202_2024"
1028.23799552573,0.999999999459964,0,1,"Pression atmosphérique","hPa","presence","MR","moyen","sans_2202_2024"
1028.44938702461,0.999999999470879,0,1,"Pression atmosphérique","hPa","presence","MR","moyen","sans_2202_2024"
1028.66077852349,0.999999999482457,0,1,"Pression atmosphérique","hPa","presence","MR","moyen","sans_2202_2024"
1028.87217002237,0.999999999494626,0,1,"Pression atmosphérique","hPa","presence","MR","moyen","sans_2202_2024"
1029.08356152125,0.999999999507313,0,1,"Pression atmosphérique","hPa","presence","MR","moyen","sans_2202_2024"
1029.29495302013,0.999999999520444,0,1,"Pression atmosphérique","hPa","presence","MR","moyen","sans_2202_2024"
1029.50634451902,0.999999999533949,0,1,"Pression atmosphérique","hPa","presence","MR","moyen","sans_2202_2024"
1029.7177360179,0.999999999547757,0,1,"Pression atmosphérique","hPa","presence","MR","moyen","sans_2202_2024"
1029.92912751678,0.999999999561803,0,1,"Pression atmosphérique","hPa","presence","MR","moyen","sans_2202_2024"
1030.14051901566,0.999999999576021,0,1,"Pression atmosphérique","hPa","presence","MR","moyen","sans_2202_2024"
1030.35191051454,0.999999999590349,0,1,"Pression atmosphérique","hPa","presence","MR","moyen","sans_2202_2024"
1030.56330201342,0.99999999960473,0,1,"Pression atmosphérique","hPa","presence","MR","moyen","sans_2202_2024"
1030.7746935123,0.999999999619108,0,1,"Pression atmosphérique","hPa","presence","MR","moyen","sans_2202_2024"
1030.98608501119,0.999999999633431,0,1,"Pression atmosphérique","hPa","presence","MR","moyen","sans_2202_2024"
1031.19747651007,0.999999999647653,0,1,"Pression atmosphérique","hPa","presence","MR","moyen","sans_2202_2024"
1031.40886800895,0.99999999966173,0,1,"Pression atmosphérique","hPa","presence","MR","moyen","sans_2202_2024"
1031.62025950783,0.99999999967562,0,1,"Pression atmosphérique","hPa","presence","MR","moyen","sans_2202_2024"
1031.83165100671,0.99999999968929,0,1,"Pression atmosphérique","hPa","presence","MR","moyen","sans_2202_2024"
1032.04304250559,0.999999999702705,0,1,"Pression atmosphérique","hPa","presence","MR","moyen","sans_2202_2024"
1032.25443400447,0.999999999715838,0,1,"Pression atmosphérique","hPa","presence","MR","moyen","sans_2202_2024"
1032.46582550336,0.999999999728663,0,1,"Pression atmosphérique","hPa","presence","MR","moyen","sans_2202_2024"
1032.67721700224,0.99999999974116,0,1,"Pression atmosphérique","hPa","presence","MR","moyen","sans_2202_2024"
1032.88860850112,0.999999999753311,0,1,"Pression atmosphérique","hPa","presence","MR","moyen","sans_2202_2024"
1033.1,0.999999999765099,0,1,"Pression atmosphérique","hPa","presence","MR","moyen","sans_2202_2024"
11.4,33.2313602299327,22.7763497567447,48.4855261938772,"Température","°C","intensite","MR","moyen","sans_2202_2024"
11.545192393736,33.031055997745,22.6832468284151,48.0994043127644,"Température","°C","intensite","MR","moyen","sans_2202_2024"
11.690384787472,32.8346510066024,22.591202493767,47.7227499077498,"Température","°C","intensite","MR","moyen","sans_2202_2024"
11.8355771812081,32.6421600333103,22.5002633104066,47.3554729978395,"Température","°C","intensite","MR","moyen","sans_2202_2024"
11.9807695749441,32.4535975038869,22.410476410143,46.9974833050671,"Température","°C","intensite","MR","moyen","sans_2202_2024"
12.1259619686801,32.2689775508828,22.321889485728,46.6486904186649,"Température","°C","intensite","MR","moyen","sans_2202_2024"
12.2711543624161,32.0883140705461,22.2345507760579,46.3090039578737,"Température","°C","intensite","MR","moyen","sans_2202_2024"
12.4163467561521,31.9116207798563,22.1485090499732,45.9783337334208,"Température","°C","intensite","MR","moyen","sans_2202_2024"
12.5615391498881,31.7389112734513,22.0638135888095,45.656589907691,"Température","°C","intensite","MR","moyen","sans_2202_2024"
12.7067315436242,31.5701990804739,21.9805141678601,45.3436831536042,"Température","°C","intensite","MR","moyen","sans_2202_2024"
12.8519239373602,31.4054977213683,21.8986610369284,45.0395248122081,"Température","°C","intensite","MR","moyen","sans_2202_2024"
12.9971163310962,31.2448207646571,21.8183049001525,44.7440270489908,"Température","°C","intensite","MR","moyen","sans_2202_2024"
13.1423087248322,31.0881818837338,21.7394968952958,44.4571030089133,"Température","°C","intensite","MR","moyen","sans_2202_2024"
13.2875011185682,30.9355949137064,21.6622885727009,44.1786669701636,"Température","°C","intensite","MR","moyen","sans_2202_2024"
13.4326935123043,30.7870739083316,21.5867318741097,43.9086344966316,"Température","°C","intensite","MR","moyen","sans_2202_2024"
13.5778859060403,30.6426331970811,21.5128791115526,43.6469225891117,"Température","°C","intensite","MR","moyen","sans_2202_2024"
13.7230782997763,30.5022874423825,21.4407829465104,43.3934498352426,"Température","°C","intensite","MR","moyen","sans_2202_2024"
13.8682706935123,30.3660516970824,21.3704963695491,43.1481365582027,"Température","°C","intensite","MR","moyen","sans_2202_2024"
14.0134630872483,30.2339414621797,21.3020726806238,42.9109049641895,"Température","°C","intensite","MR","moyen","sans_2202_2024"
14.1586554809843,30.1059727448807,21.2355654702396,42.6816792887253,"Température","°C","intensite","MR","moyen","sans_2202_2024"
14.3038478747204,29.9821621170298,21.1710286016497,42.4603859418435,"Température","°C","intensite","MR","moyen","sans_2202_2024"
14.4490402684564,29.8625267739726,21.1085161942595,42.2469536522303,"Température","°C","intensite","MR","moyen","sans_2202_2024"
14.5942326621924,29.747084593911,21.0480826083927,42.0413136104121,"Température","°C","intensite","MR","moyen","sans_2202_2024"
14.7394250559284,29.6358541978113,20.9897824315611,41.8433996111033,"Température","°C","intensite","MR","moyen","sans_2202_2024"
14.8846174496644,29.528855009933,20.9336704663647,41.65314819485,"Température","°C","intensite","MR","moyen","sans_2202_2024"
15.0298098434005,29.4261073190434,20.8798017201286,41.4704987891296,"Température","°C","intensite","MR","moyen","sans_2202_2024"
15.1750022371365,29.3276323403917,20.8282313963698,41.2953938490957,"Température","°C","intensite","MR","moyen","sans_2202_2024"
15.3201946308725,29.2334522785151,20.7790148881616,41.1277789981806,"Température","°C","intensite","MR","moyen","sans_2202_2024"
15.4653870246085,29.1435903909562,20.7322077734493,40.9676031688028,"Température","°C","intensite","MR","moyen","sans_2202_2024"
15.6105794183445,29.0580710529724,20.6878658123425,40.8148187434508,"Température","°C","intensite","MR","moyen","sans_2202_2024"
15.7557718120805,28.9769198233208,20.6460449463972,40.6693816964534,"Température","°C","intensite","MR","moyen","sans_2202_2024"
15.9009642058166,28.9001635112088,20.6068012998686,40.5312517367715,"Température","°C","intensite","MR","moyen","sans_2202_2024"
16.0461565995526,28.8278302445025,20.5701911829042,40.4003924521872,"Température","°C","intensite","MR","moyen","sans_2202_2024"
16.1913489932886,28.7599495392871,20.5362710966152,40.2767714552943,"Température","°C","intensite","MR","moyen","sans_2202_2024"
16.3365413870246,28.696552370883,20.5050977399496,40.1603605317345,"Température","°C","intensite","MR","moyen","sans_2202_2024"
16.4817337807606,28.6376712464201,20.4767280182642,40.0511357911546,"Température","°C","intensite","MR","moyen","sans_2202_2024"
16.6269261744966,28.5833402790812,20.4512190534736,39.9490778214016,"Température","°C","intensite","MR","moyen","sans_2202_2024"
16.7721185682327,28.5335952641277,20.4286281956312,39.8541718465055,"Température","°C","intensite","MR","moyen","sans_2202_2024"
16.9173109619687,28.4884737568282,20.4090130357782,39.7664078890399,"Température","°C","intensite","MR","moyen","sans_2202_2024"
17.0625033557047,28.4480151524137,20.3924314198752,39.6857809374901,"Température","°C","intensite","MR","moyen","sans_2202_2024"
17.2076957494407,28.4122607681907,20.3789414636118,39.6122911192952,"Température","°C","intensite","MR","moyen","sans_2202_2024"
17.3528881431767,28.3812539279469,20.3686015678689,39.5459438802737,"Température","°C","intensite","MR","moyen","sans_2202_2024"
17.4980805369128,28.3550400487928,20.3614704345916,39.4867501711827,"Température","°C","intensite","MR","moyen","sans_2202_2024"
17.6432729306488,28.3336667305878,20.3576070828107,39.4347266422032,"Température","°C","intensite","MR","moyen","sans_2202_2024"
17.7884653243848,28.3171838481056,20.3570708645338,39.3898958461861,"Température","°C","intensite","MR","moyen","sans_2202_2024"
17.9336577181208,28.3056436461022,20.3599214802096,39.3522864515427,"Température","°C","intensite","MR","moyen","sans_2202_2024"
18.0788501118568,28.2991008374564,20.3662189934538,39.3219334657029,"Température","°C","intensite","MR","moyen","sans_2202_2024"
18.2240425055928,28.297612704561,20.3760238447059,39.2988784701186,"Température","°C","intensite","MR","moyen","sans_2202_2024"
18.3692348993289,28.3012392041512,20.3893968634762,39.2831698678324,"Température","°C","intensite","MR","moyen","sans_2202_2024"
18.5144272930649,28.3100430757651,20.4063992788241,39.2748631446879,"Température","°C","intensite","MR","moyen","sans_2202_2024"
18.6596196868009,28.3240899540417,20.4270927276967,39.274021145304,"Température","°C","intensite","MR","moyen","sans_2202_2024"
18.8048120805369,28.3434484850705,20.4515392607459,39.2807143649952,"Température","°C","intensite","MR","moyen","sans_2202_2024"
18.9500044742729,28.3681904470175,20.479801345231,39.2950212588685,"Température","°C","intensite","MR","moyen","sans_2202_2024"
19.095196868009,28.3983908752632,20.5119418646028,39.3170285693891,"Température","°C","intensite","MR","moyen","sans_2202_2024"
19.240389261745,28.4341281923016,20.5480241143621,39.3468316737635,"Température","°C","intensite","MR","moyen","sans_2202_2024"
19.385581655481,28.475484342657,20.5881117937762,39.3845349525463,"Température","°C","intensite","MR","moyen","sans_2202_2024"
19.530774049217,28.5225449330949,20.6322689930372,39.4302521809386,"Température","°C","intensite","MR","moyen","sans_2202_2024"
19.675966442953,28.5753993784099,20.6805601754481,39.4841069443098,"Température","°C","intensite","MR","moyen","sans_2202_2024"
19.821158836689,28.6341410530945,20.7330501542235,39.5462330795302,"Température","°C","intensite","MR","moyen","sans_2202_2024"
19.9663512304251,28.6988666187743,20.7898034307187,39.6167740569024,"Température","°C","intensite","MR","moyen","sans_2202_2024"
20.1115436241611,28.7695494461734,20.8507877288408,39.6957173081265,"Température","°C","intensite","MR","moyen","sans_2202_2024"
20.2567360178971,28.8459016045383,20.9157698025597,39.7827116684402,"Température","°C","intensite","MR","moyen","sans_2202_2024"
20.4019284116331,28.9276023154633,20.9844905311912,39.877364402904,"Température","°C","intensite","MR","moyen","sans_2202_2024"
20.5471208053691,29.0143297880877,21.0566896586029,39.9792819622042,"Température","°C","intensite","MR","moyen","sans_2202_2024"
20.6923131991052,29.1057606017351,21.1321057521845,40.0880683704672,"Température","°C","intensite","MR","moyen","sans_2202_2024"
20.8375055928412,29.2015691261906,21.2104761706037,40.2033237053639,"Température","°C","intensite","MR","moyen","sans_2202_2024"
20.9826979865772,29.3014269795352,21.2915370396677,40.3246426708154,"Température","°C","intensite","MR","moyen","sans_2202_2024"
21.1278903803132,29.4050025236475,21.3750232352731,40.4516132636929,"Température","°C","intensite","MR","moyen","sans_2202_2024"
21.2730827740492,29.5119603976596,21.4606683721303,40.5838155368958,"Température","°C","intensite","MR","moyen","sans_2202_2024"
21.4182751677852,29.6219610898154,21.5482047966924,40.7208204620936,"Température","°C","intensite","MR","moyen","sans_2202_2024"
21.5634675615213,29.734660548334,21.6373635825065,40.8621888962237,"Température","°C","intensite","MR","moyen","sans_2202_2024"
21.7086599552573,29.8497098320172,21.7278745260381,41.0074706565461,"Température","°C","intensite","MR","moyen","sans_2202_2024"
21.8538523489933,29.9667548014653,21.8194661409022,41.1562037096666,"Température","°C","intensite","MR","moyen","sans_2202_2024"
21.9990447427293,30.085435851881,21.9118656483618,41.3079134804444,"Température","°C","intensite","MR","moyen","sans_2202_2024"
22.1442371364653,30.2053876885362,22.0047989619316,41.4621122871048,"Température","°C","intensite","MR","moyen","sans_2202_2024"
22.2894295302013,30.326239146064,22.0979906639467,41.6182989091739,"Température","°C","intensite","MR","moyen","sans_2202_2024"
22.4346219239374,30.4476130528082,22.1911639720221,41.7759582950374,"Température","°C","intensite","MR","moyen","sans_2202_2024"
22.5798143176734,30.5691261415162,22.2840406934399,41.9345614160102,"Température","°C","intensite","MR","moyen","sans_2202_2024"
22.7250067114094,30.6903890077035,22.3763411656443,42.0935652737687,"Température","°C","intensite","MR","moyen","sans_2202_2024"
22.8701991051454,30.8110061170373,22.4677841812115,42.2524130678614,"Température","°C","intensite","MR","moyen","sans_2202_2024"
23.0153914988814,30.9305758630967,22.5580868958719,42.4105345297635,"Température","°C","intensite","MR","moyen","sans_2202_2024"
23.1605838926175,31.0486906768517,22.6469647184057,42.5673464295787,"Température","°C","intensite","MR","moyen","sans_2202_2024"
23.3057762863535,31.1649371891756,22.7341311814979,42.7222532610224,"Température","°C","intensite","MR","moyen","sans_2202_2024"
23.4509686800895,31.2788964476538,22.8192977929265,42.8746481097382,"Température","°C","intensite","MR","moyen","sans_2202_2024"
23.5961610738255,31.3901441888856,22.9021738667634,43.0239137093007,"Température","°C","intensite","MR","moyen","sans_2202_2024"
23.7413534675615,31.4982511797369,22.9824663433648,43.1694237058345,"Température","°C","intensite","MR","moyen","sans_2202_2024"
23.8865458612975,31.6028699528143,23.0599407810548,43.3106658311552,"Température","°C","intensite","MR","moyen","sans_2202_2024"
24.0317382550336,31.7039437721244,23.1345680851883,43.4475390681512,"Température","°C","intensite","MR","moyen","sans_2202_2024"
24.1769306487696,31.8014792367418,23.2063617414555,43.5800360656401,"Température","°C","intensite","MR","moyen","sans_2202_2024"
24.3221230425056,31.895484658759,23.2753339853414,43.7081565513875,"Température","°C","intensite","MR","moyen","sans_2202_2024"
24.4673154362416,31.9859700359643,23.3414958223029,43.831907214962,"Température","°C","intensite","MR","moyen","sans_2202_2024"
24.6125078299776,32.0729470235478,23.4048570541702,43.9513015778926,"Température","°C","intensite","MR","moyen","sans_2202_2024"
24.7577002237137,32.1564289048862,23.4654263114057,44.06635985183,"Température","°C","intensite","MR","moyen","sans_2202_2024"
24.9028926174497,32.2364305614572,23.5232110908855,44.1771087853864,"Température","°C","intensite","MR","moyen","sans_2202_2024"
25.0480850111857,32.3129684419348,23.5782177989007,44.2835815003013,"Température","°C","intensite","MR","moyen","sans_2202_2024"
25.1932774049217,32.3860605305176,23.630451799104,44.3858173175562,"Température","°C","intensite","MR","moyen","sans_2202_2024"
25.3384697986577,32.4557263145403,23.6799174651504,44.4838615740358,"Température","°C","intensite","MR","moyen","sans_2202_2024"
25.4836621923937,32.5219867514204,23.7266182378048,44.5777654303178,"Température","°C","intensite","MR","moyen","sans_2202_2024"
25.6288545861298,32.5848642349889,23.7705566863051,44.6675856701487,"Température","°C","intensite","MR","moyen","sans_2202_2024"
25.7740469798658,32.6443825612577,23.8117345737851,44.7533844921549,"Température","°C","intensite","MR","moyen","sans_2202_2024"
25.9192393736018,32.700566893671,23.8501529265716,44.8352292943206,"Température","°C","intensite","MR","moyen","sans_2202_2024"
26.0644317673378,32.7534437278925,23.8858121071787,44.913192451757,"Température","°C","intensite","MR","moyen","sans_2202_2024"
26.2096241610738,32.8030408561754,23.918711890825,44.9873510882779,"Température","°C","intensite","MR","moyen","sans_2202_2024"
26.3548165548099,32.849387331364,23.9488515453014,45.0577868422958,"Température","°C","intensite","MR","moyen","sans_2202_2024"
26.5000089485459,32.8925134305749,23.9762299140118,45.1245856275457,"Température","°C","intensite","MR","moyen","sans_2202_2024"
26.6452013422819,32.932450618604,24.0008455020069,45.1878373891495,"Température","°C","intensite","MR","moyen","sans_2202_2024"
26.7903937360179,32.9692315111055,24.0226965648187,45.2476358555327,"Température","°C","intensite","MR","moyen","sans_2202_2024"
26.9355861297539,33.0028898375888,24.0417811998943,45.3040782867124,"Température","°C","intensite","MR","moyen","sans_2202_2024"
27.0807785234899,33.0334604042761,24.0580974404107,45.3572652194831,"Température","°C","intensite","MR","moyen","sans_2202_2024"
27.225970917226,33.0609790568662,24.0716433512389,45.4073002100328,"Température","°C","intensite","MR","moyen","sans_2202_2024"
27.371163310962,33.0854826432457,24.0824171268037,45.4542895745365,"Température","°C","intensite","MR","moyen","sans_2202_2024"
27.516355704698,33.1070089761893,24.0904171905672,45.4983421282822,"Température","°C","intensite","MR","moyen","sans_2202_2024"
27.661548098434,33.1255967960903,24.0956422958428,45.539568923899,"Température","°C","intensite","MR","moyen","sans_2202_2024"
27.80674049217,33.1412857337603,24.0980916276206,45.5780829892709,"Température","°C","intensite","MR","moyen","sans_2202_2024"
27.951932885906,33.1541162733368,24.0977649050679,45.6139990657295,"Température","°C","intensite","MR","moyen","sans_2202_2024"
28.0971252796421,33.1641297153359,24.0946624843387,45.6474333471375,"Température","°C","intensite","MR","moyen","sans_2202_2024"
28.2423176733781,33.1713681398866,24.0887854613082,45.6785032204827,"Température","°C","intensite","MR","moyen","sans_2202_2024"
28.3875100671141,33.1758743701815,24.0801357738248,45.7073270086152,"Température","°C","intensite","MR","moyen","sans_2202_2024"
28.5327024608501,33.1776919361778,24.0687163030513,45.7340237157712,"Température","°C","intensite","MR","moyen","sans_2202_2024"
28.6778948545861,33.1768650385821,24.0545309734489,45.758712776534,"Température","°C","intensite","MR","moyen","sans_2202_2024"
28.8230872483222,33.1734385131492,24.0375848509425,45.7815138088859,"Température","°C","intensite","MR","moyen","sans_2202_2024"
28.9682796420582,33.1674577953272,24.0178842387904,45.802546372012,"Température","°C","intensite","MR","moyen","sans_2202_2024"
29.1134720357942,33.1589688852761,23.9954367706743,45.8219297295087,"Température","°C","intensite","MR","moyen","sans_2202_2024"
29.2586644295302,33.1480183132893,23.9702515005176,45.8397826186529,"Température","°C","intensite","MR","moyen","sans_2202_2024"
29.4038568232662,33.134653105645,23.9423389885392,45.8562230263707,"Température","°C","intensite","MR","moyen","sans_2202_2024"
29.5490492170022,33.1189207509111,23.9117113830527,45.8713679725378,"Température","°C","intensite","MR","moyen","sans_2202_2024"
29.6942416107383,33.1008691667311,23.8783824975276,45.8853333012192,"Température","°C","intensite","MR","moyen","sans_2202_2024"
29.8394340044743,33.0805466671114,23.8423678824439,45.8982334804391,"Température","°C","intensite","MR","moyen","sans_2202_2024"
29.9846263982103,33.0580019302331,23.8036848914864,45.9101814110368,"Température","°C","intensite","MR","moyen","sans_2202_2024"
30.1298187919463,33.0332839668104,23.7623527416498,45.9212882451374,"Température","°C","intensite","MR","moyen","sans_2202_2024"
30.2750111856823,33.0064420890123,23.7183925668541,45.9316632147225,"Température","°C","intensite","MR","moyen","sans_2202_2024"
30.4202035794184,32.9775258799693,23.6718274647012,45.9414134707479,"Température","°C","intensite","MR","moyen","sans_2202_2024"
30.5653959731544,32.9465851638802,23.622682536043,45.9506439332031,"Température","°C","intensite","MR","moyen","sans_2202_2024"
30.7105883668904,32.913669976736,23.5709849170727,45.9594571524603,"Température","°C","intensite","MR","moyen","sans_2202_2024"
30.8557807606264,32.8788305376763,23.5167638036977,45.9679531822002,"Température","°C","intensite","MR","moyen","sans_2202_2024"
31.0009731543624,32.8421172209913,23.4600504680013,45.9762294641486,"Température","°C","intensite","MR","moyen","sans_2202_2024"
31.1461655480984,32.803580528783,23.400878266655,45.9843807247911,"Température","°C","intensite","MR","moyen","sans_2202_2024"
31.2913579418345,32.7632710642973,23.3392826411955,45.9924988841745,"Température","°C","intensite","MR","moyen","sans_2202_2024"
31.4365503355705,32.7212395059372,23.2753011101397,46.0006729768353,"Température","°C","intensite","MR","moyen","sans_2202_2024"
31.5817427293065,32.6775365819682,23.2089732529655,46.0089890848329,"Température","°C","intensite","MR","moyen","sans_2202_2024"
31.7269351230425,32.6322130459221,23.140340686047,46.0175302827986,"Température","°C","intensite","MR","moyen","sans_2202_2024"
31.8721275167785,32.5853196527102,23.0694470306864,46.0263765948495,"Température","°C","intensite","MR","moyen","sans_2202_2024"
32.0173199105146,32.5369071354502,22.996337873442,46.0356049631505,"Température","°C","intensite","MR","moyen","sans_2202_2024"
32.1625123042506,32.4870261830134,22.9210607190061,46.0452892278522,"Température","°C","intensite","MR","moyen","sans_2202_2024"
32.3077046979866,32.4357274182975,22.8436649359338,46.0555001180719,"Température","°C","intensite","MR","moyen","sans_2202_2024"
32.4528970917226,32.3830613772288,22.7642016955748,46.0663052535341,"Température","°C","intensite","MR","moyen","sans_2202_2024"
32.5980894854586,32.3290784884972,22.6827239046012,46.0777691564372,"Température","°C","intensite","MR","moyen","sans_2202_2024"
32.7432818791946,32.2738290540259,22.5992861315638,46.0899532730689,"Température","°C","intensite","MR","moyen","sans_2202_2024"
32.8884742729307,32.2173632301781,22.5139445279436,46.1029160046546,"Température","°C","intensite","MR","moyen","sans_2202_2024"
33.0336666666667,32.1597310097008,22.426756744193,46.1167127468894,"Température","°C","intensite","MR","moyen","sans_2202_2024"
34,28.9848994151011,20.1630148289572,41.6666059728816,"Humidité relative","%","intensite","MR","moyen","sans_2202_2024"
34.4395973154362,28.9571959516614,20.1822632999223,41.5473321758785,"Humidité relative","%","intensite","MR","moyen","sans_2202_2024"
34.8791946308725,28.9301246916026,20.200921685079,41.4313825734927,"Humidité relative","%","intensite","MR","moyen","sans_2202_2024"
35.3187919463087,28.9037037056167,20.2190010735086,41.3187617362894,"Humidité relative","%","intensite","MR","moyen","sans_2202_2024"
35.758389261745,28.8779510349455,20.236513842355,41.2094722674653,"Humidité relative","%","intensite","MR","moyen","sans_2202_2024"
36.1979865771812,28.8528846956996,20.2534736653999,41.1035148348662,"Humidité relative","%","intensite","MR","moyen","sans_2202_2024"
36.6375838926174,28.828522683295,20.2698955181147,41.0008882067761,"Humidité relative","%","intensite","MR","moyen","sans_2202_2024"
37.0771812080537,28.8048829770052,20.2857956790869,40.901589291582,"Humidité relative","%","intensite","MR","moyen","sans_2202_2024"
37.5167785234899,28.7819835446321,20.3011917277349,40.8056131814041,"Humidité relative","%","intensite","MR","moyen","sans_2202_2024"
37.9563758389262,28.7598423472937,20.316102538249,40.7129531997567,"Humidité relative","%","intensite","MR","moyen","sans_2202_2024"
38.3959731543624,28.7384773443306,20.330548269719,40.6236009532872,"Humidité relative","%","intensite","MR","moyen","sans_2202_2024"
38.8355704697987,28.7179064983311,20.3445503524313,40.5375463876169,"Humidité relative","%","intensite","MR","moyen","sans_2202_2024"
39.2751677852349,28.6981477802762,20.3581314703426,40.4547778472869,"Humidité relative","%","intensite","MR","moyen","sans_2202_2024"
39.7147651006711,28.6792191748043,20.3713155397598,40.3752821397885,"Humidité relative","%","intensite","MR","moyen","sans_2202_2024"
40.1543624161074,28.6611386855985,20.3841276842814,40.2990446036381,"Humidité relative","%","intensite","MR","moyen","sans_2202_2024"
40.5939597315436,28.6439243408948,20.3965942060753,40.2260491804323,"Humidité relative","%","intensite","MR","moyen","sans_2202_2024"
41.0335570469799,28.6275941991146,20.4087425535925,40.1562784908037,"Humidité relative","%","intensite","MR","moyen","sans_2202_2024"
41.4731543624161,28.6121663546211,20.4206012858357,40.0897139141714,"Humidité relative","%","intensite","MR","moyen","sans_2202_2024"
41.9127516778523,28.5976589436026,20.4322000333203,40.0263356721705,"Humidité relative","%","intensite","MR","moyen","sans_2202_2024"
42.3523489932886,28.5840901500816,20.4435694558853,39.9661229156234,"Humidité relative","%","intensite","MR","moyen","sans_2202_2024"
42.7919463087248,28.5714782120544,20.4547411975237,39.9090538149035,"Humidité relative","%","intensite","MR","moyen","sans_2202_2024"
43.2315436241611,28.5598414277596,20.4657478384202,39.8551056535318,"Humidité relative","%","intensite","MR","moyen","sans_2202_2024"
43.6711409395973,28.5491981620805,20.476622844389,39.8042549248342,"Humidité relative","%","intensite","MR","moyen","sans_2202_2024"
44.1107382550336,28.53956685308,20.4874005139206,39.7564774314823,"Humidité relative","%","intensite","MR","moyen","sans_2202_2024"
44.5503355704698,28.5309660186727,20.4981159230459,39.7117483877365,"Humidité relative","%","intensite","MR","moyen","sans_2202_2024"
44.989932885906,28.5234142634348,20.5088048682346,39.6700425242065,"Humidité relative","%","intensite","MR","moyen","sans_2202_2024"
45.4295302013423,28.5169302855551,20.5195038075437,39.631334194945,"Humidité relative","%","intensite","MR","moyen","sans_2202_2024"
45.8691275167785,28.511532883928,20.5302498002311,39.5955974866976,"Humidité relative","%","intensite","MR","moyen","sans_2202_2024"
46.3087248322148,28.5072409653927,20.5410804450454,39.5628063301304,"Humidité relative","%","intensite","MR","moyen","sans_2202_2024"
46.748322147651,28.5040735521205,20.5520338173965,39.5329346128731,"Humidité relative","%","intensite","MR","moyen","sans_2202_2024"
47.1879194630872,28.5020497891528,20.5631484056039,39.5059562942197,"Humidité relative","%","intensite","MR","moyen","sans_2202_2024"
47.6275167785235,28.5011889520931,20.5744630464081,39.4818455213454,"Humidité relative","%","intensite","MR","moyen","sans_2202_2024"
48.0671140939597,28.5015104549564,20.5860168599179,39.4605767469108,"Humidité relative","%","intensite","MR","moyen","sans_2202_2024"
48.506711409396,28.5030338581783,20.5978491841525,39.4421248479437,"Humidité relative","%","intensite","MR","moyen","sans_2202_2024"
48.9463087248322,28.5057788767884,20.609999509322,39.4264652459027,"Humidité relative","%","intensite","MR","moyen","sans_2202_2024"
49.3859060402685,28.5097653887509,20.6225074119702,39.4135740278523,"Humidité relative","%","intensite","MR","moyen","sans_2202_2024"
49.8255033557047,28.5150134434767,20.635412489089,39.4034280686943,"Humidité relative","%","intensite","MR","moyen","sans_2202_2024"
50.2651006711409,28.5215432705093,20.6487542922906,39.3960051544251,"Humidité relative","%","intensite","MR","moyen","sans_2202_2024"
50.7046979865772,28.5293752883921,20.662572262107,39.3912841064117,"Humidité relative","%","intensite","MR","moyen","sans_2202_2024"
51.1442953020134,28.5385301137168,20.6769056624641,39.3892449066995,"Humidité relative","%","intensite","MR","moyen","sans_2202_2024"
51.5838926174497,28.5490285703617,20.6917935153581,39.3898688243904,"Humidité relative","%","intensite","MR","moyen","sans_2202_2024"
52.0234899328859,28.5608916989213,20.7072745357405,39.3931385431522,"Humidité relative","%","intensite","MR","moyen","sans_2202_2024"
52.4630872483221,28.5741407663347,20.7233870665994,39.3990382899454,"Humidité relative","%","intensite","MR","moyen","sans_2202_2024"
52.9026845637584,28.5887972757152,20.7401690142029,39.4075539650734,"Humidité relative","%","intensite","MR","moyen","sans_2202_2024"
53.3422818791946,28.6048829763895,20.7576577834528,39.4186732736873,"Humidité relative","%","intensite","MR","moyen","sans_2202_2024"
53.7818791946309,28.6224198741485,20.7758902132769,39.4323858588986,"Humidité relative","%","intensite","MR","moyen","sans_2202_2024"
54.2214765100671,28.6414302417189,20.7949025119721,39.4486834366723,"Humidité relative","%","intensite","MR","moyen","sans_2202_2024"
54.6610738255034,28.6619366294588,20.8147301923923,39.4675599326948,"Humidité relative","%","intensite","MR","moyen","sans_2202_2024"
55.1006711409396,28.6839618762853,20.8354080068611,39.4890116214309,"Humidité relative","%","intensite","MR","moyen","sans_2202_2024"
55.5402684563758,28.7075291208395,20.8569698816752,39.5130372676,"Humidité relative","%","intensite","MR","moyen","sans_2202_2024"
55.9798657718121,28.7326618128956,20.8794488510508,39.5396382703216,"Humidité relative","%","intensite","MR","moyen","sans_2202_2024"
56.4194630872483,28.7593837250227,20.9028769903557,39.5688188101912,"Humidité relative","%","intensite","MR","moyen","sans_2202_2024"
56.8590604026846,28.7877189645032,20.9272853484608,39.6005859995679,"Humidité relative","%","intensite","MR","moyen","sans_2202_2024"
57.2986577181208,28.8176919855193,20.9527038790369,39.6349500363593,"Humidité relative","%","intensite","MR","moyen","sans_2202_2024"
57.738255033557,28.8493276016115,20.9791613706176,39.6719243616076,"Humidité relative","%","intensite","MR","moyen","sans_2202_2024"
58.1778523489933,28.8826509984207,21.0066853752467,39.7115258211828,"Humidité relative","%","intensite","MR","moyen","sans_2202_2024"
58.6174496644295,28.9176877467189,21.0353021355281,39.7537748318985,"Humidité relative","%","intensite","MR","moyen","sans_2202_2024"
59.0570469798658,28.9544638157401,21.0650365098981,39.7986955523705,"Humidité relative","%","intensite","MR","moyen","sans_2202_2024"
59.496644295302,28.9930055868184,21.0959118959444,39.8463160589366,"Humidité relative","%","intensite","MR","moyen","sans_2202_2024"
59.9362416107383,29.0333437934423,21.1279527396757,39.8966744300449,"Humidité relative","%","intensite","MR","moyen","sans_2202_2024"
60.3758389261745,29.0755257237863,21.1611926553314,39.9498369436927,"Humidité relative","%","intensite","MR","moyen","sans_2202_2024"
60.8154362416107,29.1196033661168,21.1956669640679,40.0058795808341,"Humidité relative","%","intensite","MR","moyen","sans_2202_2024"
61.255033557047,29.1656293407009,21.2314102753702,40.0648814095004,"Humidité relative","%","intensite","MR","moyen","sans_2202_2024"
61.6946308724832,29.2136569316802,21.2684567345244,40.1269242039809,"Humidité relative","%","intensite","MR","moyen","sans_2202_2024"
62.1342281879195,29.2637401200141,21.3068402596402,40.1920920876225,"Humidité relative","%","intensite","MR","moyen","sans_2202_2024"
62.5738255033557,29.3159336175195,21.3465947682084,40.2604711992171,"Humidité relative","%","intensite","MR","moyen","sans_2202_2024"
63.0134228187919,29.3702929020395,21.3877543931761,40.332149382958,"Humidité relative","%","intensite","MR","moyen","sans_2202_2024"
63.4530201342282,29.4268742537732,21.4303536885212,40.4072159019572,"Humidité relative","%","intensite","MR","moyen","sans_2202_2024"
63.8926174496644,29.4857347928032,21.4744278242969,40.4857611753384,"Humidité relative","%","intensite","MR","moyen","sans_2202_2024"
64.3322147651007,29.5469325178572,21.5200127711131,40.5678765389344,"Humidité relative","%","intensite","MR","moyen","sans_2202_2024"
64.7718120805369,29.610526346342,21.5671454740102,40.6536540296442,"Humidité relative","%","intensite","MR","moyen","sans_2202_2024"
65.2114093959731,29.676576155692,21.6158640156744,40.7431861935272,"Humidité relative","%","intensite","MR","moyen","sans_2202_2024"
65.6510067114094,29.7451428260737,21.6662077689361,40.836565917736,"Humidité relative","%","intensite","MR","moyen","sans_2202_2024"
66.0906040268456,29.8162882844928,21.7182175384859,40.9338862864141,"Humidité relative","%","intensite","MR","moyen","sans_2202_2024"
66.5302013422819,29.8900755503505,21.7719356917381,41.0352404607134,"Humidité relative","%","intensite","MR","moyen","sans_2202_2024"
66.9697986577181,29.9665687824977,21.8274062787671,41.1407215831093,"Humidité relative","%","intensite","MR","moyen","sans_2202_2024"
67.4093959731544,30.0458333278421,21.8846751412391,41.2504227062223,"Humidité relative","%","intensite","MR","moyen","sans_2202_2024"
67.8489932885906,30.1279357715593,21.9437900102582,41.3644367463813,"Humidité relative","%","intensite","MR","moyen","sans_2202_2024"
68.2885906040268,30.2129439889681,22.0048005930442,41.4828564621971,"Humidité relative","%","intensite","MR","moyen","sans_2202_2024"
68.7281879194631,30.3009271991292,22.0677586483561,41.6057744584461,"Humidité relative","%","intensite","MR","moyen","sans_2202_2024"
69.1677852348993,30.3919560202295,22.1327180505721,41.7332832156007,"Humidité relative","%","intensite","MR","moyen","sans_2202_2024"
69.6073825503356,30.486102526819,22.1997348423308,41.8654751453842,"Humidité relative","%","intensite","MR","moyen","sans_2202_2024"
70.0469798657718,30.5834403089701,22.2688672756331,42.0024426727715,"Humidité relative","%","intensite","MR","moyen","sans_2202_2024"
70.486577181208,30.6840445334297,22.3401758412903,42.1442783449066,"Humidité relative","%","intensite","MR","moyen","sans_2202_2024"
70.9261744966443,30.7879920068425,22.4137232865944,42.2910749674658,"Humidité relative","%","intensite","MR","moyen","sans_2202_2024"
71.3657718120805,30.895361241123,22.4895746210637,42.4429257690575,"Humidité relative","%","intensite","MR","moyen","sans_2202_2024"
71.8053691275168,31.0062325210613,22.5677971100981,42.5999245943213,"Humidité relative","%","intensite","MR","moyen","sans_2202_2024"
72.244966442953,31.1206879742481,22.6484602563438,42.7621661264692,"Humidité relative","%","intensite","MR","moyen","sans_2202_2024"
72.6845637583893,31.2388116434119,22.7316357685371,42.9297461401024,"Humidité relative","%","intensite","MR","moyen","sans_2202_2024"
73.1241610738255,31.3606895612635,22.8173975175488,43.102761785236,"Humidité relative","%","intensite","MR","moyen","sans_2202_2024"
73.5637583892617,31.4864098279468,22.9058214793049,43.2813119035759,"Humidité relative","%","intensite","MR","moyen","sans_2202_2024"
74.003355704698,31.6160626912026,22.9969856641979,43.4654973782154,"Humidité relative","%","intensite","MR","moyen","sans_2202_2024"
74.4429530201342,31.7497406293542,23.0909700325392,43.6554215180545,"Humidité relative","%","intensite","MR","moyen","sans_2202_2024"
74.8825503355705,31.8875384372296,23.1878563955263,43.8511904783908,"Humidité relative","%","intensite","MR","moyen","sans_2202_2024"
75.3221476510067,32.0295533151409,23.2877283011158,44.0529137192957,"Humidité relative","%","intensite","MR","moyen","sans_2202_2024"
75.7617449664429,32.1758849610468,23.3906709041036,44.2607045035586,"Humidité relative","%","intensite","MR","moyen","sans_2202_2024"
76.2013422818792,32.3266356660299,23.4967708196109,44.474680436175,"Humidité relative","%","intensite","MR","moyen","sans_2202_2024"
76.6409395973154,32.4819104132277,23.6061159590706,44.6949640475497,"Humidité relative","%","intensite","MR","moyen","sans_2202_2024"
77.0805369127517,32.6418169803604,23.7187953476933,44.9216834228037,"Humidité relative","%","intensite","MR","moyen","sans_2202_2024"
77.5201342281879,32.8064660460085,23.8348989222722,45.154972879797,"Humidité relative","%","intensite","MR","moyen","sans_2202_2024"
77.9597315436242,32.9759712997971,23.9545173080639,45.3949736987178,"Humidité relative","%","intensite","MR","moyen","sans_2202_2024"
78.3993288590604,33.150433041599,24.0777276946169,45.6418157387515,"Humidité relative","%","intensite","MR","moyen","sans_2202_2024"
78.8389261744966,33.3298669165396,24.2045336698506,45.8955352673438,"Humidité relative","%","intensite","MR","moyen","sans_2202_2024"
79.2785234899329,33.5142607097703,24.3349129532712,46.1561408943305,"Humidité relative","%","intensite","MR","moyen","sans_2202_2024"
79.7181208053691,33.7036025455481,24.4688411963102,46.4236461152712,"Humidité relative","%","intensite","MR","moyen","sans_2202_2024"
80.1577181208054,33.8978808267343,24.6062920296332,46.698069061347,"Humidité relative","%","intensite","MR","moyen","sans_2202_2024"
80.5973154362416,34.0970841574705,24.7472370942382,46.9794322337628,"Humidité relative","%","intensite","MR","moyen","sans_2202_2024"
81.0369127516778,34.3012012658123,24.8916460710222,47.2677622412236,"Humidité relative","%","intensite","MR","moyen","sans_2202_2024"
81.4765100671141,34.5102209262656,25.0394867093217,47.5630895395428,"Humidité relative","%","intensite","MR","moyen","sans_2202_2024"
81.9161073825503,34.7241318821665,25.1907248549159,47.8654481724766,"Humidité relative","%","intensite","MR","moyen","sans_2202_2024"
82.3557046979866,34.9429227678564,25.3453244779617,48.1748755129204,"Humidité relative","%","intensite","MR","moyen","sans_2202_2024"
82.7953020134228,35.1665820306018,25.5032477013076,48.4914120036422,"Humidité relative","%","intensite","MR","moyen","sans_2202_2024"
83.2348993288591,35.3950978522161,25.6644548296049,48.8151008967776,"Humidité relative","%","intensite","MR","moyen","sans_2202_2024"
83.6744966442953,35.6284580703415,25.8289043796092,49.1459879913532,"Humidité relative","%","intensite","MR","moyen","sans_2202_2024"
84.1140939597315,35.8666500993541,25.9965531120293,49.4841213681607,"Humidité relative","%","intensite","MR","moyen","sans_2202_2024"
84.5536912751678,36.1096608508586,26.1673560652509,49.8295511213518,"Humidité relative","%","intensite","MR","moyen","sans_2202_2024"
84.993288590604,36.3574766537428,26.3412665912207,50.1823290861807,"Humidité relative","%","intensite","MR","moyen","sans_2202_2024"
85.4328859060403,36.6100831737641,26.5182363937437,50.542508562377,"Humidité relative","%","intensite","MR","moyen","sans_2202_2024"
85.8724832214765,36.867465332648,26.6982155694007,50.9101440326901,"Humidité relative","%","intensite","MR","moyen","sans_2202_2024"
86.3120805369127,37.1296072266772,26.881152651255,51.2852908762063,"Humidité relative","%","intensite","MR","moyen","sans_2202_2024"
86.751677852349,37.3964920447576,27.0669946554704,51.6680050761,"Humidité relative","%","intensite","MR","moyen","sans_2202_2024"
87.1912751677852,37.6681019859494,27.2556871309217,52.058342921546,"Humidité relative","%","intensite","MR","moyen","sans_2202_2024"
87.6308724832215,37.9444181764566,27.4471742118313,52.4563607035796,"Humidité relative","%","intensite","MR","moyen","sans_2202_2024"
88.0704697986577,38.2254205860703,27.641398673422,52.8621144047582,"Humidité relative","%","intensite","MR","moyen","sans_2202_2024"
88.510067114094,38.5110879440677,27.8383019905284,53.2756593825414,"Humidité relative","%","intensite","MR","moyen","sans_2202_2024"
88.9496644295302,38.8013976545714,28.0378243990696,53.6970500463702,"Humidité relative","%","intensite","MR","moyen","sans_2202_2024"
89.3892617449664,39.096325711377,28.2399049602372,54.1263395284899,"Humidité relative","%","intensite","MR","moyen","sans_2202_2024"
89.8288590604027,39.3958466122631,28.4444816272134,54.5635793486249,"Humidité relative","%","intensite","MR","moyen","sans_2202_2024"
90.2684563758389,39.6999332728006,28.6514913141946,55.0088190726741,"Humidité relative","%","intensite","MR","moyen","sans_2202_2024"
90.7080536912752,40.0085569396842,28.8608699674556,55.4621059656529,"Humidité relative","%","intensite","MR","moyen","sans_2202_2024"
91.1476510067114,40.3216871036104,29.072552638157,55.923484639171,"Humidité relative","%","intensite","MR","moyen","sans_2202_2024"
91.5872483221476,40.6392914117357,29.2864735565655,56.3929966937835,"Humidité relative","%","intensite","MR","moyen","sans_2202_2024"
92.0268456375839,40.9613355797477,29.5025662073288,56.8706803566095,"Humidité relative","%","intensite","MR","moyen","sans_2202_2024"
92.4664429530201,41.2877833035913,29.720763405423,57.3565701146583,"Humidité relative","%","intensite","MR","moyen","sans_2202_2024"
92.9060402684564,41.6185961708946,29.9409973723701,57.8506963443513,"Humidité relative","%","intensite","MR","moyen","sans_2202_2024"
93.3456375838926,41.9537335721434,30.1631998123074,58.3530849377663,"Humidité relative","%","intensite","MR","moyen","sans_2202_2024"
93.7852348993289,42.2931526116606,30.3873019874802,58.8637569261718,"Humidité relative","%","intensite","MR","moyen","sans_2202_2024"
94.2248322147651,42.6368080184493,30.6132347927222,59.382728101451,"Humidité relative","%","intensite","MR","moyen","sans_2202_2024"
94.6644295302013,42.9846520569649,30.8409288284874,59.9100086360453,"Humidité relative","%","intensite","MR","moyen","sans_2202_2024"
95.1040268456376,43.3366344378862,31.0703144719991,60.4456027020749,"Humidité relative","%","intensite","MR","moyen","sans_2202_2024"
95.5436241610738,43.6927022289612,31.3013219460918,60.9895080903135,"Humidité relative","%","intensite","MR","moyen","sans_2202_2024"
95.9832214765101,44.0527997660073,31.5338813853301,61.5417158297153,"Humidité relative","%","intensite","MR","moyen","sans_2202_2024"
96.4228187919463,44.4168685641526,31.7679228990087,62.1022098082077,"Humidité relative","%","intensite","MR","moyen","sans_2202_2024"
96.8624161073825,44.7848472294094,32.003376630657,62.6709663954721,"Humidité relative","%","intensite","MR","moyen","sans_2202_2024"
97.3020134228188,45.156671370677,32.2401728136931,63.2479540684491,"Humidité relative","%","intensite","MR","moyen","sans_2202_2024"
97.741610738255,45.5322735122744,32.4782418229021,63.8331330403068,"Humidité relative","%","intensite","MR","moyen","sans_2202_2024"
98.1812080536913,45.911583007113,32.7175142214411,64.4264548936195,"Humidité relative","%","intensite","MR","moyen","sans_2202_2024"
98.6208053691275,46.2945259506206,32.9579208031047,65.0278622185048,"Humidité relative","%","intensite","MR","moyen","sans_2202_2024"
99.0604026845638,46.6810250955363,33.1993926296204,65.637288256469,"Humidité relative","%","intensite","MR","moyen","sans_2202_2024"
99.5,47.0709997677004,33.4418610627743,66.2546565507155,"Humidité relative","%","intensite","MR","moyen","sans_2202_2024"
997.520666666667,36.4208595774166,23.9637216807119,55.3536312110305,"Pression atmosphérique","hPa","intensite","MR","moyen","sans_2202_2024"
997.760498881432,36.4237905881793,24.0251089251056,55.2210824495028,"Pression atmosphérique","hPa","intensite","MR","moyen","sans_2202_2024"
998.000331096197,36.4258783510766,24.0848201559809,55.0904928936303,"Pression atmosphérique","hPa","intensite","MR","moyen","sans_2202_2024"
998.240163310962,36.4271100195715,24.1428380695723,54.9618209985978,"Pression atmosphérique","hPa","intensite","MR","moyen","sans_2202_2024"
998.479995525727,36.4274728051768,24.1991465887374,54.8350236280433,"Pression atmosphérique","hPa","intensite","MR","moyen","sans_2202_2024"
998.719827740492,36.4269539804731,24.2537308858956,54.7100560543928,"Pression atmosphérique","hPa","intensite","MR","moyen","sans_2202_2024"
998.959659955257,36.4255408821632,24.3065774031706,54.5868719626924,"Pression atmosphérique","hPa","intensite","MR","moyen","sans_2202_2024"
999.199492170022,36.4232209141637,24.3576738696176,54.4654234580571,"Pression atmosphérique","hPa","intensite","MR","moyen","sans_2202_2024"
999.439324384788,36.419981550732,24.4070093154308,54.3456610768394,"Pression atmosphérique","hPa","intensite","MR","moyen","sans_2202_2024"
999.679156599553,36.4158103396283,24.4545740830357,54.2275338016096,"Pression atmosphérique","hPa","intensite","MR","moyen","sans_2202_2024"
999.918988814318,36.4106949053115,24.5003598349877,54.1109890800239,"Pression atmosphérique","hPa","intensite","MR","moyen","sans_2202_2024"
1000.15882102908,36.4046229521682,24.5443595586113,53.9959728476418,"Pression atmosphérique","hPa","intensite","MR","moyen","sans_2202_2024"
1000.39865324385,36.3975822677743,24.5865675673291,53.8824295547372,"Pression atmosphérique","hPa","intensite","MR","moyen","sans_2202_2024"
1000.63848545861,36.3895607261874,24.6269794986472,53.7703021971339,"Pression atmosphérique","hPa","intensite","MR","moyen","sans_2202_2024"
1000.87831767338,36.3805462912698,24.6655923087767,53.6595323510749,"Pression atmosphérique","hPa","intensite","MR","moyen","sans_2202_2024"
1001.11814988814,36.3705270200408,24.7024042638902,53.5500602121227,"Pression atmosphérique","hPa","intensite","MR","moyen","sans_2202_2024"
1001.35798210291,36.3594910660568,24.7374149280261,53.4418246380667,"Pression atmosphérique","hPa","intensite","MR","moyen","sans_2202_2024"
1001.59781431767,36.3474266828198,24.7706251476712,53.3347631957996,"Pression atmosphérique","hPa","intensite","MR","moyen","sans_2202_2024"
1001.83764653244,36.3343222272105,24.8020370330666,53.2288122121046,"Pression atmosphérique","hPa","intensite","MR","moyen","sans_2202_2024"
1002.0774787472,36.3201661629475,24.8316539362989,53.1239068282834,"Pression atmosphérique","hPa","intensite","MR","moyen","sans_2202_2024"
1002.31731096197,36.3049470640702,24.8594804262534,53.0199810585335,"Pression atmosphérique","hPa","intensite","MR","moyen","sans_2202_2024"
1002.55714317673,36.2886536184437,24.8855222605182,52.9169678519726,"Pression atmosphérique","hPa","intensite","MR","moyen","sans_2202_2024"
1002.7969753915,36.2712746312862,24.9097863543458,52.8147991581898,"Pression atmosphérique","hPa","intensite","MR","moyen","sans_2202_2024"
1003.03680760626,36.2527990287158,24.9322807467869,52.7134059961934,"Pression atmosphérique","hPa","intensite","MR","moyen","sans_2202_2024"
1003.27663982103,36.2332158613163,24.9530145641266,52.6127185266082,"Pression atmosphérique","hPa","intensite","MR","moyen","sans_2202_2024"
1003.51647203579,36.2125143077216,24.9719979807599,52.5126661269672,"Pression atmosphérique","hPa","intensite","MR","moyen","sans_2202_2024"
1003.75630425056,36.1906836782151,24.989242177657,52.413177469931,"Pression atmosphérique","hPa","intensite","MR","moyen","sans_2202_2024"
1003.99613646532,36.1677134183448,25.0047592985726,52.3141806042577,"Pression atmosphérique","hPa","intensite","MR","moyen","sans_2202_2024"
1004.23596868009,36.1435931125522,25.0185624041623,52.2156030383423,"Pression atmosphérique","hPa","intensite","MR","moyen","sans_2202_2024"
1004.47580089485,36.1183124878129,25.0306654241758,52.1173718261329,"Pression atmosphérique","hPa","intensite","MR","moyen","sans_2202_2024"
1004.71563310962,36.0918614172877,25.0410831078968,52.0194136552311,"Pression atmosphérique","hPa","intensite","MR","moyen","sans_2202_2024"
1004.95546532438,36.0642299239842,25.0498309730055,51.9216549369772,"Pression atmosphérique","hPa","intensite","MR","moyen","sans_2202_2024"
1005.19529753915,36.0354081844243,25.0569252530401,51.8240218983183,"Pression atmosphérique","hPa","intensite","MR","moyen","sans_2202_2024"
1005.43512975392,36.0053865323198,25.0623828436314,51.7264406752599,"Pression atmosphérique","hPa","intensite","MR","moyen","sans_2202_2024"
1005.67496196868,35.9741554622512,25.0662212476873,51.6288374076973,"Pression atmosphérique","hPa","intensite","MR","moyen","sans_2202_2024"
1005.91479418345,35.9417056333505,25.0684585196965,51.5311383354281,"Pression atmosphérique","hPa","intensite","MR","moyen","sans_2202_2024"
1006.15462639821,35.9080278729853,25.0691132093222,51.433269895148,"Pression atmosphérique","hPa","intensite","MR","moyen","sans_2202_2024"
1006.39445861298,35.8731131804421,25.0682043044471,51.3351588182372,"Pression atmosphérique","hPa","intensite","MR","moyen","sans_2202_2024"
1006.63429082774,35.8369527306092,25.0657511738288,51.2367322291479,"Pression atmosphérique","hPa","intensite","MR","moyen","sans_2202_2024"
1006.87412304251,35.7995378776544,25.061773509515,51.1379177442104,"Pression atmosphérique","hPa","intensite","MR","moyen","sans_2202_2024"
1007.11395525727,35.7608601586989,25.0562912691635,51.0386435706816,"Pression atmosphérique","hPa","intensite","MR","moyen","sans_2202_2024"
1007.35378747204,35.7209112974835,25.0493246184011,50.9388386058661,"Pression atmosphérique","hPa","intensite","MR","moyen","sans_2202_2024"
1007.5936196868,35.6796832080265,25.0408938733491,50.8384325361493,"Pression atmosphérique","hPa","intensite","MR","moyen","sans_2202_2024"
1007.83345190157,35.6371679982711,25.0310194434309,50.7373559357885,"Pression atmosphérique","hPa","intensite","MR","moyen","sans_2202_2024"
1008.07328411633,35.5933579737198,25.0197217745716,50.6355403653188,"Pression atmosphérique","hPa","intensite","MR","moyen","sans_2202_2024"
1008.3131163311,35.5482456410563,25.0070212928858,50.5329184694371,"Pression atmosphérique","hPa","intensite","MR","moyen","sans_2202_2024"
1008.55294854586,35.5018237117496,24.9929383489426,50.4294240742395,"Pression atmosphérique","hPa","intensite","MR","moyen","sans_2202_2024"
1008.79278076063,35.4540851056422,24.9774931626842,50.3249922836946,"Pression atmosphérique","hPa","intensite","MR","moyen","sans_2202_2024"
1009.03261297539,35.4050229545166,24.9607057690678,50.2195595752444,"Pression atmosphérique","hPa","intensite","MR","moyen","sans_2202_2024"
1009.27244519016,35.3546306056423,24.9425959644863,50.1130638944364,"Pression atmosphérique","hPa","intensite","MR","moyen","sans_2202_2024"
1009.51227740492,35.3029016252975,24.9231832540176,50.0054447484965,"Pression atmosphérique","hPa","intensite","MR","moyen","sans_2202_2024"
1009.75210961969,35.249829802267,24.9024867995403,49.8966432987619,"Pression atmosphérique","hPa","intensite","MR","moyen","sans_2202_2024"
1009.99194183445,35.1954091513112,24.8805253687447,49.7866024519036,"Pression atmosphérique","hPa","intensite","MR","moyen","sans_2202_2024"
1010.23177404922,35.1396339166068,24.8573172850619,49.6752669498732,"Pression atmosphérique","hPa","intensite","MR","moyen","sans_2202_2024"
1010.47160626398,35.0824985751562,24.8328803785201,49.5625834585198,"Pression atmosphérique","hPa","intensite","MR","moyen","sans_2202_2024"
1010.71143847875,35.0239978401627,24.8072319375368,49.4485006548265,"Pression atmosphérique","hPa","intensite","MR","moyen","sans_2202_2024"
1010.95127069351,34.9641266643712,24.7803886616418,49.3329693127258,"Pression atmosphérique","hPa","intensite","MR","moyen","sans_2202_2024"
1011.19110290828,34.9028802433716,24.7523666151235,49.2159423874573,"Pression atmosphérique","hPa","intensite","MR","moyen","sans_2202_2024"
1011.43093512304,34.8402540188621,24.7231811815837,49.0973750984373,"Pression atmosphérique","hPa","intensite","MR","moyen","sans_2202_2024"
1011.67076733781,34.776243681872,24.6928470193814,48.9772250106152,"Pression atmosphérique","hPa","intensite","MR","moyen","sans_2202_2024"
1011.91059955257,34.7108451759404,24.6613780179421,48.8554521142955,"Pression atmosphérique","hPa","intensite","MR","moyen","sans_2202_2024"
1012.15043176734,34.6440547002499,24.6287872549033,48.7320189034057,"Pression atmosphérique","hPa","intensite","MR","moyen","sans_2202_2024"
1012.3902639821,34.5758687127122,24.5950869540689,48.606890452198,"Pression atmosphérique","hPa","intensite","MR","moyen","sans_2202_2024"
1012.63009619687,34.506283933005,24.560288444137,48.4800344903684,"Pression atmosphérique","hPa","intensite","MR","moyen","sans_2202_2024"
1012.86992841163,34.4352973455559,24.5244021181702,48.3514214765829,"Pression atmosphérique","hPa","intensite","MR","moyen","sans_2202_2024"
1013.1097606264,34.3629062024742,24.4874373937744,48.2210246703988,"Pression atmosphérique","hPa","intensite","MR","moyen","sans_2202_2024"
1013.34959284116,34.2891080264255,24.4494026739523,48.0888202025679,"Pression atmosphérique","hPa","intensite","MR","moyen","sans_2202_2024"
1013.58942505593,34.2139006134491,24.4103053086025,47.9547871437087,"Pression atmosphérique","hPa","intensite","MR","moyen","sans_2202_2024"
1013.82925727069,34.1372820357157,24.3701515566342,47.81890757133,"Pression atmosphérique","hPa","intensite","MR","moyen","sans_2202_2024"
1014.06908948546,34.0592506442223,24.3289465486747,47.6811666351887,"Pression atmosphérique","hPa","intensite","MR","moyen","sans_2202_2024"
1014.30892170022,33.979805071424,24.2866942503483,47.5415526209547,"Pression atmosphérique","hPa","intensite","MR","moyen","sans_2202_2024"
1014.54875391499,33.8989442337991,24.243397426115,47.4000570121565,"Pression atmosphérique","hPa","intensite","MR","moyen","sans_2202_2024"
1014.78858612975,33.8166673343461,24.1990576036604,47.2566745503697,"Pression atmosphérique","hPa","intensite","MR","moyen","sans_2202_2024"
1015.02841834452,33.732973865011,24.1536750388405,47.1114032936057,"Pression atmosphérique","hPa","intensite","MR","moyen","sans_2202_2024"
1015.26825055928,33.6478636090417,24.1072486811914,46.9642446728484,"Pression atmosphérique","hPa","intensite","MR","moyen","sans_2202_2024"
1015.50808277405,33.561336643269,24.0597761400273,46.8152035466758,"Pression atmosphérique","hPa","intensite","MR","moyen","sans_2202_2024"
1015.74791498881,33.4733933403105,24.0112536511615,46.664288253893,"Pression atmosphérique","hPa","intensite","MR","moyen","sans_2202_2024"
1015.98774720358,33.384034370697,23.9616760442988,46.5115106640901,"Pression atmosphérique","hPa","intensite","MR","moyen","sans_2202_2024"
1016.22757941834,33.2932607049186,23.9110367111639,46.3568862260227,"Pression atmosphérique","hPa","intensite","MR","moyen","sans_2202_2024"
1016.46741163311,33.2010736153884,23.8593275744459,46.2004340136999,"Pression atmosphérique","hPa","intensite","MR","moyen","sans_2202_2024"
1016.70724384787,33.1074746783223,23.8065390576604,46.042176770044,"Pression atmosphérique","hPa","intensite","MR","moyen","sans_2202_2024"
1016.94707606264,33.0124657755331,23.7526600560471,45.882140947969,"Pression atmosphérique","hPa","intensite","MR","moyen","sans_2202_2024"
1017.1869082774,32.9160490961361,23.6976779086476,45.7203567487036,"Pression atmosphérique","hPa","intensite","MR","moyen","sans_2202_2024"
1017.42674049217,32.8182271381657,23.6415783717272,45.5568581571634,"Pression atmosphérique","hPa","intensite","MR","moyen","sans_2202_2024"
1017.66657270694,32.7190027101,23.5843455937342,45.3916829741481,"Pression atmosphérique","hPa","intensite","MR","moyen","sans_2202_2024"
1017.9064049217,32.6183789322919,23.5259620920165,45.2248728451213,"Pression atmosphérique","hPa","intensite","MR","moyen","sans_2202_2024"
1018.14623713647,32.5163592383056,23.466408731543,45.0564732852935,"Pression atmosphérique","hPa","intensite","MR","moyen","sans_2202_2024"
1018.38606935123,32.4129473761553,23.4056647059124,44.8865337007081,"Pression atmosphérique","hPa","intensite","MR","moyen","sans_2202_2024"
1018.625901566,32.308147409446,23.3437075209611,44.715107404992,"Pression atmosphérique","hPa","intensite","MR","moyen","sans_2202_2024"
1018.86573378076,32.2019637184137,23.2805129813179,44.5422516314042,"Pression atmosphérique","hPa","intensite","MR","moyen","sans_2202_2024"
1019.10556599553,32.0944010008632,23.2160551802908,44.3680275397806,"Pression atmosphérique","hPa","intensite","MR","moyen","sans_2202_2024"
1019.34539821029,31.9854642730028,23.1503064935057,44.192500217936,"Pression atmosphérique","hPa","intensite","MR","moyen","sans_2202_2024"
1019.58523042506,31.8751588701733,23.0832375767551,44.0157386770532,"Pression atmosphérique","hPa","intensite","MR","moyen","sans_2202_2024"
1019.82506263982,31.7634904474708,23.0148173685553,43.8378158405477,"Pression atmosphérique","hPa","intensite","MR","moyen","sans_2202_2024"
1020.06489485459,31.6504649802603,22.9450130979472,43.6588085258625,"Pression atmosphérique","hPa","intensite","MR","moyen","sans_2202_2024"
1020.30472706935,31.5360887645806,22.8737902981126,43.4787974186144,"Pression atmosphérique","hPa","intensite","MR","moyen","sans_2202_2024"
1020.54455928412,31.420368417437,22.8011128264175,43.2978670384742,"Pression atmosphérique","hPa","intensite","MR","moyen","sans_2202_2024"
1020.78439149888,31.3033108769823,22.7269428915245,43.1161056961351,"Pression atmosphérique","hPa","intensite","MR","moyen","sans_2202_2024"
1021.02422371365,31.1849234025832,22.6512410882509,42.9336054406931,"Pression atmosphérique","hPa","intensite","MR","moyen","sans_2202_2024"
1021.26405592841,31.0652135747721,22.5739664408727,42.7504619967397,"Pression atmosphérique","hPa","intensite","MR","moyen","sans_2202_2024"
1021.50388814318,30.9441892950822,22.4950764556005,42.5667746904449,"Pression atmosphérique","hPa","intensite","MR","moyen","sans_2202_2024"
1021.74372035794,30.8218860395768,22.4145466560301,42.3826844956995,"Pression atmosphérique","hPa","intensite","MR","moyen","sans_2202_2024"
1021.98355257271,30.6990974587022,22.3328957955882,42.1993902360423,"Pression atmosphérique","hPa","intensite","MR","moyen","sans_2202_2024"
1022.22338478747,30.5774426706216,22.2512483327934,42.0192155645128,"Pression atmosphérique","hPa","intensite","MR","moyen","sans_2202_2024"
1022.46321700224,30.4585586835004,22.170764058781,41.8444666415906,"Pression atmosphérique","hPa","intensite","MR","moyen","sans_2202_2024"
1022.703049217,30.3440573221363,22.0926071571148,41.6773723545148,"Pression atmosphérique","hPa","intensite","MR","moyen","sans_2202_2024"
1022.94288143177,30.2355271393109,22.0179467356374,41.5200886971144,"Pression atmosphérique","hPa","intensite","MR","moyen","sans_2202_2024"
1023.18271364653,30.1345361686926,21.947957492742,41.3747051588987,"Pression atmosphérique","hPa","intensite","MR","moyen","sans_2202_2024"
1023.4225458613,30.0426355011478,21.8838205527142,41.2432530088024,"Pression atmosphérique","hPa","intensite","MR","moyen","sans_2202_2024"
1023.66237807606,29.9613636710212,21.8267245063446,41.1277153732459,"Pression atmosphérique","hPa","intensite","MR","moyen","sans_2202_2024"
1023.90221029083,29.8922518448474,21.7778666928184,41.0300390281317,"Pression atmosphérique","hPa","intensite","MR","moyen","sans_2202_2024"
1024.14204250559,29.8368298120417,21.7384547567944,40.9521478500902,"Pression atmosphérique","hPa","intensite","MR","moyen","sans_2202_2024"
1024.38187472036,29.7966327853994,21.7097085104901,40.8959579037618,"Pression atmosphérique","hPa","intensite","MR","moyen","sans_2202_2024"
1024.62170693512,29.7732090287346,21.6928621244825,40.8633941792443,"Pression atmosphérique","hPa","intensite","MR","moyen","sans_2202_2024"
1024.86153914989,29.7681283397692,21.6891666628265,40.8564090372246,"Pression atmosphérique","hPa","intensite","MR","moyen","sans_2202_2024"
1025.10137136465,29.7829914285326,21.6998929680603,40.8770024689821,"Pression atmosphérique","hPa","intensite","MR","moyen","sans_2202_2024"
1025.34120357942,29.819440245161,21.7263348897957,40.927244334817,"Pression atmosphérique","hPa","intensite","MR","moyen","sans_2202_2024"
1025.58103579418,29.8791693262656,21.7698128369981,41.0092988080441,"Pression atmosphérique","hPa","intensite","MR","moyen","sans_2202_2024"
1025.82086800895,29.9639382461617,21.8316776188677,41.1254513232574,"Pression atmosphérique","hPa","intensite","MR","moyen","sans_2202_2024"
1026.06070022371,30.0754760505017,21.9132317610403,41.2779944796862,"Pression atmosphérique","hPa","intensite","MR","moyen","sans_2202_2024"
1026.30053243848,30.2143433317801,22.0148611285207,41.4677402524241,"Pression atmosphérique","hPa","intensite","MR","moyen","sans_2202_2024"
1026.54036465324,30.3803694930893,22.1363642232571,41.6945999455022,"Pression atmosphérique","hPa","intensite","MR","moyen","sans_2202_2024"
1026.78019686801,30.5734329564278,22.2775440570612,41.9586108929683,"Pression atmosphérique","hPa","intensite","MR","moyen","sans_2202_2024"
1027.02002908277,30.7934710761717,22.4382161798653,42.2599485323577,"Pression atmosphérique","hPa","intensite","MR","moyen","sans_2202_2024"
1027.25986129754,31.0404773107566,22.6182067499045,42.5989222900556,"Pression atmosphérique","hPa","intensite","MR","moyen","sans_2202_2024"
1027.4996935123,31.3144986173378,22.8173505278333,42.9759722742167,"Pression atmosphérique","hPa","intensite","MR","moyen","sans_2202_2024"
1027.73952572707,31.6156330428569,23.035488831217,43.3916666594037,"Pression atmosphérique","hPa","intensite","MR","moyen","sans_2202_2024"
1027.97935794183,31.9440274868479,23.2724674868875,43.8466996529452,"Pression atmosphérique","hPa","intensite","MR","moyen","sans_2202_2024"
1028.2191901566,32.2998756129751,23.5281348195146,44.3418899380137,"Pression atmosphérique","hPa","intensite","MR","moyen","sans_2202_2024"
1028.45902237136,32.6834158877455,23.8023397152579,44.8781794928584,"Pression atmosphérique","hPa","intensite","MR","moyen","sans_2202_2024"
1028.69885458613,33.0949297260889,24.0949297993315,45.4566326898016,"Pression atmosphérique","hPa","intensite","MR","moyen","sans_2202_2024"
1028.93868680089,33.5347397245879,24.4057497655106,46.07843558181,"Pression atmosphérique","hPa","intensite","MR","moyen","sans_2202_2024"
1029.17851901566,34.00320796407,24.7346398938273,46.7448952889885,"Pression atmosphérique","hPa","intensite","MR","moyen","sans_2202_2024"
1029.41835123043,34.5007343640707,25.0814347897189,47.4574394024733,"Pression atmosphérique","hPa","intensite","MR","moyen","sans_2202_2024"
1029.65818344519,35.0277550723545,25.445962373578,48.2176153291362,"Pression atmosphérique","hPa","intensite","MR","moyen","sans_2202_2024"
1029.89801565996,35.5847408732511,25.8280431438949,49.0270895073884,"Pression atmosphérique","hPa","intensite","MR","moyen","sans_2202_2024"
1030.13784787472,36.1721955990427,26.2274897300043,49.8876464322303,"Pression atmosphérique","hPa","intensite","MR","moyen","sans_2202_2024"
1030.37768008949,36.7906545290363,26.6441067419572,50.8011874364479,"Pression atmosphérique","hPa","intensite","MR","moyen","sans_2202_2024"
1030.61751230425,37.4406827612821,27.0776909154768,51.7697291843204,"Pression atmosphérique","hPa","intensite","MR","moyen","sans_2202_2024"
1030.85734451902,38.1228735421737,27.5280315396841,52.7954018440232,"Pression atmosphérique","hPa","intensite","MR","moyen","sans_2202_2024"
1031.09717673378,38.8378465393823,27.9949111447647,53.8804469146774,"Pression atmosphérique","hPa","intensite","MR","moyen","sans_2202_2024"
1031.33700894855,39.5862460437686,28.4781064165398,55.0272146931668,"Pression atmosphérique","hPa","intensite","MR","moyen","sans_2202_2024"
1031.57684116331,40.3687390860707,28.9773892955978,56.2381613738689,"Pression atmosphérique","hPa","intensite","MR","moyen","sans_2202_2024"
1031.81667337808,41.186013454305,29.4925282108138,57.5158457807706,"Pression atmosphérique","hPa","intensite","MR","moyen","sans_2202_2024"
1032.05650559284,42.0387755979537,30.0232893912552,58.8629257355741,"Pression atmosphérique","hPa","intensite","MR","moyen","sans_2202_2024"
1032.29633780761,42.9277484051408,30.5694381970442,60.2821540669743,"Pression atmosphérique","hPa","intensite","MR","moyen","sans_2202_2024"
1032.53617002237,43.8536688391486,31.1307404089667,61.7763742650909,"Pression atmosphérique","hPa","intensite","MR","moyen","sans_2202_2024"
1032.77600223714,44.81728542079,31.7069634185406,63.3485157810486,"Pression atmosphérique","hPa","intensite","MR","moyen","sans_2202_2024"
1033.0158344519,45.8193555433551,32.2978772647517,65.0015889650922,"Pression atmosphérique","hPa","intensite","MR","moyen","sans_2202_2024"
1033.25566666667,46.860642607089,32.9032554704041,66.7386796277503,"Pression atmosphérique","hPa","intensite","MR","moyen","sans_2202_2024"
11.7673333333333,0.999999999668898,0,1,"Température","°C","presence","MR","rafale_max","sans_2202_2024"
11.9129306487696,0.999999999662841,0,1,"Température","°C","presence","MR","rafale_max","sans_2202_2024"
12.0585279642058,0.999999999656724,0,1,"Température","°C","presence","MR","rafale_max","sans_2202_2024"
12.2041252796421,0.999999999650549,0,1,"Température","°C","presence","MR","rafale_max","sans_2202_2024"
12.3497225950783,0.999999999644317,0,1,"Température","°C","presence","MR","rafale_max","sans_2202_2024"
12.4953199105145,0.999999999638032,0,1,"Température","°C","presence","MR","rafale_max","sans_2202_2024"
12.6409172259508,0.999999999631694,0,1,"Température","°C","presence","MR","rafale_max","sans_2202_2024"
12.786514541387,0.999999999625308,0,1,"Température","°C","presence","MR","rafale_max","sans_2202_2024"
12.9321118568233,0.999999999618874,0,1,"Température","°C","presence","MR","rafale_max","sans_2202_2024"
13.0777091722595,0.999999999612398,0,1,"Température","°C","presence","MR","rafale_max","sans_2202_2024"
13.2233064876957,0.99999999960588,0,1,"Température","°C","presence","MR","rafale_max","sans_2202_2024"
13.368903803132,0.999999999599324,0,1,"Température","°C","presence","MR","rafale_max","sans_2202_2024"
13.5145011185682,0.999999999592734,0,1,"Température","°C","presence","MR","rafale_max","sans_2202_2024"
13.6600984340045,0.999999999586113,0,1,"Température","°C","presence","MR","rafale_max","sans_2202_2024"
13.8056957494407,0.999999999579464,0,1,"Température","°C","presence","MR","rafale_max","sans_2202_2024"
13.9512930648769,0.999999999572791,0,1,"Température","°C","presence","MR","rafale_max","sans_2202_2024"
14.0968903803132,0.999999999566098,0,1,"Température","°C","presence","MR","rafale_max","sans_2202_2024"
14.2424876957494,0.999999999559389,0,1,"Température","°C","presence","MR","rafale_max","sans_2202_2024"
14.3880850111857,0.999999999552667,0,1,"Température","°C","presence","MR","rafale_max","sans_2202_2024"
14.5336823266219,0.999999999545937,0,1,"Température","°C","presence","MR","rafale_max","sans_2202_2024"
14.6792796420581,0.999999999539204,0,1,"Température","°C","presence","MR","rafale_max","sans_2202_2024"
14.8248769574944,0.999999999532472,0,1,"Température","°C","presence","MR","rafale_max","sans_2202_2024"
14.9704742729306,0.999999999525745,0,1,"Température","°C","presence","MR","rafale_max","sans_2202_2024"
15.1160715883669,0.999999999519028,0,1,"Température","°C","presence","MR","rafale_max","sans_2202_2024"
15.2616689038031,0.999999999512327,0,1,"Température","°C","presence","MR","rafale_max","sans_2202_2024"
15.4072662192394,0.999999999505646,0,1,"Température","°C","presence","MR","rafale_max","sans_2202_2024"
15.5528635346756,0.99999999949899,0,1,"Température","°C","presence","MR","rafale_max","sans_2202_2024"
15.6984608501118,0.999999999492366,0,1,"Température","°C","presence","MR","rafale_max","sans_2202_2024"
15.8440581655481,0.999999999485777,0,1,"Température","°C","presence","MR","rafale_max","sans_2202_2024"
15.9896554809843,0.99999999947923,0,1,"Température","°C","presence","MR","rafale_max","sans_2202_2024"
16.1352527964206,0.999999999472731,0,1,"Température","°C","presence","MR","rafale_max","sans_2202_2024"
16.2808501118568,0.999999999466284,0,1,"Température","°C","presence","MR","rafale_max","sans_2202_2024"
16.426447427293,0.999999999459897,0,1,"Température","°C","presence","MR","rafale_max","sans_2202_2024"
16.5720447427293,0.999999999453575,0,1,"Température","°C","presence","MR","rafale_max","sans_2202_2024"
16.7176420581655,0.999999999447324,0,1,"Température","°C","presence","MR","rafale_max","sans_2202_2024"
16.8632393736018,0.99999999944115,0,1,"Température","°C","presence","MR","rafale_max","sans_2202_2024"
17.008836689038,0.999999999435059,0,1,"Température","°C","presence","MR","rafale_max","sans_2202_2024"
17.1544340044742,0.999999999429058,0,1,"Température","°C","presence","MR","rafale_max","sans_2202_2024"
17.3000313199105,0.999999999423153,0,1,"Température","°C","presence","MR","rafale_max","sans_2202_2024"
17.4456286353467,0.999999999417351,0,1,"Température","°C","presence","MR","rafale_max","sans_2202_2024"
17.591225950783,0.999999999411657,0,1,"Température","°C","presence","MR","rafale_max","sans_2202_2024"
17.7368232662192,0.999999999406079,0,1,"Température","°C","presence","MR","rafale_max","sans_2202_2024"
17.8824205816554,0.999999999400622,0,1,"Température","°C","presence","MR","rafale_max","sans_2202_2024"
18.0280178970917,0.999999999395293,0,1,"Température","°C","presence","MR","rafale_max","sans_2202_2024"
18.1736152125279,0.9999999993901,0,1,"Température","°C","presence","MR","rafale_max","sans_2202_2024"
18.3192125279642,0.999999999385047,0,1,"Température","°C","presence","MR","rafale_max","sans_2202_2024"
18.4648098434004,0.999999999380142,0,1,"Température","°C","presence","MR","rafale_max","sans_2202_2024"
18.6104071588367,0.999999999375392,0,1,"Température","°C","presence","MR","rafale_max","sans_2202_2024"
18.7560044742729,0.999999999370802,0,1,"Température","°C","presence","MR","rafale_max","sans_2202_2024"
18.9016017897091,0.999999999366379,0,1,"Température","°C","presence","MR","rafale_max","sans_2202_2024"
19.0471991051454,0.999999999362129,0,1,"Température","°C","presence","MR","rafale_max","sans_2202_2024"
19.1927964205816,0.999999999358058,0,1,"Température","°C","presence","MR","rafale_max","sans_2202_2024"
19.3383937360179,0.999999999354173,0,1,"Température","°C","presence","MR","rafale_max","sans_2202_2024"
19.4839910514541,0.99999999935048,0,1,"Température","°C","presence","MR","rafale_max","sans_2202_2024"
19.6295883668903,0.999999999346984,0,1,"Température","°C","presence","MR","rafale_max","sans_2202_2024"
19.7751856823266,0.999999999343691,0,1,"Température","°C","presence","MR","rafale_max","sans_2202_2024"
19.9207829977628,0.999999999340607,0,1,"Température","°C","presence","MR","rafale_max","sans_2202_2024"
20.0663803131991,0.999999999337738,0,1,"Température","°C","presence","MR","rafale_max","sans_2202_2024"
20.2119776286353,0.999999999335087,0,1,"Température","°C","presence","MR","rafale_max","sans_2202_2024"
20.3575749440715,0.999999999332651,0,1,"Température","°C","presence","MR","rafale_max","sans_2202_2024"
20.5031722595078,0.999999999330426,0,1,"Température","°C","presence","MR","rafale_max","sans_2202_2024"
20.648769574944,0.999999999328407,0,1,"Température","°C","presence","MR","rafale_max","sans_2202_2024"
20.7943668903803,0.999999999326588,0,1,"Température","°C","presence","MR","rafale_max","sans_2202_2024"
20.9399642058165,0.999999999324965,0,1,"Température","°C","presence","MR","rafale_max","sans_2202_2024"
21.0855615212527,0.999999999323531,0,1,"Température","°C","presence","MR","rafale_max","sans_2202_2024"
21.231158836689,0.999999999322281,0,1,"Température","°C","presence","MR","rafale_max","sans_2202_2024"
21.3767561521252,0.999999999321208,0,1,"Température","°C","presence","MR","rafale_max","sans_2202_2024"
21.5223534675615,0.999999999320306,0,1,"Température","°C","presence","MR","rafale_max","sans_2202_2024"
21.6679507829977,0.999999999319569,0,1,"Température","°C","presence","MR","rafale_max","sans_2202_2024"
21.8135480984339,0.999999999318989,0,1,"Température","°C","presence","MR","rafale_max","sans_2202_2024"
21.9591454138702,0.999999999318561,0,1,"Température","°C","presence","MR","rafale_max","sans_2202_2024"
22.1047427293064,0.999999999318277,0,1,"Température","°C","presence","MR","rafale_max","sans_2202_2024"
22.2503400447427,0.999999999318131,0,1,"Température","°C","presence","MR","rafale_max","sans_2202_2024"
22.3959373601789,0.999999999318114,0,1,"Température","°C","presence","MR","rafale_max","sans_2202_2024"
22.5415346756152,0.999999999318221,0,1,"Température","°C","presence","MR","rafale_max","sans_2202_2024"
22.6871319910514,0.999999999318443,0,1,"Température","°C","presence","MR","rafale_max","sans_2202_2024"
22.8327293064876,0.999999999318773,0,1,"Température","°C","presence","MR","rafale_max","sans_2202_2024"
22.9783266219239,0.999999999319205,0,1,"Température","°C","presence","MR","rafale_max","sans_2202_2024"
23.1239239373601,0.99999999931973,0,1,"Température","°C","presence","MR","rafale_max","sans_2202_2024"
23.2695212527964,0.999999999320341,0,1,"Température","°C","presence","MR","rafale_max","sans_2202_2024"
23.4151185682326,0.999999999321032,0,1,"Température","°C","presence","MR","rafale_max","sans_2202_2024"
23.5607158836688,0.999999999321793,0,1,"Température","°C","presence","MR","rafale_max","sans_2202_2024"
23.7063131991051,0.999999999322619,0,1,"Température","°C","presence","MR","rafale_max","sans_2202_2024"
23.8519105145413,0.999999999323502,0,1,"Température","°C","presence","MR","rafale_max","sans_2202_2024"
23.9975078299776,0.999999999324436,0,1,"Température","°C","presence","MR","rafale_max","sans_2202_2024"
24.1431051454138,0.999999999325422,0,1,"Température","°C","presence","MR","rafale_max","sans_2202_2024"
24.28870246085,0.999999999326457,0,1,"Température","°C","presence","MR","rafale_max","sans_2202_2024"
24.4342997762863,0.999999999327542,0,1,"Température","°C","presence","MR","rafale_max","sans_2202_2024"
24.5798970917225,0.999999999328675,0,1,"Température","°C","presence","MR","rafale_max","sans_2202_2024"
24.7254944071588,0.999999999329856,0,1,"Température","°C","presence","MR","rafale_max","sans_2202_2024"
24.871091722595,0.999999999331084,0,1,"Température","°C","presence","MR","rafale_max","sans_2202_2024"
25.0166890380312,0.999999999332357,0,1,"Température","°C","presence","MR","rafale_max","sans_2202_2024"
25.1622863534675,0.999999999333676,0,1,"Température","°C","presence","MR","rafale_max","sans_2202_2024"
25.3078836689037,0.999999999335039,0,1,"Température","°C","presence","MR","rafale_max","sans_2202_2024"
25.45348098434,0.999999999336445,0,1,"Température","°C","presence","MR","rafale_max","sans_2202_2024"
25.5990782997762,0.999999999337894,0,1,"Température","°C","presence","MR","rafale_max","sans_2202_2024"
25.7446756152125,0.999999999339385,0,1,"Température","°C","presence","MR","rafale_max","sans_2202_2024"
25.8902729306487,0.999999999340917,0,1,"Température","°C","presence","MR","rafale_max","sans_2202_2024"
26.0358702460849,0.999999999342488,0,1,"Température","°C","presence","MR","rafale_max","sans_2202_2024"
26.1814675615212,0.999999999344099,0,1,"Température","°C","presence","MR","rafale_max","sans_2202_2024"
26.3270648769574,0.999999999345747,0,1,"Température","°C","presence","MR","rafale_max","sans_2202_2024"
26.4726621923937,0.999999999347434,0,1,"Température","°C","presence","MR","rafale_max","sans_2202_2024"
26.6182595078299,0.999999999349156,0,1,"Température","°C","presence","MR","rafale_max","sans_2202_2024"
26.7638568232661,0.999999999350915,0,1,"Température","°C","presence","MR","rafale_max","sans_2202_2024"
26.9094541387024,0.999999999352708,0,1,"Température","°C","presence","MR","rafale_max","sans_2202_2024"
27.0550514541386,0.999999999354535,0,1,"Température","°C","presence","MR","rafale_max","sans_2202_2024"
27.2006487695749,0.999999999356395,0,1,"Température","°C","presence","MR","rafale_max","sans_2202_2024"
27.3462460850111,0.999999999358287,0,1,"Température","°C","presence","MR","rafale_max","sans_2202_2024"
27.4918434004473,0.999999999360211,0,1,"Température","°C","presence","MR","rafale_max","sans_2202_2024"
27.6374407158836,0.999999999362165,0,1,"Température","°C","presence","MR","rafale_max","sans_2202_2024"
27.7830380313198,0.999999999364148,0,1,"Température","°C","presence","MR","rafale_max","sans_2202_2024"
27.9286353467561,0.999999999366161,0,1,"Température","°C","presence","MR","rafale_max","sans_2202_2024"
28.0742326621923,0.999999999368201,0,1,"Température","°C","presence","MR","rafale_max","sans_2202_2024"
28.2198299776285,0.999999999370268,0,1,"Température","°C","presence","MR","rafale_max","sans_2202_2024"
28.3654272930648,0.999999999372361,0,1,"Température","°C","presence","MR","rafale_max","sans_2202_2024"
28.511024608501,0.99999999937448,0,1,"Température","°C","presence","MR","rafale_max","sans_2202_2024"
28.6566219239373,0.999999999376623,0,1,"Température","°C","presence","MR","rafale_max","sans_2202_2024"
28.8022192393735,0.99999999937879,0,1,"Température","°C","presence","MR","rafale_max","sans_2202_2024"
28.9478165548098,0.99999999938098,0,1,"Température","°C","presence","MR","rafale_max","sans_2202_2024"
29.093413870246,0.999999999383191,0,1,"Température","°C","presence","MR","rafale_max","sans_2202_2024"
29.2390111856822,0.999999999385424,0,1,"Température","°C","presence","MR","rafale_max","sans_2202_2024"
29.3846085011185,0.999999999387678,0,1,"Température","°C","presence","MR","rafale_max","sans_2202_2024"
29.5302058165547,0.99999999938995,0,1,"Température","°C","presence","MR","rafale_max","sans_2202_2024"
29.675803131991,0.999999999392242,0,1,"Température","°C","presence","MR","rafale_max","sans_2202_2024"
29.8214004474272,0.999999999394551,0,1,"Température","°C","presence","MR","rafale_max","sans_2202_2024"
29.9669977628634,0.999999999396878,0,1,"Température","°C","presence","MR","rafale_max","sans_2202_2024"
30.1125950782997,0.999999999399221,0,1,"Température","°C","presence","MR","rafale_max","sans_2202_2024"
30.2581923937359,0.99999999940158,0,1,"Température","°C","presence","MR","rafale_max","sans_2202_2024"
30.4037897091722,0.999999999403954,0,1,"Température","°C","presence","MR","rafale_max","sans_2202_2024"
30.5493870246084,0.999999999406342,0,1,"Température","°C","presence","MR","rafale_max","sans_2202_2024"
30.6949843400446,0.999999999408743,0,1,"Température","°C","presence","MR","rafale_max","sans_2202_2024"
30.8405816554809,0.999999999411157,0,1,"Température","°C","presence","MR","rafale_max","sans_2202_2024"
30.9861789709171,0.999999999413582,0,1,"Température","°C","presence","MR","rafale_max","sans_2202_2024"
31.1317762863534,0.999999999416019,0,1,"Température","°C","presence","MR","rafale_max","sans_2202_2024"
31.2773736017896,0.999999999418466,0,1,"Température","°C","presence","MR","rafale_max","sans_2202_2024"
31.4229709172258,0.999999999420923,0,1,"Température","°C","presence","MR","rafale_max","sans_2202_2024"
31.5685682326621,0.999999999423389,0,1,"Température","°C","presence","MR","rafale_max","sans_2202_2024"
31.7141655480983,0.999999999425863,0,1,"Température","°C","presence","MR","rafale_max","sans_2202_2024"
31.8597628635346,0.999999999428345,0,1,"Température","°C","presence","MR","rafale_max","sans_2202_2024"
32.0053601789708,0.999999999430834,0,1,"Température","°C","presence","MR","rafale_max","sans_2202_2024"
32.1509574944071,0.999999999433329,0,1,"Température","°C","presence","MR","rafale_max","sans_2202_2024"
32.2965548098433,0.99999999943583,0,1,"Température","°C","presence","MR","rafale_max","sans_2202_2024"
32.4421521252795,0.999999999438335,0,1,"Température","°C","presence","MR","rafale_max","sans_2202_2024"
32.5877494407158,0.999999999440845,0,1,"Température","°C","presence","MR","rafale_max","sans_2202_2024"
32.733346756152,0.999999999443359,0,1,"Température","°C","presence","MR","rafale_max","sans_2202_2024"
32.8789440715883,0.999999999445876,0,1,"Température","°C","presence","MR","rafale_max","sans_2202_2024"
33.0245413870245,0.999999999448395,0,1,"Température","°C","presence","MR","rafale_max","sans_2202_2024"
33.1701387024607,0.999999999450916,0,1,"Température","°C","presence","MR","rafale_max","sans_2202_2024"
33.315736017897,0.999999999453438,0,1,"Température","°C","presence","MR","rafale_max","sans_2202_2024"
33.4613333333332,0.999999999455961,0,1,"Température","°C","presence","MR","rafale_max","sans_2202_2024"
33.25,0.999999999220704,0,1,"Humidité relative","%","presence","MR","rafale_max","sans_2202_2024"
33.6946308724832,0.999999999222101,0,1,"Humidité relative","%","presence","MR","rafale_max","sans_2202_2024"
34.1392617449664,0.999999999223494,0,1,"Humidité relative","%","presence","MR","rafale_max","sans_2202_2024"
34.5838926174497,0.999999999224882,0,1,"Humidité relative","%","presence","MR","rafale_max","sans_2202_2024"
35.0285234899329,0.999999999226267,0,1,"Humidité relative","%","presence","MR","rafale_max","sans_2202_2024"
35.4731543624161,0.999999999227647,0,1,"Humidité relative","%","presence","MR","rafale_max","sans_2202_2024"
35.9177852348993,0.999999999229023,0,1,"Humidité relative","%","presence","MR","rafale_max","sans_2202_2024"
36.3624161073826,0.999999999230395,0,1,"Humidité relative","%","presence","MR","rafale_max","sans_2202_2024"
36.8070469798658,0.999999999231763,0,1,"Humidité relative","%","presence","MR","rafale_max","sans_2202_2024"
37.251677852349,0.999999999233126,0,1,"Humidité relative","%","presence","MR","rafale_max","sans_2202_2024"
37.6963087248322,0.999999999234485,0,1,"Humidité relative","%","presence","MR","rafale_max","sans_2202_2024"
38.1409395973154,0.999999999235839,0,1,"Humidité relative","%","presence","MR","rafale_max","sans_2202_2024"
38.5855704697987,0.999999999237189,0,1,"Humidité relative","%","presence","MR","rafale_max","sans_2202_2024"
39.0302013422819,0.999999999238534,0,1,"Humidité relative","%","presence","MR","rafale_max","sans_2202_2024"
39.4748322147651,0.999999999239874,0,1,"Humidité relative","%","presence","MR","rafale_max","sans_2202_2024"
39.9194630872483,0.999999999241211,0,1,"Humidité relative","%","presence","MR","rafale_max","sans_2202_2024"
40.3640939597315,0.999999999242542,0,1,"Humidité relative","%","presence","MR","rafale_max","sans_2202_2024"
40.8087248322148,0.999999999243869,0,1,"Humidité relative","%","presence","MR","rafale_max","sans_2202_2024"
41.253355704698,0.999999999245191,0,1,"Humidité relative","%","presence","MR","rafale_max","sans_2202_2024"
41.6979865771812,0.999999999246508,0,1,"Humidité relative","%","presence","MR","rafale_max","sans_2202_2024"
42.1426174496644,0.999999999247821,0,1,"Humidité relative","%","presence","MR","rafale_max","sans_2202_2024"
42.5872483221477,0.999999999249128,0,1,"Humidité relative","%","presence","MR","rafale_max","sans_2202_2024"
43.0318791946309,0.999999999250431,0,1,"Humidité relative","%","presence","MR","rafale_max","sans_2202_2024"
43.4765100671141,0.999999999251729,0,1,"Humidité relative","%","presence","MR","rafale_max","sans_2202_2024"
43.9211409395973,0.999999999253022,0,1,"Humidité relative","%","presence","MR","rafale_max","sans_2202_2024"
44.3657718120805,0.99999999925431,0,1,"Humidité relative","%","presence","MR","rafale_max","sans_2202_2024"
44.8104026845638,0.999999999255593,0,1,"Humidité relative","%","presence","MR","rafale_max","sans_2202_2024"
45.255033557047,0.999999999256871,0,1,"Humidité relative","%","presence","MR","rafale_max","sans_2202_2024"
45.6996644295302,0.999999999258144,0,1,"Humidité relative","%","presence","MR","rafale_max","sans_2202_2024"
46.1442953020134,0.999999999259411,0,1,"Humidité relative","%","presence","MR","rafale_max","sans_2202_2024"
46.5889261744966,0.999999999260674,0,1,"Humidité relative","%","presence","MR","rafale_max","sans_2202_2024"
47.0335570469799,0.999999999261931,0,1,"Humidité relative","%","presence","MR","rafale_max","sans_2202_2024"
47.4781879194631,0.999999999263184,0,1,"Humidité relative","%","presence","MR","rafale_max","sans_2202_2024"
47.9228187919463,0.999999999264431,0,1,"Humidité relative","%","presence","MR","rafale_max","sans_2202_2024"
48.3674496644295,0.999999999265672,0,1,"Humidité relative","%","presence","MR","rafale_max","sans_2202_2024"
48.8120805369128,0.999999999266909,0,1,"Humidité relative","%","presence","MR","rafale_max","sans_2202_2024"
49.256711409396,0.99999999926814,0,1,"Humidité relative","%","presence","MR","rafale_max","sans_2202_2024"
49.7013422818792,0.999999999269365,0,1,"Humidité relative","%","presence","MR","rafale_max","sans_2202_2024"
50.1459731543624,0.999999999270585,0,1,"Humidité relative","%","presence","MR","rafale_max","sans_2202_2024"
50.5906040268456,0.9999999992718,0,1,"Humidité relative","%","presence","MR","rafale_max","sans_2202_2024"
51.0352348993289,0.99999999927301,0,1,"Humidité relative","%","presence","MR","rafale_max","sans_2202_2024"
51.4798657718121,0.999999999274213,0,1,"Humidité relative","%","presence","MR","rafale_max","sans_2202_2024"
51.9244966442953,0.999999999275412,0,1,"Humidité relative","%","presence","MR","rafale_max","sans_2202_2024"
52.3691275167785,0.999999999276605,0,1,"Humidité relative","%","presence","MR","rafale_max","sans_2202_2024"
52.8137583892617,0.999999999277792,0,1,"Humidité relative","%","presence","MR","rafale_max","sans_2202_2024"
53.258389261745,0.999999999278973,0,1,"Humidité relative","%","presence","MR","rafale_max","sans_2202_2024"
53.7030201342282,0.999999999280149,0,1,"Humidité relative","%","presence","MR","rafale_max","sans_2202_2024"
54.1476510067114,0.999999999281319,0,1,"Humidité relative","%","presence","MR","rafale_max","sans_2202_2024"
54.5922818791946,0.999999999282484,0,1,"Humidité relative","%","presence","MR","rafale_max","sans_2202_2024"
55.0369127516779,0.999999999283643,0,1,"Humidité relative","%","presence","MR","rafale_max","sans_2202_2024"
55.4815436241611,0.999999999284796,0,1,"Humidité relative","%","presence","MR","rafale_max","sans_2202_2024"
55.9261744966443,0.999999999285943,0,1,"Humidité relative","%","presence","MR","rafale_max","sans_2202_2024"
56.3708053691275,0.999999999287084,0,1,"Humidité relative","%","presence","MR","rafale_max","sans_2202_2024"
56.8154362416107,0.99999999928822,0,1,"Humidité relative","%","presence","MR","rafale_max","sans_2202_2024"
57.260067114094,0.999999999289349,0,1,"Humidité relative","%","presence","MR","rafale_max","sans_2202_2024"
57.7046979865772,0.999999999290473,0,1,"Humidité relative","%","presence","MR","rafale_max","sans_2202_2024"
58.1493288590604,0.999999999291591,0,1,"Humidité relative","%","presence","MR","rafale_max","sans_2202_2024"
58.5939597315436,0.999999999292702,0,1,"Humidité relative","%","presence","MR","rafale_max","sans_2202_2024"
59.0385906040268,0.999999999293808,0,1,"Humidité relative","%","presence","MR","rafale_max","sans_2202_2024"
59.4832214765101,0.99999999929491,0,1,"Humidité relative","%","presence","MR","rafale_max","sans_2202_2024"
59.9278523489933,0.999999999296011,0,1,"Humidité relative","%","presence","MR","rafale_max","sans_2202_2024"
60.3724832214765,0.999999999297114,0,1,"Humidité relative","%","presence","MR","rafale_max","sans_2202_2024"
60.8171140939597,0.999999999298223,0,1,"Humidité relative","%","presence","MR","rafale_max","sans_2202_2024"
61.261744966443,0.999999999299339,0,1,"Humidité relative","%","presence","MR","rafale_max","sans_2202_2024"
61.7063758389262,0.999999999300467,0,1,"Humidité relative","%","presence","MR","rafale_max","sans_2202_2024"
62.1510067114094,0.999999999301609,0,1,"Humidité relative","%","presence","MR","rafale_max","sans_2202_2024"
62.5956375838926,0.999999999302768,0,1,"Humidité relative","%","presence","MR","rafale_max","sans_2202_2024"
63.0402684563758,0.999999999303947,0,1,"Humidité relative","%","presence","MR","rafale_max","sans_2202_2024"
63.4848993288591,0.99999999930515,0,1,"Humidité relative","%","presence","MR","rafale_max","sans_2202_2024"
63.9295302013423,0.999999999306378,0,1,"Humidité relative","%","presence","MR","rafale_max","sans_2202_2024"
64.3741610738255,0.999999999307635,0,1,"Humidité relative","%","presence","MR","rafale_max","sans_2202_2024"
64.8187919463087,0.999999999308923,0,1,"Humidité relative","%","presence","MR","rafale_max","sans_2202_2024"
65.263422818792,0.999999999310246,0,1,"Humidité relative","%","presence","MR","rafale_max","sans_2202_2024"
65.7080536912752,0.999999999311606,0,1,"Humidité relative","%","presence","MR","rafale_max","sans_2202_2024"
66.1526845637584,0.999999999313006,0,1,"Humidité relative","%","presence","MR","rafale_max","sans_2202_2024"
66.5973154362416,0.999999999314449,0,1,"Humidité relative","%","presence","MR","rafale_max","sans_2202_2024"
67.0419463087248,0.999999999315937,0,1,"Humidité relative","%","presence","MR","rafale_max","sans_2202_2024"
67.486577181208,0.999999999317474,0,1,"Humidité relative","%","presence","MR","rafale_max","sans_2202_2024"
67.9312080536913,0.999999999319061,0,1,"Humidité relative","%","presence","MR","rafale_max","sans_2202_2024"
68.3758389261745,0.999999999320701,0,1,"Humidité relative","%","presence","MR","rafale_max","sans_2202_2024"
68.8204697986577,0.999999999322398,0,1,"Humidité relative","%","presence","MR","rafale_max","sans_2202_2024"
69.2651006711409,0.999999999324152,0,1,"Humidité relative","%","presence","MR","rafale_max","sans_2202_2024"
69.7097315436242,0.999999999325968,0,1,"Humidité relative","%","presence","MR","rafale_max","sans_2202_2024"
70.1543624161074,0.999999999327846,0,1,"Humidité relative","%","presence","MR","rafale_max","sans_2202_2024"
70.5989932885906,0.999999999329791,0,1,"Humidité relative","%","presence","MR","rafale_max","sans_2202_2024"
71.0436241610738,0.999999999331803,0,1,"Humidité relative","%","presence","MR","rafale_max","sans_2202_2024"
71.488255033557,0.999999999333885,0,1,"Humidité relative","%","presence","MR","rafale_max","sans_2202_2024"
71.9328859060403,0.99999999933604,0,1,"Humidité relative","%","presence","MR","rafale_max","sans_2202_2024"
72.3775167785235,0.999999999338269,0,1,"Humidité relative","%","presence","MR","rafale_max","sans_2202_2024"
72.8221476510067,0.999999999340575,0,1,"Humidité relative","%","presence","MR","rafale_max","sans_2202_2024"
73.2667785234899,0.999999999342959,0,1,"Humidité relative","%","presence","MR","rafale_max","sans_2202_2024"
73.7114093959732,0.999999999345424,0,1,"Humidité relative","%","presence","MR","rafale_max","sans_2202_2024"
74.1560402684564,0.999999999347971,0,1,"Humidité relative","%","presence","MR","rafale_max","sans_2202_2024"
74.6006711409396,0.999999999350603,0,1,"Humidité relative","%","presence","MR","rafale_max","sans_2202_2024"
75.0453020134228,0.99999999935332,0,1,"Humidité relative","%","presence","MR","rafale_max","sans_2202_2024"
75.489932885906,0.999999999356125,0,1,"Humidité relative","%","presence","MR","rafale_max","sans_2202_2024"
75.9345637583893,0.999999999359019,0,1,"Humidité relative","%","presence","MR","rafale_max","sans_2202_2024"
76.3791946308725,0.999999999362003,0,1,"Humidité relative","%","presence","MR","rafale_max","sans_2202_2024"
76.8238255033557,0.999999999365079,0,1,"Humidité relative","%","presence","MR","rafale_max","sans_2202_2024"
77.2684563758389,0.999999999368248,0,1,"Humidité relative","%","presence","MR","rafale_max","sans_2202_2024"
77.7130872483222,0.999999999371505,0,1,"Humidité relative","%","presence","MR","rafale_max","sans_2202_2024"
78.1577181208054,0.999999999374847,0,1,"Humidité relative","%","presence","MR","rafale_max","sans_2202_2024"
78.6023489932886,0.999999999378272,0,1,"Humidité relative","%","presence","MR","rafale_max","sans_2202_2024"
79.0469798657718,0.999999999381774,0,1,"Humidité relative","%","presence","MR","rafale_max","sans_2202_2024"
79.491610738255,0.999999999385351,0,1,"Humidité relative","%","presence","MR","rafale_max","sans_2202_2024"
79.9362416107383,0.999999999388999,0,1,"Humidité relative","%","presence","MR","rafale_max","sans_2202_2024"
80.3808724832215,0.999999999392714,0,1,"Humidité relative","%","presence","MR","rafale_max","sans_2202_2024"
80.8255033557047,0.999999999396494,0,1,"Humidité relative","%","presence","MR","rafale_max","sans_2202_2024"
81.2701342281879,0.999999999400334,0,1,"Humidité relative","%","presence","MR","rafale_max","sans_2202_2024"
81.7147651006711,0.999999999404232,0,1,"Humidité relative","%","presence","MR","rafale_max","sans_2202_2024"
82.1593959731544,0.999999999408184,0,1,"Humidité relative","%","presence","MR","rafale_max","sans_2202_2024"
82.6040268456376,0.999999999412186,0,1,"Humidité relative","%","presence","MR","rafale_max","sans_2202_2024"
83.0486577181208,0.999999999416235,0,1,"Humidité relative","%","presence","MR","rafale_max","sans_2202_2024"
83.493288590604,0.999999999420329,0,1,"Humidité relative","%","presence","MR","rafale_max","sans_2202_2024"
83.9379194630872,0.999999999424464,0,1,"Humidité relative","%","presence","MR","rafale_max","sans_2202_2024"
84.3825503355705,0.999999999428636,0,1,"Humidité relative","%","presence","MR","rafale_max","sans_2202_2024"
84.8271812080537,0.999999999432843,0,1,"Humidité relative","%","presence","MR","rafale_max","sans_2202_2024"
85.2718120805369,0.999999999437081,0,1,"Humidité relative","%","presence","MR","rafale_max","sans_2202_2024"
85.7164429530201,0.999999999441348,0,1,"Humidité relative","%","presence","MR","rafale_max","sans_2202_2024"
86.1610738255034,0.999999999445641,0,1,"Humidité relative","%","presence","MR","rafale_max","sans_2202_2024"
86.6057046979866,0.999999999449956,0,1,"Humidité relative","%","presence","MR","rafale_max","sans_2202_2024"
87.0503355704698,0.999999999454292,0,1,"Humidité relative","%","presence","MR","rafale_max","sans_2202_2024"
87.494966442953,0.999999999458645,0,1,"Humidité relative","%","presence","MR","rafale_max","sans_2202_2024"
87.9395973154362,0.999999999463012,0,1,"Humidité relative","%","presence","MR","rafale_max","sans_2202_2024"
88.3842281879195,0.99999999946739,0,1,"Humidité relative","%","presence","MR","rafale_max","sans_2202_2024"
88.8288590604027,0.999999999471779,0,1,"Humidité relative","%","presence","MR","rafale_max","sans_2202_2024"
89.2734899328859,0.999999999476173,0,1,"Humidité relative","%","presence","MR","rafale_max","sans_2202_2024"
89.7181208053691,0.999999999480573,0,1,"Humidité relative","%","presence","MR","rafale_max","sans_2202_2024"
90.1627516778524,0.999999999484974,0,1,"Humidité relative","%","presence","MR","rafale_max","sans_2202_2024"
90.6073825503356,0.999999999489374,0,1,"Humidité relative","%","presence","MR","rafale_max","sans_2202_2024"
91.0520134228188,0.999999999493772,0,1,"Humidité relative","%","presence","MR","rafale_max","sans_2202_2024"
91.496644295302,0.999999999498164,0,1,"Humidité relative","%","presence","MR","rafale_max","sans_2202_2024"
91.9412751677852,0.99999999950255,0,1,"Humidité relative","%","presence","MR","rafale_max","sans_2202_2024"
92.3859060402685,0.999999999506926,0,1,"Humidité relative","%","presence","MR","rafale_max","sans_2202_2024"
92.8305369127517,0.999999999511291,0,1,"Humidité relative","%","presence","MR","rafale_max","sans_2202_2024"
93.2751677852349,0.999999999515643,0,1,"Humidité relative","%","presence","MR","rafale_max","sans_2202_2024"
93.7197986577181,0.99999999951998,0,1,"Humidité relative","%","presence","MR","rafale_max","sans_2202_2024"
94.1644295302013,0.9999999995243,0,1,"Humidité relative","%","presence","MR","rafale_max","sans_2202_2024"
94.6090604026846,0.999999999528601,0,1,"Humidité relative","%","presence","MR","rafale_max","sans_2202_2024"
95.0536912751678,0.999999999532881,0,1,"Humidité relative","%","presence","MR","rafale_max","sans_2202_2024"
95.498322147651,0.99999999953714,0,1,"Humidité relative","%","presence","MR","rafale_max","sans_2202_2024"
95.9429530201342,0.999999999541375,0,1,"Humidité relative","%","presence","MR","rafale_max","sans_2202_2024"
96.3875838926174,0.999999999545584,0,1,"Humidité relative","%","presence","MR","rafale_max","sans_2202_2024"
96.8322147651007,0.999999999549767,0,1,"Humidité relative","%","presence","MR","rafale_max","sans_2202_2024"
97.2768456375839,0.999999999553922,0,1,"Humidité relative","%","presence","MR","rafale_max","sans_2202_2024"
97.7214765100671,0.999999999558047,0,1,"Humidité relative","%","presence","MR","rafale_max","sans_2202_2024"
98.1661073825503,0.999999999562142,0,1,"Humidité relative","%","presence","MR","rafale_max","sans_2202_2024"
98.6107382550336,0.999999999566204,0,1,"Humidité relative","%","presence","MR","rafale_max","sans_2202_2024"
99.0553691275168,0.999999999570233,0,1,"Humidité relative","%","presence","MR","rafale_max","sans_2202_2024"
99.5,0.999999999574227,0,1,"Humidité relative","%","presence","MR","rafale_max","sans_2202_2024"
1001.60266666667,0.999999999838872,0,1,"Pression atmosphérique","hPa","presence","MR","rafale_max","sans_2202_2024"
1001.81405816555,0.999999999837518,0,1,"Pression atmosphérique","hPa","presence","MR","rafale_max","sans_2202_2024"
1002.02544966443,0.999999999836139,0,1,"Pression atmosphérique","hPa","presence","MR","rafale_max","sans_2202_2024"
1002.23684116331,0.999999999834735,0,1,"Pression atmosphérique","hPa","presence","MR","rafale_max","sans_2202_2024"
1002.44823266219,0.999999999833304,0,1,"Pression atmosphérique","hPa","presence","MR","rafale_max","sans_2202_2024"
1002.65962416107,0.999999999831846,0,1,"Pression atmosphérique","hPa","presence","MR","rafale_max","sans_2202_2024"
1002.87101565996,0.99999999983036,0,1,"Pression atmosphérique","hPa","presence","MR","rafale_max","sans_2202_2024"
1003.08240715884,0.999999999828846,0,1,"Pression atmosphérique","hPa","presence","MR","rafale_max","sans_2202_2024"
1003.29379865772,0.999999999827304,0,1,"Pression atmosphérique","hPa","presence","MR","rafale_max","sans_2202_2024"
1003.5051901566,0.999999999825731,0,1,"Pression atmosphérique","hPa","presence","MR","rafale_max","sans_2202_2024"
1003.71658165548,0.999999999824129,0,1,"Pression atmosphérique","hPa","presence","MR","rafale_max","sans_2202_2024"
1003.92797315436,0.999999999822495,0,1,"Pression atmosphérique","hPa","presence","MR","rafale_max","sans_2202_2024"
1004.13936465324,0.999999999820829,0,1,"Pression atmosphérique","hPa","presence","MR","rafale_max","sans_2202_2024"
1004.35075615213,0.999999999819131,0,1,"Pression atmosphérique","hPa","presence","MR","rafale_max","sans_2202_2024"
1004.56214765101,0.999999999817399,0,1,"Pression atmosphérique","hPa","presence","MR","rafale_max","sans_2202_2024"
1004.77353914989,0.999999999815634,0,1,"Pression atmosphérique","hPa","presence","MR","rafale_max","sans_2202_2024"
1004.98493064877,0.999999999813833,0,1,"Pression atmosphérique","hPa","presence","MR","rafale_max","sans_2202_2024"
1005.19632214765,0.999999999811996,0,1,"Pression atmosphérique","hPa","presence","MR","rafale_max","sans_2202_2024"
1005.40771364653,0.999999999810123,0,1,"Pression atmosphérique","hPa","presence","MR","rafale_max","sans_2202_2024"
1005.61910514541,0.999999999808211,0,1,"Pression atmosphérique","hPa","presence","MR","rafale_max","sans_2202_2024"
1005.8304966443,0.999999999806262,0,1,"Pression atmosphérique","hPa","presence","MR","rafale_max","sans_2202_2024"
1006.04188814318,0.999999999804272,0,1,"Pression atmosphérique","hPa","presence","MR","rafale_max","sans_2202_2024"
1006.25327964206,0.999999999802242,0,1,"Pression atmosphérique","hPa","presence","MR","rafale_max","sans_2202_2024"
1006.46467114094,0.999999999800171,0,1,"Pression atmosphérique","hPa","presence","MR","rafale_max","sans_2202_2024"
1006.67606263982,0.999999999798057,0,1,"Pression atmosphérique","hPa","presence","MR","rafale_max","sans_2202_2024"
1006.8874541387,0.999999999795899,0,1,"Pression atmosphérique","hPa","presence","MR","rafale_max","sans_2202_2024"
1007.09884563758,0.999999999793696,0,1,"Pression atmosphérique","hPa","presence","MR","rafale_max","sans_2202_2024"
1007.31023713647,0.999999999791448,0,1,"Pression atmosphérique","hPa","presence","MR","rafale_max","sans_2202_2024"
1007.52162863535,0.999999999789152,0,1,"Pression atmosphérique","hPa","presence","MR","rafale_max","sans_2202_2024"
1007.73302013423,0.999999999786808,0,1,"Pression atmosphérique","hPa","presence","MR","rafale_max","sans_2202_2024"
1007.94441163311,0.999999999784414,0,1,"Pression atmosphérique","hPa","presence","MR","rafale_max","sans_2202_2024"
1008.15580313199,0.99999999978197,0,1,"Pression atmosphérique","hPa","presence","MR","rafale_max","sans_2202_2024"
1008.36719463087,0.999999999779474,0,1,"Pression atmosphérique","hPa","presence","MR","rafale_max","sans_2202_2024"
1008.57858612975,0.999999999776924,0,1,"Pression atmosphérique","hPa","presence","MR","rafale_max","sans_2202_2024"
1008.78997762864,0.999999999774319,0,1,"Pression atmosphérique","hPa","presence","MR","rafale_max","sans_2202_2024"
1009.00136912752,0.999999999771658,0,1,"Pression atmosphérique","hPa","presence","MR","rafale_max","sans_2202_2024"
1009.2127606264,0.999999999768939,0,1,"Pression atmosphérique","hPa","presence","MR","rafale_max","sans_2202_2024"
1009.42415212528,0.999999999766161,0,1,"Pression atmosphérique","hPa","presence","MR","rafale_max","sans_2202_2024"
1009.63554362416,0.999999999763322,0,1,"Pression atmosphérique","hPa","presence","MR","rafale_max","sans_2202_2024"
1009.84693512304,0.99999999976042,0,1,"Pression atmosphérique","hPa","presence","MR","rafale_max","sans_2202_2024"
1010.05832662192,0.999999999757455,0,1,"Pression atmosphérique","hPa","presence","MR","rafale_max","sans_2202_2024"
1010.26971812081,0.999999999754423,0,1,"Pression atmosphérique","hPa","presence","MR","rafale_max","sans_2202_2024"
1010.48110961969,0.999999999751324,0,1,"Pression atmosphérique","hPa","presence","MR","rafale_max","sans_2202_2024"
1010.69250111857,0.999999999748155,0,1,"Pression atmosphérique","hPa","presence","MR","rafale_max","sans_2202_2024"
1010.90389261745,0.999999999744915,0,1,"Pression atmosphérique","hPa","presence","MR","rafale_max","sans_2202_2024"
1011.11528411633,0.999999999741602,0,1,"Pression atmosphérique","hPa","presence","MR","rafale_max","sans_2202_2024"
1011.32667561521,0.999999999738214,0,1,"Pression atmosphérique","hPa","presence","MR","rafale_max","sans_2202_2024"
1011.53806711409,0.999999999734748,0,1,"Pression atmosphérique","hPa","presence","MR","rafale_max","sans_2202_2024"
1011.74945861298,0.999999999731202,0,1,"Pression atmosphérique","hPa","presence","MR","rafale_max","sans_2202_2024"
1011.96085011186,0.999999999727575,0,1,"Pression atmosphérique","hPa","presence","MR","rafale_max","sans_2202_2024"
1012.17224161074,0.999999999723865,0,1,"Pression atmosphérique","hPa","presence","MR","rafale_max","sans_2202_2024"
1012.38363310962,0.999999999720067,0,1,"Pression atmosphérique","hPa","presence","MR","rafale_max","sans_2202_2024"
1012.5950246085,0.999999999716181,0,1,"Pression atmosphérique","hPa","presence","MR","rafale_max","sans_2202_2024"
1012.80641610738,0.999999999712204,0,1,"Pression atmosphérique","hPa","presence","MR","rafale_max","sans_2202_2024"
1013.01780760626,0.999999999708134,0,1,"Pression atmosphérique","hPa","presence","MR","rafale_max","sans_2202_2024"
1013.22919910515,0.999999999703967,0,1,"Pression atmosphérique","hPa","presence","MR","rafale_max","sans_2202_2024"
1013.44059060403,0.9999999996997,0,1,"Pression atmosphérique","hPa","presence","MR","rafale_max","sans_2202_2024"
1013.65198210291,0.999999999695332,0,1,"Pression atmosphérique","hPa","presence","MR","rafale_max","sans_2202_2024"
1013.86337360179,0.999999999690859,0,1,"Pression atmosphérique","hPa","presence","MR","rafale_max","sans_2202_2024"
1014.07476510067,0.999999999686278,0,1,"Pression atmosphérique","hPa","presence","MR","rafale_max","sans_2202_2024"
1014.28615659955,0.999999999681585,0,1,"Pression atmosphérique","hPa","presence","MR","rafale_max","sans_2202_2024"
1014.49754809843,0.999999999676779,0,1,"Pression atmosphérique","hPa","presence","MR","rafale_max","sans_2202_2024"
1014.70893959732,0.999999999671855,0,1,"Pression atmosphérique","hPa","presence","MR","rafale_max","sans_2202_2024"
1014.9203310962,0.999999999666809,0,1,"Pression atmosphérique","hPa","presence","MR","rafale_max","sans_2202_2024"
1015.13172259508,0.99999999966164,0,1,"Pression atmosphérique","hPa","presence","MR","rafale_max","sans_2202_2024"
1015.34311409396,0.999999999656341,0,1,"Pression atmosphérique","hPa","presence","MR","rafale_max","sans_2202_2024"
1015.55450559284,0.999999999650911,0,1,"Pression atmosphérique","hPa","presence","MR","rafale_max","sans_2202_2024"
1015.76589709172,0.999999999645344,0,1,"Pression atmosphérique","hPa","presence","MR","rafale_max","sans_2202_2024"
1015.9772885906,0.999999999639638,0,1,"Pression atmosphérique","hPa","presence","MR","rafale_max","sans_2202_2024"
1016.18868008949,0.999999999633786,0,1,"Pression atmosphérique","hPa","presence","MR","rafale_max","sans_2202_2024"
1016.40007158837,0.999999999627787,0,1,"Pression atmosphérique","hPa","presence","MR","rafale_max","sans_2202_2024"
1016.61146308725,0.999999999621634,0,1,"Pression atmosphérique","hPa","presence","MR","rafale_max","sans_2202_2024"
1016.82285458613,0.999999999615322,0,1,"Pression atmosphérique","hPa","presence","MR","rafale_max","sans_2202_2024"
1017.03424608501,0.999999999608848,0,1,"Pression atmosphérique","hPa","presence","MR","rafale_max","sans_2202_2024"
1017.24563758389,0.999999999602206,0,1,"Pression atmosphérique","hPa","presence","MR","rafale_max","sans_2202_2024"
1017.45702908277,0.999999999595391,0,1,"Pression atmosphérique","hPa","presence","MR","rafale_max","sans_2202_2024"
1017.66842058166,0.999999999588398,0,1,"Pression atmosphérique","hPa","presence","MR","rafale_max","sans_2202_2024"
1017.87981208054,0.999999999581221,0,1,"Pression atmosphérique","hPa","presence","MR","rafale_max","sans_2202_2024"
1018.09120357942,0.999999999573854,0,1,"Pression atmosphérique","hPa","presence","MR","rafale_max","sans_2202_2024"
1018.3025950783,0.999999999566291,0,1,"Pression atmosphérique","hPa","presence","MR","rafale_max","sans_2202_2024"
1018.51398657718,0.999999999558526,0,1,"Pression atmosphérique","hPa","presence","MR","rafale_max","sans_2202_2024"
1018.72537807606,0.999999999550553,0,1,"Pression atmosphérique","hPa","presence","MR","rafale_max","sans_2202_2024"
1018.93676957494,0.999999999542365,0,1,"Pression atmosphérique","hPa","presence","MR","rafale_max","sans_2202_2024"
1019.14816107383,0.999999999533955,0,1,"Pression atmosphérique","hPa","presence","MR","rafale_max","sans_2202_2024"
1019.35955257271,0.999999999525316,0,1,"Pression atmosphérique","hPa","presence","MR","rafale_max","sans_2202_2024"
1019.57094407159,0.999999999516441,0,1,"Pression atmosphérique","hPa","presence","MR","rafale_max","sans_2202_2024"
1019.78233557047,0.999999999507321,0,1,"Pression atmosphérique","hPa","presence","MR","rafale_max","sans_2202_2024"
1019.99372706935,0.999999999497949,0,1,"Pression atmosphérique","hPa","presence","MR","rafale_max","sans_2202_2024"
1020.20511856823,0.999999999488317,0,1,"Pression atmosphérique","hPa","presence","MR","rafale_max","sans_2202_2024"
1020.41651006711,0.999999999478416,0,1,"Pression atmosphérique","hPa","presence","MR","rafale_max","sans_2202_2024"
1020.627901566,0.999999999468237,0,1,"Pression atmosphérique","hPa","presence","MR","rafale_max","sans_2202_2024"
1020.83929306488,0.999999999457771,0,1,"Pression atmosphérique","hPa","presence","MR","rafale_max","sans_2202_2024"
1021.05068456376,0.999999999447008,0,1,"Pression atmosphérique","hPa","presence","MR","rafale_max","sans_2202_2024"
1021.26207606264,0.999999999435939,0,1,"Pression atmosphérique","hPa","presence","MR","rafale_max","sans_2202_2024"
1021.47346756152,0.999999999424553,0,1,"Pression atmosphérique","hPa","presence","MR","rafale_max","sans_2202_2024"
1021.6848590604,0.999999999412838,0,1,"Pression atmosphérique","hPa","presence","MR","rafale_max","sans_2202_2024"
1021.89625055928,0.999999999400785,0,1,"Pression atmosphérique","hPa","presence","MR","rafale_max","sans_2202_2024"
1022.10764205817,0.999999999388389,0,1,"Pression atmosphérique","hPa","presence","MR","rafale_max","sans_2202_2024"
1022.31903355705,0.999999999375694,0,1,"Pression atmosphérique","hPa","presence","MR","rafale_max","sans_2202_2024"
1022.53042505593,0.999999999362772,0,1,"Pression atmosphérique","hPa","presence","MR","rafale_max","sans_2202_2024"
1022.74181655481,0.999999999349699,0,1,"Pression atmosphérique","hPa","presence","MR","rafale_max","sans_2202_2024"
1022.95320805369,0.99999999933656,0,1,"Pression atmosphérique","hPa","presence","MR","rafale_max","sans_2202_2024"
1023.16459955257,0.999999999323443,0,1,"Pression atmosphérique","hPa","presence","MR","rafale_max","sans_2202_2024"
1023.37599105145,0.999999999310446,0,1,"Pression atmosphérique","hPa","presence","MR","rafale_max","sans_2202_2024"
1023.58738255034,0.999999999297673,0,1,"Pression atmosphérique","hPa","presence","MR","rafale_max","sans_2202_2024"
1023.79877404922,0.999999999285233,0,1,"Pression atmosphérique","hPa","presence","MR","rafale_max","sans_2202_2024"
1024.0101655481,0.999999999273241,0,1,"Pression atmosphérique","hPa","presence","MR","rafale_max","sans_2202_2024"
1024.22155704698,0.999999999261818,0,1,"Pression atmosphérique","hPa","presence","MR","rafale_max","sans_2202_2024"
1024.43294854586,0.99999999925109,0,1,"Pression atmosphérique","hPa","presence","MR","rafale_max","sans_2202_2024"
1024.64434004474,0.999999999241186,0,1,"Pression atmosphérique","hPa","presence","MR","rafale_max","sans_2202_2024"
1024.85573154362,0.999999999232237,0,1,"Pression atmosphérique","hPa","presence","MR","rafale_max","sans_2202_2024"
1025.06712304251,0.999999999224375,0,1,"Pression atmosphérique","hPa","presence","MR","rafale_max","sans_2202_2024"
1025.27851454139,0.999999999217732,0,1,"Pression atmosphérique","hPa","presence","MR","rafale_max","sans_2202_2024"
1025.48990604027,0.999999999212439,0,1,"Pression atmosphérique","hPa","presence","MR","rafale_max","sans_2202_2024"
1025.70129753915,0.99999999920862,0,1,"Pression atmosphérique","hPa","presence","MR","rafale_max","sans_2202_2024"
1025.91268903803,0.999999999206395,0,1,"Pression atmosphérique","hPa","presence","MR","rafale_max","sans_2202_2024"
1026.12408053691,0.999999999205867,0,1,"Pression atmosphérique","hPa","presence","MR","rafale_max","sans_2202_2024"
1026.33547203579,0.99999999920705,0,1,"Pression atmosphérique","hPa","presence","MR","rafale_max","sans_2202_2024"
1026.54686353468,0.999999999209904,0,1,"Pression atmosphérique","hPa","presence","MR","rafale_max","sans_2202_2024"
1026.75825503356,0.999999999214382,0,1,"Pression atmosphérique","hPa","presence","MR","rafale_max","sans_2202_2024"
1026.96964653244,0.999999999220425,0,1,"Pression atmosphérique","hPa","presence","MR","rafale_max","sans_2202_2024"
1027.18103803132,0.999999999227965,0,1,"Pression atmosphérique","hPa","presence","MR","rafale_max","sans_2202_2024"
1027.3924295302,0.999999999236929,0,1,"Pression atmosphérique","hPa","presence","MR","rafale_max","sans_2202_2024"
1027.60382102908,0.999999999247235,0,1,"Pression atmosphérique","hPa","presence","MR","rafale_max","sans_2202_2024"
1027.81521252796,0.999999999258797,0,1,"Pression atmosphérique","hPa","presence","MR","rafale_max","sans_2202_2024"
1028.02660402685,0.999999999271523,0,1,"Pression atmosphérique","hPa","presence","MR","rafale_max","sans_2202_2024"
1028.23799552573,0.99999999928532,0,1,"Pression atmosphérique","hPa","presence","MR","rafale_max","sans_2202_2024"
1028.44938702461,0.999999999300089,0,1,"Pression atmosphérique","hPa","presence","MR","rafale_max","sans_2202_2024"
1028.66077852349,0.999999999315734,0,1,"Pression atmosphérique","hPa","presence","MR","rafale_max","sans_2202_2024"
1028.87217002237,0.999999999332153,0,1,"Pression atmosphérique","hPa","presence","MR","rafale_max","sans_2202_2024"
1029.08356152125,0.999999999349249,0,1,"Pression atmosphérique","hPa","presence","MR","rafale_max","sans_2202_2024"
1029.29495302013,0.999999999366925,0,1,"Pression atmosphérique","hPa","presence","MR","rafale_max","sans_2202_2024"
1029.50634451902,0.999999999385083,0,1,"Pression atmosphérique","hPa","presence","MR","rafale_max","sans_2202_2024"
1029.7177360179,0.999999999403632,0,1,"Pression atmosphérique","hPa","presence","MR","rafale_max","sans_2202_2024"
1029.92912751678,0.99999999942248,0,1,"Pression atmosphérique","hPa","presence","MR","rafale_max","sans_2202_2024"
1030.14051901566,0.999999999441541,0,1,"Pression atmosphérique","hPa","presence","MR","rafale_max","sans_2202_2024"
1030.35191051454,0.999999999460732,0,1,"Pression atmosphérique","hPa","presence","MR","rafale_max","sans_2202_2024"
1030.56330201342,0.999999999479976,0,1,"Pression atmosphérique","hPa","presence","MR","rafale_max","sans_2202_2024"
1030.7746935123,0.9999999994992,0,1,"Pression atmosphérique","hPa","presence","MR","rafale_max","sans_2202_2024"
1030.98608501119,0.999999999518334,0,1,"Pression atmosphérique","hPa","presence","MR","rafale_max","sans_2202_2024"
1031.19747651007,0.999999999537317,0,1,"Pression atmosphérique","hPa","presence","MR","rafale_max","sans_2202_2024"
1031.40886800895,0.999999999556089,0,1,"Pression atmosphérique","hPa","presence","MR","rafale_max","sans_2202_2024"
1031.62025950783,0.999999999574598,0,1,"Pression atmosphérique","hPa","presence","MR","rafale_max","sans_2202_2024"
1031.83165100671,0.999999999592796,0,1,"Pression atmosphérique","hPa","presence","MR","rafale_max","sans_2202_2024"
1032.04304250559,0.999999999610642,0,1,"Pression atmosphérique","hPa","presence","MR","rafale_max","sans_2202_2024"
1032.25443400447,0.999999999628098,0,1,"Pression atmosphérique","hPa","presence","MR","rafale_max","sans_2202_2024"
1032.46582550336,0.999999999645131,0,1,"Pression atmosphérique","hPa","presence","MR","rafale_max","sans_2202_2024"
1032.67721700224,0.999999999661714,0,1,"Pression atmosphérique","hPa","presence","MR","rafale_max","sans_2202_2024"
1032.88860850112,0.999999999677824,0,1,"Pression atmosphérique","hPa","presence","MR","rafale_max","sans_2202_2024"
1033.1,0.999999999693441,0,1,"Pression atmosphérique","hPa","presence","MR","rafale_max","sans_2202_2024"
11.4,32.7330233935237,22.4529049414194,47.7199196841759,"Température","°C","intensite","MR","rafale_max","sans_2202_2024"
11.545192393736,32.5449792808894,22.3676572307131,47.3530001586022,"Température","°C","intensite","MR","rafale_max","sans_2202_2024"
11.690384787472,32.3605770192483,22.2833309026129,46.9950811929965,"Température","°C","intensite","MR","rafale_max","sans_2202_2024"
11.8355771812081,32.1798335593836,22.1999716123908,46.6460816252418,"Température","°C","intensite","MR","rafale_max","sans_2202_2024"
11.9807695749441,32.0027655138411,22.1176256536206,46.3059198384722,"Température","°C","intensite","MR","rafale_max","sans_2202_2024"
12.1259619686801,31.8293892097492,22.0363399442628,45.9745139178369,"Température","°C","intensite","MR","rafale_max","sans_2202_2024"
12.2711543624161,31.6597207415688,21.9561620110577,45.6517818063703,"Température","°C","intensite","MR","rafale_max","sans_2202_2024"
12.4163467561521,31.4937760237911,21.877139972356,45.3376414599914,"Température","°C","intensite","MR","rafale_max","sans_2202_2024"
12.5615391498881,31.3315708436046,21.7993225195295,45.0320110016429,"Température","°C","intensite","MR","rafale_max","sans_2202_2024"
12.7067315436242,31.1731209135552,21.7227588971206,44.7348088745736,"Température","°C","intensite","MR","rafale_max","sans_2202_2024"
12.8519239373602,31.0184419242246,21.6474988818986,44.4459539947606,"Température","°C","intensite","MR","rafale_max","sans_2202_2024"
12.9971163310962,30.8675495969542,21.5735927610047,44.1653659024596,"Température","°C","intensite","MR","rafale_max","sans_2202_2024"
13.1423087248322,30.7204597366445,21.5010913093747,43.8929649128699,"Température","°C","intensite","MR","rafale_max","sans_2202_2024"
13.2875011185682,30.5771882846624,21.430045766635,43.6286722658974,"Température","°C","intensite","MR","rafale_max","sans_2202_2024"
13.4326935123043,30.4377513718903,21.3605078136741,43.3724102749996,"Température","°C","intensite","MR","rafale_max","sans_2202_2024"
13.5778859060403,30.3021653719525,21.2925295490938,43.1241024750973,"Température","°C","intensite","MR","rafale_max","sans_2202_2024"
13.7230782997763,30.1704469546602,21.2261634657434,42.8836737695446,"Température","°C","intensite","MR","rafale_max","sans_2202_2024"
13.8682706935123,30.0426131397127,21.1614624275425,42.6510505761512,"Température","°C","intensite","MR","rafale_max","sans_2202_2024"
14.0134630872483,29.9186813507007,21.098479646789,42.4261609722669,"Température","°C","intensite","MR","rafale_max","sans_2202_2024"
14.1586554809843,29.7986694694564,21.0372686621484,42.2089348389407,"Température","°C","intensite","MR","rafale_max","sans_2202_2024"
14.3038478747204,29.6825958907985,20.977883317508,41.9993040041901,"Température","°C","intensite","MR","rafale_max","sans_2202_2024"
14.4490402684564,29.570479577723,20.920377741872,41.7972023854237,"Température","°C","intensite","MR","rafale_max","sans_2202_2024"
14.5942326621924,29.4623401170929,20.864806330461,41.6025661310838,"Température","°C","intensite","MR","rafale_max","sans_2202_2024"
14.7394250559284,29.3581977758816,20.8112237271655,41.4153337615948,"Température","°C","intensite","MR","rafale_max","sans_2202_2024"
14.8846174496644,29.258073558031,20.7596848084875,41.2354463097228,"Température","°C","intensite","MR","rafale_max","sans_2202_2024"
15.0298098434005,29.1619892619818,20.7102446690875,41.0628474604791,"Température","°C","intensite","MR","rafale_max","sans_2202_2024"
15.1750022371365,29.0699675389432,20.6629586090375,40.8974836907237,"Température","°C","intensite","MR","rafale_max","sans_2202_2024"
15.3201946308725,28.9820319519677,20.6178821228586,40.7393044086537,"Température","°C","intensite","MR","rafale_max","sans_2202_2024"
15.4653870246085,28.8982070359005,20.5750708904043,40.5882620933882,"Température","°C","intensite","MR","rafale_max","sans_2202_2024"
15.6105794183445,28.8185183582778,20.5345807696281,40.4443124348934,"Température","°C","intensite","MR","rafale_max","sans_2202_2024"
15.7557718120805,28.7429925812491,20.4964677912543,40.3074144745202,"Température","°C","intensite","MR","rafale_max","sans_2202_2024"
15.9009642058166,28.6716575246054,20.460788155346,40.177530746462,"Température","°C","intensite","MR","rafale_max","sans_2202_2024"
16.0461565995526,28.6045422299935,20.4275982297455,40.0546274204687,"Température","°C","intensite","MR","rafale_max","sans_2202_2024"
16.1913489932886,28.5416770264072,20.3969545503384,39.9386744461919,"Température","°C","intensite","MR","rafale_max","sans_2202_2024"
16.3365413870246,28.4830935970427,20.3689138230699,39.8296456995672,"Température","°C","intensite","MR","rafale_max","sans_2202_2024"
16.4817337807606,28.4288250476159,20.3435329276214,39.7275191316757,"Température","°C","intensite","MR","rafale_max","sans_2202_2024"
16.6269261744966,28.3789059762389,20.3208689226317,39.6322769205633,"Température","°C","intensite","MR","rafale_max","sans_2202_2024"
16.7721185682327,28.3333725449602,20.3009790523279,39.5439056265344,"Température","°C","intensite","MR","rafale_max","sans_2202_2024"
16.9173109619687,28.2922625530757,20.2839207544069,39.4623963514677,"Température","°C","intensite","MR","rafale_max","sans_2202_2024"
17.0625033557047,28.2556155123245,20.269751668991,39.3877449027503,"Température","°C","intensite","MR","rafale_max","sans_2202_2024"
17.2076957494407,28.2234727240864,20.2585296484572,39.3199519624522,"Température","°C","intensite","MR","rafale_max","sans_2202_2024"
17.3528881431767,28.195877358705,20.2503127679248,39.2590232624146,"Température","°C","intensite","MR","rafale_max","sans_2202_2024"
17.4980805369128,28.1728745370642,20.2451593361614,39.2049697659555,"Température","°C","intensite","MR","rafale_max","sans_2202_2024"
17.6432729306488,28.1545114145544,20.2431279066529,39.1578078569448,"Température","°C","intensite","MR","rafale_max","sans_2202_2024"
17.7884653243848,28.1408372675667,20.2442772885635,39.1175595370371,"Température","°C","intensite","MR","rafale_max","sans_2202_2024"
17.9336577181208,28.1319035826649,20.248666557295,39.0842526318967,"Température","°C","intensite","MR","rafale_max","sans_2202_2024"
18.0788501118568,28.1277641485869,20.2563550643368,39.0579210072923,"Température","°C","intensite","MR","rafale_max","sans_2202_2024"
18.2240425055928,28.1284751512382,20.2674024460842,39.0386047959832,"Température","°C","intensite","MR","rafale_max","sans_2202_2024"
18.3692348993289,28.1340952718455,20.2818686312863,39.0263506363654,"Température","°C","intensite","MR","rafale_max","sans_2202_2024"
18.5144272930649,28.1446857884471,20.2998138467699,39.0212119238946,"Température","°C","intensite","MR","rafale_max","sans_2202_2024"
18.6596196868009,28.1603106809047,20.3212986210747,39.0232490763496,"Température","°C","intensite","MR","rafale_max","sans_2202_2024"
18.8048120805369,28.1810367396313,20.3463837856226,39.0325298140517,"Température","°C","intensite","MR","rafale_max","sans_2202_2024"
18.9500044742729,28.206933678237,20.375130473031,39.0491294562052,"Température","°C","intensite","MR","rafale_max","sans_2202_2024"
19.095196868009,28.2380742503062,20.4076001121745,39.0731312345792,"Température","°C","intensite","MR","rafale_max","sans_2202_2024"
19.240389261745,28.2745343705305,20.4438544195906,39.1046266258005,"Température","°C","intensite","MR","rafale_max","sans_2202_2024"
19.385581655481,28.3163932404289,20.4839553868197,39.1437157035858,"Température","°C","intensite","MR","rafale_max","sans_2202_2024"
19.530774049217,28.3637334789037,20.527965263269,39.1905075122955,"Température","°C","intensite","MR","rafale_max","sans_2202_2024"
19.675966442953,28.416641257889,20.5759465341892,39.2451204632457,"Température","°C","intensite","MR","rafale_max","sans_2202_2024"
19.821158836689,28.4752064433614,20.6279618933589,39.3076827552749,"Température","°C","intensite","MR","rafale_max","sans_2202_2024"
19.9663512304251,28.5395219510467,20.6840736073572,39.3783317858898,"Température","°C","intensite","MR","rafale_max","sans_2202_2024"
20.1115436241611,28.6095631824235,20.7442516301229,39.4570563490716,"Température","°C","intensite","MR","rafale_max","sans_2202_2024"
20.2567360178971,28.6850565829986,20.8082743819252,39.5435227384629,"Température","°C","intensite","MR","rafale_max","sans_2202_2024"
20.4019284116331,28.7656972579448,20.8758955633708,39.6373576512624,"Température","°C","intensite","MR","rafale_max","sans_2202_2024"
20.5471208053691,28.8511793154112,20.9468677501336,39.7381870081603,"Température","°C","intensite","MR","rafale_max","sans_2202_2024"
20.6923131991052,28.9411952981735,21.0209423814293,39.8456344196529,"Température","°C","intensite","MR","rafale_max","sans_2202_2024"
20.8375055928412,29.0354356494685,21.0978697540106,39.9593197409974,"Température","°C","intensite","MR","rafale_max","sans_2202_2024"
20.9826979865772,29.1335882129516,21.1773990210424,40.0788577161188,"Température","°C","intensite","MR","rafale_max","sans_2202_2024"
21.1278903803132,29.2353377668818,21.2592781948961,40.203856711789,"Température","°C","intensite","MR","rafale_max","sans_2202_2024"
21.2730827740492,29.3403655927945,21.3432541526091,40.3339175443217,"Température","°C","intensite","MR","rafale_max","sans_2202_2024"
21.4182751677852,29.4483490790667,21.4290726425109,40.468632401862,"Température","°C","intensite","MR","rafale_max","sans_2202_2024"
21.5634675615213,29.5589613599132,21.5164782903088,40.6075838661004,"Température","°C","intensite","MR","rafale_max","sans_2202_2024"
21.7086599552573,29.6718709904742,21.6052146027677,40.7503440378954,"Température","°C","intensite","MR","rafale_max","sans_2202_2024"
21.8538523489933,29.7867416587689,21.695023967001,40.8964737718558,"Température","°C","intensite","MR","rafale_max","sans_2202_2024"
21.9990447427293,29.9032319353869,21.7856476433215,41.0455220253996,"Température","°C","intensite","MR","rafale_max","sans_2202_2024"
22.1442371364653,30.0209950618787,21.8768257495748,41.1970253281769,"Température","°C","intensite","MR","rafale_max","sans_2202_2024"
22.2894295302013,30.1396787788839,21.9682972349006,41.3505073780204,"Température","°C","intensite","MR","rafale_max","sans_2202_2024"
22.4346219239374,30.2589251950977,22.0597998409249,41.5054787697533,"Température","°C","intensite","MR","rafale_max","sans_2202_2024"
22.5798143176734,30.378370698228,22.151070048492,41.6614368632626,"Température","°C","intensite","MR","rafale_max","sans_2202_2024"
22.7250067114094,30.497645909131,22.2418430081789,41.8178657972144,"Température","°C","intensite","MR","rafale_max","sans_2202_2024"
22.8701991051454,30.6163756803376,22.3318524530104,41.9742366546582,"Température","°C","intensite","MR","rafale_max","sans_2202_2024"
23.0153914988814,30.7341791401892,22.4208305919906,42.1300077865391,"Température","°C","intensite","MR","rafale_max","sans_2202_2024"
23.1605838926175,30.8506697837951,22.5085079832945,42.2846252988051,"Température","°C","intensite","MR","rafale_max","sans_2202_2024"
23.3057762863535,30.9654556120009,22.5946133862148,42.4375237083633,"Température","°C","intensite","MR","rafale_max","sans_2202_2024"
23.4509686800895,31.0781393195141,22.6788735912276,42.588126772607,"Température","°C","intensite","MR","rafale_max","sans_2202_2024"
23.5961610738255,31.1883185332822,22.7610132278282,42.7358484965956,"Température","°C","intensite","MR","rafale_max","sans_2202_2024"
23.7413534675615,31.2955861138591,22.8407545584123,42.8800943377437,"Température","°C","intensite","MR","rafale_max","sans_2202_2024"
23.8865458612975,31.3996124314873,22.9178752405953,43.0203782199316,"Température","°C","intensite","MR","rafale_max","sans_2202_2024"
24.0317382550336,31.5003436268467,22.9923473483443,43.1566048292532,"Température","°C","intensite","MR","rafale_max","sans_2202_2024"
24.1769306487696,31.5977858362828,23.0641831140912,43.288767905489,"Température","°C","intensite","MR","rafale_max","sans_2202_2024"
24.3221230425056,31.6919467222096,23.1333933958442,43.4168679820144,"Température","°C","intensite","MR","rafale_max","sans_2202_2024"
24.4673154362416,31.7828354493387,23.1999877013835,43.5409122712379,"Température","°C","intensite","MR","rafale_max","sans_2202_2024"
24.6125078299776,31.8704626600918,23.26397421833,43.6609145383252,"Température","°C","intensite","MR","rafale_max","sans_2202_2024"
24.7577002237137,31.9548404492409,23.325359849747,43.7768949638528,"Température","°C","intensite","MR","rafale_max","sans_2202_2024"
24.9028926174497,32.035982337817,23.3841502549708,43.8888799960032,"Température","°C","intensite","MR","rafale_max","sans_2202_2024"
25.0480850111857,32.1139032463304,23.4403498953951,43.9969021928839,"Température","°C","intensite","MR","rafale_max","sans_2202_2024"
25.1932774049217,32.1886194673469,23.4939620849634,44.101000055533,"Température","°C","intensite","MR","rafale_max","sans_2202_2024"
25.3384697986577,32.2601486374584,23.5449890451472,44.2012178521447,"Température","°C","intensite","MR","rafale_max","sans_2202_2024"
25.4836621923937,32.328509708695,23.5934319642078,44.2976054340331,"Température","°C","intensite","MR","rafale_max","sans_2202_2024"
25.6288545861298,32.3937229194158,23.6392910605598,44.3902180438333,"Température","°C","intensite","MR","rafale_max","sans_2202_2024"
25.7740469798658,32.4558097647244,23.6825656500632,44.4791161164233,"Température","°C","intensite","MR","rafale_max","sans_2202_2024"
25.9192393736018,32.5147929664467,23.7232542170882,44.5643650730416,"Température","°C","intensite","MR","rafale_max","sans_2202_2024"
26.0644317673378,32.5706964427147,23.761354489195,44.646035109062,"Température","°C","intensite","MR","rafale_max","sans_2202_2024"
26.2096241610738,32.6235452771956,23.7968635152828,44.7242009758857,"Température","°C","intensite","MR","rafale_max","sans_2202_2024"
26.3548165548099,32.6733656880059,23.829777747054,44.7989417574043,"Température","°C","intensite","MR","rafale_max","sans_2202_2024"
26.5000089485459,32.720184996351,23.8600931236422,44.8703406414873,"Température","°C","intensite","MR","rafale_max","sans_2202_2024"
26.6452013422819,32.7640315949284,23.8878051592418,44.9384846869515,"Température","°C","intensite","MR","rafale_max","sans_2202_2024"
26.7903937360179,32.8049349161328,23.9129090335682,45.0034645864719,"Température","°C","intensite","MR","rafale_max","sans_2202_2024"
26.9355861297539,32.8429254001011,23.9353996849665,45.065374425901,"Température","°C","intensite","MR","rafale_max","sans_2202_2024"
27.0807785234899,32.8780344626343,23.955271905968,45.1243114404753,"Température","°C","intensite","MR","rafale_max","sans_2202_2024"
27.225970917226,32.9102944630315,23.9725204410794,45.1803757683926,"Température","°C","intensite","MR","rafale_max","sans_2202_2024"
27.371163310962,32.9397386718732,23.9871400865676,45.2336702022637,"Température","°C","intensite","MR","rafale_max","sans_2202_2024"
27.516355704698,32.9664012387867,23.999125791982,45.2842999389488,"Température","°C","intensite","MR","rafale_max","sans_2202_2024"
27.661548098434,32.9903171602285,24.0084727631338,45.3323723283098,"Température","°C","intensite","MR","rafale_max","sans_2202_2024"
27.80674049217,33.0115222473167,24.0151765662269,45.3779966214215,"Température","°C","intensite","MR","rafale_max","sans_2202_2024"
27.951932885906,33.0300530937454,24.0192332328121,45.4212837188021,"Température","°C","intensite","MR","rafale_max","sans_2202_2024"
28.0971252796421,33.0459470438117,24.0206393652087,45.4623459192388,"Température","°C","intensite","MR","rafale_max","sans_2202_2024"
28.2423176733781,33.0592421605872,24.0193922420178,45.5012966698002,"Température","°C","intensite","MR","rafale_max","sans_2202_2024"
28.3875100671141,33.0699771942622,24.0154899233225,45.5382503176399,"Température","°C","intensite","MR","rafale_max","sans_2202_2024"
28.5327024608501,33.0781915506907,24.0089313551543,45.5733218642106,"Température","°C","intensite","MR","rafale_max","sans_2202_2024"
28.6778948545861,33.0839252601663,23.9997164727791,45.6066267225166,"Température","°C","intensite","MR","rafale_max","sans_2202_2024"
28.8230872483222,33.0872189464525,23.9878463023431,45.6382804780417,"Température","°C","intensite","MR","rafale_max","sans_2202_2024"
28.9682796420582,33.0881137960952,23.9733230604002,45.6683986539942,"Température","°C","intensite","MR","rafale_max","sans_2202_2024"
29.1134720357942,33.0866515280414,23.9561502508343,45.6970964815152,"Température","°C","intensite","MR","rafale_max","sans_2202_2024"
29.2586644295302,33.0828743635881,23.9363327586791,45.7244886754887,"Température","°C","intensite","MR","rafale_max","sans_2202_2024"
29.4038568232662,33.0768249966835,23.9138769403376,45.7506892165926,"Température","°C","intensite","MR","rafale_max","sans_2202_2024"
29.5490492170022,33.0685465646041,23.8887907097011,45.7758111402145,"Température","°C","intensite","MR","rafale_max","sans_2202_2024"
29.6942416107383,33.058082619026,23.861083619678,45.7999663328406,"Température","°C","intensite","MR","rafale_max","sans_2202_2024"
29.8394340044743,33.0454770975123,23.8307669386489,45.8232653365088,"Température","°C","intensite","MR","rafale_max","sans_2202_2024"
29.9846263982103,33.0307742954352,23.7978537213847,45.845817161889,"Température","°C","intensite","MR","rafale_max","sans_2202_2024"
30.1298187919463,33.0140188383497,23.7623588739848,45.8677291105206,"Température","°C","intensite","MR","rafale_max","sans_2202_2024"
30.2750111856823,32.9952556548371,23.7242992124175,45.8891066067078,"Température","°C","intensite","MR","rafale_max","sans_2202_2024"
30.4202035794184,32.9745299498342,23.6836935142817,45.9100530395242,"Température","°C","intensite","MR","rafale_max","sans_2202_2024"
30.5653959731544,32.951887178462,23.6405625634388,45.93066961534,"Température","°C","intensite","MR","rafale_max","sans_2202_2024"
30.7105883668904,32.9273730203706,23.5949291872135,45.9510552212288,"Température","°C","intensite","MR","rafale_max","sans_2202_2024"
30.8557807606264,32.9010333546114,23.5468182859,45.9713062995625,"Température","°C","intensite","MR","rafale_max","sans_2202_2024"
31.0009731543624,32.8729142350493,23.4962568543662,45.9915167340408,"Température","°C","intensite","MR","rafale_max","sans_2202_2024"
31.1461655480984,32.8430618663278,23.4432739955953,46.0117777473448,"Température","°C","intensite","MR","rafale_max","sans_2202_2024"
31.2913579418345,32.8115225803966,23.3879009260641,46.03217781054,"Température","°C","intensite","MR","rafale_max","sans_2202_2024"
31.4365503355705,32.7783428136109,23.3301709729105,46.0528025642909,"Température","°C","intensite","MR","rafale_max","sans_2202_2024"
31.5817427293065,32.7435690844125,23.2701195629005,46.0737347518835,"Température","°C","intensite","MR","rafale_max","sans_2202_2024"
31.7269351230425,32.7072479716007,23.2077842032672,46.0950541639895,"Température","°C","intensite","MR","rafale_max","sans_2202_2024"
31.8721275167785,32.6694260931995,23.1432044545447,46.1168375950392,"Température","°C","intensite","MR","rafale_max","sans_2202_2024"
32.0173199105146,32.6301500859281,23.0764218955831,46.1391588110108,"Température","°C","intensite","MR","rafale_max","sans_2202_2024"
32.1625123042506,32.589466585281,23.0074800809802,46.1620885283801,"Température","°C","intensite","MR","rafale_max","sans_2202_2024"
32.3077046979866,32.5474222062216,22.936424491219,46.1856944039209,"Température","°C","intensite","MR","rafale_max","sans_2202_2024"
32.4528970917226,32.5040635244945,22.8633024758483,46.2100410349916,"Température","°C","intensite","MR","rafale_max","sans_2202_2024"
32.5980894854586,32.4594370585601,22.7881631900884,46.2351899698914,"Température","°C","intensite","MR","rafale_max","sans_2202_2024"
32.7432818791946,32.4135892521533,22.7110575252819,46.2611997278302,"Température","°C","intensite","MR","rafale_max","sans_2202_2024"
32.8884742729307,32.3665664574706,22.6320380336484,46.2881258280114,"Température","°C","intensite","MR","rafale_max","sans_2202_2024"
33.0336666666667,32.3184149189845,22.5511588478279,46.3160208272951,"Température","°C","intensite","MR","rafale_max","sans_2202_2024"
34,29.4920810741588,20.5185701096364,42.3900321239377,"Humidité relative","%","intensite","MR","rafale_max","sans_2202_2024"
34.4395973154362,29.4528321154866,20.5305528437192,42.252604020277,"Humidité relative","%","intensite","MR","rafale_max","sans_2202_2024"
34.8791946308725,29.4142822095625,20.5419452346103,42.1186984982341,"Humidité relative","%","intensite","MR","rafale_max","sans_2202_2024"
35.3187919463087,29.3764498769583,20.5527598965981,41.9883174675868,"Humidité relative","%","intensite","MR","rafale_max","sans_2202_2024"
35.758389261745,29.3393535807267,20.5630107316726,41.8614608418717,"Humidité relative","%","intensite","MR","rafale_max","sans_2202_2024"
36.1979865771812,29.3030117313119,20.5727129360074,41.7381265755437,"Humidité relative","%","intensite","MR","rafale_max","sans_2202_2024"
36.6375838926174,29.2674426915818,20.5818830028895,41.6183107048451,"Humidité relative","%","intensite","MR","rafale_max","sans_2202_2024"
37.0771812080537,29.2326647819789,20.5905387219991,41.5020073924798,"Humidité relative","%","intensite","MR","rafale_max","sans_2202_2024"
37.5167785234899,29.1986962857922,20.5986991749643,41.3892089761736,"Humidité relative","%","intensite","MR","rafale_max","sans_2202_2024"
37.9563758389262,29.1655554545497,20.6063847271356,41.2799060211791,"Humidité relative","%","intensite","MR","rafale_max","sans_2202_2024"
38.3959731543624,29.1332605135315,20.6136170155489,41.1740873767609,"Humidité relative","%","intensite","MR","rafale_max","sans_2202_2024"
38.8355704697987,29.1018296674038,20.6204189330709,41.071740236679,"Humidité relative","%","intensite","MR","rafale_max","sans_2202_2024"
39.2751677852349,29.0712811059755,20.626814608741,40.9728502036618,"Humidité relative","%","intensite","MR","rafale_max","sans_2202_2024"
39.7147651006711,29.0416330100763,20.6328293843502,40.8774013578418,"Humidité relative","%","intensite","MR","rafale_max","sans_2202_2024"
40.1543624161074,29.012903557559,20.6384897873206,40.785376329103,"Humidité relative","%","intensite","MR","rafale_max","sans_2202_2024"
40.5939597315436,28.9851109294247,20.6438234999706,40.6967563732683,"Humidité relative","%","intensite","MR","rafale_max","sans_2202_2024"
41.0335570469799,28.9582733160741,20.6488593252738,40.611521452037,"Humidité relative","%","intensite","MR","rafale_max","sans_2202_2024"
41.4731543624161,28.9324089236842,20.6536271492394,40.5296503165599,"Humidité relative","%","intensite","MR","rafale_max","sans_2202_2024"
41.9127516778523,28.9075359807128,20.6581579000621,40.4511205945275,"Humidité relative","%","intensite","MR","rafale_max","sans_2202_2024"
42.3523489932886,28.8836727445315,20.6624835042049,40.3759088806247,"Humidité relative","%","intensite","MR","rafale_max","sans_2202_2024"
42.7919463087248,28.860837508189,20.6666368395949,40.3039908301991,"Humidité relative","%","intensite","MR","rafale_max","sans_2202_2024"
43.2315436241611,28.8390486073063,20.6706516861254,40.2353412559712,"Humidité relative","%","intensite","MR","rafale_max","sans_2202_2024"
43.6711409395973,28.8183244271051,20.6745626736672,40.1699342276132,"Humidité relative","%","intensite","MR","rafale_max","sans_2202_2024"
44.1107382550336,28.7986834095721,20.6784052278012,40.1077431740104,"Humidité relative","%","intensite","MR","rafale_max","sans_2202_2024"
44.5503355704698,28.7801440607606,20.6822155134898,40.0487409880187,"Humidité relative","%","intensite","MR","rafale_max","sans_2202_2024"
44.989932885906,28.7627249582314,20.6860303769083,39.9929001335305,"Humidité relative","%","intensite","MR","rafale_max","sans_2202_2024"
45.4295302013423,28.7464447586362,20.6898872856568,39.9401927546599,"Humidité relative","%","intensite","MR","rafale_max","sans_2202_2024"
45.8691275167785,28.7313222054447,20.6938242675731,39.8905907868661,"Humidité relative","%","intensite","MR","rafale_max","sans_2202_2024"
46.3087248322148,28.7173761368194,20.6978798483593,39.8440660698365,"Humidité relative","%","intensite","MR","rafale_max","sans_2202_2024"
46.748322147651,28.70462549364,20.7020929882333,39.8005904619618,"Humidité relative","%","intensite","MR","rafale_max","sans_2202_2024"
47.1879194630872,28.6930893276795,20.7065030178005,39.7601359562474,"Humidité relative","%","intensite","MR","rafale_max","sans_2202_2024"
47.6275167785235,28.6827868099381,20.7111495733356,39.7226747975177,"Humidité relative","%","intensite","MR","rafale_max","sans_2202_2024"
48.0671140939597,28.6737372391337,20.7160725316473,39.6881796007837,"Humidité relative","%","intensite","MR","rafale_max","sans_2202_2024"
48.506711409396,28.6659600503572,20.7213119446872,39.6566234706661,"Humidité relative","%","intensite","MR","rafale_max","sans_2202_2024"
48.9463087248322,28.6594748238922,20.7269079740423,39.6279801217799,"Humidité relative","%","intensite","MR","rafale_max","sans_2202_2024"
49.3859060402685,28.6543012942052,20.7329008254408,39.6022240000096,"Humidité relative","%","intensite","MR","rafale_max","sans_2202_2024"
49.8255033557047,28.65045935911,20.7393306833736,39.5793304046246,"Humidité relative","%","intensite","MR","rafale_max","sans_2202_2024"
50.2651006711409,28.6479690891094,20.7462376459204,39.5592756112072,"Humidité relative","%","intensite","MR","rafale_max","sans_2202_2024"
50.7046979865772,28.6468507369198,20.7536616598463,39.542036995386,"Humidité relative","%","intensite","MR","rafale_max","sans_2202_2024"
51.1442953020134,28.6471247471828,20.7616424560144,39.5275931573958,"Humidité relative","%","intensite","MR","rafale_max","sans_2202_2024"
51.5838926174497,28.6488117663679,20.7702194851403,39.5159240475035,"Humidité relative","%","intensite","MR","rafale_max","sans_2202_2024"
52.0234899328859,28.6519326528726,20.7794318538911,39.5070110923665,"Humidité relative","%","intensite","MR","rafale_max","sans_2202_2024"
52.4630872483221,28.6565084873243,20.7893182613156,39.5008373224127,"Humidité relative","%","intensite","MR","rafale_max","sans_2202_2024"
52.9026845637584,28.662560583089,20.7999169355663,39.4973875003543,"Humidité relative","%","intensite","MR","rafale_max","sans_2202_2024"
53.3422818791946,28.6701104969935,20.8112655708604,39.496648250971,"Humidité relative","%","intensite","MR","rafale_max","sans_2202_2024"
53.7818791946309,28.6791800402668,20.8234012646038,39.4986081923198,"Humidité relative","%","intensite","MR","rafale_max","sans_2202_2024"
54.2214765100671,28.6897912897054,20.836360454587,39.5032580685487,"Humidité relative","%","intensite","MR","rafale_max","sans_2202_2024"
54.6610738255034,28.7019665990709,20.8501788561461,39.5105908845165,"Humidité relative","%","intensite","MR","rafale_max","sans_2202_2024"
55.1006711409396,28.715728610726,20.8648913991621,39.5206020424328,"Humidité relative","%","intensite","MR","rafale_max","sans_2202_2024"
55.5402684563758,28.7311002675139,20.8805321647648,39.5332894807586,"Humidité relative","%","intensite","MR","rafale_max","sans_2202_2024"
55.9798657718121,28.7481048248919,20.897134321589,39.548653815617,"Humidité relative","%","intensite","MR","rafale_max","sans_2202_2024"
56.4194630872483,28.7667658633227,20.9147300614238,39.566698484986,"Humidité relative","%","intensite","MR","rafale_max","sans_2202_2024"
56.8590604026846,28.7871073009346,20.9333505340858,39.5874298959525,"Humidité relative","%","intensite","MR","rafale_max","sans_2202_2024"
57.2986577181208,28.8091534064561,20.9530257813392,39.6108575753242,"Humidité relative","%","intensite","MR","rafale_max","sans_2202_2024"
57.738255033557,28.8329288124349,20.973784669682,39.6369943239025,"Humidité relative","%","intensite","MR","rafale_max","sans_2202_2024"
58.1778523489933,28.8584585287489,20.9956548218148,39.6658563747303,"Humidité relative","%","intensite","MR","rafale_max","sans_2202_2024"
58.6174496644295,28.8857679564193,21.0186625466071,39.6974635556339,"Humidité relative","%","intensite","MR","rafale_max","sans_2202_2024"
59.0570469798658,28.9148829017339,21.0428327673789,39.7318394563814,"Humidité relative","%","intensite","MR","rafale_max","sans_2202_2024"
59.496644295302,28.9458295906913,21.0681889483222,39.7690116007841,"Humidité relative","%","intensite","MR","rafale_max","sans_2202_2024"
59.9362416107383,28.9786379095903,21.0947550897624,39.8090165788506,"Humidité relative","%","intensite","MR","rafale_max","sans_2202_2024"
60.3758389261745,29.013351427765,21.1225622379348,39.8519152927015,"Humidité relative","%","intensite","MR","rafale_max","sans_2202_2024"
60.8154362416107,29.0500176492905,21.1516425765241,39.8977773178109,"Humidité relative","%","intensite","MR","rafale_max","sans_2202_2024"
61.255033557047,29.0886846727192,21.1820275463432,39.9466752716487,"Humidité relative","%","intensite","MR","rafale_max","sans_2202_2024"
61.6946308724832,29.1294012212815,21.2137480926344,39.9986844288498,"Humidité relative","%","intensite","MR","rafale_max","sans_2202_2024"
62.1342281879195,29.1722166740167,21.2468349015171,40.0538823603798,"Humidité relative","%","intensite","MR","rafale_max","sans_2202_2024"
62.5738255033557,29.2171810978602,21.2813186255966,40.112348596596,"Humidité relative","%","intensite","MR","rafale_max","sans_2202_2024"
63.0134228187919,29.2643452807164,21.3172300987479,40.1741643141194,"Humidité relative","%","intensite","MR","rafale_max","sans_2202_2024"
63.4530201342282,29.3137607655462,21.3546005400818,40.2394120464491,"Humidité relative","%","intensite","MR","rafale_max","sans_2202_2024"
63.8926174496644,29.3654798855024,21.3934617470913,40.3081754182718,"Humidité relative","%","intensite","MR","rafale_max","sans_2202_2024"
64.3322147651007,29.4195558001456,21.4338462779678,40.3805389034423,"Humidité relative","%","intensite","MR","rafale_max","sans_2202_2024"
64.7718120805369,29.4760425327763,21.4757876230654,40.4565876066352,"Humidité relative","%","intensite","MR","rafale_max","sans_2202_2024"
65.2114093959731,29.5349950089194,21.5193203654834,40.5364070686951,"Humidité relative","%","intensite","MR","rafale_max","sans_2202_2024"
65.6510067114094,29.5964690960009,21.5644803307275,40.6200830957368,"Humidité relative","%","intensite","MR","rafale_max","sans_2202_2024"
66.0906040268456,29.6605216442555,21.6113047254016,40.7077016120784,"Humidité relative","%","intensite","MR","rafale_max","sans_2202_2024"
66.5302013422819,29.7272105289105,21.659832264879,40.7993485371114,"Humidité relative","%","intensite","MR","rafale_max","sans_2202_2024"
66.9697986577181,29.7965946936871,21.7101032898916,40.8951096862467,"Humidité relative","%","intensite","MR","rafale_max","sans_2202_2024"
67.4093959731544,29.8687341956687,21.7621598719771,40.9950706960988,"Humidité relative","%","intensite","MR","rafale_max","sans_2202_2024"
67.8489932885906,29.9436902515837,21.8160459077157,41.099316974103,"Humidité relative","%","intensite","MR","rafale_max","sans_2202_2024"
68.2885906040268,30.0215252855541,21.8718072016873,41.2079336727891,"Humidité relative","%","intensite","MR","rafale_max","sans_2202_2024"
68.7281879194631,30.1023029783634,21.929491538078,41.321005688972,"Humidité relative","%","intensite","MR","rafale_max","sans_2202_2024"
69.1677852348993,30.186088318301,21.9891487408569,41.4386176881516,"Humidité relative","%","intensite","MR","rafale_max","sans_2202_2024"
69.6073825503356,30.27294765364,22.050830722443,41.5608541544549,"Humidité relative","%","intensite","MR","rafale_max","sans_2202_2024"
70.0469798657718,30.3629487468114,22.1145915207723,41.6877994664991,"Humidité relative","%","intensite","MR","rafale_max","sans_2202_2024"
70.486577181208,30.4561608303384,22.1804873246651,41.8195379995981,"Humidité relative","%","intensite","MR","rafale_max","sans_2202_2024"
70.9261744966443,30.5526546645973,22.2485764873807,41.9561542547944,"Humidité relative","%","intensite","MR","rafale_max","sans_2202_2024"
71.3657718120805,30.6525025974774,22.3189195282293,42.0977330152549,"Humidité relative","%","intensite","MR","rafale_max","sans_2202_2024"
71.8053691275168,30.7557786260106,22.3915791220859,42.24435953064,"Humidité relative","%","intensite","MR","rafale_max","sans_2202_2024"
72.244966442953,30.8625584600505,22.4666200766264,42.3961197301319,"Humidité relative","%","intensite","MR","rafale_max","sans_2202_2024"
72.6845637583893,30.9729195880793,22.5441092970677,42.553100464892,"Humidité relative","%","intensite","MR","rafale_max","sans_2202_2024"
73.1241610738255,31.0869413452276,22.6241157381558,42.7153897808161,"Humidité relative","%","intensite","MR","rafale_max","sans_2202_2024"
73.5637583892617,31.2047049835955,22.7067103430955,42.8830772225586,"Humidité relative","%","intensite","MR","rafale_max","sans_2202_2024"
74.003355704698,31.3262937449661,22.7919659690598,43.0562541699155,"Humidité relative","%","intensite","MR","rafale_max","sans_2202_2024"
74.4429530201342,31.451792936008,22.8799572988541,43.2350142077873,"Humidité relative","%","intensite","MR","rafale_max","sans_2202_2024"
74.8825503355705,31.5812900060677,22.9707607382367,43.4194535310767,"Humidité relative","%","intensite","MR","rafale_max","sans_2202_2024"
75.3221476510067,31.7148746276569,23.0644542983199,43.6096713860368,"Humidité relative","%","intensite","MR","rafale_max","sans_2202_2024"
75.7617449664429,31.852638779745,23.161117462385,43.8057705497446,"Humidité relative","%","intensite","MR","rafale_max","sans_2202_2024"
76.2013422818792,31.9946768339712,23.2608310363512,44.0078578495546,"Humidité relative","%","intensite","MR","rafale_max","sans_2202_2024"
76.6409395973154,32.1410856438973,23.3636769820372,44.2160447245777,"Humidité relative","%","intensite","MR","rafale_max","sans_2202_2024"
77.0805369127517,32.2919646374274,23.4697382322403,44.4304478314296,"Humidité relative","%","intensite","MR","rafale_max","sans_2202_2024"
77.5201342281879,32.447415912525,23.5790984865507,44.6511896967098,"Humidité relative","%","intensite","MR","rafale_max","sans_2202_2024"
77.9597315436242,32.6075443363659,23.6918419866934,44.8783994188906,"Humidité relative","%","intensite","MR","rafale_max","sans_2202_2024"
78.3993288590604,32.7724419216466,23.8080400021744,45.1121952672126,"Humidité relative","%","intensite","MR","rafale_max","sans_2202_2024"
78.8389261744966,32.9421199925819,23.9276933283901,45.3526069024839,"Humidité relative","%","intensite","MR","rafale_max","sans_2202_2024"
79.2785234899329,33.1165633344887,24.0507779723894,45.5996379138436,"Humidité relative","%","intensite","MR","rafale_max","sans_2202_2024"
79.7181208053691,33.2957570574155,24.1772679199951,45.8532966460447,"Humidité relative","%","intensite","MR","rafale_max","sans_2202_2024"
80.1577181208054,33.4796865372573,24.307135185794,46.1135959489005,"Humidité relative","%","intensite","MR","rafale_max","sans_2202_2024"
80.5973154362416,33.6683373409391,24.4403498475248,46.3805529125058,"Humidité relative","%","intensite","MR","rafale_max","sans_2202_2024"
81.0369127516778,33.8616951516536,24.5768800789064,46.6541886058039,"Humidité relative","%","intensite","MR","rafale_max","sans_2202_2024"
81.4765100671141,34.0597456940979,24.716692181397,46.9345278175914,"Humidité relative","%","intensite","MR","rafale_max","sans_2202_2024"
81.9161073825503,34.2624746596573,24.859750615356,47.2215987990854,"Humidité relative","%","intensite","MR","rafale_max","sans_2202_2024"
82.3557046979866,34.4698676314881,25.0060180310636,47.515433007219,"Humidité relative","%","intensite","MR","rafale_max","sans_2202_2024"
82.7953020134228,34.6819100094542,25.155455300026,47.8160648478754,"Humidité relative","%","intensite","MR","rafale_max","sans_2202_2024"
83.2348993288591,34.8985869348757,25.3080215469729,48.1235314183124,"Humidité relative","%","intensite","MR","rafale_max","sans_2202_2024"
83.6744966442953,35.1198832150533,25.4636741829198,48.4378722480792,"Humidité relative","%","intensite","MR","rafale_max","sans_2202_2024"
84.1140939597315,35.3457832475317,25.6223689396424,48.7591290377745,"Humidité relative","%","intensite","MR","rafale_max","sans_2202_2024"
84.5536912751678,35.5762709440727,25.7840599058698,49.0873453950491,"Humidité relative","%","intensite","MR","rafale_max","sans_2202_2024"
84.993288590604,35.8113296543105,25.9486995654743,49.4225665673068,"Humidité relative","%","intensite","MR","rafale_max","sans_2202_2024"
85.4328859060403,36.0509420890644,26.116238837892,49.7648391706155,"Humidité relative","%","intensite","MR","rafale_max","sans_2202_2024"
85.8724832214765,36.2950902432898,26.2866271209739,50.1142109143953,"Humidité relative","%","intensite","MR","rafale_max","sans_2202_2024"
86.3120805369127,36.5437553186491,26.4598123364214,50.4707303215103,"Humidité relative","%","intensite","MR","rafale_max","sans_2202_2024"
86.751677852349,36.7969176456919,26.6357409779229,50.8344464434503,"Humidité relative","%","intensite","MR","rafale_max","sans_2202_2024"
87.1912751677852,37.0545566056326,26.8143581620614,51.2054085703491,"Humidité relative","%","intensite","MR","rafale_max","sans_2202_2024"
87.6308724832215,37.3166505517211,26.9956076820228,51.5836659356476,"Humidité relative","%","intensite","MR","rafale_max","sans_2202_2024"
88.0704697986577,37.5831767302047,27.1794320640879,51.9692674152719,"Humidité relative","%","intensite","MR","rafale_max","sans_2202_2024"
88.510067114094,37.8541112008824,27.3657726268515,52.3622612212587,"Humidité relative","%","intensite","MR","rafale_max","sans_2202_2024"
88.9496644295302,38.129428757258,27.5545695430661,52.7626945898221,"Humidité relative","%","intensite","MR","rafale_max","sans_2202_2024"
89.3892617449664,38.409102846302,27.7457619039695,53.1706134639159,"Humidité relative","%","intensite","MR","rafale_max","sans_2202_2024"
89.8288590604027,38.6931054878349,27.9392877859112,53.5860621704066,"Humidité relative","%","intensite","MR","rafale_max","sans_2202_2024"
90.2684563758389,38.9814071935509,28.1350843190606,54.0090830920304,"Humidité relative","%","intensite","MR","rafale_max","sans_2202_2024"
90.7080536912752,39.2739768857037,28.3330877579381,54.439716334364,"Humidité relative","%","intensite","MR","rafale_max","sans_2202_2024"
91.1476510067114,39.5707818154796,28.5332335534818,54.8779993880931,"Humidité relative","%","intensite","MR","rafale_max","sans_2202_2024"
91.5872483221476,39.87178748109,28.7354564263305,55.3239667869169,"Humidité relative","%","intensite","MR","rafale_max","sans_2202_2024"
92.0268456375839,40.1769575456164,28.9396904409782,55.7776497614707,"Humidité relative","%","intensite","MR","rafale_max","sans_2202_2024"
92.4664429530201,40.4862537546474,29.1458690804316,56.2390758897017,"Humidité relative","%","intensite","MR","rafale_max","sans_2202_2024"
92.9060402684564,40.7996358537526,29.3539253209869,56.7082687441696,"Humidité relative","%","intensite","MR","rafale_max","sans_2202_2024"
93.3456375838926,41.1170615058387,29.5637917067228,57.1852475367859,"Humidité relative","%","intensite","MR","rafale_max","sans_2202_2024"
93.7852348993289,41.4384862084442,29.7754004233023,57.6700267615403,"Humidité relative","%","intensite","MR","rafale_max","sans_2202_2024"
94.2248322147651,41.7638632110257,29.9886833706658,58.1626158357929,"Humidité relative","%","intensite","MR","rafale_max","sans_2202_2024"
94.6644295302013,42.0931434323018,30.2035722342021,58.6630187407414,"Humidité relative","%","intensite","MR","rafale_max","sans_2202_2024"
95.1040268456376,42.4262753777184,30.4199985539818,59.1712336616922,"Humidité relative","%","intensite","MR","rafale_max","sans_2202_2024"
95.5436241610738,42.7632050571083,30.6378937916513,59.6872526287887,"Humidité relative","%","intensite","MR","rafale_max","sans_2202_2024"
95.9832214765101,43.1038759026216,30.8571893945949,60.2110611588639,"Humidité relative","%","intensite","MR","rafale_max","sans_2202_2024"
96.4228187919463,43.4482286870072,31.0778168569876,60.7426378990977,"Humidité relative","%","intensite","MR","rafale_max","sans_2202_2024"
96.8624161073825,43.7962014423324,31.2997077773843,61.2819542731737,"Humidité relative","%","intensite","MR","rafale_max","sans_2202_2024"
97.3020134228188,44.1477293792316,31.5227939125118,61.8289741306299,"Humidité relative","%","intensite","MR","rafale_max","sans_2202_2024"
97.741610738255,44.5027448067791,31.7470072269562,62.3836534001128,"Humidité relative","%","intensite","MR","rafale_max","sans_2202_2024"
98.1812080536913,44.86117705309,31.9722799384681,62.9459397472397,"Humidité relative","%","intensite","MR","rafale_max","sans_2202_2024"
98.6208053691275,45.222952386751,32.1985445586366,63.5157722377792,"Humidité relative","%","intensite","MR","rafale_max","sans_2202_2024"
99.0604026845638,45.587993939196,32.425733928717,64.0930810068606,"Humidité relative","%","intensite","MR","rafale_max","sans_2202_2024"
99.5,45.9562216281405,32.6537812504284,64.6777869349224,"Humidité relative","%","intensite","MR","rafale_max","sans_2202_2024"
997.520666666667,37.7533690204184,24.8510275841761,57.3544440995049,"Pression atmosphérique","hPa","intensite","MR","rafale_max","sans_2202_2024"
997.760498881432,37.7314771004028,24.8985142602113,57.1786874228592,"Pression atmosphérique","hPa","intensite","MR","rafale_max","sans_2202_2024"
998.000331096197,37.7088498895611,24.944270011756,57.0053707453977,"Pression atmosphérique","hPa","intensite","MR","rafale_max","sans_2202_2024"
998.240163310962,37.6854774700957,24.9882818703698,56.8344482232333,"Pression atmosphérique","hPa","intensite","MR","rafale_max","sans_2202_2024"
998.479995525727,37.6613499958604,25.0305381561946,56.6658724898277,"Pression atmosphérique","hPa","intensite","MR","rafale_max","sans_2202_2024"
998.719827740492,37.6364576944585,25.0710284968144,56.4995946602968,"Pression atmosphérique","hPa","intensite","MR","rafale_max","sans_2202_2024"
998.959659955257,37.6107908693616,25.1097438431908,56.3355643391977,"Pression atmosphérique","hPa","intensite","MR","rafale_max","sans_2202_2024"
999.199492170022,37.5843399020472,25.1466764825654,56.1737296319051,"Pression atmosphérique","hPa","intensite","MR","rafale_max","sans_2202_2024"
999.439324384788,37.5570952541568,25.1818200482319,56.0140371596712,"Pression atmosphérique","hPa","intensite","MR","rafale_max","sans_2202_2024"
999.679156599553,37.5290474696719,25.2151695260962,55.8564320784458,"Pression atmosphérique","hPa","intensite","MR","rafale_max","sans_2202_2024"
999.918988814318,37.5001871771075,25.2467212579559,55.7008581015227,"Pression atmosphérique","hPa","intensite","MR","rafale_max","sans_2202_2024"
1000.15882102908,37.4705050917236,25.276472941445,55.5472575260582,"Pression atmosphérique","hPa","intensite","MR","rafale_max","sans_2202_2024"
1000.39865324385,37.4399920177532,25.3044236266072,55.3955712634965,"Pression atmosphérique","hPa","intensite","MR","rafale_max","sans_2202_2024"
1000.63848545861,37.4086388506451,25.3305737090756,55.2457388739128,"Pression atmosphérique","hPa","intensite","MR","rafale_max","sans_2202_2024"
1000.87831767338,37.3764365793233,25.3549249198537,55.0976986042772,"Pression atmosphérique","hPa","intensite","MR","rafale_max","sans_2202_2024"
1001.11814988814,37.3433762884596,25.3774803117086,54.9513874306142,"Pression atmosphérique","hPa","intensite","MR","rafale_max","sans_2202_2024"
1001.35798210291,37.3094491607604,25.3982442422049,54.8067411040269,"Pression atmosphérique","hPa","intensite","MR","rafale_max","sans_2202_2024"
1001.59781431767,37.2746464792663,25.4172223534224,54.6636942005267,"Pression atmosphérique","hPa","intensite","MR","rafale_max","sans_2202_2024"
1001.83764653244,37.2389596296633,25.4344215484191,54.5221801746022,"Pression atmosphérique","hPa","intensite","MR","rafale_max","sans_2202_2024"
1002.0774787472,37.2023801026061,25.4498499645132,54.382131416438,"Pression atmosphérique","hPa","intensite","MR","rafale_max","sans_2202_2024"
1002.31731096197,37.1648994960512,25.4635169434769,54.2434793126808,"Pression atmosphérique","hPa","intensite","MR","rafale_max","sans_2202_2024"
1002.55714317673,37.1265095175997,25.4754329987457,54.1061543106367,"Pression atmosphérique","hPa","intensite","MR","rafale_max","sans_2202_2024"
1002.7969753915,37.0872019868491,25.4856097797604,53.9700859857657,"Pression atmosphérique","hPa","intensite","MR","rafale_max","sans_2202_2024"
1003.03680760626,37.0469688377528,25.4940600335748,53.8352031123299,"Pression atmosphérique","hPa","intensite","MR","rafale_max","sans_2202_2024"
1003.27663982103,37.0058021209871,25.5007975638671,53.7014337370388,"Pression atmosphérique","hPa","intensite","MR","rafale_max","sans_2202_2024"
1003.51647203579,36.9636940063231,25.5058371875106,53.5687052555219,"Pression atmosphérique","hPa","intensite","MR","rafale_max","sans_2202_2024"
1003.75630425056,36.9206367850058,25.5091946888601,53.4369444914546,"Pression atmosphérique","hPa","intensite","MR","rafale_max","sans_2202_2024"
1003.99613646532,36.8766228721355,25.5108867719238,53.3060777781483,"Pression atmosphérique","hPa","intensite","MR","rafale_max","sans_2202_2024"
1004.23596868009,36.8316448090539,25.5109310105945,53.176031042416,"Pression atmosphérique","hPa","intensite","MR","rafale_max","sans_2202_2024"
1004.47580089485,36.785695265732,25.5093457971159,53.0467298905129,"Pression atmosphérique","hPa","intensite","MR","rafale_max","sans_2202_2024"
1004.71563310962,36.7387670431598,25.5061502889684,52.918099695952,"Pression atmosphérique","hPa","intensite","MR","rafale_max","sans_2202_2024"
1004.95546532438,36.6908530757361,25.5013643543543,52.7900656889909,"Pression atmosphérique","hPa","intensite","MR","rafale_max","sans_2202_2024"
1005.19529753915,36.6419464336582,25.4950085164682,52.6625530475827,"Pression atmosphérique","hPa","intensite","MR","rafale_max","sans_2202_2024"
1005.43512975392,36.5920403253095,25.4871038967329,52.5354869895875,"Pression atmosphérique","hPa","intensite","MR","rafale_max","sans_2202_2024"
1005.67496196868,36.5411280996454,25.4776721571826,52.4087928660416,"Pression atmosphérique","hPa","intensite","MR","rafale_max","sans_2202_2024"
1005.91479418345,36.4892032485745,25.4667354421674,52.2823962552801,"Pression atmosphérique","hPa","intensite","MR","rafale_max","sans_2202_2024"
1006.15462639821,36.4362594093362,25.4543163195539,52.156223057721,"Pression atmosphérique","hPa","intensite","MR","rafale_max","sans_2202_2024"
1006.39445861298,36.382290366872,25.4404377215849,52.0301995911147,"Pression atmosphérique","hPa","intensite","MR","rafale_max","sans_2202_2024"
1006.63429082774,36.32729005619,25.425122885559,51.9042526860751,"Pression atmosphérique","hPa","intensite","MR","rafale_max","sans_2202_2024"
1006.87412304251,36.2712525647223,25.4083952944812,51.7783097817132,"Pression atmosphérique","hPa","intensite","MR","rafale_max","sans_2202_2024"
1007.11395525727,36.2141721346721,25.3902786178281,51.6522990212009,"Pression atmosphérique","hPa","intensite","MR","rafale_max","sans_2202_2024"
1007.35378747204,36.1560431653523,25.3707966525604,51.5261493471034,"Pression atmosphérique","hPa","intensite","MR","rafale_max","sans_2202_2024"
1007.5936196868,36.0968602155116,25.3499732645086,51.399790596325,"Pression atmosphérique","hPa","intensite","MR","rafale_max","sans_2202_2024"
1007.83345190157,36.0366180056491,25.3278323302463,51.2731535945243,"Pression atmosphérique","hPa","intensite","MR","rafale_max","sans_2202_2024"
1008.07328411633,35.9753114203153,25.3043976795533,51.146170249863,"Pression atmosphérique","hPa","intensite","MR","rafale_max","sans_2202_2024"
1008.3131163311,35.9129355103983,25.2796930385648,51.0187736459654,"Pression atmosphérique","hPa","intensite","MR","rafale_max","sans_2202_2024"
1008.55294854586,35.8494854953942,25.2537419736868,50.8908981339709,"Pression atmosphérique","hPa","intensite","MR","rafale_max","sans_2202_2024"
1008.79278076063,35.7849567656613,25.2265678363513,50.7624794235768,"Pression atmosphérique","hPa","intensite","MR","rafale_max","sans_2202_2024"
1009.03261297539,35.7193448846551,25.1981937086722,50.6334546729765,"Pression atmosphérique","hPa","intensite","MR","rafale_max","sans_2202_2024"
1009.27244519016,35.6526455911451,25.1686423500528,50.5037625776081,"Pression atmosphérique","hPa","intensite","MR","rafale_max","sans_2202_2024"
1009.51227740492,35.5848548014105,25.1379361447857,50.3733434576382,"Pression atmosphérique","hPa","intensite","MR","rafale_max","sans_2202_2024"
1009.75210961969,35.5159686114142,25.1060970506756,50.2421393441167,"Pression atmosphérique","hPa","intensite","MR","rafale_max","sans_2202_2024"
1009.99194183445,35.4459832989548,25.0731465487071,50.1100940637452,"Pression atmosphérique","hPa","intensite","MR","rafale_max","sans_2202_2024"
1010.23177404922,35.3748953257929,25.0391055937685,49.9771533222113,"Pression atmosphérique","hPa","intensite","MR","rafale_max","sans_2202_2024"
1010.47160626398,35.3027013397544,25.0039945664375,49.84326478605,"Pression atmosphérique","hPa","intensite","MR","rafale_max","sans_2202_2024"
1010.71143847875,35.229398176805,24.9678332258221,49.7083781629995,"Pression atmosphérique","hPa","intensite","MR","rafale_max","sans_2202_2024"
1010.95127069351,35.1549828630984,24.930640663448,49.5724452808272,"Pression atmosphérique","hPa","intensite","MR","rafale_max","sans_2202_2024"
1011.19110290828,35.0794526169954,24.8924352581723,49.4354201646068,"Pression atmosphérique","hPa","intensite","MR","rafale_max","sans_2202_2024"
1011.43093512304,35.0028048510523,24.8532346321018,49.2972591124344,"Pression atmosphérique","hPa","intensite","MR","rafale_max","sans_2202_2024"
1011.67076733781,34.9250371739784,24.8130556074844,49.1579207695749,"Pression atmosphérique","hPa","intensite","MR","rafale_max","sans_2202_2024"
1011.91059955257,34.8461473925607,24.7719141645428,49.0173662010375,"Pression atmosphérique","hPa","intensite","MR","rafale_max","sans_2202_2024"
1012.15043176734,34.7661335135545,24.7298254002118,48.8755589625775,"Pression atmosphérique","hPa","intensite","MR","rafale_max","sans_2202_2024"
1012.3902639821,34.6849937455394,24.6868034877393,48.7324651701303,"Pression atmosphérique","hPa","intensite","MR","rafale_max","sans_2202_2024"
1012.63009619687,34.6027265007385,24.642861637111,48.5880535676814,"Pression atmosphérique","hPa","intensite","MR","rafale_max","sans_2202_2024"
1012.86992841163,34.5193303968002,24.598012056254,48.4422955935781,"Pression atmosphérique","hPa","intensite","MR","rafale_max","sans_2202_2024"
1013.1097606264,34.4348042585413,24.5522659129781,48.2951654452909,"Pression atmosphérique","hPa","intensite","MR","rafale_max","sans_2202_2024"
1013.34959284116,34.34914711965,24.5056332976119,48.1466401426295,"Pression atmosphérique","hPa","intensite","MR","rafale_max","sans_2202_2024"
1013.58942505593,34.2623582243474,24.4581231862933,47.9966995894182,"Pression atmosphérique","hPa","intensite","MR","rafale_max","sans_2202_2024"
1013.82925727069,34.1744370290068,24.4097434048773,47.8453266336341,"Pression atmosphérique","hPa","intensite","MR","rafale_max","sans_2202_2024"
1014.06908948546,34.0853832037293,24.3605005934276,47.6925071260041,"Pression atmosphérique","hPa","intensite","MR","rafale_max","sans_2202_2024"
1014.30892170022,33.9951966338745,24.3104001712621,47.5382299770591,"Pression atmosphérique","hPa","intensite","MR","rafale_max","sans_2202_2024"
1014.54875391499,33.9038774215447,24.2594463025302,47.3824872126303,"Pression atmosphérique","hPa","intensite","MR","rafale_max","sans_2202_2024"
1014.78858612975,33.8114258870222,24.2076418623056,47.2252740277738,"Pression atmosphérique","hPa","intensite","MR","rafale_max","sans_2202_2024"
1015.02841834452,33.7178425701578,24.1549884031873,47.0665888390958,"Pression atmosphérique","hPa","intensite","MR","rafale_max","sans_2202_2024"
1015.26825055928,33.6231282317098,24.1014861224102,46.9064333354456,"Pression atmosphérique","hPa","intensite","MR","rafale_max","sans_2202_2024"
1015.50808277405,33.5272838546323,24.0471338294799,46.7448125269321,"Pression atmosphérique","hPa","intensite","MR","rafale_max","sans_2202_2024"
1015.74791498881,33.4303106453105,23.9919289143541,46.5817347922085,"Pression atmosphérique","hPa","intensite","MR","rafale_max","sans_2202_2024"
1015.98774720358,33.332210034744,23.9358673162116,46.4172119239563,"Pression atmosphérique","hPa","intensite","MR","rafale_max","sans_2202_2024"
1016.22757941834,33.2329836796751,23.8789434928627,46.2512591724864,"Pression atmosphérique","hPa","intensite","MR","rafale_max","sans_2202_2024"
1016.46741163311,33.1326334636614,23.8211503908708,46.0838952873597,"Pression atmosphérique","hPa","intensite","MR","rafale_max","sans_2202_2024"
1016.70724384787,33.0311614980926,23.7624794164749,45.9151425569096,"Pression atmosphérique","hPa","intensite","MR","rafale_max","sans_2202_2024"
1016.94707606264,32.9285701231484,23.7029204074225,45.7450268455343,"Pression atmosphérique","hPa","intensite","MR","rafale_max","sans_2202_2024"
1017.1869082774,32.8248619086988,23.6424616058438,45.5735776286012,"Pression atmosphérique","hPa","intensite","MR","rafale_max","sans_2202_2024"
1017.42674049217,32.7200396551437,23.5810896323224,45.4008280247879,"Pression atmosphérique","hPa","intensite","MR","rafale_max","sans_2202_2024"
1017.66657270694,32.6141063941917,23.5187894613409,45.2268148256562,"Pression atmosphérique","hPa","intensite","MR","rafale_max","sans_2202_2024"
1017.9064049217,32.5070653895771,23.4555443983116,45.0515785222324,"Pression atmosphérique","hPa","intensite","MR","rafale_max","sans_2202_2024"
1018.14623713647,32.3989201377138,23.3913360584267,44.8751633283389,"Pression atmosphérique","hPa","intensite","MR","rafale_max","sans_2202_2024"
1018.38606935123,32.2896743682848,23.3261443475956,44.6976172003902,"Pression atmosphérique","hPa","intensite","MR","rafale_max","sans_2202_2024"
1018.625901566,32.1793320447674,23.2599474457707,44.5189918533405,"Pression atmosphérique","hPa","intensite","MR","rafale_max","sans_2202_2024"
1018.86573378076,32.0678973648914,23.1927217929942,44.3393427724314,"Pression atmosphérique","hPa","intensite","MR","rafale_max","sans_2202_2024"
1019.10556599553,31.9553747610316,23.1244420785365,44.1587292203593,"Pression atmosphérique","hPa","intensite","MR","rafale_max","sans_2202_2024"
1019.34539821029,31.8417689005311,23.0550812335326,43.9772142394431,"Pression atmosphérique","hPa","intensite","MR","rafale_max","sans_2202_2024"
1019.58523042506,31.7270846859567,22.9846104275608,43.7948646483408,"Pression atmosphérique","hPa","intensite","MR","rafale_max","sans_2202_2024"
1019.82506263982,31.6113272552846,22.9129990696466,43.6117510328214,"Pression atmosphérique","hPa","intensite","MR","rafale_max","sans_2202_2024"
1020.06489485459,31.4945019820149,22.8402148142119,43.427947730069,"Pression atmosphérique","hPa","intensite","MR","rafale_max","sans_2202_2024"
1020.30472706935,31.3766144752157,22.7662235725287,43.2435328059536,"Pression atmosphérique","hPa","intensite","MR","rafale_max","sans_2202_2024"
1020.54455928412,31.2576705794943,22.6909895302733,43.0585880246721,"Pression atmosphérique","hPa","intensite","MR","rafale_max","sans_2202_2024"
1020.78439149888,31.1376763748957,22.6144751718102,42.8731988101286,"Pression atmosphérique","hPa","intensite","MR","rafale_max","sans_2202_2024"
1021.02422371365,31.0166381767274,22.5366413118691,42.687454198393,"Pression atmosphérique","hPa","intensite","MR","rafale_max","sans_2202_2024"
1021.26405592841,30.8945625353102,22.457447135304,42.5014467805525,"Pression atmosphérique","hPa","intensite","MR","rafale_max","sans_2202_2024"
1021.50388814318,30.7714562356531,22.3768502456491,42.3152726352461,"Pression atmosphérique","hPa","intensite","MR","rafale_max","sans_2202_2024"
1021.74372035794,30.6473525156346,22.2948254476314,42.1290679500414,"Pression atmosphérique","hPa","intensite","MR","rafale_max","sans_2202_2024"
1021.98355257271,30.5230138531092,22.2118698077964,41.9439868295143,"Pression atmosphérique","hPa","intensite","MR","rafale_max","sans_2202_2024"
1022.22338478747,30.3999964552094,22.1290629428519,41.7622647133039,"Pression atmosphérique","hPa","intensite","MR","rafale_max","sans_2202_2024"
1022.46321700224,30.279873320516,22.047518736421,41.5861185681583,"Pression atmosphérique","hPa","intensite","MR","rafale_max","sans_2202_2024"
1022.703049217,30.1641928850365,21.9683556502013,41.4176894663187,"Pression atmosphérique","hPa","intensite","MR","rafale_max","sans_2202_2024"
1022.94288143177,30.054480918701,21.8926972594951,41.2590469135002,"Pression atmosphérique","hPa","intensite","MR","rafale_max","sans_2202_2024"
1023.18271364653,29.9522432030194,21.821672882711,41.1121950968118,"Pression atmosphérique","hPa","intensite","MR","rafale_max","sans_2202_2024"
1023.4225458613,29.8589689728808,21.7564183388414,40.9790809423705,"Pression atmosphérique","hPa","intensite","MR","rafale_max","sans_2202_2024"
1023.66237807606,29.7761351098767,21.6980768683575,40.861603885946,"Pression atmosphérique","hPa","intensite","MR","rafale_max","sans_2202_2024"
1023.90221029083,29.7052110800023,21.6478002526417,40.7616272789571,"Pression atmosphérique","hPa","intensite","MR","rafale_max","sans_2202_2024"
1024.14204250559,29.6476646151274,21.6067501648335,40.6809913765599,"Pression atmosphérique","hPa","intensite","MR","rafale_max","sans_2202_2024"
1024.38187472036,29.6049681452334,21.5760997807,40.6215278844919,"Pression atmosphérique","hPa","intensite","MR","rafale_max","sans_2202_2024"
1024.62170693512,29.5786059971189,21.5570356718371,40.5850760768463,"Pression atmosphérique","hPa","intensite","MR","rafale_max","sans_2202_2024"
1024.86153914989,29.57008238512,21.5507599951742,40.5735005381984,"Pression atmosphérique","hPa","intensite","MR","rafale_max","sans_2202_2024"
1025.10137136465,29.5809302304681,21.5584929824689,40.5887106307191,"Pression atmosphérique","hPa","intensite","MR","rafale_max","sans_2202_2024"
1025.34120357942,29.6127208583051,21.5814757213347,40.6326818404272,"Pression atmosphérique","hPa","intensite","MR","rafale_max","sans_2202_2024"
1025.58103579418,29.6670746352482,21.6209732054564,40.7074792170444,"Pression atmosphérique","hPa","intensite","MR","rafale_max","sans_2202_2024"
1025.82086800895,29.7456726259185,21.678277616174,40.815283189665,"Pression atmosphérique","hPa","intensite","MR","rafale_max","sans_2202_2024"
1026.06070022371,29.8501642045795,21.7546320193173,40.9582797010383,"Pression atmosphérique","hPa","intensite","MR","rafale_max","sans_2202_2024"
1026.30053243848,29.9810714536152,21.8503932781703,41.137229617043,"Pression atmosphérique","hPa","intensite","MR","rafale_max","sans_2202_2024"
1026.54036465324,30.1382110112163,21.9653501247068,41.3520275251576,"Pression atmosphérique","hPa","intensite","MR","rafale_max","sans_2202_2024"
1026.78019686801,30.3214455216409,22.0992938999858,41.6026893294735,"Pression atmosphérique","hPa","intensite","MR","rafale_max","sans_2202_2024"
1027.02002908277,30.5306931656234,22.252026356442,41.8893637029866,"Pression atmosphérique","hPa","intensite","MR","rafale_max","sans_2202_2024"
1027.25986129754,30.7659249139455,22.4233578559667,42.212327961339,"Pression atmosphérique","hPa","intensite","MR","rafale_max","sans_2202_2024"
1027.4996935123,31.027161989489,22.6131054920587,42.5719847041828,"Pression atmosphérique","hPa","intensite","MR","rafale_max","sans_2202_2024"
1027.73952572707,31.314473512946,22.8210911733877,42.9688591111935,"Pression atmosphérique","hPa","intensite","MR","rafale_max","sans_2202_2024"
1027.97935794183,31.6279743091397,23.0471397070206,43.4035967853694,"Pression atmosphérique","hPa","intensite","MR","rafale_max","sans_2202_2024"
1028.2191901566,31.9678228524665,23.2910769202452,43.8769620411317,"Pression atmosphérique","hPa","intensite","MR","rafale_max","sans_2202_2024"
1028.45902237136,32.3342193313283,23.5527278602287,44.3898365391417,"Pression atmosphérique","hPa","intensite","MR","rafale_max","sans_2202_2024"
1028.69885458613,32.7274038126127,23.8319151104793,44.9432181739705,"Pression atmosphérique","hPa","intensite","MR","rafale_max","sans_2202_2024"
1028.93868680089,33.1476544883084,24.128457262016,45.53822012508,"Pression atmosphérique","hPa","intensite","MR","rafale_max","sans_2202_2024"
1029.17851901566,33.595285987234,24.4421675750948,46.1760699862833,"Pression atmosphérique","hPa","intensite","MR","rafale_max","sans_2202_2024"
1029.41835123043,34.0706477356305,24.7728528640896,46.8581088941968,"Pression atmosphérique","hPa","intensite","MR","rafale_max","sans_2202_2024"
1029.65818344519,34.5741223510245,25.1203126335439,47.5857905823749,"Pression atmosphérique","hPa","intensite","MR","rafale_max","sans_2202_2024"
1029.89801565996,35.1061240543367,25.4843384874249,48.3606802949433,"Pression atmosphérique","hPa","intensite","MR","rafale_max","sans_2202_2024"
1030.13784787472,35.6670970856901,25.8647138262414,49.1844535016419,"Pression atmosphérique","hPa","intensite","MR","rafale_max","sans_2202_2024"
1030.37768008949,36.2575141097807,26.2612138380716,50.0588943651618,"Pression atmosphérique","hPa","intensite","MR","rafale_max","sans_2202_2024"
1030.61751230425,36.8778745970198,26.6736057799297,50.9858939212793,"Pression atmosphérique","hPa","intensite","MR","rafale_max","sans_2202_2024"
1030.85734451902,37.5287031669542,27.1016495356622,51.96744794224,"Pression atmosphérique","hPa","intensite","MR","rafale_max","sans_2202_2024"
1031.09717673378,38.2105478807203,27.5450984261727,53.0056544636455,"Pression atmosphérique","hPa","intensite","MR","rafale_max","sans_2202_2024"
1031.33700894855,38.9239784695096,28.0037002377854,54.1027109642657,"Pression atmosphérique","hPa","intensite","MR","rafale_max","sans_2202_2024"
1031.57684116331,39.66958448622,28.4771984255496,55.2609111961466,"Pression atmosphérique","hPa","intensite","MR","rafale_max","sans_2202_2024"
1031.81667337808,40.4479733676462,28.9653334408323,56.4826416685922,"Pression atmosphérique","hPa","intensite","MR","rafale_max","sans_2202_2024"
1032.05650559284,41.2597683947414,29.4678441271403,57.7703777935962,"Pression atmosphérique","hPa","intensite","MR","rafale_max","sans_2202_2024"
1032.29633780761,42.1056065386564,29.9844691251366,59.1266797017225,"Pression atmosphérique","hPa","intensite","MR","rafale_max","sans_2202_2024"
1032.53617002237,42.9861361804577,30.5149482274796,60.5541877361224,"Pression atmosphérique","hPa","intensite","MR","rafale_max","sans_2202_2024"
1032.77600223714,43.9020146926325,31.0590236264562,62.0556176283135,"Pression atmosphérique","hPa","intensite","MR","rafale_max","sans_2202_2024"
1033.0158344519,44.8539058707317,31.6164410022335,63.6337553527398,"Pression atmosphérique","hPa","intensite","MR","rafale_max","sans_2202_2024"
1033.25566666667,45.8424772037815,32.1869504065771,65.2914516483613,"Pression atmosphérique","hPa","intensite","MR","rafale_max","sans_2202_2024"
