"psi_z";"psi";"n_gauche";"n_droite";"logLik";"AIC";"modele";"reponse";"source";"vent";"version";"variable"
-1,29035240921531;15,6666666666667;850;7605;-2460,32334908855;4984,6466981771;"presence_IC_moyen_complet";"presence";"IC";"moyen";"complet";"temperature"
-1,00637281898119;17,0666666666667;1336;7119;-2459,17310056892;4982,34620113784;"presence_IC_moyen_complet";"presence";"IC";"moyen";"complet";"temperature"
-0,803530254528242;18,0666666666667;1814;6641;-2458,60990588851;4981,21981177702;"presence_IC_moyen_complet";"presence";"IC";"moyen";"complet";"temperature"
-0,778416413215021;18,1904761904762;1857;6598;-2458,55696837914;4981,11393675829;"presence_IC_moyen_complet";"presence";"IC";"moyen";"complet";"temperature"
-0,753302571901799;18,3142857142857;1937;6518;-2458,53846384402;4981,07692768803;"presence_IC_moyen_complet";"presence";"IC";"moyen";"complet";"temperature"
-0,728188730588577;18,4380952380953;2005;6450;-2458,52971454987;4981,05942909973;"presence_IC_moyen_complet";"presence";"IC";"moyen";"complet";"temperature"
-0,703074889275355;18,5619047619048;2057;6398;-2458,50729868893;4981,01459737786;"presence_IC_moyen_complet";"presence";"IC";"moyen";"complet";"temperature"
-0,677961047962134;18,6857142857143;2124;6331;-2458,48154616386;4980,96309232772;"presence_IC_moyen_complet";"presence";"IC";"moyen";"complet";"temperature"
-0,652847206648912;18,8095238095238;2178;6277;-2458,45178891829;4980,90357783658;"presence_IC_moyen_complet";"presence";"IC";"moyen";"complet";"temperature"
-0,62773336533569;18,9333333333334;2258;6197;-2458,40382501913;4980,80765003826;"presence_IC_moyen_complet";"presence";"IC";"moyen";"complet";"temperature"
-0,614210527705493;19;2296;6159;-2458,37499683064;4980,74999366128;"presence_IC_moyen_complet";"presence";"IC";"moyen";"complet";"temperature"
-0,602619524022469;19,0571428571429;2316;6139;-2458,35163721979;4980,70327443959;"presence_IC_moyen_complet";"presence";"IC";"moyen";"complet";"temperature"
-0,577505682709247;19,1809523809524;2372;6083;-2458,33301901108;4980,66603802217;"presence_IC_moyen_complet";"presence";"IC";"moyen";"complet";"temperature"
-0,552391841396025;19,3047619047619;2464;5991;-2458,31408597507;4980,62817195014;"presence_IC_moyen_complet";"presence";"IC";"moyen";"complet";"temperature"
-0,527278000082803;19,4285714285714;2515;5940;-2458,34936741529;4980,69873483057;"presence_IC_moyen_complet";"presence";"IC";"moyen";"complet";"temperature"
-0,502164158769582;19,552380952381;2604;5851;-2458,4065884111;4980,8131768222;"presence_IC_moyen_complet";"presence";"IC";"moyen";"complet";"temperature"
-0,47705031745636;19,6761904761905;2687;5768;-2458,4541372986;4980,9082745972;"presence_IC_moyen_complet";"presence";"IC";"moyen";"complet";"temperature"
-0,451936476143138;19,8;2788;5667;-2458,5021995064;4981,00439901281;"presence_IC_moyen_complet";"presence";"IC";"moyen";"complet";"temperature"
-0,309946681026078;20,5;3274;5181;-2458,80366140466;4981,60732280931;"presence_IC_moyen_complet";"presence";"IC";"moyen";"complet";"temperature"
-0,161195467093919;21,2333333333333;3748;4707;-2459,37522444952;4982,75044889903;"presence_IC_moyen_complet";"presence";"IC";"moyen";"complet";"temperature"
-0,0361092190146023;21,85;4230;4225;-2459,73713271909;4983,47426543819;"presence_IC_moyen_complet";"presence";"IC";"moyen";"complet";"temperature"
0,0957384478798113;22,5;4716;3739;-2460,15172963221;4984,30345926442;"presence_IC_moyen_complet";"presence";"IC";"moyen";"complet";"temperature"
0,224205405366677;23,1333333333333;5200;3255;-2460,32858492992;4984,65716985983;"presence_IC_moyen_complet";"presence";"IC";"moyen";"complet";"temperature"
0,372956619298835;23,8666666666666;5680;2775;-2460,50744716775;4985,01489433551;"presence_IC_moyen_complet";"presence";"IC";"moyen";"complet";"temperature"
0,562276346121584;24,8;6164;2291;-2460,92728075518;4985,85456151035;"presence_IC_moyen_complet";"presence";"IC";"moyen";"complet";"temperature"
0,771880329389626;25,8333333333333;6655;1800;-2461,06823655601;4986,13647311201;"presence_IC_moyen_complet";"presence";"IC";"moyen";"complet";"temperature"
1,01529140673316;27,0333333333333;7135;1320;-2461,17395126147;4986,34790252294;"presence_IC_moyen_complet";"presence";"IC";"moyen";"complet";"temperature"
1,28980501062615;28,3866666666666;7609;846;-2461,22874827119;4986,45749654237;"presence_IC_moyen_complet";"presence";"IC";"moyen";"complet";"temperature"
-1,28773108093227;44,7500000000001;851;7604;-2460,33468414927;4984,66936829854;"presence_IC_moyen_complet";"presence";"IC";"moyen";"complet";"humidite"
-1,25673816049616;45,3035714285715;921;7534;-2460,24589901955;4984,4917980391;"presence_IC_moyen_complet";"presence";"IC";"moyen";"complet";"humidite"
-1,22574524006004;45,857142857143;992;7463;-2460,08947379135;4984,1789475827;"presence_IC_moyen_complet";"presence";"IC";"moyen";"complet";"humidite"
-1,19475231962392;46,4107142857144;1048;7407;-2459,89698631004;4983,79397262008;"presence_IC_moyen_complet";"presence";"IC";"moyen";"complet";"humidite"
-1,1637593991878;46,9642857142858;1099;7356;-2459,73034773186;4983,46069546373;"presence_IC_moyen_complet";"presence";"IC";"moyen";"complet";"humidite"
-1,13276647875168;47,5178571428573;1171;7284;-2459,58140919462;4983,16281838923;"presence_IC_moyen_complet";"presence";"IC";"moyen";"complet";"humidite"
-1,10177355831556;48,0714285714287;1229;7226;-2459,46440484651;4982,92880969302;"presence_IC_moyen_complet";"presence";"IC";"moyen";"complet";"humidite"
-1,07078063787944;48,6250000000001;1296;7159;-2459,40597020821;4982,81194041641;"presence_IC_moyen_complet";"presence";"IC";"moyen";"complet";"humidite"
-1,06378223649064;48,7500000000001;1330;7125;-2459,40216381347;4982,80432762695;"presence_IC_moyen_complet";"presence";"IC";"moyen";"complet";"humidite"
-1,03978771744332;49,1785714285716;1359;7096;-2459,40322305904;4982,80644611807;"presence_IC_moyen_complet";"presence";"IC";"moyen";"complet";"humidite"
-1,0087947970072;49,732142857143;1432;7023;-2459,42413048117;4982,84826096235;"presence_IC_moyen_complet";"presence";"IC";"moyen";"complet";"humidite"
-0,977801876571084;50,2857142857144;1510;6945;-2459,46120781055;4982,9224156211;"presence_IC_moyen_complet";"presence";"IC";"moyen";"complet";"humidite"
-0,946808956134965;50,8392857142859;1601;6854;-2459,49302837865;4982,98605675731;"presence_IC_moyen_complet";"presence";"IC";"moyen";"complet";"humidite"
-0,915816035698846;51,3928571428573;1681;6774;-2459,54353129736;4983,08706259471;"presence_IC_moyen_complet";"presence";"IC";"moyen";"complet";"humidite"
-0,884823115262727;51,9464285714287;1730;6725;-2459,63439403579;4983,26878807158;"presence_IC_moyen_complet";"presence";"IC";"moyen";"complet";"humidite"
-0,853830194826608;52,5000000000002;1842;6613;-2459,7267611063;4983,4535222126;"presence_IC_moyen_complet";"presence";"IC";"moyen";"complet";"humidite"
-0,67187175871778;55,7500000000002;2302;6153;-2460,00160509976;4984,00321019953;"presence_IC_moyen_complet";"presence";"IC";"moyen";"complet";"humidite"
-0,503910125386554;58,7500000000002;2795;5660;-2460,12401333901;4984,24802667802;"presence_IC_moyen_complet";"presence";"IC";"moyen";"complet";"humidite"
-0,321951689277726;62,0000000000002;3299;5156;-2460,56550481533;4985,13100963065;"presence_IC_moyen_complet";"presence";"IC";"moyen";"complet";"humidite"
-0,1539900559465;65,0000000000003;3779;4676;-2460,65620039755;4985,31240079509;"presence_IC_moyen_complet";"presence";"IC";"moyen";"complet";"humidite"
-2,52253928761125e-05;67,7500000000003;4234;4221;-2460,78595257017;4985,57190514034;"presence_IC_moyen_complet";"presence";"IC";"moyen";"complet";"humidite"
0,181933210715952;71,0000000000003;4736;3719;-2460,86185467164;4985,72370934328;"presence_IC_moyen_complet";"presence";"IC";"moyen";"complet";"humidite"
0,36389164682478;74,2500000000003;5200;3255;-2460,76912685191;4985,53825370382;"presence_IC_moyen_complet";"presence";"IC";"moyen";"complet";"humidite"
0,531853280156006;77,2500000000003;5703;2752;-2460,88462108192;4985,76924216384;"presence_IC_moyen_complet";"presence";"IC";"moyen";"complet";"humidite"
0,699814913487232;80,2500000000004;6165;2290;-2460,94065854953;4985,88131709906;"presence_IC_moyen_complet";"presence";"IC";"moyen";"complet";"humidite"
0,895770152373662;83,7500000000004;6651;1804;-2461,0753837416;4986,1507674832;"presence_IC_moyen_complet";"presence";"IC";"moyen";"complet";"humidite"
1,1197189968153;87,7500000000004;7145;1310;-2461,22832372126;4986,45664744253;"presence_IC_moyen_complet";"presence";"IC";"moyen";"complet";"humidite"
1,37166144681214;92,2500000000004;7621;834;-2461,12479215387;4986,24958430774;"presence_IC_moyen_complet";"presence";"IC";"moyen";"complet";"humidite"
-1,07336845392311;1017,16666666666;850;7605;-2459,82949605335;4983,65899210669;"presence_IC_moyen_complet";"presence";"IC";"moyen";"complet";"pression"
-0,826190211075897;1018,56666666666;1331;7124;-2459,85664107052;4983,71328214104;"presence_IC_moyen_complet";"presence";"IC";"moyen";"complet";"pression"
-0,579011968228702;1019,96666666666;1814;6641;-2459,77755093651;4983,55510187301;"presence_IC_moyen_complet";"presence";"IC";"moyen";"complet";"pression"
-0,425996865513768;1020,83333333333;2316;6139;-2459,62804222838;4983,25608445676;"presence_IC_moyen_complet";"presence";"IC";"moyen";"complet";"pression"
-0,278866959057115;1021,66666666666;2780;5675;-2459,46763390431;4982,93526780862;"presence_IC_moyen_complet";"presence";"IC";"moyen";"complet";"pression"
-0,149392641375247;1022,4;3275;5180;-2459,2922134134;4982,58442682681;"presence_IC_moyen_complet";"presence";"IC";"moyen";"complet";"pression"
-0,0258035199516391;1023,1;3768;4687;-2459,07285907126;4982,14571814253;"presence_IC_moyen_complet";"presence";"IC";"moyen";"complet";"pression"
0,0860152089554458;1023,73333333333;4231;4224;-2458,96405154233;4981,92810308466;"presence_IC_moyen_complet";"presence";"IC";"moyen";"complet";"pression"
0,197833937862471;1024,36666666666;4723;3732;-2458,78137992046;4981,56275984093;"presence_IC_moyen_complet";"presence";"IC";"moyen";"complet";"pression"
0,333193451802641;1025,13333333333;5196;3259;-2458,32863576613;4980,65727153226;"presence_IC_moyen_complet";"presence";"IC";"moyen";"complet";"pression"
0,468552965742771;1025,9;5687;2768;-2457,91566159463;4979,83132318925;"presence_IC_moyen_complet";"presence";"IC";"moyen";"complet";"pression"
0,586256890908077;1026,56666666666;6178;2277;-2457,70686178459;4979,41372356917;"presence_IC_moyen_complet";"presence";"IC";"moyen";"complet";"pression"
0,608956933618533;1026,69523809524;6247;2208;-2457,63178047589;4979,26356095177;"presence_IC_moyen_complet";"presence";"IC";"moyen";"complet";"pression"
0,63165697632899;1026,82380952381;6321;2134;-2457,52158944197;4979,04317888395;"presence_IC_moyen_complet";"presence";"IC";"moyen";"complet";"pression"
0,654357019039446;1026,95238095238;6409;2046;-2457,39491411667;4978,78982823335;"presence_IC_moyen_complet";"presence";"IC";"moyen";"complet";"pression"
0,677057061749903;1027,08095238095;6486;1969;-2457,24971554986;4978,49943109972;"presence_IC_moyen_complet";"presence";"IC";"moyen";"complet";"pression"
0,699757104460359;1027,20952380952;6545;1910;-2457,08700630404;4978,17401260808;"presence_IC_moyen_complet";"presence";"IC";"moyen";"complet";"pression"
0,722457147170816;1027,33809523809;6589;1866;-2456,92446856466;4977,84893712933;"presence_IC_moyen_complet";"presence";"IC";"moyen";"complet";"pression"
0,745157189881292;1027,46666666666;6650;1805;-2456,78794294919;4977,57588589839;"presence_IC_moyen_complet";"presence";"IC";"moyen";"complet";"pression"
0,767857232591729;1027,59523809524;6705;1750;-2456,75090235314;4977,50180470628;"presence_IC_moyen_complet";"presence";"IC";"moyen";"complet";"pression"
0,790557275302185;1027,72380952381;6763;1692;-2456,78416223604;4977,56832447209;"presence_IC_moyen_complet";"presence";"IC";"moyen";"complet";"pression"
0,813257318012642;1027,85238095238;6823;1632;-2456,9073730056;4977,8147460112;"presence_IC_moyen_complet";"presence";"IC";"moyen";"complet";"pression"
0,835957360723098;1027,98095238095;6896;1559;-2457,13464025009;4978,26928050018;"presence_IC_moyen_complet";"presence";"IC";"moyen";"complet";"pression"
0,858657403433555;1028,10952380952;6967;1488;-2457,40561092586;4978,81122185171;"presence_IC_moyen_complet";"presence";"IC";"moyen";"complet";"pression"
0,881357446144011;1028,23809523809;7052;1403;-2457,68083828484;4979,36167656968;"presence_IC_moyen_complet";"presence";"IC";"moyen";"complet";"pression"
0,904057488854468;1028,36666666666;7137;1318;-2457,92741123694;4979,85482247387;"presence_IC_moyen_complet";"presence";"IC";"moyen";"complet";"pression"
1,09826896537729;1029,46666666666;7614;841;-2459,81898040506;4983,63796081012;"presence_IC_moyen_complet";"presence";"IC";"moyen";"complet";"pression"
-1,22661190882051;7,10000000000015;865;7590;-2460,9206574925;4985,841314985;"presence_IC_moyen_complet";"presence";"IC";"moyen";"complet";"vent"
-1,0152616147313;8,63333333333346;1331;7124;-2460,42546667939;4984,85093335877;"presence_IC_moyen_complet";"presence";"IC";"moyen";"complet";"vent"
-0,813100463863368;10,1000000000001;1825;6630;-2459,7345420917;4983,46908418339;"presence_IC_moyen_complet";"presence";"IC";"moyen";"complet";"vent"
-0,647695885880511;11,3000000000001;2300;6155;-2459,17050930393;4982,34101860787;"presence_IC_moyen_complet";"presence";"IC";"moyen";"complet";"vent"
-0,496075022729558;12,4000000000001;2789;5666;-2458,65631491634;4981,31262983269;"presence_IC_moyen_complet";"presence";"IC";"moyen";"complet";"vent"
-0,362832446021145;13,3666666666667;3266;5189;-2458,46800203315;4980,9360040663;"presence_IC_moyen_complet";"presence";"IC";"moyen";"complet";"vent"
-0,343469608519183;13,5071428571429;3338;5117;-2458,42720328652;4980,85440657304;"presence_IC_moyen_complet";"presence";"IC";"moyen";"complet";"vent"
-0,324106771017222;13,6476190476191;3420;5035;-2458,39253981486;4980,78507962972;"presence_IC_moyen_complet";"presence";"IC";"moyen";"complet";"vent"
-0,30474393351526;13,7880952380953;3485;4970;-2458,34735960515;4980,6947192103;"presence_IC_moyen_complet";"presence";"IC";"moyen";"complet";"vent"
-0,285381096013299;13,9285714285715;3548;4907;-2458,31971883979;4980,63943767958;"presence_IC_moyen_complet";"presence";"IC";"moyen";"complet";"vent"
-0,266018258511338;14,0690476190477;3627;4828;-2458,3085543333;4980,6171086666;"presence_IC_moyen_complet";"presence";"IC";"moyen";"complet";"vent"
-0,246655421009376;14,2095238095239;3693;4762;-2458,30843784342;4980,61687568684;"presence_IC_moyen_complet";"presence";"IC";"moyen";"complet";"vent"
-0,234184440923367;14,3;3750;4705;-2458,32830302053;4980,65660604106;"presence_IC_moyen_complet";"presence";"IC";"moyen";"complet";"vent"
-0,227292583507415;14,35;3762;4693;-2458,34506228784;4980,69012457569;"presence_IC_moyen_complet";"presence";"IC";"moyen";"complet";"vent"
-0,207929746005453;14,4904761904762;3816;4639;-2458,40590728483;4980,81181456965;"presence_IC_moyen_complet";"presence";"IC";"moyen";"complet";"vent"
-0,188566908503492;14,6309523809524;3877;4578;-2458,47016669632;4980,94033339263;"presence_IC_moyen_complet";"presence";"IC";"moyen";"complet";"vent"
-0,16920407100153;14,7714285714286;3939;4516;-2458,53097411249;4981,06194822497;"presence_IC_moyen_complet";"presence";"IC";"moyen";"complet";"vent"
-0,149841233499569;14,9119047619048;4001;4454;-2458,59142423785;4981,1828484757;"presence_IC_moyen_complet";"presence";"IC";"moyen";"complet";"vent"
-0,130478395997607;15,052380952381;4082;4373;-2458,63994677673;4981,27989355346;"presence_IC_moyen_complet";"presence";"IC";"moyen";"complet";"vent"
-0,111115558495646;15,1928571428572;4151;4304;-2458,69540774087;4981,39081548173;"presence_IC_moyen_complet";"presence";"IC";"moyen";"complet";"vent"
-0,0917527209936842;15,3333333333334;4240;4215;-2458,74207149358;4981,48414298717;"presence_IC_moyen_complet";"presence";"IC";"moyen";"complet";"vent"
0,0368952841040941;16,2666666666667;4713;3742;-2458,99702686521;4981,99405373041;"presence_IC_moyen_complet";"presence";"IC";"moyen";"complet";"vent"
0,183921575644411;17,3333333333333;5202;3253;-2459,63678482279;4983,27356964558;"presence_IC_moyen_complet";"presence";"IC";"moyen";"complet";"vent"
0,358515296848538;18,6;5680;2775;-2460,19071701301;4984,38143402603;"presence_IC_moyen_complet";"presence";"IC";"moyen";"complet";"vent"
0,542298161273936;19,9333333333333;6162;2293;-2460,63747176953;4985,27494353907;"presence_IC_moyen_complet";"presence";"IC";"moyen";"complet";"vent"
0,778590415535162;21,647619047619;6643;1812;-2460,80674130413;4985,61348260826;"presence_IC_moyen_complet";"presence";"IC";"moyen";"complet";"vent"
1,00634989394806;23,2999999999999;7129;1326;-2460,7924416388;4985,5848832776;"presence_IC_moyen_complet";"presence";"IC";"moyen";"complet";"vent"
1,29397007677381;25,3866666666665;7609;846;-2460,73543312938;4985,47086625875;"presence_IC_moyen_complet";"presence";"IC";"moyen";"complet";"vent"
-1,22949963987943;15,9666666666666;582;5197;-22104,6116818886;44275,2233637772;"intensite_IC_moyen_complet";"intensite";"IC";"moyen";"complet";"temperature"
-0,911712955569812;17,5333333333333;910;4869;-22100,8655787115;44267,7311574229;"intensite_IC_moyen_complet";"intensite";"IC";"moyen";"complet";"temperature"
-0,687620217697987;18,6380952380952;1239;4540;-22097,5525615679;44261,1051231357;"intensite_IC_moyen_complet";"intensite";"IC";"moyen";"complet";"temperature"
-0,663541287427892;18,7568027210884;1256;4523;-22097,2310294087;44260,4620588174;"intensite_IC_moyen_complet";"intensite";"IC";"moyen";"complet";"temperature"
-0,639462357157798;18,8755102040816;1311;4468;-22096,9914682291;44259,9829364581;"intensite_IC_moyen_complet";"intensite";"IC";"moyen";"complet";"temperature"
-0,615383426887704;18,9942176870748;1348;4431;-22096,8690033776;44259,7380067552;"intensite_IC_moyen_complet";"intensite";"IC";"moyen";"complet";"temperature"
-0,591304496617609;19,112925170068;1387;4392;-22096,7374304604;44259,4748609209;"intensite_IC_moyen_complet";"intensite";"IC";"moyen";"complet";"temperature"
-0,567225566347515;19,2316326530612;1416;4363;-22096,6638871812;44259,3277743624;"intensite_IC_moyen_complet";"intensite";"IC";"moyen";"complet";"temperature"
-0,543146636077421;19,3503401360544;1483;4296;-22096,6485829125;44259,297165825;"intensite_IC_moyen_complet";"intensite";"IC";"moyen";"complet";"temperature"
-0,519067705807326;19,4690476190476;1530;4249;-22096,6809502303;44259,3619004607;"intensite_IC_moyen_complet";"intensite";"IC";"moyen";"complet";"temperature"
-0,494988775537232;19,5877551020408;1567;4212;-22096,6985033024;44259,3970066048;"intensite_IC_moyen_complet";"intensite";"IC";"moyen";"complet";"temperature"
-0,492504989033728;19,6;1574;4205;-22096,7032118367;44259,4064236735;"intensite_IC_moyen_complet";"intensite";"IC";"moyen";"complet";"temperature"
-0,470909845267138;19,706462585034;1627;4152;-22096,7316255661;44259,4632511321;"intensite_IC_moyen_complet";"intensite";"IC";"moyen";"complet";"temperature"
-0,446830914997043;19,8251700680272;1675;4104;-22096,7953188292;44259,5906376583;"intensite_IC_moyen_complet";"intensite";"IC";"moyen";"complet";"temperature"
-0,422751984726949;19,9438775510204;1734;4045;-22096,9338953842;44259,8677907684;"intensite_IC_moyen_complet";"intensite";"IC";"moyen";"complet";"temperature"
-0,398673054456855;20,0625850340136;1768;4011;-22097,0398818437;44260,0797636874;"intensite_IC_moyen_complet";"intensite";"IC";"moyen";"complet";"temperature"
-0,374594124186761;20,1812925170068;1830;3949;-22097,1515142853;44260,3030285707;"intensite_IC_moyen_complet";"intensite";"IC";"moyen";"complet";"temperature"
-0,350515193916666;20,3;1901;3878;-22097,2641085741;44260,5282171482;"intensite_IC_moyen_complet";"intensite";"IC";"moyen";"complet";"temperature"
-0,188241142354311;21,0999999999999;2240;3539;-22099,0176133269;44264,0352266539;"intensite_IC_moyen_complet";"intensite";"IC";"moyen";"complet";"temperature"
-0,0597741848674459;21,7333333333333;2568;3211;-22100,1485746851;44266,2971493702;"intensite_IC_moyen_complet";"intensite";"IC";"moyen";"complet";"temperature"
0,0551699349892226;22,3;2890;2889;-22101,152719043;44268,305438086;"intensite_IC_moyen_complet";"intensite";"IC";"moyen";"complet";"temperature"
0,176875473660989;22,9;3223;2556;-22102,5835152762;44271,1670305524;"intensite_IC_moyen_complet";"intensite";"IC";"moyen";"complet";"temperature"
0,327944888329754;23,6447619047619;3550;2229;-22103,7620328889;44273,5240657777;"intensite_IC_moyen_complet";"intensite";"IC";"moyen";"complet";"temperature"
0,494662157970602;24,4666666666666;3889;1890;-22104,2918404647;44274,5836809294;"intensite_IC_moyen_complet";"intensite";"IC";"moyen";"complet";"temperature"
0,670459047163154;25,3333333333333;4213;1566;-22105,0504689059;44276,1009378118;"intensite_IC_moyen_complet";"intensite";"IC";"moyen";"complet";"temperature"
0,880063030431196;26,3666666666666;4549;1230;-22105,7362475548;44277,4724951095;"intensite_IC_moyen_complet";"intensite";"IC";"moyen";"complet";"temperature"
1,10995127014453;27,4999999999999;4879;900;-22105,9683945631;44277,9367891262;"intensite_IC_moyen_complet";"intensite";"IC";"moyen";"complet";"temperature"
1,36688518511826;28,7666666666666;5202;577;-22106,0948212393;44278,1896424787;"intensite_IC_moyen_complet";"intensite";"IC";"moyen";"complet";"temperature"
-1,36797941685719;43,3166666666666;578;5201;-22105,4904467449;44276,9808934898;"intensite_IC_moyen_complet";"intensite";"IC";"moyen";"complet";"humidite"
-1,11976944760105;47,7499999999999;913;4866;-22106,1713771285;44278,3427542569;"intensite_IC_moyen_complet";"intensite";"IC";"moyen";"complet";"humidite"
-0,93781101149222;51;1241;4538;-22106,1492199258;44278,2984398515;"intensite_IC_moyen_complet";"intensite";"IC";"moyen";"complet";"humidite"
-0,74185577260579;54,5;1577;4202;-22105,0271947333;44276,0543894666;"intensite_IC_moyen_complet";"intensite";"IC";"moyen";"complet";"humidite"
-0,56456293742283;57,6666666666667;1904;3875;-22101,9020806888;44269,8041613776;"intensite_IC_moyen_complet";"intensite";"IC";"moyen";"complet";"humidite"
-0,415263707795073;60,3333333333333;2236;3543;-22098,9508645262;44263,9017290524;"intensite_IC_moyen_complet";"intensite";"IC";"moyen";"complet";"humidite"
-0,239570507215269;63,4714285714285;2559;3220;-22095,7137717879;44257,4275435759;"intensite_IC_moyen_complet";"intensite";"IC";"moyen";"complet";"humidite"
-0,0700092392808869;66,5;2916;2863;-22094,629579214;44255,2591584281;"intensite_IC_moyen_complet";"intensite";"IC";"moyen";"complet";"humidite"
-0,0460147202335689;66,9285714285715;2955;2824;-22094,5245015165;44255,0490030329;"intensite_IC_moyen_complet";"intensite";"IC";"moyen";"complet";"humidite"
-0,0220202011862509;67,3571428571429;3024;2755;-22094,4500102396;44254,9000204791;"intensite_IC_moyen_complet";"intensite";"IC";"moyen";"complet";"humidite"
0,00197431786106705;67,7857142857143;3078;2701;-22094,4094901945;44254,8189803889;"intensite_IC_moyen_complet";"intensite";"IC";"moyen";"complet";"humidite"
0,025968836908385;68,2142857142858;3108;2671;-22094,3852346718;44254,7704693435;"intensite_IC_moyen_complet";"intensite";"IC";"moyen";"complet";"humidite"
0,049963355955703;68,6428571428572;3157;2622;-22094,3338827666;44254,6677655332;"intensite_IC_moyen_complet";"intensite";"IC";"moyen";"complet";"humidite"
0,073957875003021;69,0714285714286;3213;2566;-22094,3177447588;44254,6354895175;"intensite_IC_moyen_complet";"intensite";"IC";"moyen";"complet";"humidite"
0,0839555912727368;69,25;3232;2547;-22094,3357593924;44254,6715187848;"intensite_IC_moyen_complet";"intensite";"IC";"moyen";"complet";"humidite"
0,097952394050339;69,5;3273;2506;-22094,379842346;44254,759684692;"intensite_IC_moyen_complet";"intensite";"IC";"moyen";"complet";"humidite"
0,121946913097657;69,9285714285715;3292;2487;-22094,5227921517;44255,0455843034;"intensite_IC_moyen_complet";"intensite";"IC";"moyen";"complet";"humidite"
0,145941432144975;70,3571428571429;3337;2442;-22094,5695405743;44255,1390811486;"intensite_IC_moyen_complet";"intensite";"IC";"moyen";"complet";"humidite"
0,169935951192293;70,7857142857143;3390;2389;-22094,6158305363;44255,2316610726;"intensite_IC_moyen_complet";"intensite";"IC";"moyen";"complet";"humidite"
0,193930470239611;71,2142857142858;3410;2369;-22094,6743948224;44255,3487896447;"intensite_IC_moyen_complet";"intensite";"IC";"moyen";"complet";"humidite"
0,217924989286929;71,6428571428572;3454;2325;-22094,7091091831;44255,4182183662;"intensite_IC_moyen_complet";"intensite";"IC";"moyen";"complet";"humidite"
0,241919508334247;72,0714285714286;3516;2263;-22094,7018706313;44255,4037412626;"intensite_IC_moyen_complet";"intensite";"IC";"moyen";"complet";"humidite"
0,265914027381565;72,5;3564;2215;-22094,7920988471;44255,5841976942;"intensite_IC_moyen_complet";"intensite";"IC";"moyen";"complet";"humidite"
0,447872463490393;75,7500000000001;3889;1890;-22095,1279105829;44256,2558211658;"intensite_IC_moyen_complet";"intensite";"IC";"moyen";"complet";"humidite"
0,629830899599221;79,0000000000001;4220;1559;-22096,6618076307;44259,3236152613;"intensite_IC_moyen_complet";"intensite";"IC";"moyen";"complet";"humidite"
0,839782941263253;82,7500000000001;4548;1231;-22099,2814122758;44264,5628245517;"intensite_IC_moyen_complet";"intensite";"IC";"moyen";"complet";"humidite"
1,06373178570489;86,7500000000001;4874;905;-22101,8465598764;44269,6931197529;"intensite_IC_moyen_complet";"intensite";"IC";"moyen";"complet";"humidite"
1,34366784125693;91,7500000000001;5207;572;-22103,2264210094;44272,4528420189;"intensite_IC_moyen_complet";"intensite";"IC";"moyen";"complet";"humidite"
-1,1086796314727;1016,96666666667;580;5199;-22105,2588580346;44276,5177160691;"intensite_IC_moyen_complet";"intensite";"IC";"moyen";"complet";"pression"
-0,849730996108962;1018,43333333334;910;4869;-22104,7166253482;44275,4332506964;"intensite_IC_moyen_complet";"intensite";"IC";"moyen";"complet";"pression"
-0,602552753261767;1019,83333333334;1242;4537;-22102,8795616302;44271,7591232605;"intensite_IC_moyen_complet";"intensite";"IC";"moyen";"complet";"pression"
-0,455422846805115;1020,66666666667;1573;4206;-22101,7503301667;44269,5006603335;"intensite_IC_moyen_complet";"intensite";"IC";"moyen";"complet";"pression"
-0,308292940348442;1021,5;1910;3869;-22100,3301499526;44266,6602999052;"intensite_IC_moyen_complet";"intensite";"IC";"moyen";"complet";"pression"
-0,172933426408292;1022,26666666667;2230;3549;-22099,1418737603;44264,2837475205;"intensite_IC_moyen_complet";"intensite";"IC";"moyen";"complet";"pression"
-0,0493443049847044;1022,96666666667;2561;3218;-22096,3855689337;44258,7711378674;"intensite_IC_moyen_complet";"intensite";"IC";"moyen";"complet";"pression"
0,0801300126971444;1023,7;2892;2887;-22093,3282444896;44252,6564889792;"intensite_IC_moyen_complet";"intensite";"IC";"moyen";"complet";"pression"
0,0982059726332484;1023,80238095239;2949;2830;-22092,9026047695;44251,8052095391;"intensite_IC_moyen_complet";"intensite";"IC";"moyen";"complet";"pression"
0,116281932569352;1023,90476190477;2990;2789;-22092,4986258819;44250,9972517639;"intensite_IC_moyen_complet";"intensite";"IC";"moyen";"complet";"pression"
0,134357892505456;1024,00714285715;3050;2729;-22092,0986043675;44250,197208735;"intensite_IC_moyen_complet";"intensite";"IC";"moyen";"complet";"pression"
0,15243385244156;1024,10952380953;3111;2668;-22091,8179812157;44249,6359624314;"intensite_IC_moyen_complet";"intensite";"IC";"moyen";"complet";"pression"
0,170509812377664;1024,21190476191;3168;2611;-22091,4614596007;44248,9229192013;"intensite_IC_moyen_complet";"intensite";"IC";"moyen";"complet";"pression"
0,186063545345948;1024,3;3221;2558;-22091,2232697576;44248,4465395152;"intensite_IC_moyen_complet";"intensite";"IC";"moyen";"complet";"pression"
0,188585772313768;1024,31428571429;3221;2558;-22091,1923638387;44248,3847276774;"intensite_IC_moyen_complet";"intensite";"IC";"moyen";"complet";"pression"
0,206661732249872;1024,41666666667;3276;2503;-22091,0359738112;44248,0719476225;"intensite_IC_moyen_complet";"intensite";"IC";"moyen";"complet";"pression"
0,224737692185977;1024,51904761905;3323;2456;-22090,937105543;44247,874211086;"intensite_IC_moyen_complet";"intensite";"IC";"moyen";"complet";"pression"
0,242813652122081;1024,62142857143;3374;2405;-22090,8885845537;44247,7771691075;"intensite_IC_moyen_complet";"intensite";"IC";"moyen";"complet";"pression"
0,260889612058185;1024,72380952381;3398;2381;-22090,9314520518;44247,8629041037;"intensite_IC_moyen_complet";"intensite";"IC";"moyen";"complet";"pression"
0,278965571994289;1024,8261904762;3440;2339;-22091,0377173567;44248,0754347135;"intensite_IC_moyen_complet";"intensite";"IC";"moyen";"complet";"pression"
0,297041531930393;1024,92857142858;3473;2306;-22091,1055048802;44248,2110097604;"intensite_IC_moyen_complet";"intensite";"IC";"moyen";"complet";"pression"
0,315117491866497;1025,03095238096;3506;2273;-22091,212740919;44248,425481838;"intensite_IC_moyen_complet";"intensite";"IC";"moyen";"complet";"pression"
0,333193451802601;1025,13333333334;3554;2225;-22091,400638696;44248,801277392;"intensite_IC_moyen_complet";"intensite";"IC";"moyen";"complet";"pression"
0,480323358259293;1025,96666666667;3889;1890;-22093,2543613009;44252,5087226018;"intensite_IC_moyen_complet";"intensite";"IC";"moyen";"complet";"pression"
0,59802728342464;1026,63333333334;4213;1566;-22093,9537659044;44253,9075318088;"intensite_IC_moyen_complet";"intensite";"IC";"moyen";"complet";"pression"
0,762812778656111;1027,56666666667;4540;1239;-22095,775495898;44257,550991796;"intensite_IC_moyen_complet";"intensite";"IC";"moyen";"complet";"pression"
0,921713077629292;1028,46666666667;4875;904;-22096,6080209478;44259,2160418956;"intensite_IC_moyen_complet";"intensite";"IC";"moyen";"complet";"pression"
1,15241277095333;1029,77333333334;5201;578;-22093,301779796;44252,603559592;"intensite_IC_moyen_complet";"intensite";"IC";"moyen";"complet";"pression"
-1,23120648043115;7,06666666666672;581;5198;-22105,8584904791;44277,7169809581;"intensite_IC_moyen_complet";"intensite";"IC";"moyen";"complet";"vent"
-1,21512547979392;7,18333333333339;616;5163;-22105,8938953239;44277,7877906479;"intensite_IC_moyen_complet";"intensite";"IC";"moyen";"complet";"vent"
-1,1990444791567;7,30000000000006;646;5133;-22105,909704936;44277,819409872;"intensite_IC_moyen_complet";"intensite";"IC";"moyen";"complet";"vent"
-1,18296347851948;7,41666666666672;668;5111;-22105,9305711702;44277,8611423403;"intensite_IC_moyen_complet";"intensite";"IC";"moyen";"complet";"vent"
-1,16688247788226;7,53333333333339;687;5092;-22105,9553778519;44277,9107557038;"intensite_IC_moyen_complet";"intensite";"IC";"moyen";"complet";"vent"
-1,15080147724504;7,65000000000006;698;5081;-22105,9795236606;44277,9590473212;"intensite_IC_moyen_complet";"intensite";"IC";"moyen";"complet";"vent"
-1,13472047660781;7,76666666666672;715;5064;-22105,9925288036;44277,9850576071;"intensite_IC_moyen_complet";"intensite";"IC";"moyen";"complet";"vent"
-1,11863947597059;7,88333333333339;732;5047;-22106,0089304901;44278,0178609801;"intensite_IC_moyen_complet";"intensite";"IC";"moyen";"complet";"vent"
-1,10255847533337;8,00000000000006;758;5021;-22106,0232189689;44278,0464379377;"intensite_IC_moyen_complet";"intensite";"IC";"moyen";"complet";"vent"
-1,08647747469615;8,11666666666672;770;5009;-22106,0359617304;44278,0719234607;"intensite_IC_moyen_complet";"intensite";"IC";"moyen";"complet";"vent"
-1,07039647405892;8,23333333333339;793;4986;-22106,0415360589;44278,0830721177;"intensite_IC_moyen_complet";"intensite";"IC";"moyen";"complet";"vent"
-1,0543154734217;8,35000000000005;825;4954;-22106,0443755792;44278,0887511583;"intensite_IC_moyen_complet";"intensite";"IC";"moyen";"complet";"vent"
-1,03823447278448;8,46666666666672;859;4920;-22106,0467926833;44278,0935853667;"intensite_IC_moyen_complet";"intensite";"IC";"moyen";"complet";"vent"
-1,02215347214726;8,58333333333339;880;4899;-22106,050703409;44278,101406818;"intensite_IC_moyen_complet";"intensite";"IC";"moyen";"complet";"vent"
-1,00607247151003;8,70000000000006;909;4870;-22106,0599032844;44278,1198065687;"intensite_IC_moyen_complet";"intensite";"IC";"moyen";"complet";"vent"
-0,785533034199559;10,3000000000001;1250;4529;-22106,2086533307;44278,4173066613;"intensite_IC_moyen_complet";"intensite";"IC";"moyen";"complet";"vent"
-0,620128456216701;11,5000000000001;1571;4208;-22106,2205391469;44278,4410782938;"intensite_IC_moyen_complet";"intensite";"IC";"moyen";"complet";"vent"
-0,463913021455113;12,6333333333334;1907;3872;-22106,136244661;44278,272489322;"intensite_IC_moyen_complet";"intensite";"IC";"moyen";"complet";"vent"
-0,335265016357335;13,5666666666667;2232;3547;-22106,0089192403;44278,0178384806;"intensite_IC_moyen_complet";"intensite";"IC";"moyen";"complet";"vent"
-0,197427868038287;14,5666666666667;2562;3217;-22105,996733394;44277,993466788;"intensite_IC_moyen_complet";"intensite";"IC";"moyen";"complet";"vent"
-0,0595907197192395;15,5666666666667;2893;2886;-22106,0253114736;44278,0506229472;"intensite_IC_moyen_complet";"intensite";"IC";"moyen";"complet";"vent"
0,0736518569891734;16,5333333333334;3223;2556;-22106,0351832922;44278,0703665845;"intensite_IC_moyen_complet";"intensite";"IC";"moyen";"complet";"vent"
0,225272720140126;17,6333333333334;3551;2228;-22106,0523244166;44278,1046488331;"intensite_IC_moyen_complet";"intensite";"IC";"moyen";"complet";"vent"
0,404461012954888;18,9333333333334;3884;1895;-22106,1156189105;44278,231237821;"intensite_IC_moyen_complet";"intensite";"IC";"moyen";"complet";"vent"
0,59283844899092;20,3000000000001;4217;1562;-22106,1576772875;44278,3153545749;"intensite_IC_moyen_complet";"intensite";"IC";"moyen";"complet";"vent"
0,826505233760355;21,9952380952382;4540;1239;-22106,1469780554;44278,2939561107;"intensite_IC_moyen_complet";"intensite";"IC";"moyen";"complet";"vent"
1,05229561005441;23,6333333333334;4877;902;-22106,1621900871;44278,3243801741;"intensite_IC_moyen_complet";"intensite";"IC";"moyen";"complet";"vent"
1,33256447830314;25,6666666666667;5206;573;-22106,2312188542;44278,4624377084;"intensite_IC_moyen_complet";"intensite";"IC";"moyen";"complet";"vent"
-1,29035240921531;15,6666666666666;850;7608;-2461,00814267429;4986,01628534858;"presence_IC_rafale_max_complet";"presence";"IC";"rafale_max";"complet";"temperature"
-1,00637281898119;17,0666666666666;1336;7122;-2459,792627245;4983,58525449001;"presence_IC_rafale_max_complet";"presence";"IC";"rafale_max";"complet";"temperature"
-0,803530254528242;18,0666666666666;1814;6644;-2459,19056948874;4982,38113897747;"presence_IC_rafale_max_complet";"presence";"IC";"rafale_max";"complet";"temperature"
-0,778416413215021;18,1904761904761;1857;6601;-2459,1317447301;4982,2634894602;"presence_IC_rafale_max_complet";"presence";"IC";"rafale_max";"complet";"temperature"
-0,753302571901799;18,3142857142857;1937;6521;-2459,10754243647;4982,21508487295;"presence_IC_rafale_max_complet";"presence";"IC";"rafale_max";"complet";"temperature"
-0,728188730588577;18,4380952380952;2005;6453;-2459,09336090328;4982,18672180656;"presence_IC_rafale_max_complet";"presence";"IC";"rafale_max";"complet";"temperature"
-0,703074889275355;18,5619047619047;2057;6401;-2459,0654718258;4982,1309436516;"presence_IC_rafale_max_complet";"presence";"IC";"rafale_max";"complet";"temperature"
-0,677961047962134;18,6857142857142;2124;6334;-2459,03425411252;4982,06850822504;"presence_IC_rafale_max_complet";"presence";"IC";"rafale_max";"complet";"temperature"
-0,652847206648912;18,8095238095238;2178;6280;-2458,99932540195;4981,99865080389;"presence_IC_rafale_max_complet";"presence";"IC";"rafale_max";"complet";"temperature"
-0,62773336533569;18,9333333333333;2258;6200;-2458,94546168909;4981,89092337818;"presence_IC_rafale_max_complet";"presence";"IC";"rafale_max";"complet";"temperature"
-0,611023001692659;19,0157142857143;2296;6162;-2458,90628153816;4981,81256307632;"presence_IC_rafale_max_complet";"presence";"IC";"rafale_max";"complet";"temperature"
-0,602619524022469;19,0571428571428;2316;6142;-2458,88798024775;4981,7759604955;"presence_IC_rafale_max_complet";"presence";"IC";"rafale_max";"complet";"temperature"
-0,577505682709247;19,1809523809523;2372;6086;-2458,86604782097;4981,73209564194;"presence_IC_rafale_max_complet";"presence";"IC";"rafale_max";"complet";"temperature"
-0,552391841396025;19,3047619047619;2464;5994;-2458,8443626789;4981,6887253578;"presence_IC_rafale_max_complet";"presence";"IC";"rafale_max";"complet";"temperature"
-0,527278000082803;19,4285714285714;2515;5943;-2458,87965916606;4981,75931833212;"presence_IC_rafale_max_complet";"presence";"IC";"rafale_max";"complet";"temperature"
-0,502164158769582;19,5523809523809;2604;5854;-2458,93715605003;4981,87431210005;"presence_IC_rafale_max_complet";"presence";"IC";"rafale_max";"complet";"temperature"
-0,47705031745636;19,6761904761904;2687;5771;-2458,98411925465;4981,9682385093;"presence_IC_rafale_max_complet";"presence";"IC";"rafale_max";"complet";"temperature"
-0,451936476143138;19,8;2788;5670;-2459,03154976973;4982,06309953946;"presence_IC_rafale_max_complet";"presence";"IC";"rafale_max";"complet";"temperature"
-0,309946681026078;20,5;3274;5184;-2459,32603219051;4982,65206438102;"presence_IC_rafale_max_complet";"presence";"IC";"rafale_max";"complet";"temperature"
-0,161195467093919;21,2333333333333;3748;4710;-2459,91156742001;4983,82313484001;"presence_IC_rafale_max_complet";"presence";"IC";"rafale_max";"complet";"temperature"
-0,0361092190146023;21,85;4230;4228;-2460,28794145441;4984,57588290882;"presence_IC_rafale_max_complet";"presence";"IC";"rafale_max";"complet";"temperature"
0,0957384478798113;22,5;4719;3739;-2460,73771818022;4985,47543636045;"presence_IC_rafale_max_complet";"presence";"IC";"rafale_max";"complet";"temperature"
0,224205405366677;23,1333333333333;5203;3255;-2460,94080053747;4985,88160107493;"presence_IC_rafale_max_complet";"presence";"IC";"rafale_max";"complet";"temperature"
0,372956619298835;23,8666666666666;5683;2775;-2461,15395455654;4986,30790911307;"presence_IC_rafale_max_complet";"presence";"IC";"rafale_max";"complet";"temperature"
0,562276346121584;24,8;6167;2291;-2461,63706041294;4987,27412082588;"presence_IC_rafale_max_complet";"presence";"IC";"rafale_max";"complet";"temperature"
0,771880329389626;25,8333333333333;6658;1800;-2461,80924101855;4987,6184820371;"presence_IC_rafale_max_complet";"presence";"IC";"rafale_max";"complet";"temperature"
1,01529140673316;27,0333333333333;7138;1320;-2461,94336619933;4987,88673239867;"presence_IC_rafale_max_complet";"presence";"IC";"rafale_max";"complet";"temperature"
1,28777658498161;28,3766666666667;7612;846;-2462,03428254637;4988,06856509273;"presence_IC_rafale_max_complet";"presence";"IC";"rafale_max";"complet";"temperature"
-1,28773108093227;44,7500000000001;851;7607;-2461,22353042127;4986,44706084253;"presence_IC_rafale_max_complet";"presence";"IC";"rafale_max";"complet";"humidite"
-1,25673816049616;45,3035714285715;921;7537;-2461,14226810345;4986,2845362069;"presence_IC_rafale_max_complet";"presence";"IC";"rafale_max";"complet";"humidite"
-1,22574524006004;45,8571428571429;992;7466;-2460,99647647215;4985,99295294431;"presence_IC_rafale_max_complet";"presence";"IC";"rafale_max";"complet";"humidite"
-1,19475231962392;46,4107142857144;1048;7410;-2460,81710343641;4985,63420687282;"presence_IC_rafale_max_complet";"presence";"IC";"rafale_max";"complet";"humidite"
-1,1637593991878;46,9642857142858;1099;7359;-2460,66195902609;4985,32391805218;"presence_IC_rafale_max_complet";"presence";"IC";"rafale_max";"complet";"humidite"
-1,13276647875168;47,5178571428572;1171;7287;-2460,52330904397;4985,04661808795;"presence_IC_rafale_max_complet";"presence";"IC";"rafale_max";"complet";"humidite"
-1,10177355831556;48,0714285714287;1229;7229;-2460,41530502318;4984,83061004636;"presence_IC_rafale_max_complet";"presence";"IC";"rafale_max";"complet";"humidite"
-1,07078063787944;48,6250000000001;1296;7162;-2460,36472367556;4984,72944735111;"presence_IC_rafale_max_complet";"presence";"IC";"rafale_max";"complet";"humidite"
-1,06378223649064;48,7500000000001;1330;7128;-2460,36243160608;4984,72486321217;"presence_IC_rafale_max_complet";"presence";"IC";"rafale_max";"complet";"humidite"
-1,03978771744332;49,1785714285715;1359;7099;-2460,36772601436;4984,73545202871;"presence_IC_rafale_max_complet";"presence";"IC";"rafale_max";"complet";"humidite"
-1,0087947970072;49,7321428571429;1432;7026;-2460,3925317595;4984,78506351899;"presence_IC_rafale_max_complet";"presence";"IC";"rafale_max";"complet";"humidite"
-0,977801876571084;50,2857142857144;1510;6948;-2460,43314021442;4984,86628042884;"presence_IC_rafale_max_complet";"presence";"IC";"rafale_max";"complet";"humidite"
-0,946808956134965;50,8392857142858;1601;6857;-2460,46842908242;4984,93685816484;"presence_IC_rafale_max_complet";"presence";"IC";"rafale_max";"complet";"humidite"
-0,915816035698846;51,3928571428572;1681;6777;-2460,52093303618;4985,04186607237;"presence_IC_rafale_max_complet";"presence";"IC";"rafale_max";"complet";"humidite"
-0,884823115262727;51,9464285714287;1730;6728;-2460,61200977343;4985,22401954685;"presence_IC_rafale_max_complet";"presence";"IC";"rafale_max";"complet";"humidite"
-0,853830194826608;52,5000000000001;1842;6616;-2460,70331258243;4985,40662516485;"presence_IC_rafale_max_complet";"presence";"IC";"rafale_max";"complet";"humidite"
-0,67187175871778;55,7500000000001;2302;6156;-2460,97600948125;4985,95201896251;"presence_IC_rafale_max_complet";"presence";"IC";"rafale_max";"complet";"humidite"
-0,503910125386554;58,7500000000001;2795;5663;-2461,09912355027;4986,19824710054;"presence_IC_rafale_max_complet";"presence";"IC";"rafale_max";"complet";"humidite"
-0,321951689277726;62,0000000000001;3299;5159;-2461,49943132345;4986,99886264691;"presence_IC_rafale_max_complet";"presence";"IC";"rafale_max";"complet";"humidite"
-0,1539900559465;65,0000000000001;3779;4679;-2461,57692442979;4987,15384885958;"presence_IC_rafale_max_complet";"presence";"IC";"rafale_max";"complet";"humidite"
-2,52253928761125e-05;67,7500000000001;4237;4221;-2461,6855881126;4987,37117622521;"presence_IC_rafale_max_complet";"presence";"IC";"rafale_max";"complet";"humidite"
0,181933210715952;71,0000000000001;4739;3719;-2461,74621797626;4987,49243595252;"presence_IC_rafale_max_complet";"presence";"IC";"rafale_max";"complet";"humidite"
0,36389164682478;74,2500000000001;5203;3255;-2461,65331321265;4987,30662642529;"presence_IC_rafale_max_complet";"presence";"IC";"rafale_max";"complet";"humidite"
0,531853280156006;77,2500000000001;5706;2752;-2461,74912713854;4987,49825427708;"presence_IC_rafale_max_complet";"presence";"IC";"rafale_max";"complet";"humidite"
0,699814913487232;80,2500000000002;6168;2290;-2461,79372672934;4987,58745345868;"presence_IC_rafale_max_complet";"presence";"IC";"rafale_max";"complet";"humidite"
0,895770152373662;83,7500000000002;6654;1804;-2461,90987674751;4987,81975349503;"presence_IC_rafale_max_complet";"presence";"IC";"rafale_max";"complet";"humidite"
1,1197189968153;87,7500000000002;7148;1310;-2462,03374268504;4988,06748537009;"presence_IC_rafale_max_complet";"presence";"IC";"rafale_max";"complet";"humidite"
1,37166144681214;92,2500000000002;7624;834;-2461,90127477782;4987,80254955565;"presence_IC_rafale_max_complet";"presence";"IC";"rafale_max";"complet";"humidite"
-1,07336845392311;1017,16666666667;850;7608;-2460,55536469044;4985,11072938087;"presence_IC_rafale_max_complet";"presence";"IC";"rafale_max";"complet";"pression"
-0,826190211075897;1018,56666666667;1331;7127;-2460,57318008685;4985,14636017369;"presence_IC_rafale_max_complet";"presence";"IC";"rafale_max";"complet";"pression"
-0,579011968228702;1019,96666666667;1814;6644;-2460,48036279632;4984,96072559264;"presence_IC_rafale_max_complet";"presence";"IC";"rafale_max";"complet";"pression"
-0,425996865513768;1020,83333333334;2316;6142;-2460,32100885927;4984,64201771853;"presence_IC_rafale_max_complet";"presence";"IC";"rafale_max";"complet";"pression"
-0,278866959057115;1021,66666666667;2780;5678;-2460,1509990432;4984,30199808641;"presence_IC_rafale_max_complet";"presence";"IC";"rafale_max";"complet";"pression"
-0,149392641375247;1022,4;3278;5180;-2459,96466106639;4983,92932213279;"presence_IC_rafale_max_complet";"presence";"IC";"rafale_max";"complet";"pression"
-0,0258035199516391;1023,10000000001;3771;4687;-2459,73782528019;4983,47565056038;"presence_IC_rafale_max_complet";"presence";"IC";"rafale_max";"complet";"pression"
0,0860152089554057;1023,73333333334;4230;4228;-2459,63222364137;4983,26444728274;"presence_IC_rafale_max_complet";"presence";"IC";"rafale_max";"complet";"pression"
0,196404675914035;1024,35857142858;4712;3746;-2459,45501102263;4982,91002204525;"presence_IC_rafale_max_complet";"presence";"IC";"rafale_max";"complet";"pression"
0,333193451802641;1025,13333333334;5199;3259;-2459,00067471987;4982,00134943975;"presence_IC_rafale_max_complet";"presence";"IC";"rafale_max";"complet";"pression"
0,468552965742742;1025,9;5679;2779;-2458,59955745163;4981,19911490327;"presence_IC_rafale_max_complet";"presence";"IC";"rafale_max";"complet";"pression"
0,586256890908077;1026,56666666667;6181;2277;-2458,41241587956;4980,82483175912;"presence_IC_rafale_max_complet";"presence";"IC";"rafale_max";"complet";"pression"
0,608956933618533;1026,69523809524;6250;2208;-2458,34186589765;4980,68373179529;"presence_IC_rafale_max_complet";"presence";"IC";"rafale_max";"complet";"pression"
0,63165697632899;1026,82380952381;6324;2134;-2458,23587347697;4980,47174695393;"presence_IC_rafale_max_complet";"presence";"IC";"rafale_max";"complet";"pression"
0,654357019039446;1026,95238095239;6412;2046;-2458,11306696475;4980,22613392949;"presence_IC_rafale_max_complet";"presence";"IC";"rafale_max";"complet";"pression"
0,677057061749903;1027,08095238096;6489;1969;-2457,97195302983;4979,94390605965;"presence_IC_rafale_max_complet";"presence";"IC";"rafale_max";"complet";"pression"
0,699757104460359;1027,20952380953;6548;1910;-2457,81267314245;4979,62534628489;"presence_IC_rafale_max_complet";"presence";"IC";"rafale_max";"complet";"pression"
0,722457147170816;1027,3380952381;6592;1866;-2457,65273457831;4979,30546915662;"presence_IC_rafale_max_complet";"presence";"IC";"rafale_max";"complet";"pression"
0,745157189881292;1027,46666666667;6653;1805;-2457,51951471512;4979,03902943023;"presence_IC_rafale_max_complet";"presence";"IC";"rafale_max";"complet";"pression"
0,767857232591729;1027,59523809524;6708;1750;-2457,4855250765;4978,971050153;"presence_IC_rafale_max_complet";"presence";"IC";"rafale_max";"complet";"pression"
0,790557275302185;1027,72380952381;6766;1692;-2457,52454661074;4979,04909322148;"presence_IC_rafale_max_complet";"presence";"IC";"rafale_max";"complet";"pression"
0,813257318012642;1027,85238095239;6826;1632;-2457,65337789042;4979,30675578085;"presence_IC_rafale_max_complet";"presence";"IC";"rafale_max";"complet";"pression"
0,835957360723098;1027,98095238096;6899;1559;-2457,88596157037;4979,77192314074;"presence_IC_rafale_max_complet";"presence";"IC";"rafale_max";"complet";"pression"
0,858657403433555;1028,10952380953;6970;1488;-2458,16146627237;4980,32293254473;"presence_IC_rafale_max_complet";"presence";"IC";"rafale_max";"complet";"pression"
0,881357446144011;1028,2380952381;7055;1403;-2458,44012749001;4980,88025498001;"presence_IC_rafale_max_complet";"presence";"IC";"rafale_max";"complet";"pression"
0,904057488854468;1028,36666666667;7140;1318;-2458,69115852121;4981,38231704242;"presence_IC_rafale_max_complet";"presence";"IC";"rafale_max";"complet";"pression"
1,09826896537729;1029,46666666667;7617;841;-2460,61468417757;4985,22936835514;"presence_IC_rafale_max_complet";"presence";"IC";"rafale_max";"complet";"pression"
-1,20493678709973;16,8;854;7604;-2461,8500372818;4987,7000745636;"presence_IC_rafale_max_complet";"presence";"IC";"rafale_max";"complet";"vent"
-0,980017973999919;19,3;1341;7117;-2461,59031541211;4987,18063082423;"presence_IC_rafale_max_complet";"presence";"IC";"rafale_max";"complet";"vent"
-0,809079676044065;21,2;1822;6636;-2461,55273851429;4987,10547702859;"presence_IC_rafale_max_complet";"presence";"IC";"rafale_max";"complet";"vent"
-0,63814137808821;23,1;2321;6137;-2461,76266178076;4987,52532356152;"presence_IC_rafale_max_complet";"presence";"IC";"rafale_max";"complet";"vent"
-0,48519658518034;24,8;2807;5651;-2461,84978550176;4987,69957100352;"presence_IC_rafale_max_complet";"presence";"IC";"rafale_max";"complet";"vent"
-0,341248544796462;26,4;3271;5187;-2461,86309931178;4987,72619862356;"presence_IC_rafale_max_complet";"presence";"IC";"rafale_max";"complet";"vent"
-0,224290761984562;27,7;3757;4701;-2461,77388807447;4987,54777614894;"presence_IC_rafale_max_complet";"presence";"IC";"rafale_max";"complet";"vent"
-0,0893394741246766;29,1999999999999;4239;4219;-2461,62742586962;4987,25485173924;"presence_IC_rafale_max_complet";"presence";"IC";"rafale_max";"complet";"vent"
0,0366150612112164;30,5999999999999;4734;3724;-2461,46563963647;4986,93127927295;"presence_IC_rafale_max_complet";"presence";"IC";"rafale_max";"complet";"vent"
0,057821692160627;30,8357142857142;4792;3666;-2461,44506412957;4986,89012825914;"presence_IC_rafale_max_complet";"presence";"IC";"rafale_max";"complet";"vent"
0,0790283231100375;31,0714285714285;4842;3616;-2461,42766327647;4986,85532655294;"presence_IC_rafale_max_complet";"presence";"IC";"rafale_max";"complet";"vent"
0,100234954059448;31,3071428571428;4925;3533;-2461,41198008956;4986,82396017913;"presence_IC_rafale_max_complet";"presence";"IC";"rafale_max";"complet";"vent"
0,121441585008859;31,5428571428571;5000;3458;-2461,39067036838;4986,78134073675;"presence_IC_rafale_max_complet";"presence";"IC";"rafale_max";"complet";"vent"
0,142648215958269;31,7785714285714;5064;3394;-2461,369223593;4986,73844718599;"presence_IC_rafale_max_complet";"presence";"IC";"rafale_max";"complet";"vent"
0,16385484690768;32,0142857142856;5149;3309;-2461,35618046528;4986,71236093055;"presence_IC_rafale_max_complet";"presence";"IC";"rafale_max";"complet";"vent"
0,180563101595094;32,1999999999999;5231;3227;-2461,34427161777;4986,68854323555;"presence_IC_rafale_max_complet";"presence";"IC";"rafale_max";"complet";"vent"
0,18506147785709;32,2499999999999;5231;3227;-2461,34002826156;4986,68005652312;"presence_IC_rafale_max_complet";"presence";"IC";"rafale_max";"complet";"vent"
0,206268108806501;32,4857142857142;5306;3152;-2461,31700021962;4986,63400043925;"presence_IC_rafale_max_complet";"presence";"IC";"rafale_max";"complet";"vent"
0,227474739755911;32,7214285714285;5391;3067;-2461,31405779767;4986,62811559534;"presence_IC_rafale_max_complet";"presence";"IC";"rafale_max";"complet";"vent"
0,248681370705322;32,9571428571428;5437;3021;-2461,31974408976;4986,63948817952;"presence_IC_rafale_max_complet";"presence";"IC";"rafale_max";"complet";"vent"
0,269888001654732;33,1928571428571;5485;2973;-2461,32800178774;4986,65600357547;"presence_IC_rafale_max_complet";"presence";"IC";"rafale_max";"complet";"vent"
0,291094632604143;33,4285714285713;5538;2920;-2461,34981777576;4986,69963555153;"presence_IC_rafale_max_complet";"presence";"IC";"rafale_max";"complet";"vent"
0,312301263553553;33,6642857142856;5607;2851;-2461,37196094284;4986,74392188568;"presence_IC_rafale_max_complet";"presence";"IC";"rafale_max";"complet";"vent"
0,333507894502964;33,8999999999999;5684;2774;-2461,41368495387;4986,82736990775;"presence_IC_rafale_max_complet";"presence";"IC";"rafale_max";"complet";"vent"
0,522439697506803;35,9999999999999;6164;2294;-2461,7329975402;4987,4659950804;"presence_IC_rafale_max_complet";"presence";"IC";"rafale_max";"complet";"vent"
0,711371500510643;38,0999999999999;6665;1793;-2461,92816183392;4987,85632366783;"presence_IC_rafale_max_complet";"presence";"IC";"rafale_max";"complet";"vent"
0,927679136194633;40,5042857142856;7129;1329;-2461,94515372772;4987,89030745544;"presence_IC_rafale_max_complet";"presence";"IC";"rafale_max";"complet";"vent"
1,27816690952216;44,3999999999998;7633;825;-2461,92842866967;4987,85685733933;"presence_IC_rafale_max_complet";"presence";"IC";"rafale_max";"complet";"vent"
-1,22949963987943;15,9666666666667;582;5199;-22110,0925553753;44286,1851107505;"intensite_IC_rafale_max_complet";"intensite";"IC";"rafale_max";"complet";"temperature"
-0,911712955569812;17,5333333333333;910;4871;-22106,5326099793;44279,0652199585;"intensite_IC_rafale_max_complet";"intensite";"IC";"rafale_max";"complet";"temperature"
-0,684722466777231;18,652380952381;1239;4542;-22103,3152999278;44272,6305998556;"intensite_IC_rafale_max_complet";"intensite";"IC";"rafale_max";"complet";"temperature"
-0,660850518715762;18,7700680272109;1262;4519;-22103,0121446535;44272,0242893069;"intensite_IC_rafale_max_complet";"intensite";"IC";"rafale_max";"complet";"temperature"
-0,636978570654294;18,8877551020408;1311;4470;-22102,801310847;44271,6026216939;"intensite_IC_rafale_max_complet";"intensite";"IC";"rafale_max";"complet";"temperature"
-0,613106622592825;19,0054421768708;1357;4424;-22102,6849601518;44271,3699203037;"intensite_IC_rafale_max_complet";"intensite";"IC";"rafale_max";"complet";"temperature"
-0,589234674531356;19,1231292517007;1387;4394;-22102,5545111183;44271,1090222366;"intensite_IC_rafale_max_complet";"intensite";"IC";"rafale_max";"complet";"temperature"
-0,565362726469887;19,2408163265306;1436;4345;-22102,491265256;44270,982530512;"intensite_IC_rafale_max_complet";"intensite";"IC";"rafale_max";"complet";"temperature"
-0,541490778408418;19,3585034013606;1483;4298;-22102,4741035403;44270,9482070805;"intensite_IC_rafale_max_complet";"intensite";"IC";"rafale_max";"complet";"temperature"
-0,517618830346949;19,4761904761905;1530;4251;-22102,5039557438;44271,0079114877;"intensite_IC_rafale_max_complet";"intensite";"IC";"rafale_max";"complet";"temperature"
-0,49374688228548;19,5938775510204;1567;4214;-22102,5195356637;44271,0390713274;"intensite_IC_rafale_max_complet";"intensite";"IC";"rafale_max";"complet";"temperature"
-0,492504989033728;19,6;1574;4207;-22102,5217251216;44271,0434502433;"intensite_IC_rafale_max_complet";"intensite";"IC";"rafale_max";"complet";"temperature"
-0,469874934224011;19,7115646258504;1627;4154;-22102,5474609856;44271,0949219712;"intensite_IC_rafale_max_complet";"intensite";"IC";"rafale_max";"complet";"temperature"
-0,446002986162542;19,8292517006803;1675;4106;-22102,6095136445;44271,2190272891;"intensite_IC_rafale_max_complet";"intensite";"IC";"rafale_max";"complet";"temperature"
-0,422131038101073;19,9469387755102;1734;4047;-22102,739080105;44271,4781602101;"intensite_IC_rafale_max_complet";"intensite";"IC";"rafale_max";"complet";"temperature"
-0,398259090039604;20,0646258503401;1768;4013;-22102,8377989532;44271,6755979064;"intensite_IC_rafale_max_complet";"intensite";"IC";"rafale_max";"complet";"temperature"
-0,374387141978135;20,1823129251701;1830;3951;-22102,939719746;44271,879439492;"intensite_IC_rafale_max_complet";"intensite";"IC";"rafale_max";"complet";"temperature"
-0,350515193916666;20,3;1901;3880;-22103,0439682246;44272,0879364493;"intensite_IC_rafale_max_complet";"intensite";"IC";"rafale_max";"complet";"temperature"
-0,188241142354311;21,1;2240;3541;-22104,6821309949;44275,3642619899;"intensite_IC_rafale_max_complet";"intensite";"IC";"rafale_max";"complet";"temperature"
-0,0597741848674459;21,7333333333334;2568;3213;-22105,7124732669;44277,4249465337;"intensite_IC_rafale_max_complet";"intensite";"IC";"rafale_max";"complet";"temperature"
0,0619313538043203;22,3333333333334;2910;2871;-22106,7036442081;44279,4072884162;"intensite_IC_rafale_max_complet";"intensite";"IC";"rafale_max";"complet";"temperature"
0,176875473660989;22,9;3225;2556;-22107,9869602443;44281,9739204887;"intensite_IC_rafale_max_complet";"intensite";"IC";"rafale_max";"complet";"temperature"
0,325626687593149;23,6333333333334;3552;2229;-22109,1058269369;44284,2116538739;"intensite_IC_rafale_max_complet";"intensite";"IC";"rafale_max";"complet";"temperature"
0,494662157970602;24,4666666666667;3891;1890;-22109,6162362679;44285,2324725358;"intensite_IC_rafale_max_complet";"intensite";"IC";"rafale_max";"complet";"temperature"
0,670459047163154;25,3333333333334;4215;1566;-22110,3710163283;44286,7420326566;"intensite_IC_rafale_max_complet";"intensite";"IC";"rafale_max";"complet";"temperature"
0,880063030431196;26,3666666666667;4551;1230;-22111,0806228799;44288,1612457598;"intensite_IC_rafale_max_complet";"intensite";"IC";"rafale_max";"complet";"temperature"
1,10995127014453;27,5;4881;900;-22111,3291211792;44288,6582423584;"intensite_IC_rafale_max_complet";"intensite";"IC";"rafale_max";"complet";"temperature"
1,36688518511826;28,7666666666667;5204;577;-22111,4711279713;44288,9422559426;"intensite_IC_rafale_max_complet";"intensite";"IC";"rafale_max";"complet";"temperature"
-1,36704629667202;43,3333333333332;584;5197;-22110,9277247228;44287,8554494455;"intensite_IC_rafale_max_complet";"intensite";"IC";"rafale_max";"complet";"humidite"
-1,11976944760105;47,7499999999999;913;4868;-22111,5835159717;44289,1670319435;"intensite_IC_rafale_max_complet";"intensite";"IC";"rafale_max";"complet";"humidite"
-0,93781101149222;50,9999999999999;1241;4540;-22111,5505520903;44289,1011041805;"intensite_IC_rafale_max_complet";"intensite";"IC";"rafale_max";"complet";"humidite"
-0,74185577260579;54,4999999999999;1577;4204;-22110,4313449974;44286,8626899948;"intensite_IC_rafale_max_complet";"intensite";"IC";"rafale_max";"complet";"humidite"
-0,56456293742283;57,6666666666665;1904;3877;-22107,3345955198;44280,6691910395;"intensite_IC_rafale_max_complet";"intensite";"IC";"rafale_max";"complet";"humidite"
-0,415263707795073;60,3333333333332;2236;3545;-22104,4158059993;44274,8316119987;"intensite_IC_rafale_max_complet";"intensite";"IC";"rafale_max";"complet";"humidite"
-0,237970872612113;63,4999999999999;2586;3195;-22101,1732823809;44268,3465647617;"intensite_IC_rafale_max_complet";"intensite";"IC";"rafale_max";"complet";"humidite"
-0,0700092392808869;66,4999999999999;2916;2865;-22100,0920238873;44266,1840477747;"intensite_IC_rafale_max_complet";"intensite";"IC";"rafale_max";"complet";"humidite"
-0,0460147202335689;66,9285714285713;2955;2826;-22099,9859208922;44265,9718417845;"intensite_IC_rafale_max_complet";"intensite";"IC";"rafale_max";"complet";"humidite"
-0,0220202011862509;67,3571428571427;3026;2755;-22099,9101225056;44265,8202450112;"intensite_IC_rafale_max_complet";"intensite";"IC";"rafale_max";"complet";"humidite"
0,00197431786106705;67,7857142857142;3080;2701;-22099,8778275658;44265,7556551315;"intensite_IC_rafale_max_complet";"intensite";"IC";"rafale_max";"complet";"humidite"
0,025968836908385;68,2142857142856;3110;2671;-22099,8612504702;44265,7225009403;"intensite_IC_rafale_max_complet";"intensite";"IC";"rafale_max";"complet";"humidite"
0,049963355955703;68,642857142857;3159;2622;-22099,8178439173;44265,6356878346;"intensite_IC_rafale_max_complet";"intensite";"IC";"rafale_max";"complet";"humidite"
0,073957875003021;69,0714285714284;3215;2566;-22099,8090100465;44265,6180200929;"intensite_IC_rafale_max_complet";"intensite";"IC";"rafale_max";"complet";"humidite"
0,0839555912727368;69,2499999999999;3234;2547;-22099,8301541388;44265,6603082776;"intensite_IC_rafale_max_complet";"intensite";"IC";"rafale_max";"complet";"humidite"
0,097952394050339;69,4999999999999;3275;2506;-22099,8789602975;44265,7579205949;"intensite_IC_rafale_max_complet";"intensite";"IC";"rafale_max";"complet";"humidite"
0,121946913097657;69,9285714285713;3294;2487;-22100,0300497206;44266,0600994412;"intensite_IC_rafale_max_complet";"intensite";"IC";"rafale_max";"complet";"humidite"
0,145941432144975;70,3571428571427;3339;2442;-22100,0852251152;44266,1704502304;"intensite_IC_rafale_max_complet";"intensite";"IC";"rafale_max";"complet";"humidite"
0,169935951192293;70,7857142857141;3392;2389;-22100,1391280902;44266,2782561805;"intensite_IC_rafale_max_complet";"intensite";"IC";"rafale_max";"complet";"humidite"
0,193930470239611;71,2142857142856;3412;2369;-22100,205292673;44266,410585346;"intensite_IC_rafale_max_complet";"intensite";"IC";"rafale_max";"complet";"humidite"
0,217924989286929;71,642857142857;3456;2325;-22100,2480291285;44266,496058257;"intensite_IC_rafale_max_complet";"intensite";"IC";"rafale_max";"complet";"humidite"
0,241919508334247;72,0714285714284;3518;2263;-22100,2495994717;44266,4991989435;"intensite_IC_rafale_max_complet";"intensite";"IC";"rafale_max";"complet";"humidite"
0,265914027381565;72,4999999999999;3566;2215;-22100,3462950934;44266,6925901869;"intensite_IC_rafale_max_complet";"intensite";"IC";"rafale_max";"complet";"humidite"
0,447872463490393;75,7499999999999;3891;1890;-22100,7350737616;44267,4701475232;"intensite_IC_rafale_max_complet";"intensite";"IC";"rafale_max";"complet";"humidite"
0,629830899599221;78,9999999999999;4222;1559;-22102,318008419;44270,6360168379;"intensite_IC_rafale_max_complet";"intensite";"IC";"rafale_max";"complet";"humidite"
0,839782941263253;82,7499999999999;4550;1231;-22104,9868609774;44275,9737219549;"intensite_IC_rafale_max_complet";"intensite";"IC";"rafale_max";"complet";"humidite"
1,06373178570489;86,7499999999999;4876;905;-22107,5483219812;44281,0966439625;"intensite_IC_rafale_max_complet";"intensite";"IC";"rafale_max";"complet";"humidite"
1,34366784125693;91,7499999999998;5209;572;-22108,8691619599;44283,7383239198;"intensite_IC_rafale_max_complet";"intensite";"IC";"rafale_max";"complet";"humidite"
-1,1086796314727;1016,96666666667;580;5201;-22110,4974603223;44286,9949206446;"intensite_IC_rafale_max_complet";"intensite";"IC";"rafale_max";"complet";"pression"
-0,849730996108962;1018,43333333333;910;4871;-22109,9156450035;44285,831290007;"intensite_IC_rafale_max_complet";"intensite";"IC";"rafale_max";"complet";"pression"
-0,602552753261767;1019,83333333333;1242;4539;-22107,9817115878;44281,9634231756;"intensite_IC_rafale_max_complet";"intensite";"IC";"rafale_max";"complet";"pression"
-0,455422846805115;1020,66666666667;1573;4208;-22106,819710216;44279,639420432;"intensite_IC_rafale_max_complet";"intensite";"IC";"rafale_max";"complet";"pression"
-0,308292940348442;1021,5;1910;3871;-22105,3839085259;44276,7678170518;"intensite_IC_rafale_max_complet";"intensite";"IC";"rafale_max";"complet";"pression"
-0,172933426408292;1022,26666666667;2232;3549;-22104,1900836627;44274,3801673253;"intensite_IC_rafale_max_complet";"intensite";"IC";"rafale_max";"complet";"pression"
-0,0493443049847044;1022,96666666667;2563;3218;-22101,4174558706;44268,8349117411;"intensite_IC_rafale_max_complet";"intensite";"IC";"rafale_max";"complet";"pression"
0,0801300126971444;1023,7;2894;2887;-22098,3299522445;44262,659904489;"intensite_IC_rafale_max_complet";"intensite";"IC";"rafale_max";"complet";"pression"
0,0982059726332484;1023,80238095238;2951;2830;-22097,8974359796;44261,7948719593;"intensite_IC_rafale_max_complet";"intensite";"IC";"rafale_max";"complet";"pression"
0,116281932569352;1023,90476190476;2992;2789;-22097,4870021299;44260,9740042599;"intensite_IC_rafale_max_complet";"intensite";"IC";"rafale_max";"complet";"pression"
0,134357892505456;1024,00714285714;3052;2729;-22097,0782152194;44260,1564304387;"intensite_IC_rafale_max_complet";"intensite";"IC";"rafale_max";"complet";"pression"
0,15243385244156;1024,10952380953;3113;2668;-22096,7917499255;44259,5834998511;"intensite_IC_rafale_max_complet";"intensite";"IC";"rafale_max";"complet";"pression"
0,170509812377664;1024,21190476191;3170;2611;-22096,4342741882;44258,8685483765;"intensite_IC_rafale_max_complet";"intensite";"IC";"rafale_max";"complet";"pression"
0,186063545345948;1024,3;3223;2558;-22096,1975015005;44258,395003001;"intensite_IC_rafale_max_complet";"intensite";"IC";"rafale_max";"complet";"pression"
0,188585772313768;1024,31428571429;3223;2558;-22096,1672924652;44258,3345849304;"intensite_IC_rafale_max_complet";"intensite";"IC";"rafale_max";"complet";"pression"
0,206661732249872;1024,41666666667;3278;2503;-22096,0177364667;44258,0354729335;"intensite_IC_rafale_max_complet";"intensite";"IC";"rafale_max";"complet";"pression"
0,224737692185977;1024,51904761905;3325;2456;-22095,9286368214;44257,8572736428;"intensite_IC_rafale_max_complet";"intensite";"IC";"rafale_max";"complet";"pression"
0,242813652122081;1024,62142857143;3376;2405;-22095,8904216374;44257,7808432749;"intensite_IC_rafale_max_complet";"intensite";"IC";"rafale_max";"complet";"pression"
0,260889612058185;1024,72380952381;3400;2381;-22095,9437033391;44257,8874066782;"intensite_IC_rafale_max_complet";"intensite";"IC";"rafale_max";"complet";"pression"
0,278965571994289;1024,82619047619;3442;2339;-22096,0614915703;44258,1229831406;"intensite_IC_rafale_max_complet";"intensite";"IC";"rafale_max";"complet";"pression"
0,297041531930393;1024,92857142857;3475;2306;-22096,1408278359;44258,2816556719;"intensite_IC_rafale_max_complet";"intensite";"IC";"rafale_max";"complet";"pression"
0,315117491866497;1025,03095238095;3508;2273;-22096,2610601851;44258,5221203702;"intensite_IC_rafale_max_complet";"intensite";"IC";"rafale_max";"complet";"pression"
0,333193451802601;1025,13333333333;3556;2225;-22096,4623700785;44258,9247401569;"intensite_IC_rafale_max_complet";"intensite";"IC";"rafale_max";"complet";"pression"
0,480323358259293;1025,96666666667;3891;1890;-22098,3958211275;44262,791642255;"intensite_IC_rafale_max_complet";"intensite";"IC";"rafale_max";"complet";"pression"
0,59802728342464;1026,63333333334;4215;1566;-22099,1612632873;44264,3225265745;"intensite_IC_rafale_max_complet";"intensite";"IC";"rafale_max";"complet";"pression"
0,762812778656093;1027,56666666667;4542;1239;-22101,013377597;44268,026755194;"intensite_IC_rafale_max_complet";"intensite";"IC";"rafale_max";"complet";"pression"
0,921713077629292;1028,46666666667;4877;904;-22101,852430888;44269,704861776;"intensite_IC_rafale_max_complet";"intensite";"IC";"rafale_max";"complet";"pression"
1,15123573170168;1029,76666666667;5203;578;-22098,5712215225;44263,142443045;"intensite_IC_rafale_max_complet";"intensite";"IC";"rafale_max";"complet";"pression"
-1,20493678709973;16,8;585;5196;-22111,6263453381;44289,2526906762;"intensite_IC_rafale_max_complet";"intensite";"IC";"rafale_max";"complet";"vent"
-0,980017973999919;19,3;928;4853;-22111,6183395902;44289,2366791805;"intensite_IC_rafale_max_complet";"intensite";"IC";"rafale_max";"complet";"vent"
-0,818076428568057;21,1;1245;4536;-22111,54784195;44289,0956839;"intensite_IC_rafale_max_complet";"intensite";"IC";"rafale_max";"complet";"vent"
-0,647138130612202;23;1580;4201;-22111,1151210213;44288,2302420426;"intensite_IC_rafale_max_complet";"intensite";"IC";"rafale_max";"complet";"vent"
-0,48519658518034;24,8;1927;3854;-22110,8751854694;44287,7503709387;"intensite_IC_rafale_max_complet";"intensite";"IC";"rafale_max";"complet";"vent"
-0,341248544796462;26,4;2233;3548;-22110,7521122895;44287,5042245791;"intensite_IC_rafale_max_complet";"intensite";"IC";"rafale_max";"complet";"vent"
-0,215294009460569;27,8;2565;3216;-22110,6056262656;44287,2112525312;"intensite_IC_rafale_max_complet";"intensite";"IC";"rafale_max";"complet";"vent"
-0,0803427216006842;29,3;2906;2875;-22110,3412644429;44286,6825288858;"intensite_IC_rafale_max_complet";"intensite";"IC";"rafale_max";"complet";"vent"
0,0481823144563487;30,7285714285714;3221;2560;-22109,9602904688;44285,9205809375;"intensite_IC_rafale_max_complet";"intensite";"IC";"rafale_max";"complet";"vent"
0,180563101595094;32,2;3552;2229;-22109,5233390723;44285,0466781445;"intensite_IC_rafale_max_complet";"intensite";"IC";"rafale_max";"complet";"vent"
0,333507894502964;33,9;3890;1891;-22109,0903849862;44284,1807699725;"intensite_IC_rafale_max_complet";"intensite";"IC";"rafale_max";"complet";"vent"
0,359855526894656;34,1928571428571;3920;1861;-22109,047274724;44284,094549448;"intensite_IC_rafale_max_complet";"intensite";"IC";"rafale_max";"complet";"vent"
0,386203159286347;34,4857142857143;3962;1819;-22109,0245813006;44284,0491626012;"intensite_IC_rafale_max_complet";"intensite";"IC";"rafale_max";"complet";"vent"
0,412550791678039;34,7785714285714;4014;1767;-22109,0285563139;44284,0571126278;"intensite_IC_rafale_max_complet";"intensite";"IC";"rafale_max";"complet";"vent"
0,438898424069731;35,0714285714286;4064;1717;-22109,0299106976;44284,0598213952;"intensite_IC_rafale_max_complet";"intensite";"IC";"rafale_max";"complet";"vent"
0,465246056461423;35,3642857142857;4119;1662;-22109,0149446906;44284,0298893812;"intensite_IC_rafale_max_complet";"intensite";"IC";"rafale_max";"complet";"vent"
0,491593688853115;35,6571428571429;4179;1602;-22108,9996337173;44283,9992674346;"intensite_IC_rafale_max_complet";"intensite";"IC";"rafale_max";"complet";"vent"
0,513442944982811;35,9;4218;1563;-22108,9952985802;44283,9905971605;"intensite_IC_rafale_max_complet";"intensite";"IC";"rafale_max";"complet";"vent"
0,517941321244807;35,95;4218;1563;-22108,9971332398;44283,9942664796;"intensite_IC_rafale_max_complet";"intensite";"IC";"rafale_max";"complet";"vent"
0,544288953636499;36,2428571428571;4269;1512;-22109,0136213655;44284,027242731;"intensite_IC_rafale_max_complet";"intensite";"IC";"rafale_max";"complet";"vent"
0,570636586028191;36,5357142857143;4313;1468;-22109,0269408365;44284,053881673;"intensite_IC_rafale_max_complet";"intensite";"IC";"rafale_max";"complet";"vent"
0,596984218419883;36,8285714285714;4370;1411;-22109,0533460666;44284,1066921332;"intensite_IC_rafale_max_complet";"intensite";"IC";"rafale_max";"complet";"vent"
0,623331850811574;37,1214285714286;4407;1374;-22109,0772767273;44284,1545534545;"intensite_IC_rafale_max_complet";"intensite";"IC";"rafale_max";"complet";"vent"
0,649679483203266;37,4142857142857;4451;1330;-22109,0996741887;44284,1993483774;"intensite_IC_rafale_max_complet";"intensite";"IC";"rafale_max";"complet";"vent"
0,676027115594958;37,7071428571429;4502;1279;-22109,1534858648;44284,3069717295;"intensite_IC_rafale_max_complet";"intensite";"IC";"rafale_max";"complet";"vent"
0,70237474798665;38;4546;1235;-22109,1831330422;44284,3662660845;"intensite_IC_rafale_max_complet";"intensite";"IC";"rafale_max";"complet";"vent"
0,927293561086459;40,5;4878;903;-22109,5504670678;44285,1009341355;"intensite_IC_rafale_max_complet";"intensite";"IC";"rafale_max";"complet";"vent"
1,27816690952216;44,4;5205;576;-22109,8855481302;44285,7710962605;"intensite_IC_rafale_max_complet";"intensite";"IC";"rafale_max";"complet";"vent"
-1,42558078551727;15;617;5513;-1728,01027442313;3514,02054884626;"presence_MR_moyen_complet";"presence";"MR";"moyen";"complet";"temperature"
-1,17540828935864;16,2333333333333;965;5165;-1727,94102509325;3513,8820501865;"presence_MR_moyen_complet";"presence";"MR";"moyen";"complet";"temperature"
-0,938758630830205;17,4;1315;4815;-1727,7803389595;3513,56067791899;"presence_MR_moyen_complet";"presence";"MR";"moyen";"complet";"temperature"
-0,749438904007457;18,3333333333333;1670;4460;-1727,67408871507;3513,34817743014;"presence_MR_moyen_complet";"presence";"MR";"moyen";"complet";"temperature"
-0,560119177184709;19,2666666666667;2021;4109;-1727,69720346193;3513,39440692386;"presence_MR_moyen_complet";"presence";"MR";"moyen";"complet";"temperature"
-0,404606544437452;20,0333333333333;2367;3763;-1727,79157285519;3513,58314571039;"presence_MR_moyen_complet";"presence";"MR";"moyen";"complet";"temperature"
-0,255855330505293;20,7666666666667;2717;3413;-1727,77653301289;3513,55306602578;"presence_MR_moyen_complet";"presence";"MR";"moyen";"complet";"temperature"
-0,120626954203329;21,4333333333334;3069;3061;-1727,79727868748;3513,59455737495;"presence_MR_moyen_complet";"presence";"MR";"moyen";"complet";"temperature"
0,00784000328353535;22,0666666666667;3418;2712;-1727,81085021433;3513,62170042866;"presence_MR_moyen_complet";"presence";"MR";"moyen";"complet";"temperature"
0,149829798400596;22,7666666666667;3767;2363;-1727,78087499355;3513,56174998711;"presence_MR_moyen_complet";"presence";"MR";"moyen";"complet";"temperature"
0,173011805766647;22,8809523809524;3837;2293;-1727,75325072815;3513,50650145629;"presence_MR_moyen_complet";"presence";"MR";"moyen";"complet";"temperature"
0,196193813132698;22,9952380952381;3910;2220;-1727,72615251066;3513,45230502131;"presence_MR_moyen_complet";"presence";"MR";"moyen";"complet";"temperature"
0,219375820498749;23,1095238095238;3951;2179;-1727,70364281288;3513,40728562577;"presence_MR_moyen_complet";"presence";"MR";"moyen";"complet";"temperature"
0,242557827864799;23,2238095238095;3998;2132;-1727,69069954128;3513,38139908257;"presence_MR_moyen_complet";"presence";"MR";"moyen";"complet";"temperature"
0,26573983523085;23,3380952380953;4058;2072;-1727,67257829487;3513,34515658974;"presence_MR_moyen_complet";"presence";"MR";"moyen";"complet";"temperature"
0,288921842596901;23,452380952381;4093;2037;-1727,65699456655;3513,3139891331;"presence_MR_moyen_complet";"presence";"MR";"moyen";"complet";"temperature"
0,291819593517658;23,4666666666667;4122;2008;-1727,65607646118;3513,31215292236;"presence_MR_moyen_complet";"presence";"MR";"moyen";"complet";"temperature"
0,312103849962952;23,5666666666667;4145;1985;-1727,65892794502;3513,31785589003;"presence_MR_moyen_complet";"presence";"MR";"moyen";"complet";"temperature"
0,335285857329002;23,6809523809524;4223;1907;-1727,67188841829;3513,34377683659;"presence_MR_moyen_complet";"presence";"MR";"moyen";"complet";"temperature"
0,358467864695053;23,7952380952381;4291;1839;-1727,68444818145;3513,36889636289;"presence_MR_moyen_complet";"presence";"MR";"moyen";"complet";"temperature"
0,381649872061104;23,9095238095238;4334;1796;-1727,69739531128;3513,39479062255;"presence_MR_moyen_complet";"presence";"MR";"moyen";"complet";"temperature"
0,404831879427155;24,0238095238096;4363;1767;-1727,71768269637;3513,43536539273;"presence_MR_moyen_complet";"presence";"MR";"moyen";"complet";"temperature"
0,428013886793205;24,1380952380953;4413;1717;-1727,73612201544;3513,47224403089;"presence_MR_moyen_complet";"presence";"MR";"moyen";"complet";"temperature"
0,451195894159256;24,252380952381;4435;1695;-1727,76023385339;3513,52046770679;"presence_MR_moyen_complet";"presence";"MR";"moyen";"complet";"temperature"
0,474377901525307;24,3666666666667;4471;1659;-1727,78338200499;3513,56676400998;"presence_MR_moyen_complet";"presence";"MR";"moyen";"complet";"temperature"
0,670459047163154;25,3333333333334;4819;1311;-1727,90033914498;3513,80067828996;"presence_MR_moyen_complet";"presence";"MR";"moyen";"complet";"temperature"
0,934154380951982;26,6333333333334;5169;961;-1728,00464702825;3514,0092940565;"presence_MR_moyen_complet";"presence";"MR";"moyen";"complet";"temperature"
1,20461113355591;27,9666666666667;5521;609;-1727,95464925135;3513,90929850271;"presence_MR_moyen_complet";"presence";"MR";"moyen";"complet";"temperature"
-1,20375026426666;46,2500000000003;635;5495;-1727,47184438635;3512,9436887727;"presence_MR_moyen_complet";"presence";"MR";"moyen";"complet";"humidite"
-1,18875368986209;46,5178571428574;653;5477;-1727,44409594415;3512,88819188829;"presence_MR_moyen_complet";"presence";"MR";"moyen";"complet";"humidite"
-1,17375711545751;46,7857142857146;683;5447;-1727,42654891407;3512,85309782814;"presence_MR_moyen_complet";"presence";"MR";"moyen";"complet";"humidite"
-1,15876054105294;47,0535714285717;694;5436;-1727,41995242988;3512,83990485976;"presence_MR_moyen_complet";"presence";"MR";"moyen";"complet";"humidite"
-1,14376396664837;47,3214285714288;723;5407;-1727,41358847577;3512,82717695154;"presence_MR_moyen_complet";"presence";"MR";"moyen";"complet";"humidite"
-1,12876739224379;47,589285714286;745;5385;-1727,40918013308;3512,81836026616;"presence_MR_moyen_complet";"presence";"MR";"moyen";"complet";"humidite"
-1,11377081783922;47,8571428571431;756;5374;-1727,40839057991;3512,81678115982;"presence_MR_moyen_complet";"presence";"MR";"moyen";"complet";"humidite"
-1,09877424343465;48,1250000000003;783;5347;-1727,41060400274;3512,82120800548;"presence_MR_moyen_complet";"presence";"MR";"moyen";"complet";"humidite"
-1,08377766903007;48,3928571428574;815;5315;-1727,40574144764;3512,81148289529;"presence_MR_moyen_complet";"presence";"MR";"moyen";"complet";"humidite"
-1,0687810946255;48,6607142857145;836;5294;-1727,40459714774;3512,80919429547;"presence_MR_moyen_complet";"presence";"MR";"moyen";"complet";"humidite"
-1,05378452022092;48,9285714285717;863;5267;-1727,41857492726;3512,83714985453;"presence_MR_moyen_complet";"presence";"MR";"moyen";"complet";"humidite"
-1,03878794581635;49,1964285714288;878;5252;-1727,43979772641;3512,87959545281;"presence_MR_moyen_complet";"presence";"MR";"moyen";"complet";"humidite"
-1,02379137141178;49,464285714286;898;5232;-1727,46348769429;3512,92697538859;"presence_MR_moyen_complet";"presence";"MR";"moyen";"complet";"humidite"
-1,0087947970072;49,7321428571431;927;5203;-1727,48564761867;3512,97129523733;"presence_MR_moyen_complet";"presence";"MR";"moyen";"complet";"humidite"
-0,993798222602629;50,0000000000002;971;5159;-1727,50904329726;3513,01808659452;"presence_MR_moyen_complet";"presence";"MR";"moyen";"complet";"humidite"
-0,783846180938597;53,7500000000002;1328;4802;-1727,94186200283;3513,88372400566;"presence_MR_moyen_complet";"presence";"MR";"moyen";"complet";"humidite"
-0,607686420266202;56,8964285714288;1664;4466;-1728,05346319056;3514,10692638111;"presence_MR_moyen_complet";"presence";"MR";"moyen";"complet";"humidite"
-0,447922914276145;59,7500000000002;2036;4094;-1728,00261479523;3514,00522959045;"presence_MR_moyen_complet";"presence";"MR";"moyen";"complet";"humidite"
-0,265964478167317;63,0000000000001;2370;3760;-1727,98742960854;3513,97485921707;"presence_MR_moyen_complet";"presence";"MR";"moyen";"complet";"humidite"
-0,084006042058489;66,2500000000001;2719;3411;-1728,03179214807;3514,06358429613;"presence_MR_moyen_complet";"presence";"MR";"moyen";"complet";"humidite"
0,0839555912727368;69,2500000000001;3073;3057;-1728,02793731853;3514,05587463707;"presence_MR_moyen_complet";"presence";"MR";"moyen";"complet";"humidite"
0,265914027381565;72,5;3442;2688;-1728,04999986252;3514,09999972505;"presence_MR_moyen_complet";"presence";"MR";"moyen";"complet";"humidite"
0,461869266267995;76;3784;2346;-1728,0518235593;3514,10364711861;"presence_MR_moyen_complet";"presence";"MR";"moyen";"complet";"humidite"
0,615834096821619;78,75;4128;2002;-1728,05456286403;3514,10912572805;"presence_MR_moyen_complet";"presence";"MR";"moyen";"complet";"humidite"
0,811789335708049;82,25;4493;1637;-1728,05392628641;3514,10785257283;"presence_MR_moyen_complet";"presence";"MR";"moyen";"complet";"humidite"
1,00274571645962;85,6607142857141;4816;1314;-1728,03681824712;3514,07363649425;"presence_MR_moyen_complet";"presence";"MR";"moyen";"complet";"humidite"
1,21769661625851;89,4999999999999;5180;950;-1727,92051821315;3513,84103642631;"presence_MR_moyen_complet";"presence";"MR";"moyen";"complet";"humidite"
1,45564226347775;93,7499999999999;5536;594;-1727,85013034965;3513,7002606993;"presence_MR_moyen_complet";"presence";"MR";"moyen";"complet";"humidite"
-1,12692373987333;1016,86333333333;613;5517;-1727,98566261928;3513,97132523855;"presence_MR_moyen_complet";"presence";"MR";"moyen";"complet";"pression"
-0,867386584883766;1018,33333333333;966;5164;-1727,74315622556;3513,48631245112;"presence_MR_moyen_complet";"presence";"MR";"moyen";"complet";"pression"
-0,602552753261767;1019,83333333333;1319;4811;-1727,37396293366;3512,74792586731;"presence_MR_moyen_complet";"presence";"MR";"moyen";"complet";"pression"
-0,449537650546813;1020,7;1673;4457;-1727,04530295973;3512,09060591947;"presence_MR_moyen_complet";"presence";"MR";"moyen";"complet";"pression"
-0,274074727818243;1021,69380952381;2014;4116;-1726,30931222288;3510,61862444575;"presence_MR_moyen_complet";"presence";"MR";"moyen";"complet";"pression"
-0,149392641375247;1022,4;2379;3751;-1725,6131580815;3509,226316163;"presence_MR_moyen_complet";"presence";"MR";"moyen";"complet";"pression"
-0,0258035199516391;1023,1;2737;3393;-1725,1602317182;3508,32046343639;"presence_MR_moyen_complet";"presence";"MR";"moyen";"complet";"pression"
0,0801300126971845;1023,7;3067;3063;-1724,77598446706;3507,55196893412;"presence_MR_moyen_complet";"presence";"MR";"moyen";"complet";"pression"
0,186063545345948;1024,3;3418;2712;-1724,362744176;3506,72548835201;"presence_MR_moyen_complet";"presence";"MR";"moyen";"complet";"pression"
0,333193451802601;1025,13333333333;3768;2362;-1723,73378221588;3505,46756443176;"presence_MR_moyen_complet";"presence";"MR";"moyen";"complet";"pression"
0,474438162001032;1025,93333333333;4124;2006;-1723,06256470327;3504,12512940654;"presence_MR_moyen_complet";"presence";"MR";"moyen";"complet";"pression"
0,580371694649816;1026,53333333333;4474;1656;-1722,91232030986;3503,82464061973;"presence_MR_moyen_complet";"presence";"MR";"moyen";"complet";"pression"
0,602651366198968;1026,65952380952;4529;1601;-1722,84881282695;3503,69762565389;"presence_MR_moyen_complet";"presence";"MR";"moyen";"complet";"pression"
0,62493103774812;1026,78571428571;4585;1545;-1722,69196374562;3503,38392749124;"presence_MR_moyen_complet";"presence";"MR";"moyen";"complet";"pression"
0,647210709297272;1026,9119047619;4649;1481;-1722,46593168189;3502,93186336379;"presence_MR_moyen_complet";"presence";"MR";"moyen";"complet";"pression"
0,669490380846424;1027,03809523809;4721;1409;-1722,19824430795;3502,39648861589;"presence_MR_moyen_complet";"presence";"MR";"moyen";"complet";"pression"
0,691770052395576;1027,16428571428;4752;1378;-1721,92911981254;3501,85823962509;"presence_MR_moyen_complet";"presence";"MR";"moyen";"complet";"pression"
0,714049723944728;1027,29047619047;4786;1344;-1721,63089259469;3501,26178518938;"presence_MR_moyen_complet";"presence";"MR";"moyen";"complet";"pression"
0,73632939549388;1027,41666666666;4813;1317;-1721,33783382529;3500,67566765059;"presence_MR_moyen_complet";"presence";"MR";"moyen";"complet";"pression"
0,739271993623017;1027,43333333333;4816;1314;-1721,29727413362;3500,59454826724;"presence_MR_moyen_complet";"presence";"MR";"moyen";"complet";"pression"
0,758609067043033;1027,54285714285;4872;1258;-1721,17245654156;3500,34491308313;"presence_MR_moyen_complet";"presence";"MR";"moyen";"complet";"pression"
0,780888738592185;1027,66904761904;4924;1206;-1721,08235441984;3500,16470883967;"presence_MR_moyen_complet";"presence";"MR";"moyen";"complet";"pression"
0,803168410141337;1027,79523809524;4955;1175;-1721,0728579373;3500,14571587461;"presence_MR_moyen_complet";"presence";"MR";"moyen";"complet";"pression"
0,825448081690489;1027,92142857143;4990;1140;-1721,24689569104;3500,49379138208;"presence_MR_moyen_complet";"presence";"MR";"moyen";"complet";"pression"
0,847727753239641;1028,04761904762;5041;1089;-1721,56884474575;3501,13768949151;"presence_MR_moyen_complet";"presence";"MR";"moyen";"complet";"pression"
0,870007424788793;1028,17380952381;5092;1038;-1721,91248515042;3501,82497030084;"presence_MR_moyen_complet";"presence";"MR";"moyen";"complet";"pression"
0,892287096337945;1028,3;5173;957;-1722,29062403488;3502,58124806976;"presence_MR_moyen_complet";"presence";"MR";"moyen";"complet";"pression"
1,09297228874486;1029,43666666666;5517;613;-1724,75604971224;3507,51209942449;"presence_MR_moyen_complet";"presence";"MR";"moyen";"complet";"pression"
-1,1205391224963;1,584;629;5501;-1727,13485305991;3512,26970611981;"presence_MR_moyen_complet";"presence";"MR";"moyen";"complet";"vent"
-0,94118506882725;1,8;966;5164;-1727,75046613121;3513,50093226243;"presence_MR_moyen_complet";"presence";"MR";"moyen";"complet";"vent"
-0,791723357436375;1,98;1341;4789;-1727,95553836734;3513,91107673469;"presence_MR_moyen_complet";"presence";"MR";"moyen";"complet";"vent"
-0,657207817184589;2,142;1664;4466;-1728,01406198713;3514,02812397427;"presence_MR_moyen_complet";"presence";"MR";"moyen";"complet";"vent"
-0,522692276932802;2,304;2051;4079;-1728,02712581842;3514,05425163685;"presence_MR_moyen_complet";"presence";"MR";"moyen";"complet";"vent"
-0,403122907820103;2,448;2394;3736;-1727,98117348287;3513,96234696573;"presence_MR_moyen_complet";"presence";"MR";"moyen";"complet";"vent"
-0,283553538707404;2,592;2715;3415;-1727,87153384768;3513,74306769536;"presence_MR_moyen_complet";"presence";"MR";"moyen";"complet";"vent"
-0,13409182731653;2,772;3067;3063;-1727,67533812211;3513,35067624423;"presence_MR_moyen_complet";"presence";"MR";"moyen";"complet";"vent"
-0,0145224582038303;2,916;3423;2707;-1727,53758974685;3513,0751794937;"presence_MR_moyen_complet";"presence";"MR";"moyen";"complet";"vent"
0,134939253187043;3,096;3794;2336;-1727,38804252855;3512,77608505711;"presence_MR_moyen_complet";"presence";"MR";"moyen";"complet";"vent"
0,284400964577917;3,276;4127;2003;-1727,19411895789;3512,38823791577;"presence_MR_moyen_complet";"presence";"MR";"moyen";"complet";"vent"
0,463755018246966;3,492;4472;1658;-1726,89070395922;3511,78140791845;"presence_MR_moyen_complet";"presence";"MR";"moyen";"complet";"vent"
0,702893756472365;3,77999999999999;4827;1303;-1726,51937172919;3511,03874345838;"presence_MR_moyen_complet";"presence";"MR";"moyen";"complet";"vent"
0,749867437195211;3,83657142857142;4892;1238;-1726,47315550234;3510,94631100467;"presence_MR_moyen_complet";"presence";"MR";"moyen";"complet";"vent"
0,796841117918057;3,89314285714285;4933;1197;-1726,4145067472;3510,82901349439;"presence_MR_moyen_complet";"presence";"MR";"moyen";"complet";"vent"
0,843814798640903;3,94971428571428;4994;1136;-1726,36534167522;3510,73068335045;"presence_MR_moyen_complet";"presence";"MR";"moyen";"complet";"vent"
0,890788479363749;4,00628571428571;5066;1064;-1726,34067013992;3510,68134027984;"presence_MR_moyen_complet";"presence";"MR";"moyen";"complet";"vent"
0,937762160086595;4,06285714285714;5121;1009;-1726,28631153696;3510,57262307391;"presence_MR_moyen_complet";"presence";"MR";"moyen";"complet";"vent"
0,970003186400912;4,10168571428571;5166;964;-1726,2620332336;3510,52406646719;"presence_MR_moyen_complet";"presence";"MR";"moyen";"complet";"vent"
0,984735840809441;4,11942857142856;5186;944;-1726,26290618129;3510,52581236258;"presence_MR_moyen_complet";"presence";"MR";"moyen";"complet";"vent"
1,03170952153229;4,17599999999999;5247;883;-1726,30855632529;3510,61711265058;"presence_MR_moyen_complet";"presence";"MR";"moyen";"complet";"vent"
1,07868320225513;4,23257142857142;5305;825;-1726,35057580149;3510,70115160298;"presence_MR_moyen_complet";"presence";"MR";"moyen";"complet";"vent"
1,12565688297798;4,28914285714285;5333;797;-1726,44460986815;3510,88921973631;"presence_MR_moyen_complet";"presence";"MR";"moyen";"complet";"vent"
1,17263056370082;4,34571428571428;5368;762;-1726,55316945829;3511,10633891658;"presence_MR_moyen_complet";"presence";"MR";"moyen";"complet";"vent"
1,21960424442367;4,40228571428571;5420;710;-1726,66640444544;3511,33280889088;"presence_MR_moyen_complet";"presence";"MR";"moyen";"complet";"vent"
1,26657792514652;4,45885714285713;5469;661;-1726,77652849566;3511,55305699132;"presence_MR_moyen_complet";"presence";"MR";"moyen";"complet";"vent"
1,31355160586936;4,51542857142856;5484;646;-1726,90315188033;3511,80630376066;"presence_MR_moyen_complet";"presence";"MR";"moyen";"complet";"vent"
1,36052528659221;4,57199999999999;5521;609;-1727,04532592495;3512,09065184989;"presence_MR_moyen_complet";"presence";"MR";"moyen";"complet";"vent"
-1,337682340921;15,4333333333333;439;3907;-17035,6236460725;34131,2472921449;"intensite_MR_moyen_complet";"intensite";"MR";"moyen";"complet";"temperature"
-1,04162878851706;16,8928571428571;683;3663;-17032,9616496441;34125,9232992882;"intensite_MR_moyen_complet";"intensite";"MR";"moyen";"complet";"temperature"
-0,810291673343341;18,0333333333333;933;3413;-17029,0685684302;34118,1371368603;"intensite_MR_moyen_complet";"intensite";"MR";"moyen";"complet";"temperature"
-0,598272897641333;19,0785714285714;1180;3166;-17025,9610215601;34111,9220431203;"intensite_MR_moyen_complet";"intensite";"MR";"moyen";"complet";"temperature"
-0,576746747944285;19,184693877551;1198;3148;-17025,8531110697;34111,7062221393;"intensite_MR_moyen_complet";"intensite";"MR";"moyen";"complet";"temperature"
-0,555220598247238;19,2908163265306;1245;3101;-17025,8467576767;34111,6935153533;"intensite_MR_moyen_complet";"intensite";"MR";"moyen";"complet";"temperature"
-0,533694448550191;19,3969387755102;1278;3068;-17025,8282666755;34111,6565333511;"intensite_MR_moyen_complet";"intensite";"MR";"moyen";"complet";"temperature"
-0,512168298853144;19,5030612244897;1315;3031;-17025,8411938712;34111,6823877425;"intensite_MR_moyen_complet";"intensite";"MR";"moyen";"complet";"temperature"
-0,490642149156096;19,6091836734693;1343;3003;-17025,85357167;34111,70714334;"intensite_MR_moyen_complet";"intensite";"MR";"moyen";"complet";"temperature"
-0,469115999459049;19,7153061224489;1375;2971;-17025,8533147566;34111,7066295133;"intensite_MR_moyen_complet";"intensite";"MR";"moyen";"complet";"temperature"
-0,447589849762002;19,8214285714285;1412;2934;-17025,8664662996;34111,7329325991;"intensite_MR_moyen_complet";"intensite";"MR";"moyen";"complet";"temperature"
-0,431652219697844;19,8999999999999;1428;2918;-17025,9092454833;34111,8184909667;"intensite_MR_moyen_complet";"intensite";"MR";"moyen";"complet";"temperature"
-0,426063700064955;19,9275510204081;1436;2910;-17025,9335649423;34111,8671298845;"intensite_MR_moyen_complet";"intensite";"MR";"moyen";"complet";"temperature"
-0,404537550367908;20,0336734693877;1482;2864;-17025,9646454462;34111,9292908923;"intensite_MR_moyen_complet";"intensite";"MR";"moyen";"complet";"temperature"
-0,38301140067086;20,1397959183673;1524;2822;-17026,006342075;34112,0126841501;"intensite_MR_moyen_complet";"intensite";"MR";"moyen";"complet";"temperature"
-0,361485250973813;20,2459183673469;1561;2785;-17026,066810673;34112,1336213459;"intensite_MR_moyen_complet";"intensite";"MR";"moyen";"complet";"temperature"
-0,339959101276766;20,3520408163265;1604;2742;-17026,1384377266;34112,2768754532;"intensite_MR_moyen_complet";"intensite";"MR";"moyen";"complet";"temperature"
-0,318432951579719;20,4581632653061;1641;2705;-17026,2496364784;34112,4992729568;"intensite_MR_moyen_complet";"intensite";"MR";"moyen";"complet";"temperature"
-0,296906801882671;20,5642857142857;1676;2670;-17026,3503650767;34112,7007301535;"intensite_MR_moyen_complet";"intensite";"MR";"moyen";"complet";"temperature"
-0,147672629463722;21,3;1937;2409;-17027,4647965981;34114,9295931962;"intensite_MR_moyen_complet";"intensite";"MR";"moyen";"complet";"temperature"
-0,0192056719768571;21,9333333333333;2174;2172;-17028,6799350481;34117,3598700963;"intensite_MR_moyen_complet";"intensite";"MR";"moyen";"complet";"temperature"
0,102499866694909;22,5333333333333;2440;1906;-17030,4148934977;34120,8297869954;"intensite_MR_moyen_complet";"intensite";"MR";"moyen";"complet";"temperature"
0,224205405366675;23,1333333333333;2672;1674;-17032,1010115241;34124,2020230483;"intensite_MR_moyen_complet";"intensite";"MR";"moyen";"complet";"temperature"
0,352672362853541;23,7666666666666;2922;1424;-17033,4589245969;34126,9178491938;"intensite_MR_moyen_complet";"intensite";"MR";"moyen";"complet";"temperature"
0,541992089676289;24,7;3167;1179;-17034,4459067573;34128,8918135146;"intensite_MR_moyen_complet";"intensite";"MR";"moyen";"complet";"temperature"
0,737590276827344;25,6642857142857;3414;932;-17036,0172710786;34132,0345421571;"intensite_MR_moyen_complet";"intensite";"MR";"moyen";"complet";"temperature"
0,976171769302949;26,8404761904762;3663;683;-17036,951937391;34133,903874782;"intensite_MR_moyen_complet";"intensite";"MR";"moyen";"complet";"temperature"
1,22827609940875;28,0833333333333;3911;435;-17037,3324821745;34134,664964349;"intensite_MR_moyen_complet";"intensite";"MR";"moyen";"complet";"temperature"
-1,23174386982187;45,7500000000003;439;3907;-17036,3478921691;34132,6957843382;"intensite_MR_moyen_complet";"intensite";"MR";"moyen";"complet";"humidite"
-1,02179182815783;49,5000000000002;691;3655;-17034,8250657508;34129,6501315017;"intensite_MR_moyen_complet";"intensite";"MR";"moyen";"complet";"humidite"
-0,825836589271403;53,0000000000002;950;3396;-17033,6851616961;34127,3703233921;"intensite_MR_moyen_complet";"intensite";"MR";"moyen";"complet";"humidite"
-0,643878153162575;56,2500000000002;1185;3161;-17030,746274888;34121,4925497759;"intensite_MR_moyen_complet";"intensite";"MR";"moyen";"complet";"humidite"
-0,489913322608952;59,0000000000002;1430;2916;-17026,8096793809;34113,6193587618;"intensite_MR_moyen_complet";"intensite";"MR";"moyen";"complet";"humidite"
-0,307954886500124;62,2500000000002;1690;2656;-17022,6464533154;34105,2929066309;"intensite_MR_moyen_complet";"intensite";"MR";"moyen";"complet";"humidite"
-0,283960367452806;62,6785714285716;1714;2632;-17022,207660318;34104,4153206361;"intensite_MR_moyen_complet";"intensite";"MR";"moyen";"complet";"humidite"
-0,259965848405488;63,1071428571431;1738;2608;-17021,7873808226;34103,5747616451;"intensite_MR_moyen_complet";"intensite";"MR";"moyen";"complet";"humidite"
-0,23597132935817;63,5357142857145;1793;2553;-17021,4375089857;34102,8750179713;"intensite_MR_moyen_complet";"intensite";"MR";"moyen";"complet";"humidite"
-0,211976810310852;63,9642857142859;1813;2533;-17021,286317162;34102,572634324;"intensite_MR_moyen_complet";"intensite";"MR";"moyen";"complet";"humidite"
-0,187982291263534;64,3928571428573;1847;2499;-17021,1703544167;34102,3407088335;"intensite_MR_moyen_complet";"intensite";"MR";"moyen";"complet";"humidite"
-0,163987772216216;64,8214285714288;1885;2461;-17021,1020728516;34102,2041457032;"intensite_MR_moyen_complet";"intensite";"MR";"moyen";"complet";"humidite"
-0,139993253168898;65,2500000000002;1927;2419;-17021,0520526353;34102,1041052707;"intensite_MR_moyen_complet";"intensite";"MR";"moyen";"complet";"humidite"
-0,11599873412158;65,6785714285716;1941;2405;-17021,0243151204;34102,0486302408;"intensite_MR_moyen_complet";"intensite";"MR";"moyen";"complet";"humidite"
-0,0920042150742617;66,107142857143;1976;2370;-17020,9784213126;34101,9568426251;"intensite_MR_moyen_complet";"intensite";"MR";"moyen";"complet";"humidite"
-0,0680096960269437;66,5357142857145;2026;2320;-17020,975588726;34101,9511774521;"intensite_MR_moyen_complet";"intensite";"MR";"moyen";"complet";"humidite"
-0,0440151769796258;66,9642857142859;2053;2293;-17020,9571598576;34101,9143197152;"intensite_MR_moyen_complet";"intensite";"MR";"moyen";"complet";"humidite"
-0,0200206579323077;67,3928571428573;2099;2247;-17020,9721163703;34101,9442327406;"intensite_MR_moyen_complet";"intensite";"MR";"moyen";"complet";"humidite"
0,00397386111501025;67,8214285714288;2140;2206;-17021,062649924;34102,125299848;"intensite_MR_moyen_complet";"intensite";"MR";"moyen";"complet";"humidite"
0,0279683801623282;68,2500000000002;2186;2160;-17021,1776700331;34102,3553400661;"intensite_MR_moyen_complet";"intensite";"MR";"moyen";"complet";"humidite"
0,209926816271156;71,5000000000002;2431;1915;-17022,6272499854;34105,2544999707;"intensite_MR_moyen_complet";"intensite";"MR";"moyen";"complet";"humidite"
0,391885252379984;74,7500000000002;2676;1670;-17024,532946941;34109,065893882;"intensite_MR_moyen_complet";"intensite";"MR";"moyen";"complet";"humidite"
0,573843688488812;78,0000000000001;2925;1421;-17026,5324461586;34113,0648923173;"intensite_MR_moyen_complet";"intensite";"MR";"moyen";"complet";"humidite"
0,741805321820038;81,0000000000001;3169;1177;-17029,3326545526;34118,6653091052;"intensite_MR_moyen_complet";"intensite";"MR";"moyen";"complet";"humidite"
0,95175736348407;84,7500000000001;3419;927;-17032,0462412162;34124,0924824325;"intensite_MR_moyen_complet";"intensite";"MR";"moyen";"complet";"humidite"
1,20369981348091;89,2500000000001;3674;672;-17034,6575595378;34129,3151190756;"intensite_MR_moyen_complet";"intensite";"MR";"moyen";"complet";"humidite"
1,44164546070015;93,5000000000001;3913;433;-17035,473742989;34130,947485978;"intensite_MR_moyen_complet";"intensite";"MR";"moyen";"complet";"humidite"
-1,20872796786324;1016,4;438;3908;-17036,6533479474;34133,3066958949;"intensite_MR_moyen_complet";"intensite";"MR";"moyen";"complet";"pression"
-0,914468154949917;1018,06666666667;688;3658;-17036,3632798422;34132,7265596845;"intensite_MR_moyen_complet";"intensite";"MR";"moyen";"complet";"pression"
-0,631978734553114;1019,66666666667;934;3412;-17034,9654860417;34129,9309720834;"intensite_MR_moyen_complet";"intensite";"MR";"moyen";"complet";"pression"
-0,467193239321637;1020,6;1194;3152;-17033,8322509899;34127,6645019797;"intensite_MR_moyen_complet";"intensite";"MR";"moyen";"complet";"pression"
-0,308292940348442;1021,5;1442;2904;-17033,0190352046;34126,0380704092;"intensite_MR_moyen_complet";"intensite";"MR";"moyen";"complet";"pression"
-0,172933426408292;1022,26666666667;1686;2660;-17032,0819361771;34124,1638723542;"intensite_MR_moyen_complet";"intensite";"MR";"moyen";"complet";"pression"
-0,0493443049847044;1022,96666666667;1926;2420;-17029,8854072333;34119,7708144667;"intensite_MR_moyen_complet";"intensite";"MR";"moyen";"complet";"pression"
0,0683596201806218;1023,63333333333;2178;2168;-17027,7553078829;34115,5106157658;"intensite_MR_moyen_complet";"intensite";"MR";"moyen";"complet";"pression"
0,180178349087687;1024,26666666667;2426;1920;-17026,1257665759;34112,2515331519;"intensite_MR_moyen_complet";"intensite";"MR";"moyen";"complet";"pression"
0,327308255544339;1025,1;2680;1666;-17026,5648256986;34113,1296513973;"intensite_MR_moyen_complet";"intensite";"MR";"moyen";"complet";"pression"
0,468552965742771;1025,9;2921;1425;-17028,0203815665;34116,0407631329;"intensite_MR_moyen_complet";"intensite";"MR";"moyen";"complet";"pression"
0,586256890908077;1026,56666666667;3178;1168;-17028,359963879;34116,719927758;"intensite_MR_moyen_complet";"intensite";"MR";"moyen";"complet";"pression"
0,745157189881292;1027,46666666667;3425;921;-17029,1139737952;34118,2279475904;"intensite_MR_moyen_complet";"intensite";"MR";"moyen";"complet";"pression"
0,904057488854468;1028,36666666667;3671;675;-17029,5337268097;34119,0674536194;"intensite_MR_moyen_complet";"intensite";"MR";"moyen";"complet";"pression"
0,91919085066144;1028,45238095238;3695;651;-17029,2762983315;34118,5525966631;"intensite_MR_moyen_complet";"intensite";"MR";"moyen";"complet";"pression"
0,934324212468412;1028,53809523809;3726;620;-17029,0163455131;34118,0326910262;"intensite_MR_moyen_complet";"intensite";"MR";"moyen";"complet";"pression"
0,949457574275383;1028,62380952381;3749;597;-17028,7284390621;34117,4568781241;"intensite_MR_moyen_complet";"intensite";"MR";"moyen";"complet";"pression"
0,964590936082355;1028,70952380952;3780;566;-17028,35969636;34116,71939272;"intensite_MR_moyen_complet";"intensite";"MR";"moyen";"complet";"pression"
0,979724297889327;1028,79523809524;3796;550;-17027,943736332;34115,887472664;"intensite_MR_moyen_complet";"intensite";"MR";"moyen";"complet";"pression"
0,994857659696299;1028,88095238095;3821;525;-17027,5003462385;34115,000692477;"intensite_MR_moyen_complet";"intensite";"MR";"moyen";"complet";"pression"
1,00999102150327;1028,96666666667;3828;518;-17027,0993419686;34114,1986839372;"intensite_MR_moyen_complet";"intensite";"MR";"moyen";"complet";"pression"
1,02512438331024;1029,05238095238;3838;508;-17026,7092010886;34113,4184021771;"intensite_MR_moyen_complet";"intensite";"MR";"moyen";"complet";"pression"
1,04025774511722;1029,13809523809;3853;493;-17026,2943259692;34112,5886519384;"intensite_MR_moyen_complet";"intensite";"MR";"moyen";"complet";"pression"
1,05539110692419;1029,22380952381;3859;487;-17025,8762094062;34111,7524188124;"intensite_MR_moyen_complet";"intensite";"MR";"moyen";"complet";"pression"
1,07052446873116;1029,30952380952;3875;471;-17025,4941795754;34110,9883591508;"intensite_MR_moyen_complet";"intensite";"MR";"moyen";"complet";"pression"
1,08565783053813;1029,39523809524;3883;463;-17025,2337611418;34110,4675222837;"intensite_MR_moyen_complet";"intensite";"MR";"moyen";"complet";"pression"
1,1007911923451;1029,48095238095;3894;452;-17024,9731905047;34109,9463810094;"intensite_MR_moyen_complet";"intensite";"MR";"moyen";"complet";"pression"
1,11592455415207;1029,56666666667;3912;434;-17024,6597154225;34109,319430845;"intensite_MR_moyen_complet";"intensite";"MR";"moyen";"complet";"pression"
-1,1205391224963;1,58400000000001;469;3877;-17037,05495773;34134,1099154601;"intensite_MR_moyen_complet";"intensite";"MR";"moyen";"complet";"vent"
-0,971077411105424;1,76400000000001;695;3651;-17037,1916450544;34134,3832901088;"intensite_MR_moyen_complet";"intensite";"MR";"moyen";"complet";"vent"
-0,836561870853637;1,92600000000001;941;3405;-17037,328204167;34134,656408334;"intensite_MR_moyen_complet";"intensite";"MR";"moyen";"complet";"vent"
-0,702046330601851;2,08800000000001;1182;3164;-17037,3236198074;34134,6472396147;"intensite_MR_moyen_complet";"intensite";"MR";"moyen";"complet";"vent"
-0,567530790350064;2,25;1440;2906;-17037,3241950401;34134,6483900802;"intensite_MR_moyen_complet";"intensite";"MR";"moyen";"complet";"vent"
-0,447961421237365;2,394;1679;2667;-17037,3335511101;34134,6671022201;"intensite_MR_moyen_complet";"intensite";"MR";"moyen";"complet";"vent"
-0,313445880985579;2,556;1926;2420;-17037,3336440584;34134,6672881168;"intensite_MR_moyen_complet";"intensite";"MR";"moyen";"complet";"vent"
-0,163984169594704;2,736;2184;2162;-17037,3197315037;34134,6394630073;"intensite_MR_moyen_complet";"intensite";"MR";"moyen";"complet";"vent"
-0,0294686293429176;2,898;2421;1925;-17037,2509186791;34134,5018373582;"intensite_MR_moyen_complet";"intensite";"MR";"moyen";"complet";"vent"
0,119993082047956;3,078;2689;1657;-17037,1705393752;34134,3410787505;"intensite_MR_moyen_complet";"intensite";"MR";"moyen";"complet";"vent"
0,26945479343883;3,258;2925;1421;-17037,0399874119;34134,0799748238;"intensite_MR_moyen_complet";"intensite";"MR";"moyen";"complet";"vent"
0,463755018246966;3,492;3189;1157;-17036,7798292237;34133,5596584474;"intensite_MR_moyen_complet";"intensite";"MR";"moyen";"complet";"vent"
0,687947585333277;3,762;3416;930;-17036,3146372887;34132,6292745774;"intensite_MR_moyen_complet";"intensite";"MR";"moyen";"complet";"vent"
0,95697866583685;4,086;3674;672;-17035,7569404657;34131,5138809314;"intensite_MR_moyen_complet";"intensite";"MR";"moyen";"complet";"vent"
0,984735840809441;4,11942857142857;3688;658;-17035,7236395009;34131,4472790017;"intensite_MR_moyen_complet";"intensite";"MR";"moyen";"complet";"vent"
1,01249301578203;4,15285714285714;3719;627;-17035,6850742894;34131,3701485789;"intensite_MR_moyen_complet";"intensite";"MR";"moyen";"complet";"vent"
1,04025019075462;4,18628571428571;3746;600;-17035,6521820438;34131,3043640875;"intensite_MR_moyen_complet";"intensite";"MR";"moyen";"complet";"vent"
1,06800736572721;4,21971428571428;3766;580;-17035,5942548868;34131,1885097736;"intensite_MR_moyen_complet";"intensite";"MR";"moyen";"complet";"vent"
1,0957645406998;4,25314285714285;3775;571;-17035,5231444184;34131,0462888369;"intensite_MR_moyen_complet";"intensite";"MR";"moyen";"complet";"vent"
1,1235217156724;4,28657142857143;3792;554;-17035,4466736171;34130,8933472342;"intensite_MR_moyen_complet";"intensite";"MR";"moyen";"complet";"vent"
1,15127889064499;4,32;3809;537;-17035,3709029125;34130,741805825;"intensite_MR_moyen_complet";"intensite";"MR";"moyen";"complet";"vent"
1,17903606561758;4,35342857142857;3816;530;-17035,3097177992;34130,6194355984;"intensite_MR_moyen_complet";"intensite";"MR";"moyen";"complet";"vent"
1,20679324059017;4,38685714285714;3843;503;-17035,248125064;34130,496250128;"intensite_MR_moyen_complet";"intensite";"MR";"moyen";"complet";"vent"
1,23455041556276;4,42028571428571;3863;483;-17035,2018409185;34130,4036818369;"intensite_MR_moyen_complet";"intensite";"MR";"moyen";"complet";"vent"
1,26230759053535;4,45371428571428;3885;461;-17035,1667072545;34130,333414509;"intensite_MR_moyen_complet";"intensite";"MR";"moyen";"complet";"vent"
1,29006476550794;4,48714285714285;3890;456;-17035,1436544758;34130,2873089517;"intensite_MR_moyen_complet";"intensite";"MR";"moyen";"complet";"vent"
1,31782194048053;4,52057142857142;3903;443;-17035,1213303744;34130,2426607488;"intensite_MR_moyen_complet";"intensite";"MR";"moyen";"complet";"vent"
1,34557911545312;4,554;3918;428;-17035,0978543857;34130,1957087714;"intensite_MR_moyen_complet";"intensite";"MR";"moyen";"complet";"vent"
-1,42558078551727;15;617;5513;-1728,08072301918;3514,16144603836;"presence_MR_rafale_max_complet";"presence";"MR";"rafale_max";"complet";"temperature"
-1,17540828935864;16,2333333333333;965;5165;-1727,99076924405;3513,9815384881;"presence_MR_rafale_max_complet";"presence";"MR";"rafale_max";"complet";"temperature"
-0,938758630830205;17,4;1315;4815;-1727,79061803112;3513,58123606223;"presence_MR_rafale_max_complet";"presence";"MR";"rafale_max";"complet";"temperature"
-0,911712955569813;17,5333333333333;1354;4776;-1727,76096359236;3513,52192718472;"presence_MR_rafale_max_complet";"presence";"MR";"rafale_max";"complet";"temperature"
-0,88466728030942;17,6666666666667;1419;4711;-1727,73045512169;3513,46091024338;"presence_MR_rafale_max_complet";"presence";"MR";"rafale_max";"complet";"temperature"
-0,857621605049028;17,8;1462;4668;-1727,7122804646;3513,42456092921;"presence_MR_rafale_max_complet";"presence";"MR";"rafale_max";"complet";"temperature"
-0,830575929788635;17,9333333333333;1509;4621;-1727,69331795537;3513,38663591074;"presence_MR_rafale_max_complet";"presence";"MR";"rafale_max";"complet";"temperature"
-0,803530254528243;18,0666666666667;1558;4572;-1727,67624813762;3513,35249627523;"presence_MR_rafale_max_complet";"presence";"MR";"rafale_max";"complet";"temperature"
-0,77648457926785;18,2;1595;4535;-1727,65835354521;3513,31670709042;"presence_MR_rafale_max_complet";"presence";"MR";"rafale_max";"complet";"temperature"
-0,749438904007457;18,3333333333333;1670;4460;-1727,65961626399;3513,31923252799;"presence_MR_rafale_max_complet";"presence";"MR";"rafale_max";"complet";"temperature"
-0,722393228747065;18,4666666666667;1715;4415;-1727,66611859154;3513,33223718308;"presence_MR_rafale_max_complet";"presence";"MR";"rafale_max";"complet";"temperature"
-0,695347553486672;18,6;1758;4372;-1727,66593028592;3513,33186057184;"presence_MR_rafale_max_complet";"presence";"MR";"rafale_max";"complet";"temperature"
-0,66830187822628;18,7333333333333;1798;4332;-1727,66367273758;3513,32734547516;"presence_MR_rafale_max_complet";"presence";"MR";"rafale_max";"complet";"temperature"
-0,641256202965887;18,8666666666667;1845;4285;-1727,66264789083;3513,32529578165;"presence_MR_rafale_max_complet";"presence";"MR";"rafale_max";"complet";"temperature"
-0,614210527705494;19;1912;4218;-1727,65804679793;3513,31609359586;"presence_MR_rafale_max_complet";"presence";"MR";"rafale_max";"complet";"temperature"
-0,587164852445102;19,1333333333333;1959;4171;-1727,66917020408;3513,33834040815;"presence_MR_rafale_max_complet";"presence";"MR";"rafale_max";"complet";"temperature"
-0,560119177184709;19,2666666666667;2021;4109;-1727,68379050829;3513,36758101657;"presence_MR_rafale_max_complet";"presence";"MR";"rafale_max";"complet";"temperature"
-0,404606544437452;20,0333333333333;2367;3763;-1727,79903166082;3513,59806332163;"presence_MR_rafale_max_complet";"presence";"MR";"rafale_max";"complet";"temperature"
-0,255855330505293;20,7666666666667;2717;3413;-1727,79595195237;3513,59190390475;"presence_MR_rafale_max_complet";"presence";"MR";"rafale_max";"complet";"temperature"
-0,120626954203329;21,4333333333334;3069;3061;-1727,83728595865;3513,6745719173;"presence_MR_rafale_max_complet";"presence";"MR";"rafale_max";"complet";"temperature"
0,00784000328353535;22,0666666666667;3418;2712;-1727,86994678702;3513,73989357404;"presence_MR_rafale_max_complet";"presence";"MR";"rafale_max";"complet";"temperature"
0,149829798400596;22,7666666666667;3767;2363;-1727,85497559669;3513,70995119339;"presence_MR_rafale_max_complet";"presence";"MR";"rafale_max";"complet";"temperature"
0,291819593517658;23,4666666666667;4122;2008;-1727,74696241408;3513,49392482817;"presence_MR_rafale_max_complet";"presence";"MR";"rafale_max";"complet";"temperature"
0,474377901525307;24,3666666666667;4471;1659;-1727,89470939493;3513,78941878985;"presence_MR_rafale_max_complet";"presence";"MR";"rafale_max";"complet";"temperature"
0,670459047163154;25,3333333333334;4819;1311;-1728,01897613873;3514,03795227747;"presence_MR_rafale_max_complet";"presence";"MR";"rafale_max";"complet";"temperature"
0,934154380951982;26,6333333333334;5169;961;-1728,11936353472;3514,23872706943;"presence_MR_rafale_max_complet";"presence";"MR";"rafale_max";"complet";"temperature"
1,20461113355591;27,9666666666667;5521;609;-1728,01146582199;3514,02293164398;"presence_MR_rafale_max_complet";"presence";"MR";"rafale_max";"complet";"temperature"
-1,20375026426666;46,2500000000003;635;5495;-1727,57587557476;3513,15175114951;"presence_MR_rafale_max_complet";"presence";"MR";"rafale_max";"complet";"humidite"
-1,18875368986209;46,5178571428574;653;5477;-1727,54794835574;3513,09589671149;"presence_MR_rafale_max_complet";"presence";"MR";"rafale_max";"complet";"humidite"
-1,17375711545751;46,7857142857146;683;5447;-1727,52993708941;3513,05987417883;"presence_MR_rafale_max_complet";"presence";"MR";"rafale_max";"complet";"humidite"
-1,15876054105294;47,0535714285717;694;5436;-1727,52268014311;3513,04536028623;"presence_MR_rafale_max_complet";"presence";"MR";"rafale_max";"complet";"humidite"
-1,14376396664837;47,3214285714288;723;5407;-1727,51554933535;3513,03109867071;"presence_MR_rafale_max_complet";"presence";"MR";"rafale_max";"complet";"humidite"
-1,12876739224379;47,589285714286;745;5385;-1727,51031656582;3513,02063313164;"presence_MR_rafale_max_complet";"presence";"MR";"rafale_max";"complet";"humidite"
-1,11377081783922;47,8571428571431;756;5374;-1727,50884573304;3513,01769146609;"presence_MR_rafale_max_complet";"presence";"MR";"rafale_max";"complet";"humidite"
-1,09877424343465;48,1250000000003;783;5347;-1727,51044623039;3513,02089246078;"presence_MR_rafale_max_complet";"presence";"MR";"rafale_max";"complet";"humidite"
-1,08377766903007;48,3928571428574;815;5315;-1727,50508961413;3513,01017922825;"presence_MR_rafale_max_complet";"presence";"MR";"rafale_max";"complet";"humidite"
-1,0687810946255;48,6607142857145;836;5294;-1727,50325852458;3513,00651704915;"presence_MR_rafale_max_complet";"presence";"MR";"rafale_max";"complet";"humidite"
-1,05378452022092;48,9285714285717;863;5267;-1727,51631581924;3513,03263163848;"presence_MR_rafale_max_complet";"presence";"MR";"rafale_max";"complet";"humidite"
-1,03878794581635;49,1964285714288;878;5252;-1727,53664872691;3513,07329745382;"presence_MR_rafale_max_complet";"presence";"MR";"rafale_max";"complet";"humidite"
-1,02379137141178;49,464285714286;898;5232;-1727,55918348702;3513,11836697404;"presence_MR_rafale_max_complet";"presence";"MR";"rafale_max";"complet";"humidite"
-1,0087947970072;49,7321428571431;927;5203;-1727,58062110314;3513,16124220628;"presence_MR_rafale_max_complet";"presence";"MR";"rafale_max";"complet";"humidite"
-0,993798222602629;50,0000000000002;971;5159;-1727,60318445018;3513,20636890037;"presence_MR_rafale_max_complet";"presence";"MR";"rafale_max";"complet";"humidite"
-0,783846180938597;53,7500000000002;1328;4802;-1728,03264939203;3514,06529878407;"presence_MR_rafale_max_complet";"presence";"MR";"rafale_max";"complet";"humidite"
-0,607686420266202;56,8964285714288;1664;4466;-1728,14829340886;3514,29658681772;"presence_MR_rafale_max_complet";"presence";"MR";"rafale_max";"complet";"humidite"
-0,447922914276145;59,7500000000002;2036;4094;-1728,09806258424;3514,19612516848;"presence_MR_rafale_max_complet";"presence";"MR";"rafale_max";"complet";"humidite"
-0,265964478167317;63,0000000000001;2370;3760;-1728,07935176934;3514,15870353867;"presence_MR_rafale_max_complet";"presence";"MR";"rafale_max";"complet";"humidite"
-0,084006042058489;66,2500000000001;2719;3411;-1728,12110727296;3514,24221454591;"presence_MR_rafale_max_complet";"presence";"MR";"rafale_max";"complet";"humidite"
0,0839555912727368;69,2500000000001;3073;3057;-1728,11310570784;3514,22621141568;"presence_MR_rafale_max_complet";"presence";"MR";"rafale_max";"complet";"humidite"
0,265914027381565;72,5;3442;2688;-1728,13898976308;3514,27797952616;"presence_MR_rafale_max_complet";"presence";"MR";"rafale_max";"complet";"humidite"
0,461869266267995;76;3784;2346;-1728,14058623944;3514,28117247889;"presence_MR_rafale_max_complet";"presence";"MR";"rafale_max";"complet";"humidite"
0,615834096821619;78,75;4128;2002;-1728,14659703309;3514,29319406618;"presence_MR_rafale_max_complet";"presence";"MR";"rafale_max";"complet";"humidite"
0,811789335708049;82,25;4493;1637;-1728,14484140241;3514,28968280481;"presence_MR_rafale_max_complet";"presence";"MR";"rafale_max";"complet";"humidite"
1,00274571645962;85,6607142857141;4816;1314;-1728,11974320376;3514,23948640753;"presence_MR_rafale_max_complet";"presence";"MR";"rafale_max";"complet";"humidite"
1,21769661625851;89,4999999999999;5180;950;-1727,98840516958;3513,97681033916;"presence_MR_rafale_max_complet";"presence";"MR";"rafale_max";"complet";"humidite"
1,45564226347775;93,7499999999999;5536;594;-1727,92287411843;3513,84574823687;"presence_MR_rafale_max_complet";"presence";"MR";"rafale_max";"complet";"humidite"
-1,12692373987333;1016,86333333333;613;5517;-1728,09380835346;3514,18761670691;"presence_MR_rafale_max_complet";"presence";"MR";"rafale_max";"complet";"pression"
-0,867386584883766;1018,33333333333;966;5164;-1727,86191420456;3513,72382840913;"presence_MR_rafale_max_complet";"presence";"MR";"rafale_max";"complet";"pression"
-0,602552753261767;1019,83333333333;1319;4811;-1727,50451511432;3513,00903022863;"presence_MR_rafale_max_complet";"presence";"MR";"rafale_max";"complet";"pression"
-0,449537650546813;1020,7;1673;4457;-1727,18677590739;3512,37355181478;"presence_MR_rafale_max_complet";"presence";"MR";"rafale_max";"complet";"pression"
-0,274074727818243;1021,69380952381;2014;4116;-1726,44055460921;3510,88110921842;"presence_MR_rafale_max_complet";"presence";"MR";"rafale_max";"complet";"pression"
-0,149392641375247;1022,4;2379;3751;-1725,72756778173;3509,45513556346;"presence_MR_rafale_max_complet";"presence";"MR";"rafale_max";"complet";"pression"
-0,0258035199516391;1023,1;2737;3393;-1725,26233312807;3508,52466625613;"presence_MR_rafale_max_complet";"presence";"MR";"rafale_max";"complet";"pression"
0,0801300126971845;1023,7;3067;3063;-1724,87874469473;3507,75748938947;"presence_MR_rafale_max_complet";"presence";"MR";"rafale_max";"complet";"pression"
0,186063545345948;1024,3;3418;2712;-1724,47343808161;3506,94687616323;"presence_MR_rafale_max_complet";"presence";"MR";"rafale_max";"complet";"pression"
0,333193451802601;1025,13333333333;3768;2362;-1723,83898760828;3505,67797521657;"presence_MR_rafale_max_complet";"presence";"MR";"rafale_max";"complet";"pression"
0,474438162001032;1025,93333333333;4124;2006;-1723,17197177537;3504,34394355073;"presence_MR_rafale_max_complet";"presence";"MR";"rafale_max";"complet";"pression"
0,580371694649816;1026,53333333333;4474;1656;-1723,00932969606;3504,01865939212;"presence_MR_rafale_max_complet";"presence";"MR";"rafale_max";"complet";"pression"
0,602651366198968;1026,65952380952;4529;1601;-1722,93938753754;3503,87877507507;"presence_MR_rafale_max_complet";"presence";"MR";"rafale_max";"complet";"pression"
0,62493103774812;1026,78571428571;4585;1545;-1722,7776489931;3503,5552979862;"presence_MR_rafale_max_complet";"presence";"MR";"rafale_max";"complet";"pression"
0,647210709297272;1026,9119047619;4649;1481;-1722,54566344621;3503,09132689243;"presence_MR_rafale_max_complet";"presence";"MR";"rafale_max";"complet";"pression"
0,669490380846424;1027,03809523809;4721;1409;-1722,27134220749;3502,54268441498;"presence_MR_rafale_max_complet";"presence";"MR";"rafale_max";"complet";"pression"
0,691770052395576;1027,16428571428;4752;1378;-1721,9960455587;3501,9920911174;"presence_MR_rafale_max_complet";"presence";"MR";"rafale_max";"complet";"pression"
0,714049723944728;1027,29047619047;4786;1344;-1721,69205620595;3501,3841124119;"presence_MR_rafale_max_complet";"presence";"MR";"rafale_max";"complet";"pression"
0,73632939549388;1027,41666666666;4813;1317;-1721,39202127686;3500,78404255373;"presence_MR_rafale_max_complet";"presence";"MR";"rafale_max";"complet";"pression"
0,739271993623017;1027,43333333333;4816;1314;-1721,35047261262;3500,70094522525;"presence_MR_rafale_max_complet";"presence";"MR";"rafale_max";"complet";"pression"
0,758609067043033;1027,54285714285;4872;1258;-1721,22018516268;3500,44037032536;"presence_MR_rafale_max_complet";"presence";"MR";"rafale_max";"complet";"pression"
0,780888738592185;1027,66904761904;4924;1206;-1721,12576226578;3500,25152453156;"presence_MR_rafale_max_complet";"presence";"MR";"rafale_max";"complet";"pression"
0,803168410141337;1027,79523809524;4955;1175;-1721,11601926976;3500,23203853951;"presence_MR_rafale_max_complet";"presence";"MR";"rafale_max";"complet";"pression"
0,825448081690489;1027,92142857143;4990;1140;-1721,29470084166;3500,58940168332;"presence_MR_rafale_max_complet";"presence";"MR";"rafale_max";"complet";"pression"
0,847727753239641;1028,04761904762;5041;1089;-1721,62309073128;3501,24618146256;"presence_MR_rafale_max_complet";"presence";"MR";"rafale_max";"complet";"pression"
0,870007424788793;1028,17380952381;5092;1038;-1721,97335146012;3501,94670292024;"presence_MR_rafale_max_complet";"presence";"MR";"rafale_max";"complet";"pression"
0,892287096337945;1028,3;5173;957;-1722,35531527267;3502,71063054535;"presence_MR_rafale_max_complet";"presence";"MR";"rafale_max";"complet";"pression"
1,09297228874486;1029,43666666666;5517;613;-1724,80366667835;3507,60733335671;"presence_MR_rafale_max_complet";"presence";"MR";"rafale_max";"complet";"pression"
-1,13428828959804;4,35600000000001;619;5511;-1728,13429792051;3514,26859584102;"presence_MR_rafale_max_complet";"presence";"MR";"rafale_max";"complet";"vent"
-0,949668779009714;5,00400000000001;972;5158;-1728,14975496241;3514,29950992482;"presence_MR_rafale_max_complet";"presence";"MR";"rafale_max";"complet";"vent"
-0,795819186852775;5,54400000000001;1318;4812;-1728,14496091858;3514,28992183715;"presence_MR_rafale_max_complet";"presence";"MR";"rafale_max";"complet";"vent"
-0,652226234172965;6,048;1678;4452;-1728,12535842931;3514,25071685862;"presence_MR_rafale_max_complet";"presence";"MR";"rafale_max";"complet";"vent"
-0,518889920970284;6,516;2036;4094;-1728,03102557;3514,06205114001;"presence_MR_rafale_max_complet";"presence";"MR";"rafale_max";"complet";"vent"
-0,395810247244733;6,948;2389;3741;-1727,92089517501;3513,84179035003;"presence_MR_rafale_max_complet";"presence";"MR";"rafale_max";"complet";"vent"
-0,252217294564923;7,45199999999999;2729;3401;-1727,83859034379;3513,67718068759;"presence_MR_rafale_max_complet";"presence";"MR";"rafale_max";"complet";"vent"
-0,234634484032701;7,51371428571428;2764;3366;-1727,83819537878;3513,67639075756;"presence_MR_rafale_max_complet";"presence";"MR";"rafale_max";"complet";"vent"
-0,21705167350048;7,57542857142856;2821;3309;-1727,83561615942;3513,67123231885;"presence_MR_rafale_max_complet";"presence";"MR";"rafale_max";"complet";"vent"
-0,199468862968258;7,63714285714285;2888;3242;-1727,83553746857;3513,67107493714;"presence_MR_rafale_max_complet";"presence";"MR";"rafale_max";"complet";"vent"
-0,181886052436037;7,69885714285714;2916;3214;-1727,82926420509;3513,65852841018;"presence_MR_rafale_max_complet";"presence";"MR";"rafale_max";"complet";"vent"
-0,164303241903815;7,76057142857142;2996;3134;-1727,82303780016;3513,64607560033;"presence_MR_rafale_max_complet";"presence";"MR";"rafale_max";"complet";"vent"
-0,14965089979363;7,81199999999999;3069;3061;-1727,82353648657;3513,64707297313;"presence_MR_rafale_max_complet";"presence";"MR";"rafale_max";"complet";"vent"
-0,146720431371593;7,82228571428571;3069;3061;-1727,82391704405;3513,64783408811;"presence_MR_rafale_max_complet";"presence";"MR";"rafale_max";"complet";"vent"
-0,129137620839372;7,88399999999999;3135;2995;-1727,83214837863;3513,66429675725;"presence_MR_rafale_max_complet";"presence";"MR";"rafale_max";"complet";"vent"
-0,11155481030715;7,94571428571428;3170;2960;-1727,84370819646;3513,68741639292;"presence_MR_rafale_max_complet";"presence";"MR";"rafale_max";"complet";"vent"
-0,0939719997749284;8,00742857142856;3215;2915;-1727,85199655693;3513,70399311386;"presence_MR_rafale_max_complet";"presence";"MR";"rafale_max";"complet";"vent"
-0,0763891892427068;8,06914285714285;3267;2863;-1727,85885639778;3513,71771279556;"presence_MR_rafale_max_complet";"presence";"MR";"rafale_max";"complet";"vent"
-0,0588063787104852;8,13085714285713;3277;2853;-1727,86766456599;3513,73532913198;"presence_MR_rafale_max_complet";"presence";"MR";"rafale_max";"complet";"vent"
-0,0412235681782636;8,19257142857142;3325;2805;-1727,87522400693;3513,75044801386;"presence_MR_rafale_max_complet";"presence";"MR";"rafale_max";"complet";"vent"
-0,0236407576460419;8,2542857142857;3359;2771;-1727,88215240717;3513,76430481434;"presence_MR_rafale_max_complet";"presence";"MR";"rafale_max";"complet";"vent"
-0,0060579471138203;8,31599999999999;3426;2704;-1727,88602468553;3513,77204937106;"presence_MR_rafale_max_complet";"presence";"MR";"rafale_max";"complet";"vent"
0,147352074779815;8,85445714285713;3765;2365;-1727,97497510254;3513,94995020508;"presence_MR_rafale_max_complet";"presence";"MR";"rafale_max";"complet";"vent"
0,27087131876867;9,28799999999998;4132;1998;-1728,06073133233;3514,12146266466;"presence_MR_rafale_max_complet";"presence";"MR";"rafale_max";"complet";"vent"
0,465747468834126;9,97199999999998;4469;1661;-1728,09505071533;3514,19010143066;"presence_MR_rafale_max_complet";"presence";"MR";"rafale_max";"complet";"vent"
0,681136897853841;10,728;4823;1307;-1728,05034255832;3514,10068511664;"presence_MR_rafale_max_complet";"presence";"MR";"rafale_max";"complet";"vent"
0,927296245304944;11,592;5181;949;-1728,00519571151;3514,01039142301;"presence_MR_rafale_max_complet";"presence";"MR";"rafale_max";"complet";"vent"
1,2965352664816;12,888;5519;611;-1727,88402696268;3513,76805392535;"presence_MR_rafale_max_complet";"presence";"MR";"rafale_max";"complet";"vent"
-1,337682340921;15,4333333333333;439;3907;-17032,4268316897;34124,8536633794;"intensite_MR_rafale_max_complet";"intensite";"MR";"rafale_max";"complet";"temperature"
-1,04162878851706;16,8928571428571;683;3663;-17029,8017852506;34119,6035705011;"intensite_MR_rafale_max_complet";"intensite";"MR";"rafale_max";"complet";"temperature"
-0,810291673343341;18,0333333333333;933;3413;-17025,9768729842;34111,9537459684;"intensite_MR_rafale_max_complet";"intensite";"MR";"rafale_max";"complet";"temperature"
-0,598272897641333;19,0785714285714;1180;3166;-17022,8796141185;34105,759228237;"intensite_MR_rafale_max_complet";"intensite";"MR";"rafale_max";"complet";"temperature"
-0,576746747944285;19,184693877551;1198;3148;-17022,7664951118;34105,5329902236;"intensite_MR_rafale_max_complet";"intensite";"MR";"rafale_max";"complet";"temperature"
-0,555220598247238;19,2908163265306;1245;3101;-17022,7545052353;34105,5090104706;"intensite_MR_rafale_max_complet";"intensite";"MR";"rafale_max";"complet";"temperature"
-0,533694448550191;19,3969387755102;1278;3068;-17022,7248431678;34105,4496863356;"intensite_MR_rafale_max_complet";"intensite";"MR";"rafale_max";"complet";"temperature"
-0,512168298853144;19,5030612244897;1315;3031;-17022,7251395835;34105,450279167;"intensite_MR_rafale_max_complet";"intensite";"MR";"rafale_max";"complet";"temperature"
-0,490642149156096;19,6091836734693;1343;3003;-17022,7245356535;34105,4490713071;"intensite_MR_rafale_max_complet";"intensite";"MR";"rafale_max";"complet";"temperature"
-0,469115999459049;19,7153061224489;1375;2971;-17022,7132184382;34105,4264368763;"intensite_MR_rafale_max_complet";"intensite";"MR";"rafale_max";"complet";"temperature"
-0,447589849762002;19,8214285714285;1412;2934;-17022,7176478931;34105,4352957862;"intensite_MR_rafale_max_complet";"intensite";"MR";"rafale_max";"complet";"temperature"
-0,431652219697844;19,8999999999999;1428;2918;-17022,7553000222;34105,5106000443;"intensite_MR_rafale_max_complet";"intensite";"MR";"rafale_max";"complet";"temperature"
-0,426063700064955;19,9275510204081;1436;2910;-17022,7780391668;34105,5560783335;"intensite_MR_rafale_max_complet";"intensite";"MR";"rafale_max";"complet";"temperature"
-0,404537550367908;20,0336734693877;1482;2864;-17022,7983477556;34105,5966955112;"intensite_MR_rafale_max_complet";"intensite";"MR";"rafale_max";"complet";"temperature"
-0,38301140067086;20,1397959183673;1524;2822;-17022,8244938703;34105,6489877405;"intensite_MR_rafale_max_complet";"intensite";"MR";"rafale_max";"complet";"temperature"
-0,361485250973813;20,2459183673469;1561;2785;-17022,8711373135;34105,7422746271;"intensite_MR_rafale_max_complet";"intensite";"MR";"rafale_max";"complet";"temperature"
-0,339959101276766;20,3520408163265;1604;2742;-17022,928055584;34105,8561111681;"intensite_MR_rafale_max_complet";"intensite";"MR";"rafale_max";"complet";"temperature"
-0,318432951579719;20,4581632653061;1641;2705;-17023,020697003;34106,041394006;"intensite_MR_rafale_max_complet";"intensite";"MR";"rafale_max";"complet";"temperature"
-0,296906801882671;20,5642857142857;1676;2670;-17023,1054190784;34106,2108381568;"intensite_MR_rafale_max_complet";"intensite";"MR";"rafale_max";"complet";"temperature"
-0,147672629463722;21,3;1937;2409;-17024,1209006408;34108,2418012817;"intensite_MR_rafale_max_complet";"intensite";"MR";"rafale_max";"complet";"temperature"
-0,0192056719768571;21,9333333333333;2174;2172;-17025,2981690153;34110,5963380306;"intensite_MR_rafale_max_complet";"intensite";"MR";"rafale_max";"complet";"temperature"
0,102499866694909;22,5333333333333;2440;1906;-17027,0318619844;34114,0637239689;"intensite_MR_rafale_max_complet";"intensite";"MR";"rafale_max";"complet";"temperature"
0,224205405366675;23,1333333333333;2672;1674;-17028,7048544367;34117,4097088734;"intensite_MR_rafale_max_complet";"intensite";"MR";"rafale_max";"complet";"temperature"
0,352672362853541;23,7666666666666;2922;1424;-17030,0547563562;34120,1095127123;"intensite_MR_rafale_max_complet";"intensite";"MR";"rafale_max";"complet";"temperature"
0,541992089676289;24,7;3167;1179;-17031,0669532903;34122,1339065806;"intensite_MR_rafale_max_complet";"intensite";"MR";"rafale_max";"complet";"temperature"
0,737590276827344;25,6642857142857;3414;932;-17032,7172168313;34125,4344336626;"intensite_MR_rafale_max_complet";"intensite";"MR";"rafale_max";"complet";"temperature"
0,976171769302949;26,8404761904762;3663;683;-17033,7337693254;34127,4675386508;"intensite_MR_rafale_max_complet";"intensite";"MR";"rafale_max";"complet";"temperature"
1,22827609940875;28,0833333333333;3911;435;-17034,2021444365;34128,404288873;"intensite_MR_rafale_max_complet";"intensite";"MR";"rafale_max";"complet";"temperature"
-1,23174386982187;45,7500000000003;439;3907;-17033,1758489064;34126,3516978127;"intensite_MR_rafale_max_complet";"intensite";"MR";"rafale_max";"complet";"humidite"
-1,02179182815783;49,5000000000002;691;3655;-17031,4909733143;34122,9819466286;"intensite_MR_rafale_max_complet";"intensite";"MR";"rafale_max";"complet";"humidite"
-0,825836589271403;53,0000000000002;950;3396;-17030,1695610995;34120,339122199;"intensite_MR_rafale_max_complet";"intensite";"MR";"rafale_max";"complet";"humidite"
-0,643878153162575;56,2500000000002;1185;3161;-17026,9770361944;34113,9540723887;"intensite_MR_rafale_max_complet";"intensite";"MR";"rafale_max";"complet";"humidite"
-0,489913322608952;59,0000000000002;1430;2916;-17022,7847126737;34105,5694253473;"intensite_MR_rafale_max_complet";"intensite";"MR";"rafale_max";"complet";"humidite"
-0,307954886500124;62,2500000000002;1690;2656;-17018,449550207;34096,8991004141;"intensite_MR_rafale_max_complet";"intensite";"MR";"rafale_max";"complet";"humidite"
-0,283960367452806;62,6785714285716;1714;2632;-17018,0069632751;34096,0139265502;"intensite_MR_rafale_max_complet";"intensite";"MR";"rafale_max";"complet";"humidite"
-0,259965848405488;63,1071428571431;1738;2608;-17017,5874703776;34095,1749407552;"intensite_MR_rafale_max_complet";"intensite";"MR";"rafale_max";"complet";"humidite"
-0,23597132935817;63,5357142857145;1793;2553;-17017,2418432244;34094,4836864488;"intensite_MR_rafale_max_complet";"intensite";"MR";"rafale_max";"complet";"humidite"
-0,211976810310852;63,9642857142859;1813;2533;-17017,1047299626;34094,2094599251;"intensite_MR_rafale_max_complet";"intensite";"MR";"rafale_max";"complet";"humidite"
-0,187982291263534;64,3928571428573;1847;2499;-17017,0065382215;34094,013076443;"intensite_MR_rafale_max_complet";"intensite";"MR";"rafale_max";"complet";"humidite"
-0,163987772216216;64,8214285714288;1885;2461;-17016,950158227;34093,900316454;"intensite_MR_rafale_max_complet";"intensite";"MR";"rafale_max";"complet";"humidite"
-0,139993253168898;65,2500000000002;1927;2419;-17016,9122360589;34093,8244721177;"intensite_MR_rafale_max_complet";"intensite";"MR";"rafale_max";"complet";"humidite"
-0,11599873412158;65,6785714285716;1941;2405;-17016,8951478638;34093,7902957276;"intensite_MR_rafale_max_complet";"intensite";"MR";"rafale_max";"complet";"humidite"
-0,0920042150742617;66,107142857143;1976;2370;-17016,8623042994;34093,7246085989;"intensite_MR_rafale_max_complet";"intensite";"MR";"rafale_max";"complet";"humidite"
-0,0680096960269437;66,5357142857145;2026;2320;-17016,8725943111;34093,7451886222;"intensite_MR_rafale_max_complet";"intensite";"MR";"rafale_max";"complet";"humidite"
-0,0440151769796258;66,9642857142859;2053;2293;-17016,8660589266;34093,7321178531;"intensite_MR_rafale_max_complet";"intensite";"MR";"rafale_max";"complet";"humidite"
-0,0200206579323077;67,3928571428573;2099;2247;-17016,8894102386;34093,7788204773;"intensite_MR_rafale_max_complet";"intensite";"MR";"rafale_max";"complet";"humidite"
0,00397386111501025;67,8214285714288;2140;2206;-17016,9877648241;34093,9755296482;"intensite_MR_rafale_max_complet";"intensite";"MR";"rafale_max";"complet";"humidite"
0,0279683801623282;68,2500000000002;2186;2160;-17017,1123146325;34094,224629265;"intensite_MR_rafale_max_complet";"intensite";"MR";"rafale_max";"complet";"humidite"
0,209926816271156;71,5000000000002;2431;1915;-17018,6569533992;34097,3139067984;"intensite_MR_rafale_max_complet";"intensite";"MR";"rafale_max";"complet";"humidite"
0,391885252379984;74,7500000000002;2676;1670;-17020,723828939;34101,447657878;"intensite_MR_rafale_max_complet";"intensite";"MR";"rafale_max";"complet";"humidite"
0,573843688488812;78,0000000000001;2925;1421;-17022,892077116;34105,784154232;"intensite_MR_rafale_max_complet";"intensite";"MR";"rafale_max";"complet";"humidite"
0,741805321820038;81,0000000000001;3169;1177;-17025,8611346404;34111,7222692808;"intensite_MR_rafale_max_complet";"intensite";"MR";"rafale_max";"complet";"humidite"
0,95175736348407;84,7500000000001;3419;927;-17028,7181212927;34117,4362425854;"intensite_MR_rafale_max_complet";"intensite";"MR";"rafale_max";"complet";"humidite"
1,20369981348091;89,2500000000001;3674;672;-17031,3975231867;34122,7950463735;"intensite_MR_rafale_max_complet";"intensite";"MR";"rafale_max";"complet";"humidite"
1,44164546070015;93,5000000000001;3913;433;-17032,2226376584;34124,4452753169;"intensite_MR_rafale_max_complet";"intensite";"MR";"rafale_max";"complet";"humidite"
-1,20872796786324;1016,4;438;3908;-17033,4659639365;34126,9319278731;"intensite_MR_rafale_max_complet";"intensite";"MR";"rafale_max";"complet";"pression"
-0,914468154949917;1018,06666666667;688;3658;-17033,1500232286;34126,3000464572;"intensite_MR_rafale_max_complet";"intensite";"MR";"rafale_max";"complet";"pression"
-0,631978734553114;1019,66666666667;934;3412;-17031,6500640168;34123,3001280335;"intensite_MR_rafale_max_complet";"intensite";"MR";"rafale_max";"complet";"pression"
-0,467193239321637;1020,6;1194;3152;-17030,4420475998;34120,8840951996;"intensite_MR_rafale_max_complet";"intensite";"MR";"rafale_max";"complet";"pression"
-0,308292940348442;1021,5;1442;2904;-17029,6460565388;34119,2921130775;"intensite_MR_rafale_max_complet";"intensite";"MR";"rafale_max";"complet";"pression"
-0,172933426408292;1022,26666666667;1686;2660;-17028,738542814;34117,4770856281;"intensite_MR_rafale_max_complet";"intensite";"MR";"rafale_max";"complet";"pression"
-0,0493443049847044;1022,96666666667;1926;2420;-17026,5344151322;34113,0688302643;"intensite_MR_rafale_max_complet";"intensite";"MR";"rafale_max";"complet";"pression"
0,0683596201806218;1023,63333333333;2178;2168;-17024,4077399864;34108,8154799728;"intensite_MR_rafale_max_complet";"intensite";"MR";"rafale_max";"complet";"pression"
0,180178349087687;1024,26666666667;2426;1920;-17022,8725977224;34105,7451954449;"intensite_MR_rafale_max_complet";"intensite";"MR";"rafale_max";"complet";"pression"
0,327308255544339;1025,1;2680;1666;-17023,4225906729;34106,8451813458;"intensite_MR_rafale_max_complet";"intensite";"MR";"rafale_max";"complet";"pression"
0,468552965742771;1025,9;2921;1425;-17024,9821417998;34109,9642835996;"intensite_MR_rafale_max_complet";"intensite";"MR";"rafale_max";"complet";"pression"
0,586256890908077;1026,56666666667;3178;1168;-17025,4047466646;34110,8094933292;"intensite_MR_rafale_max_complet";"intensite";"MR";"rafale_max";"complet";"pression"
0,745157189881292;1027,46666666667;3425;921;-17026,2997051906;34112,5994103812;"intensite_MR_rafale_max_complet";"intensite";"MR";"rafale_max";"complet";"pression"
0,904057488854468;1028,36666666667;3671;675;-17026,7202223645;34113,440444729;"intensite_MR_rafale_max_complet";"intensite";"MR";"rafale_max";"complet";"pression"
0,91919085066144;1028,45238095238;3695;651;-17026,4460256103;34112,8920512206;"intensite_MR_rafale_max_complet";"intensite";"MR";"rafale_max";"complet";"pression"
0,934324212468412;1028,53809523809;3726;620;-17026,1706075702;34112,3412151405;"intensite_MR_rafale_max_complet";"intensite";"MR";"rafale_max";"complet";"pression"
0,949457574275383;1028,62380952381;3749;597;-17025,8664515178;34111,7329030355;"intensite_MR_rafale_max_complet";"intensite";"MR";"rafale_max";"complet";"pression"
0,964590936082355;1028,70952380952;3780;566;-17025,4824738459;34110,9649476918;"intensite_MR_rafale_max_complet";"intensite";"MR";"rafale_max";"complet";"pression"
0,979724297889327;1028,79523809524;3796;550;-17025,0485593159;34110,0971186317;"intensite_MR_rafale_max_complet";"intensite";"MR";"rafale_max";"complet";"pression"
0,994857659696299;1028,88095238095;3821;525;-17024,5876582925;34109,175316585;"intensite_MR_rafale_max_complet";"intensite";"MR";"rafale_max";"complet";"pression"
1,00999102150327;1028,96666666667;3828;518;-17024,1658183885;34108,331636777;"intensite_MR_rafale_max_complet";"intensite";"MR";"rafale_max";"complet";"pression"
1,02512438331024;1029,05238095238;3838;508;-17023,7545378101;34107,5090756201;"intensite_MR_rafale_max_complet";"intensite";"MR";"rafale_max";"complet";"pression"
1,04025774511722;1029,13809523809;3853;493;-17023,3213961903;34106,6427923806;"intensite_MR_rafale_max_complet";"intensite";"MR";"rafale_max";"complet";"pression"
1,05539110692419;1029,22380952381;3859;487;-17022,8830259031;34105,7660518062;"intensite_MR_rafale_max_complet";"intensite";"MR";"rafale_max";"complet";"pression"
1,07052446873116;1029,30952380952;3875;471;-17022,4782931317;34104,9565862634;"intensite_MR_rafale_max_complet";"intensite";"MR";"rafale_max";"complet";"pression"
1,08565783053813;1029,39523809524;3883;463;-17022,1966052956;34104,3932105913;"intensite_MR_rafale_max_complet";"intensite";"MR";"rafale_max";"complet";"pression"
1,1007911923451;1029,48095238095;3894;452;-17021,9146640031;34103,8293280061;"intensite_MR_rafale_max_complet";"intensite";"MR";"rafale_max";"complet";"pression"
1,11592455415207;1029,56666666667;3912;434;-17021,5863256522;34103,1726513044;"intensite_MR_rafale_max_complet";"intensite";"MR";"rafale_max";"complet";"pression"
-1,14454492907517;4,32;444;3902;-17034,1048646565;34128,209729313;"intensite_MR_rafale_max_complet";"intensite";"MR";"rafale_max";"complet";"vent"
-0,970182057963972;4,932;687;3659;-17034,1812529912;34128,3625059823;"intensite_MR_rafale_max_complet";"intensite";"MR";"rafale_max";"complet";"vent"
-0,816332465807033;5,472;934;3412;-17034,2003749239;34128,4007498478;"intensite_MR_rafale_max_complet";"intensite";"MR";"rafale_max";"complet";"vent"
-0,672739513127223;5,976;1187;3159;-17034,2039466807;34128,4078933614;"intensite_MR_rafale_max_complet";"intensite";"MR";"rafale_max";"complet";"vent"
-0,532809645974958;6,46714285714287;1428;2918;-17034,2165805034;34128,4331610068;"intensite_MR_rafale_max_complet";"intensite";"MR";"rafale_max";"complet";"vent"
-0,416323526198991;6,876;1679;2667;-17034,2123800378;34128,4247600756;"intensite_MR_rafale_max_complet";"intensite";"MR";"rafale_max";"complet";"vent"
-0,282987212996311;7,34400000000001;1928;2418;-17034,2162219188;34128,4324438375;"intensite_MR_rafale_max_complet";"intensite";"MR";"rafale_max";"complet";"vent"
-0,159907539270759;7,77600000000001;2184;2162;-17034,2150784075;34128,430156815;"intensite_MR_rafale_max_complet";"intensite";"MR";"rafale_max";"complet";"vent"
-0,01631458659095;8,28000000000001;2431;1915;-17034,1967009577;34128,3934019154;"intensite_MR_rafale_max_complet";"intensite";"MR";"rafale_max";"complet";"vent"
0,147791645043119;8,85600000000001;2686;1660;-17034,2068260011;34128,4136520022;"intensite_MR_rafale_max_complet";"intensite";"MR";"rafale_max";"complet";"vent"
0,27087131876867;9,28800000000001;2925;1421;-17034,2166836797;34128,4333673594;"intensite_MR_rafale_max_complet";"intensite";"MR";"rafale_max";"complet";"vent"
0,476004108311255;10,008;3179;1167;-17034,202735735;34128,40547147;"intensite_MR_rafale_max_complet";"intensite";"MR";"rafale_max";"complet";"vent"
0,681136897853841;10,728;3417;929;-17034,0917368282;34128,1834736564;"intensite_MR_rafale_max_complet";"intensite";"MR";"rafale_max";"complet";"vent"
0,727291775500922;10,89;3448;898;-17034,0568394702;34128,1136789405;"intensite_MR_rafale_max_complet";"intensite";"MR";"rafale_max";"complet";"vent"
0,773446653148004;11,052;3507;839;-17034,0225979468;34128,0451958936;"intensite_MR_rafale_max_complet";"intensite";"MR";"rafale_max";"complet";"vent"
0,819601530795086;11,214;3536;810;-17034,0007271644;34128,0014543288;"intensite_MR_rafale_max_complet";"intensite";"MR";"rafale_max";"complet";"vent"
0,865756408442168;11,376;3602;744;-17033,986214813;34127,972429626;"intensite_MR_rafale_max_complet";"intensite";"MR";"rafale_max";"complet";"vent"
0,91191128608925;11,538;3643;703;-17033,9798264987;34127,9596529974;"intensite_MR_rafale_max_complet";"intensite";"MR";"rafale_max";"complet";"vent"
0,937552884782073;11,628;3666;680;-17033,9781485869;34127,9562971739;"intensite_MR_rafale_max_complet";"intensite";"MR";"rafale_max";"complet";"vent"
0,958066163736331;11,7;3678;668;-17033,9790607201;34127,9581214402;"intensite_MR_rafale_max_complet";"intensite";"MR";"rafale_max";"complet";"vent"
1,00422104138341;11,862;3696;650;-17033,9788174495;34127,957634899;"intensite_MR_rafale_max_complet";"intensite";"MR";"rafale_max";"complet";"vent"
1,05037591903049;12,024;3728;618;-17033,9731591408;34127,9463182816;"intensite_MR_rafale_max_complet";"intensite";"MR";"rafale_max";"complet";"vent"
1,09653079667758;12,186;3757;589;-17033,9632236977;34127,9264473954;"intensite_MR_rafale_max_complet";"intensite";"MR";"rafale_max";"complet";"vent"
1,14268567432466;12,348;3789;557;-17033,9538399923;34127,9076799846;"intensite_MR_rafale_max_complet";"intensite";"MR";"rafale_max";"complet";"vent"
1,18884055197174;12,51;3820;526;-17033,9503043173;34127,9006086346;"intensite_MR_rafale_max_complet";"intensite";"MR";"rafale_max";"complet";"vent"
1,23499542961882;12,672;3853;493;-17033,9565017034;34127,9130034068;"intensite_MR_rafale_max_complet";"intensite";"MR";"rafale_max";"complet";"vent"
1,2811503072659;12,834;3890;456;-17033,9688145131;34127,9376290262;"intensite_MR_rafale_max_complet";"intensite";"MR";"rafale_max";"complet";"vent"
1,32730518491299;12,996;3919;427;-17033,9903914793;34127,9807829587;"intensite_MR_rafale_max_complet";"intensite";"MR";"rafale_max";"complet";"vent"
-1,20245396461903;16,1;678;6068;-1694,07638685186;3450,15277370371;"presence_IC_moyen_sans_2202_2024";"presence";"IC";"moyen";"sans_2202_2024";"temperature"
-0,904951536754715;17,5666666666667;1065;5681;-1692,97835947452;3447,95671894903;"presence_IC_moyen_sans_2202_2024";"presence";"IC";"moyen";"sans_2202_2024";"temperature"
-0,695347553486672;18,6;1447;5299;-1692,07757557989;3446,15515115978;"presence_IC_moyen_sans_2202_2024";"presence";"IC";"moyen";"sans_2202_2024";"temperature"
-0,506027826663924;19,5333333333333;1831;4915;-1691,20170281378;3444,40340562756;"presence_IC_moyen_sans_2202_2024";"presence";"IC";"moyen";"sans_2202_2024";"temperature"
-0,350515193916666;20,3;2240;4506;-1690,58957191416;3443,17914382833;"presence_IC_moyen_sans_2202_2024";"presence";"IC";"moyen";"sans_2202_2024";"temperature"
-0,201763979984507;21,0333333333333;2602;4144;-1690,24680385356;3442,49360770713;"presence_IC_moyen_sans_2202_2024";"presence";"IC";"moyen";"sans_2202_2024";"temperature"
-0,0732970224976421;21,6666666666667;2996;3750;-1690,30877985134;3442,61755970269;"presence_IC_moyen_sans_2202_2024";"presence";"IC";"moyen";"sans_2202_2024";"temperature"
0,0484085161741241;22,2666666666667;3382;3364;-1690,37784877787;3442,75569755574;"presence_IC_moyen_sans_2202_2024";"presence";"IC";"moyen";"sans_2202_2024";"temperature"
0,176875473660988;22,9;3761;2985;-1689,98905551351;3441,97811102702;"presence_IC_moyen_sans_2202_2024";"presence";"IC";"moyen";"sans_2202_2024";"temperature"
0,198125647079868;23,0047619047619;3850;2896;-1689,8966959842;3441,7933919684;"presence_IC_moyen_sans_2202_2024";"presence";"IC";"moyen";"sans_2202_2024";"temperature"
0,219375820498748;23,1095238095238;3895;2851;-1689,81759877742;3441,63519755484;"presence_IC_moyen_sans_2202_2024";"presence";"IC";"moyen";"sans_2202_2024";"temperature"
0,240625993917628;23,2142857142857;3944;2802;-1689,74013376782;3441,48026753565;"presence_IC_moyen_sans_2202_2024";"presence";"IC";"moyen";"sans_2202_2024";"temperature"
0,261876167336508;23,3190476190476;3997;2749;-1689,65448670398;3441,30897340795;"presence_IC_moyen_sans_2202_2024";"presence";"IC";"moyen";"sans_2202_2024";"temperature"
0,283126340755388;23,4238095238095;4039;2707;-1689,56974575731;3441,13949151461;"presence_IC_moyen_sans_2202_2024";"presence";"IC";"moyen";"sans_2202_2024";"temperature"
0,304376514174268;23,5285714285714;4097;2649;-1689,54601922402;3441,09203844804;"presence_IC_moyen_sans_2202_2024";"presence";"IC";"moyen";"sans_2202_2024";"temperature"
0,31886526877805;23,6;4146;2600;-1689,53431941586;3441,06863883172;"presence_IC_moyen_sans_2202_2024";"presence";"IC";"moyen";"sans_2202_2024";"temperature"
0,325626687593148;23,6333333333333;4162;2584;-1689,54069913121;3441,08139826242;"presence_IC_moyen_sans_2202_2024";"presence";"IC";"moyen";"sans_2202_2024";"temperature"
0,346876861012028;23,7380952380952;4257;2489;-1689,56474231565;3441,12948463131;"presence_IC_moyen_sans_2202_2024";"presence";"IC";"moyen";"sans_2202_2024";"temperature"
0,368127034430908;23,8428571428571;4308;2438;-1689,56892392684;3441,13784785368;"presence_IC_moyen_sans_2202_2024";"presence";"IC";"moyen";"sans_2202_2024";"temperature"
0,389377207849788;23,947619047619;4352;2394;-1689,59476445889;3441,18952891777;"presence_IC_moyen_sans_2202_2024";"presence";"IC";"moyen";"sans_2202_2024";"temperature"
0,410627381268668;24,052380952381;4391;2355;-1689,65108158127;3441,30216316255;"presence_IC_moyen_sans_2202_2024";"presence";"IC";"moyen";"sans_2202_2024";"temperature"
0,431877554687548;24,1571428571429;4440;2306;-1689,73169062187;3441,46338124374;"presence_IC_moyen_sans_2202_2024";"presence";"IC";"moyen";"sans_2202_2024";"temperature"
0,453127728106428;24,2619047619048;4472;2274;-1689,81476720079;3441,62953440159;"presence_IC_moyen_sans_2202_2024";"presence";"IC";"moyen";"sans_2202_2024";"temperature"
0,474377901525308;24,3666666666667;4531;2215;-1689,92561827768;3441,85123655537;"presence_IC_moyen_sans_2202_2024";"presence";"IC";"moyen";"sans_2202_2024";"temperature"
0,656936209532958;25,2666666666667;4917;1829;-1690,62592242219;3443,25184484437;"presence_IC_moyen_sans_2202_2024";"presence";"IC";"moyen";"sans_2202_2024";"temperature"
0,873301611616098;26,3333333333333;5301;1445;-1691,3405840992;3444,6811681984;"presence_IC_moyen_sans_2202_2024";"presence";"IC";"moyen";"sans_2202_2024";"temperature"
1,09642843251434;27,4333333333333;5687;1059;-1692,71336359083;3447,42672718166;"presence_IC_moyen_sans_2202_2024";"presence";"IC";"moyen";"sans_2202_2024";"temperature"
1,36012376630316;28,7333333333333;6073;673;-1693,8140340213;3449,62806804259;"presence_IC_moyen_sans_2202_2024";"presence";"IC";"moyen";"sans_2202_2024";"temperature"
-1,38570870037549;42,9999999999996;686;6060;-1694,25363684651;3450,50727369303;"presence_IC_moyen_sans_2202_2024";"presence";"IC";"moyen";"sans_2202_2024";"humidite"
-1,14776305315625;47,2499999999996;1078;5668;-1694,23164052624;3450,46328105249;"presence_IC_moyen_sans_2202_2024";"presence";"IC";"moyen";"sans_2202_2024";"humidite"
-0,95647341519569;50,6666666666663;1453;5293;-1693,97593908098;3449,95187816195;"presence_IC_moyen_sans_2202_2024";"presence";"IC";"moyen";"sans_2202_2024";"humidite"
-0,755852575383392;54,2499999999997;1849;4897;-1693,24183249879;3448,48366499759;"presence_IC_moyen_sans_2202_2024";"presence";"IC";"moyen";"sans_2202_2024";"humidite"
-0,601887744829769;56,9999999999997;2219;4527;-1692,82769152532;3447,65538305064;"presence_IC_moyen_sans_2202_2024";"presence";"IC";"moyen";"sans_2202_2024";"humidite"
-0,447922914276145;59,7499999999997;2623;4123;-1692,24630162086;3446,49260324172;"presence_IC_moyen_sans_2202_2024";"presence";"IC";"moyen";"sans_2202_2024";"humidite"
-0,422928623601856;60,1964285714283;2643;4103;-1692,20822684642;3446,41645369284;"presence_IC_moyen_sans_2202_2024";"presence";"IC";"moyen";"sans_2202_2024";"humidite"
-0,397934332927566;60,6428571428569;2693;4053;-1692,16717096086;3446,33434192172;"presence_IC_moyen_sans_2202_2024";"presence";"IC";"moyen";"sans_2202_2024";"humidite"
-0,372940042253276;61,0892857142854;2740;4006;-1692,14233065614;3446,28466131227;"presence_IC_moyen_sans_2202_2024";"presence";"IC";"moyen";"sans_2202_2024";"humidite"
-0,347945751578987;61,535714285714;2805;3941;-1692,12952857901;3446,25905715803;"presence_IC_moyen_sans_2202_2024";"presence";"IC";"moyen";"sans_2202_2024";"humidite"
-0,322951460904697;61,9821428571426;2852;3894;-1692,08738905938;3446,17477811876;"presence_IC_moyen_sans_2202_2024";"presence";"IC";"moyen";"sans_2202_2024";"humidite"
-0,297957170230408;62,4285714285711;2932;3814;-1692,06703541404;3446,13407082808;"presence_IC_moyen_sans_2202_2024";"presence";"IC";"moyen";"sans_2202_2024";"humidite"
-0,279961280944919;62,7499999999997;2992;3754;-1692,0969592252;3446,1939184504;"presence_IC_moyen_sans_2202_2024";"presence";"IC";"moyen";"sans_2202_2024";"humidite"
-0,272962879556118;62,8749999999997;2992;3754;-1692,11323493167;3446,22646986334;"presence_IC_moyen_sans_2202_2024";"presence";"IC";"moyen";"sans_2202_2024";"humidite"
-0,247968588881829;63,3214285714283;3055;3691;-1692,1866704338;3446,37334086759;"presence_IC_moyen_sans_2202_2024";"presence";"IC";"moyen";"sans_2202_2024";"humidite"
-0,222974298207539;63,7678571428569;3143;3603;-1692,26714689945;3446,53429379889;"presence_IC_moyen_sans_2202_2024";"presence";"IC";"moyen";"sans_2202_2024";"humidite"
-0,197980007533249;64,2142857142854;3166;3580;-1692,35221937575;3446,70443875149;"presence_IC_moyen_sans_2202_2024";"presence";"IC";"moyen";"sans_2202_2024";"humidite"
-0,17298571685896;64,660714285714;3222;3524;-1692,45326318798;3446,90652637596;"presence_IC_moyen_sans_2202_2024";"presence";"IC";"moyen";"sans_2202_2024";"humidite"
-0,14799142618467;65,1071428571426;3294;3452;-1692,55346436589;3447,10692873178;"presence_IC_moyen_sans_2202_2024";"presence";"IC";"moyen";"sans_2202_2024";"humidite"
-0,122997135510381;65,5535714285712;3343;3403;-1692,61988442523;3447,23976885046;"presence_IC_moyen_sans_2202_2024";"presence";"IC";"moyen";"sans_2202_2024";"humidite"
-0,0980028448360912;65,9999999999997;3405;3341;-1692,68438800124;3447,36877600248;"presence_IC_moyen_sans_2202_2024";"presence";"IC";"moyen";"sans_2202_2024";"humidite"
0,0506298703736855;68,6547619047617;3758;2988;-1692,99851136755;3447,99702273509;"presence_IC_moyen_sans_2202_2024";"presence";"IC";"moyen";"sans_2202_2024";"humidite"
0,223923619048758;71,7499999999998;4151;2595;-1693,30314057482;3448,60628114963;"presence_IC_moyen_sans_2202_2024";"presence";"IC";"moyen";"sans_2202_2024";"humidite"
0,419878857935189;75,2499999999998;4532;2214;-1693,67608050794;3449,35216101588;"presence_IC_moyen_sans_2202_2024";"presence";"IC";"moyen";"sans_2202_2024";"humidite"
0,601837294044017;78,4999999999998;4919;1827;-1693,94823621588;3449,89647243176;"presence_IC_moyen_sans_2202_2024";"presence";"IC";"moyen";"sans_2202_2024";"humidite"
0,811789335708049;82,2499999999998;5301;1445;-1693,95880965626;3449,91761931251;"presence_IC_moyen_sans_2202_2024";"presence";"IC";"moyen";"sans_2202_2024";"humidite"
1,06373178570489;86,7499999999998;5705;1041;-1693,83444951944;3449,66889903887;"presence_IC_moyen_sans_2202_2024";"presence";"IC";"moyen";"sans_2202_2024";"humidite"
1,31567423570173;91,2499999999999;6073;673;-1693,66425893711;3449,32851787422;"presence_IC_moyen_sans_2202_2024";"presence";"IC";"moyen";"sans_2202_2024";"humidite"
-1,04394247263177;1017,33333333334;685;6061;-1694,24485482757;3450,48970965513;"presence_IC_moyen_sans_2202_2024";"presence";"IC";"moyen";"sans_2202_2024";"pression"
-0,796764229784591;1018,73333333334;1062;5684;-1694,24864519437;3450,49729038873;"presence_IC_moyen_sans_2202_2024";"presence";"IC";"moyen";"sans_2202_2024";"pression"
-0,543700790679114;1020,16666666667;1451;5295;-1694,10459271318;3450,20918542636;"presence_IC_moyen_sans_2202_2024";"presence";"IC";"moyen";"sans_2202_2024";"pression"
-0,396570884222442;1021;1849;4897;-1693,98895078439;3449,97790156877;"presence_IC_moyen_sans_2202_2024";"presence";"IC";"moyen";"sans_2202_2024";"pression"
-0,243555781507508;1021,86666666667;2227;4519;-1693,83589007766;3449,67178015532;"presence_IC_moyen_sans_2202_2024";"presence";"IC";"moyen";"sans_2202_2024";"pression"
-0,125851856342181;1022,53333333334;2603;4143;-1693,75794403509;3449,51588807017;"presence_IC_moyen_sans_2202_2024";"presence";"IC";"moyen";"sans_2202_2024";"pression"
0,00362246133970746;1023,26666666667;3000;3746;-1693,73873255559;3449,47746511118;"presence_IC_moyen_sans_2202_2024";"presence";"IC";"moyen";"sans_2202_2024";"pression"
0,121326386505034;1023,93333333334;3380;3366;-1693,62444027864;3449,24888055729;"presence_IC_moyen_sans_2202_2024";"presence";"IC";"moyen";"sans_2202_2024";"pression"
0,227259919153817;1024,53333333334;3761;2985;-1693,40628372071;3448,81256744142;"presence_IC_moyen_sans_2202_2024";"presence";"IC";"moyen";"sans_2202_2024";"pression"
0,37438982561051;1025,36666666667;4152;2594;-1693,11835134781;3448,23670269562;"presence_IC_moyen_sans_2202_2024";"presence";"IC";"moyen";"sans_2202_2024";"pression"
0,50974933955064;1026,13333333334;4535;2211;-1692,97046879579;3447,94093759158;"presence_IC_moyen_sans_2202_2024";"presence";"IC";"moyen";"sans_2202_2024";"pression"
0,622829181941601;1026,77380952381;4915;1831;-1692,73654443586;3447,47308887173;"presence_IC_moyen_sans_2202_2024";"presence";"IC";"moyen";"sans_2202_2024";"pression"
0,644178031633579;1026,89472789116;4967;1779;-1692,62786051628;3447,25572103256;"presence_IC_moyen_sans_2202_2024";"presence";"IC";"moyen";"sans_2202_2024";"pression"
0,665526881325557;1027,01564625851;5043;1703;-1692,50645716982;3447,01291433965;"presence_IC_moyen_sans_2202_2024";"presence";"IC";"moyen";"sans_2202_2024";"pression"
0,686875731017535;1027,13656462585;5092;1654;-1692,39122912505;3446,7824582501;"presence_IC_moyen_sans_2202_2024";"presence";"IC";"moyen";"sans_2202_2024";"pression"
0,708224580709513;1027,2574829932;5133;1613;-1692,27716514215;3446,5543302843;"presence_IC_moyen_sans_2202_2024";"presence";"IC";"moyen";"sans_2202_2024";"pression"
0,729573430401491;1027,37840136055;5165;1581;-1692,18081274018;3446,36162548035;"presence_IC_moyen_sans_2202_2024";"presence";"IC";"moyen";"sans_2202_2024";"pression"
0,750922280093469;1027,49931972789;5218;1528;-1692,1132610165;3446,22652203301;"presence_IC_moyen_sans_2202_2024";"presence";"IC";"moyen";"sans_2202_2024";"pression"
0,772271129785446;1027,62023809524;5273;1473;-1692,10124813841;3446,20249627683;"presence_IC_moyen_sans_2202_2024";"presence";"IC";"moyen";"sans_2202_2024";"pression"
0,7804683674309;1027,66666666667;5301;1445;-1692,10492138512;3446,20984277025;"presence_IC_moyen_sans_2202_2024";"presence";"IC";"moyen";"sans_2202_2024";"pression"
0,793619979477424;1027,74115646259;5332;1414;-1692,11386746788;3446,22773493575;"presence_IC_moyen_sans_2202_2024";"presence";"IC";"moyen";"sans_2202_2024";"pression"
0,814968829169402;1027,86207482993;5363;1383;-1692,19078279606;3446,38156559212;"presence_IC_moyen_sans_2202_2024";"presence";"IC";"moyen";"sans_2202_2024";"pression"
0,83631767886138;1027,98299319728;5427;1319;-1692,36196903408;3446,72393806815;"presence_IC_moyen_sans_2202_2024";"presence";"IC";"moyen";"sans_2202_2024";"pression"
0,857666528553358;1028,10391156463;5486;1260;-1692,5603997382;3447,1207994764;"presence_IC_moyen_sans_2202_2024";"presence";"IC";"moyen";"sans_2202_2024";"pression"
0,879015378245336;1028,22482993198;5541;1205;-1692,74678216977;3447,49356433955;"presence_IC_moyen_sans_2202_2024";"presence";"IC";"moyen";"sans_2202_2024";"pression"
0,900364227937314;1028,34574829932;5624;1122;-1692,89857684377;3447,79715368754;"presence_IC_moyen_sans_2202_2024";"presence";"IC";"moyen";"sans_2202_2024";"pression"
0,921713077629292;1028,46666666667;5688;1058;-1693,02297442108;3448,04594884217;"presence_IC_moyen_sans_2202_2024";"presence";"IC";"moyen";"sans_2202_2024";"pression"
1,1335801429269;1029,66666666667;6072;674;-1694,2987804169;3450,59756083381;"presence_IC_moyen_sans_2202_2024";"presence";"IC";"moyen";"sans_2202_2024";"pression"
-1,22201733720988;7,13333333333336;683;6063;-1694,6178218863;3451,2356437726;"presence_IC_moyen_sans_2202_2024";"presence";"IC";"moyen";"sans_2202_2024";"vent"
-0,99228875667813;8,80000000000002;1061;5685;-1694,52103282937;3451,04206565874;"presence_IC_moyen_sans_2202_2024";"presence";"IC";"moyen";"sans_2202_2024";"vent"
-0,776343890978288;10,3666666666667;1449;5297;-1694,21272658361;3450,42545316722;"presence_IC_moyen_sans_2202_2024";"presence";"IC";"moyen";"sans_2202_2024";"vent"
-0,588951006001678;11,7261904761905;1831;4915;-1693,76307153989;3449,52614307977;"presence_IC_moyen_sans_2202_2024";"presence";"IC";"moyen";"sans_2202_2024";"vent"
-0,569189659737569;11,8695578231293;1876;4870;-1693,71955324725;3449,43910649449;"presence_IC_moyen_sans_2202_2024";"presence";"IC";"moyen";"sans_2202_2024";"vent"
-0,549428313473461;12,012925170068;1923;4823;-1693,68525829808;3449,37051659616;"presence_IC_moyen_sans_2202_2024";"presence";"IC";"moyen";"sans_2202_2024";"vent"
-0,529666967209353;12,1562925170068;1991;4755;-1693,66272977814;3449,32545955628;"presence_IC_moyen_sans_2202_2024";"presence";"IC";"moyen";"sans_2202_2024";"vent"
-0,509905620945244;12,2996598639456;2038;4708;-1693,64457268075;3449,28914536151;"presence_IC_moyen_sans_2202_2024";"presence";"IC";"moyen";"sans_2202_2024";"vent"
-0,490144274681136;12,4430272108844;2095;4651;-1693,62435505243;3449,24871010486;"presence_IC_moyen_sans_2202_2024";"presence";"IC";"moyen";"sans_2202_2024";"vent"
-0,470382928417028;12,5863945578231;2140;4606;-1693,60954844903;3449,21909689807;"presence_IC_moyen_sans_2202_2024";"presence";"IC";"moyen";"sans_2202_2024";"vent"
-0,450621582152919;12,7297619047619;2201;4545;-1693,59380841377;3449,18761682754;"presence_IC_moyen_sans_2202_2024";"presence";"IC";"moyen";"sans_2202_2024";"vent"
-0,445534735012574;12,7666666666667;2228;4518;-1693,59259194546;3449,18518389091;"presence_IC_moyen_sans_2202_2024";"presence";"IC";"moyen";"sans_2202_2024";"vent"
-0,430860235888811;12,8731292517007;2268;4478;-1693,59554218911;3449,19108437822;"presence_IC_moyen_sans_2202_2024";"presence";"IC";"moyen";"sans_2202_2024";"vent"
-0,411098889624703;13,0164965986395;2345;4401;-1693,59089731765;3449,18179463531;"presence_IC_moyen_sans_2202_2024";"presence";"IC";"moyen";"sans_2202_2024";"vent"
-0,391337543360594;13,1598639455782;2385;4361;-1693,58030281146;3449,16060562292;"presence_IC_moyen_sans_2202_2024";"presence";"IC";"moyen";"sans_2202_2024";"vent"
-0,371576197096486;13,303231292517;2431;4315;-1693,57932659568;3449,15865319136;"presence_IC_moyen_sans_2202_2024";"presence";"IC";"moyen";"sans_2202_2024";"vent"
-0,351814850832378;13,4465986394558;2476;4270;-1693,57763879677;3449,15527759354;"presence_IC_moyen_sans_2202_2024";"presence";"IC";"moyen";"sans_2202_2024";"vent"
-0,332053504568269;13,5899659863946;2543;4203;-1693,59266842015;3449,18533684031;"presence_IC_moyen_sans_2202_2024";"presence";"IC";"moyen";"sans_2202_2024";"vent"
-0,312292158304161;13,7333333333333;2605;4141;-1693,60771000994;3449,21542001989;"presence_IC_moyen_sans_2202_2024";"presence";"IC";"moyen";"sans_2202_2024";"vent"
-0,156076723542573;14,8666666666667;2998;3748;-1693,94814425935;3449,89628851869;"presence_IC_moyen_sans_2202_2024";"presence";"IC";"moyen";"sans_2202_2024";"vent"
-0,0320232900554302;15,7666666666667;3373;3373;-1694,19253550996;3450,38507101992;"presence_IC_moyen_sans_2202_2024";"presence";"IC";"moyen";"sans_2202_2024";"vent"
0,115003001484887;16,8333333333333;3767;2979;-1694,44544177245;3450,8908835449;"presence_IC_moyen_sans_2202_2024";"presence";"IC";"moyen";"sans_2202_2024";"vent"
0,25743472141457;17,8666666666667;4147;2599;-1694,59430574368;3451,18861148736;"presence_IC_moyen_sans_2202_2024";"presence";"IC";"moyen";"sans_2202_2024";"vent"
0,450406729061237;19,2666666666667;4531;2215;-1694,61775293141;3451,23550586283;"presence_IC_moyen_sans_2202_2024";"presence";"IC";"moyen";"sans_2202_2024";"vent"
0,652567879929174;20,7333333333333;4920;1826;-1694,61831228243;3451,23662456487;"presence_IC_moyen_sans_2202_2024";"presence";"IC";"moyen";"sans_2202_2024";"vent"
0,873107317239651;22,3333333333333;5305;1441;-1694,57357218936;3451,14714437872;"presence_IC_moyen_sans_2202_2024";"presence";"IC";"moyen";"sans_2202_2024";"vent"
1,08445761132886;23,8666666666666;5688;1058;-1694,50692129332;3451,01384258664;"presence_IC_moyen_sans_2202_2024";"presence";"IC";"moyen";"sans_2202_2024";"vent"
1,37391562279886;25,9666666666666;6074;672;-1694,43777593496;3450,87555186992;"presence_IC_moyen_sans_2202_2024";"presence";"IC";"moyen";"sans_2202_2024";"vent"
-1,24572704503566;15,8866666666667;542;4875;-21523,1081637825;43110,2163275651;"intensite_IC_moyen_sans_2202_2024";"intensite";"IC";"moyen";"sans_2202_2024";"temperature"
-0,938758630830205;17,4;860;4557;-21519,8969954755;43103,7939909509;"intensite_IC_moyen_sans_2202_2024";"intensite";"IC";"moyen";"sans_2202_2024";"temperature"
-0,715631809931966;18,5;1168;4249;-21516,9584132252;43097,9168264504;"intensite_IC_moyen_sans_2202_2024";"intensite";"IC";"moyen";"sans_2202_2024";"temperature"
-0,690517968618745;18,6238095238096;1192;4225;-21516,5901245281;43097,1802490563;"intensite_IC_moyen_sans_2202_2024";"intensite";"IC";"moyen";"sans_2202_2024";"temperature"
-0,665404127305523;18,7476190476191;1220;4197;-21516,2859964732;43096,5719929464;"intensite_IC_moyen_sans_2202_2024";"intensite";"IC";"moyen";"sans_2202_2024";"temperature"
-0,640290285992301;18,8714285714286;1270;4147;-21516,0632628992;43096,1265257983;"intensite_IC_moyen_sans_2202_2024";"intensite";"IC";"moyen";"sans_2202_2024";"temperature"
-0,61517644467908;18,9952380952381;1306;4111;-21515,9713909944;43095,9427819887;"intensite_IC_moyen_sans_2202_2024";"intensite";"IC";"moyen";"sans_2202_2024";"temperature"
-0,590062603365858;19,1190476190477;1344;4073;-21515,8666206397;43095,7332412794;"intensite_IC_moyen_sans_2202_2024";"intensite";"IC";"moyen";"sans_2202_2024";"temperature"
-0,564948762052636;19,2428571428572;1392;4025;-21515,8260857109;43095,6521714219;"intensite_IC_moyen_sans_2202_2024";"intensite";"IC";"moyen";"sans_2202_2024";"temperature"
-0,539834920739415;19,3666666666667;1442;3975;-21515,8329669327;43095,6659338654;"intensite_IC_moyen_sans_2202_2024";"intensite";"IC";"moyen";"sans_2202_2024";"temperature"
-0,525925716319783;19,4352380952382;1471;3946;-21515,8685301617;43095,7370603234;"intensite_IC_moyen_sans_2202_2024";"intensite";"IC";"moyen";"sans_2202_2024";"temperature"
-0,514721079426193;19,4904761904762;1484;3933;-21515,8843529079;43095,7687058158;"intensite_IC_moyen_sans_2202_2024";"intensite";"IC";"moyen";"sans_2202_2024";"temperature"
-0,489607238112971;19,6142857142858;1537;3880;-21515,9189634583;43095,8379269166;"intensite_IC_moyen_sans_2202_2024";"intensite";"IC";"moyen";"sans_2202_2024";"temperature"
-0,46449339679975;19,7380952380953;1593;3824;-21515,9587731085;43095,9175462171;"intensite_IC_moyen_sans_2202_2024";"intensite";"IC";"moyen";"sans_2202_2024";"temperature"
-0,439379555486528;19,8619047619048;1629;3788;-21516,0608298581;43096,1216597163;"intensite_IC_moyen_sans_2202_2024";"intensite";"IC";"moyen";"sans_2202_2024";"temperature"
-0,414265714173306;19,9857142857143;1685;3732;-21516,1933104701;43096,3866209402;"intensite_IC_moyen_sans_2202_2024";"intensite";"IC";"moyen";"sans_2202_2024";"temperature"
-0,389151872860085;20,1095238095239;1738;3679;-21516,3092767137;43096,6185534273;"intensite_IC_moyen_sans_2202_2024";"intensite";"IC";"moyen";"sans_2202_2024";"temperature"
-0,364038031546863;20,2333333333334;1790;3627;-21516,4111531703;43096,8223063406;"intensite_IC_moyen_sans_2202_2024";"intensite";"IC";"moyen";"sans_2202_2024";"temperature"
-0,208525398799605;21,0000000000001;2099;3318;-21517,8019899606;43099,6039799212;"intensite_IC_moyen_sans_2202_2024";"intensite";"IC";"moyen";"sans_2202_2024";"temperature"
-0,0800584413127399;21,6333333333334;2409;3008;-21518,9183660877;43101,8367321754;"intensite_IC_moyen_sans_2202_2024";"intensite";"IC";"moyen";"sans_2202_2024";"temperature"
0,0416470973590256;22,2333333333334;2711;2706;-21519,8505136326;43103,7010272653;"intensite_IC_moyen_sans_2202_2024";"intensite";"IC";"moyen";"sans_2202_2024";"temperature"
0,163352636030793;22,8333333333334;3028;2389;-21521,1414267789;43106,2828535579;"intensite_IC_moyen_sans_2202_2024";"intensite";"IC";"moyen";"sans_2202_2024";"temperature"
0,31886526877805;23,6000000000001;3340;2077;-21522,2470069123;43108,4940138245;"intensite_IC_moyen_sans_2202_2024";"intensite";"IC";"moyen";"sans_2202_2024";"temperature"
0,481139320340405;24,4000000000001;3638;1779;-21522,5427101829;43109,0854203658;"intensite_IC_moyen_sans_2202_2024";"intensite";"IC";"moyen";"sans_2202_2024";"temperature"
0,663311261558624;25,2980952380953;3946;1471;-21523,074932162;43110,1498643239;"intensite_IC_moyen_sans_2202_2024";"intensite";"IC";"moyen";"sans_2202_2024";"temperature"
0,880063030431196;26,3666666666668;4269;1148;-21523,7089366978;43111,4178733956;"intensite_IC_moyen_sans_2202_2024";"intensite";"IC";"moyen";"sans_2202_2024";"temperature"
1,10995127014453;27,5000000000001;4572;845;-21524,005544518;43112,011089036;"intensite_IC_moyen_sans_2202_2024";"intensite";"IC";"moyen";"sans_2202_2024";"temperature"
1,36012376630316;28,7333333333334;4880;537;-21524,1816803606;43112,3633607211;"intensite_IC_moyen_sans_2202_2024";"intensite";"IC";"moyen";"sans_2202_2024";"temperature"
-1,38570870037549;42,9999999999998;561;4856;-21523,7597065267;43111,5194130534;"intensite_IC_moyen_sans_2202_2024";"intensite";"IC";"moyen";"sans_2202_2024";"humidite"
-1,14776305315625;47,2499999999998;862;4555;-21524,3051223235;43112,610244647;"intensite_IC_moyen_sans_2202_2024";"intensite";"IC";"moyen";"sans_2202_2024";"humidite"
-0,951807814269823;50,7499999999998;1166;4251;-21524,0882046741;43112,1764093482;"intensite_IC_moyen_sans_2202_2024";"intensite";"IC";"moyen";"sans_2202_2024";"humidite"
-0,751186974457525;54,3333333333332;1483;3934;-21522,7530580586;43109,5061161171;"intensite_IC_moyen_sans_2202_2024";"intensite";"IC";"moyen";"sans_2202_2024";"humidite"
-0,583225341126299;57,3333333333332;1783;3634;-21519,6419509326;43103,2839018653;"intensite_IC_moyen_sans_2202_2024";"intensite";"IC";"moyen";"sans_2202_2024";"humidite"
-0,419929308720941;60,2499999999998;2095;3322;-21516,1539635885;43096,307927177;"intensite_IC_moyen_sans_2202_2024";"intensite";"IC";"moyen";"sans_2202_2024";"humidite"
-0,237970872612113;63,4999999999998;2421;2996;-21512,6380608193;43089,2761216385;"intensite_IC_moyen_sans_2202_2024";"intensite";"IC";"moyen";"sans_2202_2024";"humidite"
-0,214642867982776;63,9166666666665;2453;2964;-21512,4013535203;43088,8027070407;"intensite_IC_moyen_sans_2202_2024";"intensite";"IC";"moyen";"sans_2202_2024";"humidite"
-0,191314863353439;64,3333333333332;2498;2919;-21512,2219560962;43088,4439121923;"intensite_IC_moyen_sans_2202_2024";"intensite";"IC";"moyen";"sans_2202_2024";"humidite"
-0,167986858724102;64,7499999999998;2523;2894;-21512,0633497718;43088,1266995436;"intensite_IC_moyen_sans_2202_2024";"intensite";"IC";"moyen";"sans_2202_2024";"humidite"
-0,144658854094765;65,1666666666665;2577;2840;-21511,9301664315;43087,8603328631;"intensite_IC_moyen_sans_2202_2024";"intensite";"IC";"moyen";"sans_2202_2024";"humidite"
-0,121330849465428;65,5833333333331;2618;2799;-21511,8722288032;43087,7444576065;"intensite_IC_moyen_sans_2202_2024";"intensite";"IC";"moyen";"sans_2202_2024";"humidite"
-0,0980028448360913;65,9999999999998;2638;2779;-21511,8358335268;43087,6716670537;"intensite_IC_moyen_sans_2202_2024";"intensite";"IC";"moyen";"sans_2202_2024";"humidite"
-0,0746748402067544;66,4166666666665;2694;2723;-21511,7639654883;43087,5279309765;"intensite_IC_moyen_sans_2202_2024";"intensite";"IC";"moyen";"sans_2202_2024";"humidite"
-0,0700092392808869;66,4999999999998;2722;2695;-21511,7521710529;43087,5043421058;"intensite_IC_moyen_sans_2202_2024";"intensite";"IC";"moyen";"sans_2202_2024";"humidite"
-0,0513468355774175;66,8333333333331;2757;2660;-21511,6957609928;43087,3915219857;"intensite_IC_moyen_sans_2202_2024";"intensite";"IC";"moyen";"sans_2202_2024";"humidite"
-0,0280188309480806;67,2499999999998;2787;2630;-21511,6523544715;43087,3047089431;"intensite_IC_moyen_sans_2202_2024";"intensite";"IC";"moyen";"sans_2202_2024";"humidite"
-0,00469082631874371;67,6666666666665;2838;2579;-21511,6641518442;43087,3283036884;"intensite_IC_moyen_sans_2202_2024";"intensite";"IC";"moyen";"sans_2202_2024";"humidite"
0,0186371783105932;68,0833333333331;2898;2519;-21511,694814157;43087,3896283139;"intensite_IC_moyen_sans_2202_2024";"intensite";"IC";"moyen";"sans_2202_2024";"humidite"
0,0419651829399301;68,4999999999998;2928;2489;-21511,7138275208;43087,4276550416;"intensite_IC_moyen_sans_2202_2024";"intensite";"IC";"moyen";"sans_2202_2024";"humidite"
0,065293187569267;68,9166666666665;2969;2448;-21511,7262724392;43087,4525448784;"intensite_IC_moyen_sans_2202_2024";"intensite";"IC";"moyen";"sans_2202_2024";"humidite"
0,0886211921986039;69,3333333333331;3021;2396;-21511,8157213791;43087,6314427581;"intensite_IC_moyen_sans_2202_2024";"intensite";"IC";"moyen";"sans_2202_2024";"humidite"
0,2752452292333;72,6666666666665;3330;2087;-21512,5845493919;43089,1690987837;"intensite_IC_moyen_sans_2202_2024";"intensite";"IC";"moyen";"sans_2202_2024";"humidite"
0,475866069045597;76,2499999999998;3647;1770;-21513,0585797692;43090,1171595385;"intensite_IC_moyen_sans_2202_2024";"intensite";"IC";"moyen";"sans_2202_2024";"humidite"
0,657824505154425;79,4999999999998;3960;1457;-21515,1025958336;43094,2051916673;"intensite_IC_moyen_sans_2202_2024";"intensite";"IC";"moyen";"sans_2202_2024";"humidite"
0,853779744040855;82,9999999999998;4259;1158;-21517,7208324764;43099,4416649528;"intensite_IC_moyen_sans_2202_2024";"intensite";"IC";"moyen";"sans_2202_2024";"humidite"
1,10572219403769;87,4999999999998;4573;844;-21520,5046211018;43105,0092422035;"intensite_IC_moyen_sans_2202_2024";"intensite";"IC";"moyen";"sans_2202_2024";"humidite"
1,37166144681214;92,2499999999998;4876;541;-21521,4562801749;43106,9125603497;"intensite_IC_moyen_sans_2202_2024";"intensite";"IC";"moyen";"sans_2202_2024";"humidite"
-1,12633522024748;1016,86666666666;544;4873;-21523,666516297;43111,333032594;"intensite_IC_moyen_sans_2202_2024";"intensite";"IC";"moyen";"sans_2202_2024";"pression"
-0,855616192367244;1018,4;857;4560;-21523,2304937247;43110,4609874494;"intensite_IC_moyen_sans_2202_2024";"intensite";"IC";"moyen";"sans_2202_2024";"pression"
-0,602552753261767;1019,83333333333;1166;4251;-21521,6218606313;43107,2437212627;"intensite_IC_moyen_sans_2202_2024";"intensite";"IC";"moyen";"sans_2202_2024";"pression"
-0,449537650546853;1020,7;1473;3944;-21520,6085640627;43105,2171281255;"intensite_IC_moyen_sans_2202_2024";"intensite";"IC";"moyen";"sans_2202_2024";"pression"
-0,302407744090181;1021,53333333333;1791;3626;-21519,5009226656;43103,0018453313;"intensite_IC_moyen_sans_2202_2024";"intensite";"IC";"moyen";"sans_2202_2024";"pression"
-0,161163033891769;1022,33333333333;2100;3317;-21518,3980324544;43100,7960649087;"intensite_IC_moyen_sans_2202_2024";"intensite";"IC";"moyen";"sans_2202_2024";"pression"
-0,0316887162099205;1023,06666666666;2409;3008;-21515,674762411;43095,349524822;"intensite_IC_moyen_sans_2202_2024";"intensite";"IC";"moyen";"sans_2202_2024";"pression"
0,0919004052137071;1023,76666666666;2719;2698;-21513,0414882184;43090,0829764368;"intensite_IC_moyen_sans_2202_2024";"intensite";"IC";"moyen";"sans_2202_2024";"pression"
0,109976365149811;1023,86904761905;2757;2660;-21512,6452825235;43089,290565047;"intensite_IC_moyen_sans_2202_2024";"intensite";"IC";"moyen";"sans_2202_2024";"pression"
0,128052325085915;1023,97142857143;2819;2598;-21512,2488796077;43088,4977592155;"intensite_IC_moyen_sans_2202_2024";"intensite";"IC";"moyen";"sans_2202_2024";"pression"
0,146128285022019;1024,07380952381;2859;2558;-21511,9296624659;43087,8593249319;"intensite_IC_moyen_sans_2202_2024";"intensite";"IC";"moyen";"sans_2202_2024";"pression"
0,164204244958123;1024,17619047619;2931;2486;-21511,5882950127;43087,1765900255;"intensite_IC_moyen_sans_2202_2024";"intensite";"IC";"moyen";"sans_2202_2024";"pression"
0,182280204894227;1024,27857142857;2970;2447;-21511,2711405169;43086,5422810338;"intensite_IC_moyen_sans_2202_2024";"intensite";"IC";"moyen";"sans_2202_2024";"pression"
0,197833937862471;1024,36666666666;3026;2391;-21511,1015158383;43086,2030316765;"intensite_IC_moyen_sans_2202_2024";"intensite";"IC";"moyen";"sans_2202_2024";"pression"
0,200356164830331;1024,38095238095;3034;2383;-21511,0797585421;43086,1595170841;"intensite_IC_moyen_sans_2202_2024";"intensite";"IC";"moyen";"sans_2202_2024";"pression"
0,218432124766435;1024,48333333333;3073;2344;-21510,9579350535;43085,9158701071;"intensite_IC_moyen_sans_2202_2024";"intensite";"IC";"moyen";"sans_2202_2024";"pression"
0,236508084702539;1024,58571428571;3117;2300;-21510,899336274;43085,7986725481;"intensite_IC_moyen_sans_2202_2024";"intensite";"IC";"moyen";"sans_2202_2024";"pression"
0,254584044638643;1024,68809523809;3149;2268;-21510,9270151718;43085,8540303435;"intensite_IC_moyen_sans_2202_2024";"intensite";"IC";"moyen";"sans_2202_2024";"pression"
0,272660004574747;1024,79047619047;3187;2230;-21511,0209399223;43086,0418798447;"intensite_IC_moyen_sans_2202_2024";"intensite";"IC";"moyen";"sans_2202_2024";"pression"
0,290735964510851;1024,89285714285;3213;2204;-21511,1297963048;43086,2595926097;"intensite_IC_moyen_sans_2202_2024";"intensite";"IC";"moyen";"sans_2202_2024";"pression"
0,308811924446955;1024,99523809524;3238;2179;-21511,2203276302;43086,4406552603;"intensite_IC_moyen_sans_2202_2024";"intensite";"IC";"moyen";"sans_2202_2024";"pression"
0,326887884383059;1025,09761904762;3269;2148;-21511,3800438566;43086,7600877131;"intensite_IC_moyen_sans_2202_2024";"intensite";"IC";"moyen";"sans_2202_2024";"pression"
0,344963844319163;1025,2;3334;2083;-21511,6008414057;43087,2016828114;"intensite_IC_moyen_sans_2202_2024";"intensite";"IC";"moyen";"sans_2202_2024";"pression"
0,497978947034077;1026,06666666666;3642;1775;-21513,608825672;43091,217651344;"intensite_IC_moyen_sans_2202_2024";"intensite";"IC";"moyen";"sans_2202_2024";"pression"
0,615682872199424;1026,73333333333;3949;1468;-21514,1010554211;43092,2021108423;"intensite_IC_moyen_sans_2202_2024";"intensite";"IC";"moyen";"sans_2202_2024";"pression"
0,7804683674309;1027,66666666666;4257;1160;-21515,7137067516;43095,4274135031;"intensite_IC_moyen_sans_2202_2024";"intensite";"IC";"moyen";"sans_2202_2024";"pression"
0,927598273887553;1028,5;4567;850;-21516,0217449538;43096,0434899076;"intensite_IC_moyen_sans_2202_2024";"intensite";"IC";"moyen";"sans_2202_2024";"pression"
1,16300612421821;1029,83333333333;4879;538;-21512,5850696293;43089,1701392585;"intensite_IC_moyen_sans_2202_2024";"intensite";"IC";"moyen";"sans_2202_2024";"pression"
-1,22661190882051;7,09999999999997;558;4859;-21523,8317508678;43111,6635017356;"intensite_IC_moyen_sans_2202_2024";"intensite";"IC";"moyen";"sans_2202_2024";"vent"
-1,21020272449682;7,21904761904759;580;4837;-21523,8680191202;43111,7360382404;"intensite_IC_moyen_sans_2202_2024";"intensite";"IC";"moyen";"sans_2202_2024";"vent"
-1,19379354017312;7,33809523809521;607;4810;-21523,8819077233;43111,7638154465;"intensite_IC_moyen_sans_2202_2024";"intensite";"IC";"moyen";"sans_2202_2024";"vent"
-1,17738435584942;7,45714285714283;624;4793;-21523,9079317787;43111,8158635574;"intensite_IC_moyen_sans_2202_2024";"intensite";"IC";"moyen";"sans_2202_2024";"vent"
-1,16097517152573;7,57619047619045;644;4773;-21523,9354992316;43111,8709984632;"intensite_IC_moyen_sans_2202_2024";"intensite";"IC";"moyen";"sans_2202_2024";"vent"
-1,14456598720203;7,69523809523807;656;4761;-21523,9569511922;43111,9139023843;"intensite_IC_moyen_sans_2202_2024";"intensite";"IC";"moyen";"sans_2202_2024";"vent"
-1,12815680287833;7,81428571428569;670;4747;-21523,9706337445;43111,9412674889;"intensite_IC_moyen_sans_2202_2024";"intensite";"IC";"moyen";"sans_2202_2024";"vent"
-1,11174761855464;7,93333333333331;690;4727;-21523,9866923394;43111,9733846789;"intensite_IC_moyen_sans_2202_2024";"intensite";"IC";"moyen";"sans_2202_2024";"vent"
-1,09533843423094;8,05238095238093;710;4707;-21524,0025673055;43112,005134611;"intensite_IC_moyen_sans_2202_2024";"intensite";"IC";"moyen";"sans_2202_2024";"vent"
-1,07892924990725;8,17142857142855;731;4686;-21524,014739184;43112,0294783679;"intensite_IC_moyen_sans_2202_2024";"intensite";"IC";"moyen";"sans_2202_2024";"vent"
-1,06252006558355;8,29047619047617;753;4664;-21524,0156122743;43112,0312245486;"intensite_IC_moyen_sans_2202_2024";"intensite";"IC";"moyen";"sans_2202_2024";"vent"
-1,04611088125985;8,40952380952379;783;4634;-21524,0174712881;43112,0349425761;"intensite_IC_moyen_sans_2202_2024";"intensite";"IC";"moyen";"sans_2202_2024";"vent"
-1,02970169693616;8,52857142857141;803;4614;-21524,0183490115;43112,036698023;"intensite_IC_moyen_sans_2202_2024";"intensite";"IC";"moyen";"sans_2202_2024";"vent"
-1,01329251261246;8,64761904761903;832;4585;-21524,0260821735;43112,0521643471;"intensite_IC_moyen_sans_2202_2024";"intensite";"IC";"moyen";"sans_2202_2024";"vent"
-0,996883328288765;8,76666666666665;853;4564;-21524,0348635767;43112,0697271535;"intensite_IC_moyen_sans_2202_2024";"intensite";"IC";"moyen";"sans_2202_2024";"vent"
-0,776343890978288;10,3666666666666;1167;4250;-21524,209425439;43112,4188508779;"intensite_IC_moyen_sans_2202_2024";"intensite";"IC";"moyen";"sans_2202_2024";"vent"
-0,597155598163526;11,6666666666667;1472;3945;-21524,3193393738;43112,6386787475;"intensite_IC_moyen_sans_2202_2024";"intensite";"IC";"moyen";"sans_2202_2024";"vent"
-0,450129306623208;12,7333333333333;1783;3634;-21524,3200550139;43112,6401100279;"intensite_IC_moyen_sans_2202_2024";"intensite";"IC";"moyen";"sans_2202_2024";"vent"
-0,316886729914796;13,7;2098;3319;-21524,2769314391;43112,5538628781;"intensite_IC_moyen_sans_2202_2024";"intensite";"IC";"moyen";"sans_2202_2024";"vent"
-0,165265866763843;14,8;2405;3012;-21524,2822118122;43112,5644236243;"intensite_IC_moyen_sans_2202_2024";"intensite";"IC";"moyen";"sans_2202_2024";"vent"
-0,036617861666065;15,7333333333333;2713;2704;-21524,2920678766;43112,5841357531;"intensite_IC_moyen_sans_2202_2024";"intensite";"IC";"moyen";"sans_2202_2024";"vent"
0,108045507331642;16,7828571428571;3018;2399;-21524,2911529183;43112,5823058365;"intensite_IC_moyen_sans_2202_2024";"intensite";"IC";"moyen";"sans_2202_2024";"vent"
0,25743472141457;17,8666666666667;3329;2088;-21524,2811888992;43112,5623777983;"intensite_IC_moyen_sans_2202_2024";"intensite";"IC";"moyen";"sans_2202_2024";"vent"
0,450406729061237;19,2666666666667;3639;1778;-21524,2947547029;43112,5895094057;"intensite_IC_moyen_sans_2202_2024";"intensite";"IC";"moyen";"sans_2202_2024";"vent"
0,652567879929174;20,7333333333333;3950;1467;-21524,2927746723;43112,5855493446;"intensite_IC_moyen_sans_2202_2024";"intensite";"IC";"moyen";"sans_2202_2024";"vent"
0,868512745629016;22,3;4258;1159;-21524,2664525982;43112,5329051965;"intensite_IC_moyen_sans_2202_2024";"intensite";"IC";"moyen";"sans_2202_2024";"vent"
1,07526846810759;23,8;4570;847;-21524,2710291759;43112,5420583519;"intensite_IC_moyen_sans_2202_2024";"intensite";"IC";"moyen";"sans_2202_2024";"vent"
1,36196973661121;25,88;4875;542;-21524,3199786365;43112,6399572729;"intensite_IC_moyen_sans_2202_2024";"intensite";"IC";"moyen";"sans_2202_2024";"vent"
-1,20245396461903;16,1;678;6071;-1694,25699631124;3450,51399262249;"presence_IC_rafale_max_sans_2202_2024";"presence";"IC";"rafale_max";"sans_2202_2024";"temperature"
-0,904951536754715;17,5666666666667;1065;5684;-1693,13162055231;3448,26324110461;"presence_IC_rafale_max_sans_2202_2024";"presence";"IC";"rafale_max";"sans_2202_2024";"temperature"
-0,695347553486672;18,6;1447;5302;-1692,21109052333;3446,42218104666;"presence_IC_rafale_max_sans_2202_2024";"presence";"IC";"rafale_max";"sans_2202_2024";"temperature"
-0,506027826663923;19,5333333333333;1844;4905;-1691,33340753935;3444,66681507871;"presence_IC_rafale_max_sans_2202_2024";"presence";"IC";"rafale_max";"sans_2202_2024";"temperature"
-0,350515193916666;20,3;2240;4509;-1690,72618778956;3443,45237557911;"presence_IC_rafale_max_sans_2202_2024";"presence";"IC";"rafale_max";"sans_2202_2024";"temperature"
-0,201763979984507;21,0333333333333;2622;4127;-1690,40029344509;3442,80058689018;"presence_IC_rafale_max_sans_2202_2024";"presence";"IC";"rafale_max";"sans_2202_2024";"temperature"
-0,0732970224976421;21,6666666666667;2996;3753;-1690,48722079156;3442,97444158312;"presence_IC_rafale_max_sans_2202_2024";"presence";"IC";"rafale_max";"sans_2202_2024";"temperature"
0,0484085161741241;22,2666666666666;3382;3367;-1690,58163382303;3443,16326764606;"presence_IC_rafale_max_sans_2202_2024";"presence";"IC";"rafale_max";"sans_2202_2024";"temperature"
0,176875473660988;22,9;3764;2985;-1690,20552977465;3442,41105954929;"presence_IC_rafale_max_sans_2202_2024";"presence";"IC";"rafale_max";"sans_2202_2024";"temperature"
0,198125647079868;23,0047619047619;3853;2896;-1690,11453615253;3442,22907230506;"presence_IC_rafale_max_sans_2202_2024";"presence";"IC";"rafale_max";"sans_2202_2024";"temperature"
0,219375820498748;23,1095238095238;3898;2851;-1690,03673673209;3442,07347346417;"presence_IC_rafale_max_sans_2202_2024";"presence";"IC";"rafale_max";"sans_2202_2024";"temperature"
0,240625993917628;23,2142857142857;3947;2802;-1689,96128217841;3441,92256435681;"presence_IC_rafale_max_sans_2202_2024";"presence";"IC";"rafale_max";"sans_2202_2024";"temperature"
0,261876167336508;23,3190476190476;4000;2749;-1689,8775790452;3441,75515809039;"presence_IC_rafale_max_sans_2202_2024";"presence";"IC";"rafale_max";"sans_2202_2024";"temperature"
0,283126340755388;23,4238095238095;4042;2707;-1689,79442047543;3441,58884095087;"presence_IC_rafale_max_sans_2202_2024";"presence";"IC";"rafale_max";"sans_2202_2024";"temperature"
0,304376514174268;23,5285714285714;4100;2649;-1689,7718056326;3441,5436112652;"presence_IC_rafale_max_sans_2202_2024";"presence";"IC";"rafale_max";"sans_2202_2024";"temperature"
0,31886526877805;23,6;4149;2600;-1689,76093949343;3441,52187898687;"presence_IC_rafale_max_sans_2202_2024";"presence";"IC";"rafale_max";"sans_2202_2024";"temperature"
0,325626687593148;23,6333333333333;4165;2584;-1689,76770559127;3441,53541118253;"presence_IC_rafale_max_sans_2202_2024";"presence";"IC";"rafale_max";"sans_2202_2024";"temperature"
0,346876861012028;23,7380952380952;4260;2489;-1689,79260807327;3441,58521614653;"presence_IC_rafale_max_sans_2202_2024";"presence";"IC";"rafale_max";"sans_2202_2024";"temperature"
0,368127034430908;23,8428571428571;4311;2438;-1689,79780849173;3441,59561698347;"presence_IC_rafale_max_sans_2202_2024";"presence";"IC";"rafale_max";"sans_2202_2024";"temperature"
0,389377207849788;23,947619047619;4355;2394;-1689,82461838821;3441,64923677642;"presence_IC_rafale_max_sans_2202_2024";"presence";"IC";"rafale_max";"sans_2202_2024";"temperature"
0,410627381268668;24,0523809523809;4394;2355;-1689,88202168126;3441,76404336253;"presence_IC_rafale_max_sans_2202_2024";"presence";"IC";"rafale_max";"sans_2202_2024";"temperature"
0,431877554687548;24,1571428571428;4443;2306;-1689,96370338977;3441,92740677954;"presence_IC_rafale_max_sans_2202_2024";"presence";"IC";"rafale_max";"sans_2202_2024";"temperature"
0,453127728106428;24,2619047619047;4475;2274;-1690,04787715619;3442,09575431238;"presence_IC_rafale_max_sans_2202_2024";"presence";"IC";"rafale_max";"sans_2202_2024";"temperature"
0,474377901525308;24,3666666666666;4531;2218;-1690,15968748646;3442,31937497292;"presence_IC_rafale_max_sans_2202_2024";"presence";"IC";"rafale_max";"sans_2202_2024";"temperature"
0,656936209532958;25,2666666666666;4920;1829;-1690,86690039741;3443,73380079482;"presence_IC_rafale_max_sans_2202_2024";"presence";"IC";"rafale_max";"sans_2202_2024";"temperature"
0,873301611616098;26,3333333333333;5304;1445;-1691,58287374152;3445,16574748304;"presence_IC_rafale_max_sans_2202_2024";"presence";"IC";"rafale_max";"sans_2202_2024";"temperature"
1,09642843251434;27,4333333333333;5690;1059;-1692,95530963217;3447,91061926434;"presence_IC_rafale_max_sans_2202_2024";"presence";"IC";"rafale_max";"sans_2202_2024";"temperature"
1,36012376630316;28,7333333333333;6076;673;-1694,05259702083;3450,10519404167;"presence_IC_rafale_max_sans_2202_2024";"presence";"IC";"rafale_max";"sans_2202_2024";"temperature"
-1,38570870037549;43,0000000000002;686;6063;-1694,4646976139;3450,9293952278;"presence_IC_rafale_max_sans_2202_2024";"presence";"IC";"rafale_max";"sans_2202_2024";"humidite"
-1,14776305315625;47,2500000000001;1078;5671;-1694,44133029114;3450,88266058228;"presence_IC_rafale_max_sans_2202_2024";"presence";"IC";"rafale_max";"sans_2202_2024";"humidite"
-0,95647341519569;50,6666666666668;1453;5296;-1694,18619371676;3450,37238743351;"presence_IC_rafale_max_sans_2202_2024";"presence";"IC";"rafale_max";"sans_2202_2024";"humidite"
-0,755852575383392;54,2500000000001;1849;4900;-1693,45248342605;3448,90496685209;"presence_IC_rafale_max_sans_2202_2024";"presence";"IC";"rafale_max";"sans_2202_2024";"humidite"
-0,601887744829769;57,0000000000001;2219;4530;-1693,03654826414;3448,07309652829;"presence_IC_rafale_max_sans_2202_2024";"presence";"IC";"rafale_max";"sans_2202_2024";"humidite"
-0,447922914276145;59,75;2623;4126;-1692,45007509882;3446,90015019764;"presence_IC_rafale_max_sans_2202_2024";"presence";"IC";"rafale_max";"sans_2202_2024";"humidite"
-0,422928623601856;60,1964285714286;2643;4106;-1692,41138480434;3446,82276960869;"presence_IC_rafale_max_sans_2202_2024";"presence";"IC";"rafale_max";"sans_2202_2024";"humidite"
-0,397934332927566;60,6428571428572;2693;4056;-1692,36970730913;3446,73941461827;"presence_IC_rafale_max_sans_2202_2024";"presence";"IC";"rafale_max";"sans_2202_2024";"humidite"
-0,372940042253276;61,0892857142857;2740;4009;-1692,34418501387;3446,68837002773;"presence_IC_rafale_max_sans_2202_2024";"presence";"IC";"rafale_max";"sans_2202_2024";"humidite"
-0,347945751578987;61,5357142857143;2805;3944;-1692,33067501377;3446,66135002754;"presence_IC_rafale_max_sans_2202_2024";"presence";"IC";"rafale_max";"sans_2202_2024";"humidite"
-0,322951460904697;61,9821428571429;2852;3897;-1692,28814414994;3446,57628829988;"presence_IC_rafale_max_sans_2202_2024";"presence";"IC";"rafale_max";"sans_2202_2024";"humidite"
-0,297957170230408;62,4285714285715;2932;3817;-1692,26732473076;3446,53464946152;"presence_IC_rafale_max_sans_2202_2024";"presence";"IC";"rafale_max";"sans_2202_2024";"humidite"
-0,279961280944919;62,75;2992;3757;-1692,29680959985;3446,59361919969;"presence_IC_rafale_max_sans_2202_2024";"presence";"IC";"rafale_max";"sans_2202_2024";"humidite"
-0,272962879556118;62,875;2992;3757;-1692,31289222015;3446,62578444031;"presence_IC_rafale_max_sans_2202_2024";"presence";"IC";"rafale_max";"sans_2202_2024";"humidite"
-0,247968588881829;63,3214285714286;3055;3694;-1692,38568410145;3446,77136820289;"presence_IC_rafale_max_sans_2202_2024";"presence";"IC";"rafale_max";"sans_2202_2024";"humidite"
-0,222974298207539;63,7678571428572;3143;3606;-1692,46572379328;3446,93144758657;"presence_IC_rafale_max_sans_2202_2024";"presence";"IC";"rafale_max";"sans_2202_2024";"humidite"
-0,197980007533249;64,2142857142857;3166;3583;-1692,55086091072;3447,10172182143;"presence_IC_rafale_max_sans_2202_2024";"presence";"IC";"rafale_max";"sans_2202_2024";"humidite"
-0,17298571685896;64,6607142857143;3222;3527;-1692,65179528401;3447,30359056803;"presence_IC_rafale_max_sans_2202_2024";"presence";"IC";"rafale_max";"sans_2202_2024";"humidite"
-0,14799142618467;65,1071428571429;3294;3455;-1692,75165988375;3447,5033197675;"presence_IC_rafale_max_sans_2202_2024";"presence";"IC";"rafale_max";"sans_2202_2024";"humidite"
-0,122997135510381;65,5535714285714;3343;3406;-1692,81801833508;3447,63603667015;"presence_IC_rafale_max_sans_2202_2024";"presence";"IC";"rafale_max";"sans_2202_2024";"humidite"
-0,0980028448360912;66;3405;3344;-1692,88252996626;3447,76505993252;"presence_IC_rafale_max_sans_2202_2024";"presence";"IC";"rafale_max";"sans_2202_2024";"humidite"
0,0419651829399304;68,5;3761;2988;-1693,17608988493;3448,35217976986;"presence_IC_rafale_max_sans_2202_2024";"presence";"IC";"rafale_max";"sans_2202_2024";"humidite"
0,223923619048758;71,75;4154;2595;-1693,4780439236;3448,95608784721;"presence_IC_rafale_max_sans_2202_2024";"presence";"IC";"rafale_max";"sans_2202_2024";"humidite"
0,419878857935189;75,2499999999999;4535;2214;-1693,84629694448;3449,69259388896;"presence_IC_rafale_max_sans_2202_2024";"presence";"IC";"rafale_max";"sans_2202_2024";"humidite"
0,601837294044017;78,4999999999999;4922;1827;-1694,12030607369;3450,24061214737;"presence_IC_rafale_max_sans_2202_2024";"presence";"IC";"rafale_max";"sans_2202_2024";"humidite"
0,811789335708049;82,2499999999999;5304;1445;-1694,12302658748;3450,24605317496;"presence_IC_rafale_max_sans_2202_2024";"presence";"IC";"rafale_max";"sans_2202_2024";"humidite"
1,06373178570489;86,7499999999999;5708;1041;-1693,99032921819;3449,98065843637;"presence_IC_rafale_max_sans_2202_2024";"presence";"IC";"rafale_max";"sans_2202_2024";"humidite"
1,31567423570173;91,2499999999998;6076;673;-1693,81266082663;3449,62532165325;"presence_IC_rafale_max_sans_2202_2024";"presence";"IC";"rafale_max";"sans_2202_2024";"humidite"
-1,04394247263177;1017,33333333333;685;6064;-1694,47817784639;3450,95635569277;"presence_IC_rafale_max_sans_2202_2024";"presence";"IC";"rafale_max";"sans_2202_2024";"pression"
-0,796764229784591;1018,73333333333;1062;5687;-1694,48092823329;3450,96185646659;"presence_IC_rafale_max_sans_2202_2024";"presence";"IC";"rafale_max";"sans_2202_2024";"pression"
-0,543700790679114;1020,16666666667;1451;5298;-1694,33867994203;3450,67735988405;"presence_IC_rafale_max_sans_2202_2024";"presence";"IC";"rafale_max";"sans_2202_2024";"pression"
-0,396570884222442;1021;1849;4900;-1694,22374123519;3450,44748247038;"presence_IC_rafale_max_sans_2202_2024";"presence";"IC";"rafale_max";"sans_2202_2024";"pression"
-0,243555781507508;1021,86666666667;2227;4522;-1694,06791266591;3450,13582533182;"presence_IC_rafale_max_sans_2202_2024";"presence";"IC";"rafale_max";"sans_2202_2024";"pression"
-0,125851856342181;1022,53333333333;2606;4143;-1693,98492382746;3449,96984765493;"presence_IC_rafale_max_sans_2202_2024";"presence";"IC";"rafale_max";"sans_2202_2024";"pression"
0,00362246133970746;1023,26666666667;3003;3746;-1693,95928498834;3449,91856997667;"presence_IC_rafale_max_sans_2202_2024";"presence";"IC";"rafale_max";"sans_2202_2024";"pression"
0,121326386505034;1023,93333333333;3383;3366;-1693,84139981845;3449,6827996369;"presence_IC_rafale_max_sans_2202_2024";"presence";"IC";"rafale_max";"sans_2202_2024";"pression"
0,227259919153817;1024,53333333333;3764;2985;-1693,61942227906;3449,23884455811;"presence_IC_rafale_max_sans_2202_2024";"presence";"IC";"rafale_max";"sans_2202_2024";"pression"
0,374389825610478;1025,36666666667;4146;2603;-1693,32550673599;3448,65101347199;"presence_IC_rafale_max_sans_2202_2024";"presence";"IC";"rafale_max";"sans_2202_2024";"pression"
0,50974933955064;1026,13333333333;4538;2211;-1693,17172634035;3448,3434526807;"presence_IC_rafale_max_sans_2202_2024";"presence";"IC";"rafale_max";"sans_2202_2024";"pression"
0,621568068457685;1026,76666666667;4918;1831;-1692,93454041981;3447,86908083962;"presence_IC_rafale_max_sans_2202_2024";"presence";"IC";"rafale_max";"sans_2202_2024";"pression"
0,643006997684228;1026,88809523809;4970;1779;-1692,82483214805;3447,64966429611;"presence_IC_rafale_max_sans_2202_2024";"presence";"IC";"rafale_max";"sans_2202_2024";"pression"
0,664445926910772;1027,00952380952;5046;1703;-1692,70267650546;3447,40535301091;"presence_IC_rafale_max_sans_2202_2024";"presence";"IC";"rafale_max";"sans_2202_2024";"pression"
0,685884856137315;1027,13095238095;5090;1659;-1692,58345860788;3447,16691721576;"presence_IC_rafale_max_sans_2202_2024";"presence";"IC";"rafale_max";"sans_2202_2024";"pression"
0,707323785363858;1027,25238095238;5136;1613;-1692,46765617942;3446,93531235884;"presence_IC_rafale_max_sans_2202_2024";"presence";"IC";"rafale_max";"sans_2202_2024";"pression"
0,728762714590402;1027,37380952381;5168;1581;-1692,36876337617;3446,73752675233;"presence_IC_rafale_max_sans_2202_2024";"presence";"IC";"rafale_max";"sans_2202_2024";"pression"
0,750201643816945;1027,49523809524;5221;1528;-1692,29839892033;3446,59679784067;"presence_IC_rafale_max_sans_2202_2024";"presence";"IC";"rafale_max";"sans_2202_2024";"pression"
0,771640573043488;1027,61666666667;5276;1473;-1692,28532015333;3446,57064030666;"presence_IC_rafale_max_sans_2202_2024";"presence";"IC";"rafale_max";"sans_2202_2024";"pression"
0,7804683674309;1027,66666666667;5304;1445;-1692,28888656209;3446,57777312419;"presence_IC_rafale_max_sans_2202_2024";"presence";"IC";"rafale_max";"sans_2202_2024";"pression"
0,793079502270032;1027,73809523809;5335;1414;-1692,29785129838;3446,59570259676;"presence_IC_rafale_max_sans_2202_2024";"presence";"IC";"rafale_max";"sans_2202_2024";"pression"
0,814518431496575;1027,85952380952;5366;1383;-1692,37483559452;3446,74967118903;"presence_IC_rafale_max_sans_2202_2024";"presence";"IC";"rafale_max";"sans_2202_2024";"pression"
0,835957360723118;1027,98095238095;5430;1319;-1692,54710485088;3447,09420970175;"presence_IC_rafale_max_sans_2202_2024";"presence";"IC";"rafale_max";"sans_2202_2024";"pression"
0,857396289949662;1028,10238095238;5489;1260;-1692,74895470449;3447,49790940898;"presence_IC_rafale_max_sans_2202_2024";"presence";"IC";"rafale_max";"sans_2202_2024";"pression"
0,878835219176205;1028,22380952381;5544;1205;-1692,9381356537;3447,87627130739;"presence_IC_rafale_max_sans_2202_2024";"presence";"IC";"rafale_max";"sans_2202_2024";"pression"
0,900274148402748;1028,34523809524;5627;1122;-1693,0933726788;3448,1867453576;"presence_IC_rafale_max_sans_2202_2024";"presence";"IC";"rafale_max";"sans_2202_2024";"pression"
0,921713077629292;1028,46666666667;5691;1058;-1693,22129766152;3448,44259532304;"presence_IC_rafale_max_sans_2202_2024";"presence";"IC";"rafale_max";"sans_2202_2024";"pression"
1,1335801429269;1029,66666666667;6075;674;-1694,51507313318;3451,03014626636;"presence_IC_rafale_max_sans_2202_2024";"presence";"IC";"rafale_max";"sans_2202_2024";"pression"
-1,21393353962372;16,7;677;6072;-1694,83051845566;3451,66103691131;"presence_IC_rafale_max_sans_2202_2024";"presence";"IC";"rafale_max";"sans_2202_2024";"vent"
-0,980017973999919;19,3;1084;5665;-1694,71610250834;3451,43220501667;"presence_IC_rafale_max_sans_2202_2024";"presence";"IC";"rafale_max";"sans_2202_2024";"vent"
-0,956883467509653;19,5571428571429;1131;5618;-1694,70914322144;3451,41828644289;"presence_IC_rafale_max_sans_2202_2024";"presence";"IC";"rafale_max";"sans_2202_2024";"vent"
-0,933748961019387;19,8142857142857;1201;5548;-1694,69643275226;3451,39286550451;"presence_IC_rafale_max_sans_2202_2024";"presence";"IC";"rafale_max";"sans_2202_2024";"vent"
-0,910614454529121;20,0714285714286;1220;5529;-1694,67880983605;3451,3576196721;"presence_IC_rafale_max_sans_2202_2024";"presence";"IC";"rafale_max";"sans_2202_2024";"vent"
-0,887479948038855;20,3285714285715;1277;5472;-1694,66558752556;3451,33117505111;"presence_IC_rafale_max_sans_2202_2024";"presence";"IC";"rafale_max";"sans_2202_2024";"vent"
-0,864345441548589;20,5857142857143;1316;5433;-1694,66561389692;3451,33122779384;"presence_IC_rafale_max_sans_2202_2024";"presence";"IC";"rafale_max";"sans_2202_2024";"vent"
-0,841210935058323;20,8428571428572;1390;5359;-1694,67679285779;3451,35358571558;"presence_IC_rafale_max_sans_2202_2024";"presence";"IC";"rafale_max";"sans_2202_2024";"vent"
-0,818076428568057;21,1;1466;5283;-1694,69240153861;3451,38480307723;"presence_IC_rafale_max_sans_2202_2024";"presence";"IC";"rafale_max";"sans_2202_2024";"vent"
-0,794941922077791;21,3571428571429;1502;5247;-1694,70686890814;3451,41373781628;"presence_IC_rafale_max_sans_2202_2024";"presence";"IC";"rafale_max";"sans_2202_2024";"vent"
-0,771807415587525;21,6142857142857;1557;5192;-1694,71303563135;3451,4260712627;"presence_IC_rafale_max_sans_2202_2024";"presence";"IC";"rafale_max";"sans_2202_2024";"vent"
-0,748672909097259;21,8714285714286;1599;5150;-1694,7187492725;3451,43749854501;"presence_IC_rafale_max_sans_2202_2024";"presence";"IC";"rafale_max";"sans_2202_2024";"vent"
-0,725538402606993;22,1285714285714;1658;5091;-1694,72940550101;3451,45881100202;"presence_IC_rafale_max_sans_2202_2024";"presence";"IC";"rafale_max";"sans_2202_2024";"vent"
-0,702403896116727;22,3857142857143;1695;5054;-1694,74296226857;3451,48592453714;"presence_IC_rafale_max_sans_2202_2024";"presence";"IC";"rafale_max";"sans_2202_2024";"vent"
-0,679269389626461;22,6428571428572;1776;4973;-1694,75632175911;3451,51264351821;"presence_IC_rafale_max_sans_2202_2024";"presence";"IC";"rafale_max";"sans_2202_2024";"vent"
-0,656134883136195;22,9;1838;4911;-1694,77166541375;3451,5433308275;"presence_IC_rafale_max_sans_2202_2024";"presence";"IC";"rafale_max";"sans_2202_2024";"vent"
-0,494193337704332;24,7;2226;4523;-1694,82697434896;3451,65394869791;"presence_IC_rafale_max_sans_2202_2024";"presence";"IC";"rafale_max";"sans_2202_2024";"vent"
-0,350245297320455;26,3;2605;4144;-1694,82414808918;3451,64829617836;"presence_IC_rafale_max_sans_2202_2024";"presence";"IC";"rafale_max";"sans_2202_2024";"vent"
-0,224290761984562;27,7;2999;3750;-1694,80873273407;3451,61746546815;"presence_IC_rafale_max_sans_2202_2024";"presence";"IC";"rafale_max";"sans_2202_2024";"vent"
-0,0803427216006842;29,3;3404;3345;-1694,82964708082;3451,65929416165;"presence_IC_rafale_max_sans_2202_2024";"presence";"IC";"rafale_max";"sans_2202_2024";"vent"
0,0456118137352086;30,7;3763;2986;-1694,82529949596;3451,65059899192;"presence_IC_rafale_max_sans_2202_2024";"presence";"IC";"rafale_max";"sans_2202_2024";"vent"
0,189559854119086;32,3;4170;2579;-1694,80079055442;3451,60158110884;"presence_IC_rafale_max_sans_2202_2024";"presence";"IC";"rafale_max";"sans_2202_2024";"vent"
0,351501399550949;34,1;4535;2214;-1694,79423958473;3451,58847916946;"presence_IC_rafale_max_sans_2202_2024";"presence";"IC";"rafale_max";"sans_2202_2024";"vent"
0,531436450030796;36,1;4933;1816;-1694,81796162212;3451,63592324424;"presence_IC_rafale_max_sans_2202_2024";"presence";"IC";"rafale_max";"sans_2202_2024";"vent"
0,711371500510643;38,1;5306;1443;-1694,83201591814;3451,66403183629;"presence_IC_rafale_max_sans_2202_2024";"presence";"IC";"rafale_max";"sans_2202_2024";"vent"
0,954283818658436;40,7999999999999;5694;1055;-1694,8234896791;3451,64697935819;"presence_IC_rafale_max_sans_2202_2024";"presence";"IC";"rafale_max";"sans_2202_2024";"vent"
1,28716366204615;44,4999999999999;6080;669;-1694,80661059801;3451,61322119603;"presence_IC_rafale_max_sans_2202_2024";"presence";"IC";"rafale_max";"sans_2202_2024";"vent"
-1,24437476127264;15,8933333333333;542;4877;-21528,3829552851;43120,7659105701;"intensite_IC_rafale_max_sans_2202_2024";"intensite";"IC";"rafale_max";"sans_2202_2024";"temperature"
-0,938758630830205;17,4;860;4559;-21525,3775728962;43114,7551457923;"intensite_IC_rafale_max_sans_2202_2024";"intensite";"IC";"rafale_max";"sans_2202_2024";"temperature"
-0,715631809931966;18,5;1168;4251;-21522,5912079969;43109,1824159939;"intensite_IC_rafale_max_sans_2202_2024";"intensite";"IC";"rafale_max";"sans_2202_2024";"temperature"
-0,690517968618745;18,6238095238095;1192;4227;-21522,2410506171;43108,4821012343;"intensite_IC_rafale_max_sans_2202_2024";"intensite";"IC";"rafale_max";"sans_2202_2024";"temperature"
-0,665404127305523;18,747619047619;1220;4199;-21521,9503010748;43107,9006021496;"intensite_IC_rafale_max_sans_2202_2024";"intensite";"IC";"rafale_max";"sans_2202_2024";"temperature"
-0,640290285992301;18,8714285714286;1270;4149;-21521,7367469983;43107,4734939966;"intensite_IC_rafale_max_sans_2202_2024";"intensite";"IC";"rafale_max";"sans_2202_2024";"temperature"
-0,61517644467908;18,9952380952381;1306;4113;-21521,6480100872;43107,2960201743;"intensite_IC_rafale_max_sans_2202_2024";"intensite";"IC";"rafale_max";"sans_2202_2024";"temperature"
-0,590062603365858;19,1190476190476;1344;4075;-21521,5465526196;43107,0931052393;"intensite_IC_rafale_max_sans_2202_2024";"intensite";"IC";"rafale_max";"sans_2202_2024";"temperature"
-0,564948762052636;19,2428571428571;1392;4027;-21521,5058777716;43107,0117555433;"intensite_IC_rafale_max_sans_2202_2024";"intensite";"IC";"rafale_max";"sans_2202_2024";"temperature"
-0,539834920739415;19,3666666666667;1442;3977;-21521,5095231033;43107,0190462066;"intensite_IC_rafale_max_sans_2202_2024";"intensite";"IC";"rafale_max";"sans_2202_2024";"temperature"
-0,522255231820159;19,4533333333333;1471;3948;-21521,546562191;43107,093124382;"intensite_IC_rafale_max_sans_2202_2024";"intensite";"IC";"rafale_max";"sans_2202_2024";"temperature"
-0,514721079426193;19,4904761904762;1484;3935;-21521,5563954911;43107,1127909822;"intensite_IC_rafale_max_sans_2202_2024";"intensite";"IC";"rafale_max";"sans_2202_2024";"temperature"
-0,489607238112971;19,6142857142857;1537;3882;-21521,5873784295;43107,174756859;"intensite_IC_rafale_max_sans_2202_2024";"intensite";"IC";"rafale_max";"sans_2202_2024";"temperature"
-0,46449339679975;19,7380952380952;1593;3826;-21521,6232093156;43107,2464186312;"intensite_IC_rafale_max_sans_2202_2024";"intensite";"IC";"rafale_max";"sans_2202_2024";"temperature"
-0,439379555486528;19,8619047619048;1629;3790;-21521,7186560605;43107,4373121209;"intensite_IC_rafale_max_sans_2202_2024";"intensite";"IC";"rafale_max";"sans_2202_2024";"temperature"
-0,414265714173306;19,9857142857143;1685;3734;-21521,8429936598;43107,6859873195;"intensite_IC_rafale_max_sans_2202_2024";"intensite";"IC";"rafale_max";"sans_2202_2024";"temperature"
-0,389151872860085;20,1095238095238;1738;3681;-21521,9501132056;43107,9002264111;"intensite_IC_rafale_max_sans_2202_2024";"intensite";"IC";"rafale_max";"sans_2202_2024";"temperature"
-0,364038031546863;20,2333333333333;1790;3629;-21522,0428356969;43108,0856713939;"intensite_IC_rafale_max_sans_2202_2024";"intensite";"IC";"rafale_max";"sans_2202_2024";"temperature"
-0,208525398799605;21;2099;3320;-21523,3270674466;43110,6541348932;"intensite_IC_rafale_max_sans_2202_2024";"intensite";"IC";"rafale_max";"sans_2202_2024";"temperature"
-0,0800584413127399;21,6333333333334;2409;3010;-21524,3372760685;43112,6745521369;"intensite_IC_rafale_max_sans_2202_2024";"intensite";"IC";"rafale_max";"sans_2202_2024";"temperature"
0,0416470973590256;22,2333333333333;2711;2708;-21525,1646117021;43114,3292234041;"intensite_IC_rafale_max_sans_2202_2024";"intensite";"IC";"rafale_max";"sans_2202_2024";"temperature"
0,163352636030793;22,8333333333334;3030;2389;-21526,3781476812;43116,7562953623;"intensite_IC_rafale_max_sans_2202_2024";"intensite";"IC";"rafale_max";"sans_2202_2024";"temperature"
0,31886526877805;23,6;3342;2077;-21527,4215083638;43118,8430167276;"intensite_IC_rafale_max_sans_2202_2024";"intensite";"IC";"rafale_max";"sans_2202_2024";"temperature"
0,481139320340405;24,4;3640;1779;-21527,6829666116;43119,3659332233;"intensite_IC_rafale_max_sans_2202_2024";"intensite";"IC";"rafale_max";"sans_2202_2024";"temperature"
0,659640777059001;25,2800000000001;3948;1471;-21528,179693761;43120,3593875219;"intensite_IC_rafale_max_sans_2202_2024";"intensite";"IC";"rafale_max";"sans_2202_2024";"temperature"
0,880063030431196;26,3666666666667;4271;1148;-21528,8452917018;43121,6905834036;"intensite_IC_rafale_max_sans_2202_2024";"intensite";"IC";"rafale_max";"sans_2202_2024";"temperature"
1,10995127014453;27,5000000000001;4574;845;-21529,1577813054;43122,3155626108;"intensite_IC_rafale_max_sans_2202_2024";"intensite";"IC";"rafale_max";"sans_2202_2024";"temperature"
1,36012376630316;28,7333333333334;4882;537;-21529,3517773724;43122,7035547449;"intensite_IC_rafale_max_sans_2202_2024";"intensite";"IC";"rafale_max";"sans_2202_2024";"temperature"
-1,38570870037549;42,9999999999997;561;4858;-21528,9716266996;43121,9432533993;"intensite_IC_rafale_max_sans_2202_2024";"intensite";"IC";"rafale_max";"sans_2202_2024";"humidite"
-1,14776305315625;47,2499999999997;862;4557;-21529,5048277634;43123,0096555267;"intensite_IC_rafale_max_sans_2202_2024";"intensite";"IC";"rafale_max";"sans_2202_2024";"humidite"
-0,951807814269823;50,7499999999997;1166;4253;-21529,29014662;43122,5802932401;"intensite_IC_rafale_max_sans_2202_2024";"intensite";"IC";"rafale_max";"sans_2202_2024";"humidite"
-0,751186974457525;54,3333333333331;1483;3936;-21527,9801281041;43119,9602562083;"intensite_IC_rafale_max_sans_2202_2024";"intensite";"IC";"rafale_max";"sans_2202_2024";"humidite"
-0,583225341126299;57,3333333333331;1783;3636;-21524,9210388488;43113,8420776977;"intensite_IC_rafale_max_sans_2202_2024";"intensite";"IC";"rafale_max";"sans_2202_2024";"humidite"
-0,419929308720941;60,2499999999997;2095;3324;-21521,4885554906;43106,9771109812;"intensite_IC_rafale_max_sans_2202_2024";"intensite";"IC";"rafale_max";"sans_2202_2024";"humidite"
-0,237970872612113;63,4999999999997;2421;2998;-21518,0020274329;43100,0040548658;"intensite_IC_rafale_max_sans_2202_2024";"intensite";"IC";"rafale_max";"sans_2202_2024";"humidite"
-0,214642867982776;63,9166666666664;2453;2966;-21517,7625909216;43099,5251818432;"intensite_IC_rafale_max_sans_2202_2024";"intensite";"IC";"rafale_max";"sans_2202_2024";"humidite"
-0,191314863353439;64,3333333333331;2498;2921;-21517,5790549765;43099,1581099531;"intensite_IC_rafale_max_sans_2202_2024";"intensite";"IC";"rafale_max";"sans_2202_2024";"humidite"
-0,167986858724102;64,7499999999997;2523;2896;-21517,4163577621;43098,8327155242;"intensite_IC_rafale_max_sans_2202_2024";"intensite";"IC";"rafale_max";"sans_2202_2024";"humidite"
-0,144658854094765;65,1666666666664;2577;2842;-21517,2801857019;43098,5603714038;"intensite_IC_rafale_max_sans_2202_2024";"intensite";"IC";"rafale_max";"sans_2202_2024";"humidite"
-0,121330849465428;65,5833333333331;2618;2801;-21517,21677396;43098,43354792;"intensite_IC_rafale_max_sans_2202_2024";"intensite";"IC";"rafale_max";"sans_2202_2024";"humidite"
-0,0980028448360913;65,9999999999997;2638;2781;-21517,1742508781;43098,3485017563;"intensite_IC_rafale_max_sans_2202_2024";"intensite";"IC";"rafale_max";"sans_2202_2024";"humidite"
-0,0746748402067544;66,4166666666664;2694;2725;-21517,0987579636;43098,1975159272;"intensite_IC_rafale_max_sans_2202_2024";"intensite";"IC";"rafale_max";"sans_2202_2024";"humidite"
-0,0700092392808869;66,4999999999997;2722;2697;-21517,0862220807;43098,1724441613;"intensite_IC_rafale_max_sans_2202_2024";"intensite";"IC";"rafale_max";"sans_2202_2024";"humidite"
-0,0513468355774175;66,8333333333331;2757;2662;-21517,0283994262;43098,0567988524;"intensite_IC_rafale_max_sans_2202_2024";"intensite";"IC";"rafale_max";"sans_2202_2024";"humidite"
-0,0280188309480806;67,2499999999997;2787;2632;-21516,9830088888;43097,9660177775;"intensite_IC_rafale_max_sans_2202_2024";"intensite";"IC";"rafale_max";"sans_2202_2024";"humidite"
-0,00469082631874371;67,6666666666664;2840;2579;-21516,9995852243;43097,9991704485;"intensite_IC_rafale_max_sans_2202_2024";"intensite";"IC";"rafale_max";"sans_2202_2024";"humidite"
0,0186371783105932;68,0833333333331;2900;2519;-21517,0371049835;43098,0742099671;"intensite_IC_rafale_max_sans_2202_2024";"intensite";"IC";"rafale_max";"sans_2202_2024";"humidite"
0,0419651829399301;68,4999999999997;2930;2489;-21517,0623820232;43098,1247640465;"intensite_IC_rafale_max_sans_2202_2024";"intensite";"IC";"rafale_max";"sans_2202_2024";"humidite"
0,065293187569267;68,9166666666664;2971;2448;-21517,0813413584;43098,1626827169;"intensite_IC_rafale_max_sans_2202_2024";"intensite";"IC";"rafale_max";"sans_2202_2024";"humidite"
0,0886211921986039;69,3333333333331;3023;2396;-21517,1768162934;43098,3536325867;"intensite_IC_rafale_max_sans_2202_2024";"intensite";"IC";"rafale_max";"sans_2202_2024";"humidite"
0,2752452292333;72,6666666666664;3332;2087;-21517,9966696732;43099,9933393464;"intensite_IC_rafale_max_sans_2202_2024";"intensite";"IC";"rafale_max";"sans_2202_2024";"humidite"
0,475866069045597;76,2499999999998;3649;1770;-21518,525011945;43101,05002389;"intensite_IC_rafale_max_sans_2202_2024";"intensite";"IC";"rafale_max";"sans_2202_2024";"humidite"
0,657824505154425;79,4999999999998;3962;1457;-21520,6073637553;43105,2147275105;"intensite_IC_rafale_max_sans_2202_2024";"intensite";"IC";"rafale_max";"sans_2202_2024";"humidite"
0,853779744040855;82,9999999999998;4261;1158;-21523,262919848;43110,525839696;"intensite_IC_rafale_max_sans_2202_2024";"intensite";"IC";"rafale_max";"sans_2202_2024";"humidite"
1,10572219403769;87,4999999999998;4575;844;-21526,0165105061;43116,0330210122;"intensite_IC_rafale_max_sans_2202_2024";"intensite";"IC";"rafale_max";"sans_2202_2024";"humidite"
1,37166144681214;92,2499999999998;4878;541;-21526,9238892008;43117,8477784015;"intensite_IC_rafale_max_sans_2202_2024";"intensite";"IC";"rafale_max";"sans_2202_2024";"humidite"
-1,12633522024748;1016,86666666667;544;4875;-21528,7182635743;43121,4365271486;"intensite_IC_rafale_max_sans_2202_2024";"intensite";"IC";"rafale_max";"sans_2202_2024";"pression"
-0,855616192367244;1018,4;857;4562;-21528,2447049731;43120,4894099462;"intensite_IC_rafale_max_sans_2202_2024";"intensite";"IC";"rafale_max";"sans_2202_2024";"pression"
-0,602552753261767;1019,83333333333;1166;4253;-21526,5408363267;43117,0816726533;"intensite_IC_rafale_max_sans_2202_2024";"intensite";"IC";"rafale_max";"sans_2202_2024";"pression"
-0,449537650546853;1020,7;1473;3946;-21525,4967158516;43114,9934317032;"intensite_IC_rafale_max_sans_2202_2024";"intensite";"IC";"rafale_max";"sans_2202_2024";"pression"
-0,302407744090181;1021,53333333333;1791;3628;-21524,3801280635;43112,7602561271;"intensite_IC_rafale_max_sans_2202_2024";"intensite";"IC";"rafale_max";"sans_2202_2024";"pression"
-0,16234007314342;1022,32666666667;2090;3329;-21523,2931279116;43110,5862558231;"intensite_IC_rafale_max_sans_2202_2024";"intensite";"IC";"rafale_max";"sans_2202_2024";"pression"
-0,0316887162099205;1023,06666666667;2411;3008;-21520,5253997858;43105,0507995717;"intensite_IC_rafale_max_sans_2202_2024";"intensite";"IC";"rafale_max";"sans_2202_2024";"pression"
0,0919004052137071;1023,76666666667;2721;2698;-21517,8581932692;43099,7163865384;"intensite_IC_rafale_max_sans_2202_2024";"intensite";"IC";"rafale_max";"sans_2202_2024";"pression"
0,109976365149811;1023,86904761905;2759;2660;-21517,4538916671;43098,9077833343;"intensite_IC_rafale_max_sans_2202_2024";"intensite";"IC";"rafale_max";"sans_2202_2024";"pression"
0,128052325085915;1023,97142857143;2821;2598;-21517,0478532738;43098,0957065475;"intensite_IC_rafale_max_sans_2202_2024";"intensite";"IC";"rafale_max";"sans_2202_2024";"pression"
0,146128285022019;1024,07380952381;2861;2558;-21516,7197063469;43097,4394126938;"intensite_IC_rafale_max_sans_2202_2024";"intensite";"IC";"rafale_max";"sans_2202_2024";"pression"
0,164204244958123;1024,17619047619;2933;2486;-21516,3744060886;43096,7488121773;"intensite_IC_rafale_max_sans_2202_2024";"intensite";"IC";"rafale_max";"sans_2202_2024";"pression"
0,182280204894227;1024,27857142857;2972;2447;-21516,0565786773;43096,1131573547;"intensite_IC_rafale_max_sans_2202_2024";"intensite";"IC";"rafale_max";"sans_2202_2024";"pression"
0,195479859359165;1024,35333333333;3019;2400;-21515,9086820644;43095,8173641287;"intensite_IC_rafale_max_sans_2202_2024";"intensite";"IC";"rafale_max";"sans_2202_2024";"pression"
0,200356164830331;1024,38095238095;3036;2383;-21515,8699814414;43095,7399628828;"intensite_IC_rafale_max_sans_2202_2024";"intensite";"IC";"rafale_max";"sans_2202_2024";"pression"
0,218432124766435;1024,48333333333;3075;2344;-21515,7567967527;43095,5135935054;"intensite_IC_rafale_max_sans_2202_2024";"intensite";"IC";"rafale_max";"sans_2202_2024";"pression"
0,236508084702539;1024,58571428572;3119;2300;-21515,7086092911;43095,4172185821;"intensite_IC_rafale_max_sans_2202_2024";"intensite";"IC";"rafale_max";"sans_2202_2024";"pression"
0,254584044638643;1024,6880952381;3151;2268;-21515,7464048554;43095,4928097107;"intensite_IC_rafale_max_sans_2202_2024";"intensite";"IC";"rafale_max";"sans_2202_2024";"pression"
0,272660004574747;1024,79047619048;3189;2230;-21515,8516360114;43095,7032720228;"intensite_IC_rafale_max_sans_2202_2024";"intensite";"IC";"rafale_max";"sans_2202_2024";"pression"
0,290735964510851;1024,89285714286;3215;2204;-21515,9716145844;43095,9432291687;"intensite_IC_rafale_max_sans_2202_2024";"intensite";"IC";"rafale_max";"sans_2202_2024";"pression"
0,308811924446955;1024,99523809524;3240;2179;-21516,0743955948;43096,1487911897;"intensite_IC_rafale_max_sans_2202_2024";"intensite";"IC";"rafale_max";"sans_2202_2024";"pression"
0,326887884383059;1025,09761904762;3271;2148;-21516,2471674955;43096,4943349909;"intensite_IC_rafale_max_sans_2202_2024";"intensite";"IC";"rafale_max";"sans_2202_2024";"pression"
0,344963844319163;1025,2;3336;2083;-21516,4802564416;43096,9605128832;"intensite_IC_rafale_max_sans_2202_2024";"intensite";"IC";"rafale_max";"sans_2202_2024";"pression"
0,497978947034077;1026,06666666667;3644;1775;-21518,5639567633;43101,1279135266;"intensite_IC_rafale_max_sans_2202_2024";"intensite";"IC";"rafale_max";"sans_2202_2024";"pression"
0,615682872199424;1026,73333333333;3951;1468;-21519,1157978801;43102,2315957602;"intensite_IC_rafale_max_sans_2202_2024";"intensite";"IC";"rafale_max";"sans_2202_2024";"pression"
0,7804683674309;1027,66666666667;4259;1160;-21520,7506887854;43105,5013775709;"intensite_IC_rafale_max_sans_2202_2024";"intensite";"IC";"rafale_max";"sans_2202_2024";"pression"
0,927598273887553;1028,5;4569;850;-21521,0535629898;43106,1071259795;"intensite_IC_rafale_max_sans_2202_2024";"intensite";"IC";"rafale_max";"sans_2202_2024";"pression"
1,16300612421821;1029,83333333333;4881;538;-21517,6172536598;43099,2345073196;"intensite_IC_rafale_max_sans_2202_2024";"intensite";"IC";"rafale_max";"sans_2202_2024";"pression"
-1,22293029214771;16,6;546;4873;-21529,4994041501;43122,9988083001;"intensite_IC_rafale_max_sans_2202_2024";"intensite";"IC";"rafale_max";"sans_2202_2024";"vent"
-0,980017973999919;19,3;876;4543;-21529,4960582551;43122,9921165101;"intensite_IC_rafale_max_sans_2202_2024";"intensite";"IC";"rafale_max";"sans_2202_2024";"vent"
-0,818076428568057;21,1;1174;4245;-21529,4209978337;43122,8419956674;"intensite_IC_rafale_max_sans_2202_2024";"intensite";"IC";"rafale_max";"sans_2202_2024";"vent"
-0,656134883136195;22,9;1474;3945;-21529,0381499927;43122,0762999853;"intensite_IC_rafale_max_sans_2202_2024";"intensite";"IC";"rafale_max";"sans_2202_2024";"vent"
-0,492393987199531;24,72;1781;3638;-21528,8326207804;43121,6652415608;"intensite_IC_rafale_max_sans_2202_2024";"intensite";"IC";"rafale_max";"sans_2202_2024";"vent"
-0,341248544796462;26,4;2099;3320;-21528,7711147413;43121,5422294825;"intensite_IC_rafale_max_sans_2202_2024";"intensite";"IC";"rafale_max";"sans_2202_2024";"vent"
-0,206297256936577;27,9;2416;3003;-21528,6161499901;43121,2322999801;"intensite_IC_rafale_max_sans_2202_2024";"intensite";"IC";"rafale_max";"sans_2202_2024";"vent"
-0,071345969076692;29,4;2716;2703;-21528,2859158856;43120,5718317712;"intensite_IC_rafale_max_sans_2202_2024";"intensite";"IC";"rafale_max";"sans_2202_2024";"vent"
0,0546085662592011;30,8;3021;2398;-21527,8913881983;43119,7827763965;"intensite_IC_rafale_max_sans_2202_2024";"intensite";"IC";"rafale_max";"sans_2202_2024";"vent"
0,198556606643078;32,4;3348;2071;-21527,4425617223;43118,8851234446;"intensite_IC_rafale_max_sans_2202_2024";"intensite";"IC";"rafale_max";"sans_2202_2024";"vent"
0,360498152074941;34,2;3645;1774;-21527,0656393871;43118,1312787743;"intensite_IC_rafale_max_sans_2202_2024";"intensite";"IC";"rafale_max";"sans_2202_2024";"vent"
0,386203159286348;34,4857142857143;3671;1748;-21527,037255321;43118,074510642;"intensite_IC_rafale_max_sans_2202_2024";"intensite";"IC";"rafale_max";"sans_2202_2024";"vent"
0,411908166497755;34,7714285714286;3720;1699;-21527,0351446633;43118,0702893265;"intensite_IC_rafale_max_sans_2202_2024";"intensite";"IC";"rafale_max";"sans_2202_2024";"vent"
0,437613173709161;35,0571428571429;3767;1652;-21527,0324492761;43118,0648985522;"intensite_IC_rafale_max_sans_2202_2024";"intensite";"IC";"rafale_max";"sans_2202_2024";"vent"
0,463318180920568;35,3428571428572;3818;1601;-21527,0144396508;43118,0288793016;"intensite_IC_rafale_max_sans_2202_2024";"intensite";"IC";"rafale_max";"sans_2202_2024";"vent"
0,489023188131975;35,6285714285715;3875;1544;-21526,9885477168;43117,9770954336;"intensite_IC_rafale_max_sans_2202_2024";"intensite";"IC";"rafale_max";"sans_2202_2024";"vent"
0,514728195343381;35,9142857142857;3911;1508;-21526,9708397907;43117,9416795815;"intensite_IC_rafale_max_sans_2202_2024";"intensite";"IC";"rafale_max";"sans_2202_2024";"vent"
0,531436450030796;36,1;3955;1464;-21526,969650505;43117,93930101;"intensite_IC_rafale_max_sans_2202_2024";"intensite";"IC";"rafale_max";"sans_2202_2024";"vent"
0,540433202554788;36,2;3960;1459;-21526,9741567786;43117,9483135572;"intensite_IC_rafale_max_sans_2202_2024";"intensite";"IC";"rafale_max";"sans_2202_2024";"vent"
0,566138209766195;36,4857142857143;3987;1432;-21526,976646864;43117,9532937279;"intensite_IC_rafale_max_sans_2202_2024";"intensite";"IC";"rafale_max";"sans_2202_2024";"vent"
0,591843216977602;36,7714285714286;4026;1393;-21526,9920001658;43117,9840003315;"intensite_IC_rafale_max_sans_2202_2024";"intensite";"IC";"rafale_max";"sans_2202_2024";"vent"
0,617548224189008;37,0571428571429;4085;1334;-21527,0082603394;43118,0165206789;"intensite_IC_rafale_max_sans_2202_2024";"intensite";"IC";"rafale_max";"sans_2202_2024";"vent"
0,643253231400415;37,3428571428572;4128;1291;-21527,0153372543;43118,0306745085;"intensite_IC_rafale_max_sans_2202_2024";"intensite";"IC";"rafale_max";"sans_2202_2024";"vent"
0,668958238611822;37,6285714285715;4170;1249;-21527,0481749234;43118,0963498467;"intensite_IC_rafale_max_sans_2202_2024";"intensite";"IC";"rafale_max";"sans_2202_2024";"vent"
0,694663245823228;37,9142857142857;4215;1204;-21527,0754583455;43118,150916691;"intensite_IC_rafale_max_sans_2202_2024";"intensite";"IC";"rafale_max";"sans_2202_2024";"vent"
0,720368253034635;38,2;4260;1159;-21527,0920398682;43118,1840797363;"intensite_IC_rafale_max_sans_2202_2024";"intensite";"IC";"rafale_max";"sans_2202_2024";"vent"
0,963280571182428;40,9;4571;848;-21527,4355619029;43118,8711238058;"intensite_IC_rafale_max_sans_2202_2024";"intensite";"IC";"rafale_max";"sans_2202_2024";"vent"
1,30515716709414;44,7;4879;540;-21527,7369616846;43119,4739233693;"intensite_IC_rafale_max_sans_2202_2024";"intensite";"IC";"rafale_max";"sans_2202_2024";"vent"
-1,28359099040021;15,7000000000001;533;4770;-1392,22815410927;2842,45630821854;"presence_MR_moyen_sans_2202_2024";"presence";"MR";"moyen";"sans_2202_2024";"temperature"
-0,984929462167589;17,172380952381;834;4469;-1391,66320589986;2841,32641179971;"presence_MR_moyen_sans_2202_2024";"presence";"MR";"moyen";"sans_2202_2024";"temperature"
-0,769723160452751;18,2333333333334;1141;4162;-1390,85815125313;2839,71630250627;"presence_MR_moyen_sans_2202_2024";"presence";"MR";"moyen";"sans_2202_2024";"temperature"
-0,566880595999807;19,2333333333334;1454;3849;-1390,48087123544;2838,96174247089;"presence_MR_moyen_sans_2202_2024";"presence";"MR";"moyen";"sans_2202_2024";"temperature"
-0,41136796325255;20;1756;3547;-1390,37128633166;2838,74257266331;"presence_MR_moyen_sans_2202_2024";"presence";"MR";"moyen";"sans_2202_2024";"temperature"
-0,391083706807255;20,1;1791;3512;-1390,36118808519;2838,72237617038;"presence_MR_moyen_sans_2202_2024";"presence";"MR";"moyen";"sans_2202_2024";"temperature"
-0,370799450361961;20,2;1833;3470;-1390,3417919082;2838,6835838164;"presence_MR_moyen_sans_2202_2024";"presence";"MR";"moyen";"sans_2202_2024";"temperature"
-0,350515193916667;20,3;1865;3438;-1390,29525308885;2838,5905061777;"presence_MR_moyen_sans_2202_2024";"presence";"MR";"moyen";"sans_2202_2024";"temperature"
-0,330230937471372;20,4;1914;3389;-1390,22185180904;2838,44370361807;"presence_MR_moyen_sans_2202_2024";"presence";"MR";"moyen";"sans_2202_2024";"temperature"
-0,309946681026078;20,5;1967;3336;-1390,16436151654;2838,32872303309;"presence_MR_moyen_sans_2202_2024";"presence";"MR";"moyen";"sans_2202_2024";"temperature"
-0,289662424580784;20,6;2015;3288;-1390,13711524046;2838,27423048091;"presence_MR_moyen_sans_2202_2024";"presence";"MR";"moyen";"sans_2202_2024";"temperature"
-0,269378168135489;20,7;2051;3252;-1390,12542972853;2838,25085945706;"presence_MR_moyen_sans_2202_2024";"presence";"MR";"moyen";"sans_2202_2024";"temperature"
-0,249093911690195;20,8;2076;3227;-1390,15439922951;2838,30879845902;"presence_MR_moyen_sans_2202_2024";"presence";"MR";"moyen";"sans_2202_2024";"temperature"
-0,2288096552449;20,9;2111;3192;-1390,21357605674;2838,42715211349;"presence_MR_moyen_sans_2202_2024";"presence";"MR";"moyen";"sans_2202_2024";"temperature"
-0,208525398799606;21;2149;3154;-1390,24613669949;2838,49227339898;"presence_MR_moyen_sans_2202_2024";"presence";"MR";"moyen";"sans_2202_2024";"temperature"
-0,188241142354312;21,1;2196;3107;-1390,27954502759;2838,55909005517;"presence_MR_moyen_sans_2202_2024";"presence";"MR";"moyen";"sans_2202_2024";"temperature"
-0,167956885909017;21,2;2252;3051;-1390,32995419804;2838,65990839608;"presence_MR_moyen_sans_2202_2024";"presence";"MR";"moyen";"sans_2202_2024";"temperature"
-0,147672629463723;21,3;2292;3011;-1390,34580671736;2838,69161343471;"presence_MR_moyen_sans_2202_2024";"presence";"MR";"moyen";"sans_2202_2024";"temperature"
-0,127388373018429;21,4;2356;2947;-1390,3613362927;2838,72267258539;"presence_MR_moyen_sans_2202_2024";"presence";"MR";"moyen";"sans_2202_2024";"temperature"
-0,0056828343466609;22;2660;2643;-1390,55882859062;2839,11765718124;"presence_MR_moyen_sans_2202_2024";"presence";"MR";"moyen";"sans_2202_2024";"temperature"
0,116022704325107;22,6;2954;2349;-1390,64032509247;2839,28065018494;"presence_MR_moyen_sans_2202_2024";"presence";"MR";"moyen";"sans_2202_2024";"temperature"
0,24448966181197;23,2333333333334;3260;2043;-1390,47650117082;2838,95300234165;"presence_MR_moyen_sans_2202_2024";"presence";"MR";"moyen";"sans_2202_2024";"temperature"
0,379138487929784;23,8971428571429;3560;1743;-1390,63215166629;2839,26430333257;"presence_MR_moyen_sans_2202_2024";"presence";"MR";"moyen";"sans_2202_2024";"temperature"
0,569037764936681;24,8333333333334;3872;1431;-1391,0787817352;2840,15756347039;"presence_MR_moyen_sans_2202_2024";"presence";"MR";"moyen";"sans_2202_2024";"temperature"
0,764152993600944;25,7952380952381;4166;1137;-1391,42175830014;2840,84351660028;"presence_MR_moyen_sans_2202_2024";"presence";"MR";"moyen";"sans_2202_2024";"temperature"
0,995007150287866;26,9333333333334;4472;831;-1391,96227014296;2841,92454028592;"presence_MR_moyen_sans_2202_2024";"presence";"MR";"moyen";"sans_2202_2024";"temperature"
1,25870248407669;28,2333333333333;4779;524;-1392,5010672689;2843,0021345378;"presence_MR_moyen_sans_2202_2024";"presence";"MR";"moyen";"sans_2202_2024";"temperature"
-1,24574067259947;45,5000000000003;557;4746;-1392,54310311421;2843,08620622843;"presence_MR_moyen_sans_2202_2024";"presence";"MR";"moyen";"sans_2202_2024";"humidite"
-1,06378223649064;48,7500000000003;836;4467;-1392,4133891508;2842,8267783016;"presence_MR_moyen_sans_2202_2024";"presence";"MR";"moyen";"sans_2202_2024";"humidite"
-0,853830194826608;52,5000000000002;1155;4148;-1392,07393624142;2842,14787248284;"presence_MR_moyen_sans_2202_2024";"presence";"MR";"moyen";"sans_2202_2024";"humidite"
-0,685868561495382;55,5000000000002;1444;3859;-1391,69095270047;2841,38190540094;"presence_MR_moyen_sans_2202_2024";"presence";"MR";"moyen";"sans_2202_2024";"humidite"
-0,517906928164156;58,5000000000002;1757;3546;-1391,2468926679;2840,49378533579;"presence_MR_moyen_sans_2202_2024";"presence";"MR";"moyen";"sans_2202_2024";"humidite"
-0,493912409116838;58,9285714285716;1783;3520;-1391,17774391253;2840,35548782506;"presence_MR_moyen_sans_2202_2024";"presence";"MR";"moyen";"sans_2202_2024";"humidite"
-0,46991789006952;59,357142857143;1826;3477;-1391,11632320411;2840,23264640822;"presence_MR_moyen_sans_2202_2024";"presence";"MR";"moyen";"sans_2202_2024";"humidite"
-0,445923371022202;59,7857142857145;1897;3406;-1391,09801094237;2840,19602188474;"presence_MR_moyen_sans_2202_2024";"presence";"MR";"moyen";"sans_2202_2024";"humidite"
-0,421928851974884;60,2142857142859;1907;3396;-1391,10924064604;2840,21848129208;"presence_MR_moyen_sans_2202_2024";"presence";"MR";"moyen";"sans_2202_2024";"humidite"
-0,397934332927566;60,6428571428573;1952;3351;-1391,11308019768;2840,22616039537;"presence_MR_moyen_sans_2202_2024";"presence";"MR";"moyen";"sans_2202_2024";"humidite"
-0,373939813880248;61,0714285714287;1985;3318;-1391,12837918003;2840,25675836006;"presence_MR_moyen_sans_2202_2024";"presence";"MR";"moyen";"sans_2202_2024";"humidite"
-0,34994529483293;61,5000000000002;2009;3294;-1391,15106264081;2840,30212528162;"presence_MR_moyen_sans_2202_2024";"presence";"MR";"moyen";"sans_2202_2024";"humidite"
-0,335948492055328;61,7500000000002;2073;3230;-1391,14469090889;2840,28938181777;"presence_MR_moyen_sans_2202_2024";"presence";"MR";"moyen";"sans_2202_2024";"humidite"
-0,325950775785612;61,9285714285716;2073;3230;-1391,1383695134;2840,2767390268;"presence_MR_moyen_sans_2202_2024";"presence";"MR";"moyen";"sans_2202_2024";"humidite"
-0,301956256738294;62,357142857143;2134;3169;-1391,13654047857;2840,27308095713;"presence_MR_moyen_sans_2202_2024";"presence";"MR";"moyen";"sans_2202_2024";"humidite"
-0,277961737690976;62,7857142857144;2184;3119;-1391,18214378557;2840,36428757113;"presence_MR_moyen_sans_2202_2024";"presence";"MR";"moyen";"sans_2202_2024";"humidite"
-0,253967218643658;63,2142857142859;2200;3103;-1391,24951178696;2840,49902357392;"presence_MR_moyen_sans_2202_2024";"presence";"MR";"moyen";"sans_2202_2024";"humidite"
-0,22997269959634;63,6428571428573;2272;3031;-1391,31729352282;2840,63458704564;"presence_MR_moyen_sans_2202_2024";"presence";"MR";"moyen";"sans_2202_2024";"humidite"
-0,205978180549022;64,0714285714287;2316;2987;-1391,38196155821;2840,76392311642;"presence_MR_moyen_sans_2202_2024";"presence";"MR";"moyen";"sans_2202_2024";"humidite"
-0,181983661501704;64,5000000000001;2361;2942;-1391,44521659002;2840,89043318004;"presence_MR_moyen_sans_2202_2024";"presence";"MR";"moyen";"sans_2202_2024";"humidite"
-0,0140220281704783;67,5000000000001;2666;2637;-1391,68398320027;2841,36796640054;"presence_MR_moyen_sans_2202_2024";"presence";"MR";"moyen";"sans_2202_2024";"humidite"
0,153939605160748;70,5000000000001;2966;2337;-1391,70921183861;2841,41842367722;"presence_MR_moyen_sans_2202_2024";"presence";"MR";"moyen";"sans_2202_2024";"humidite"
0,349894844047178;74,0000000000001;3259;2044;-1391,90365685938;2841,80731371876;"presence_MR_moyen_sans_2202_2024";"presence";"MR";"moyen";"sans_2202_2024";"humidite"
0,531853280156006;77,25;3577;1726;-1391,92055310595;2841,84110621189;"presence_MR_moyen_sans_2202_2024";"presence";"MR";"moyen";"sans_2202_2024";"humidite"
0,699814913487232;80,25;3869;1434;-1391,90325070104;2841,80650140208;"presence_MR_moyen_sans_2202_2024";"presence";"MR";"moyen";"sans_2202_2024";"humidite"
0,909766955151264;84;4169;1134;-1391,49206130373;2840,98412260745;"presence_MR_moyen_sans_2202_2024";"presence";"MR";"moyen";"sans_2202_2024";"humidite"
1,1617094051481;88,4999999999999;4481;822;-1391,19206266812;2840,38412533624;"presence_MR_moyen_sans_2202_2024";"presence";"MR";"moyen";"sans_2202_2024";"humidite"
1,41365185514494;92,9999999999999;4781;522;-1391,24083428959;2840,48166857918;"presence_MR_moyen_sans_2202_2024";"presence";"MR";"moyen";"sans_2202_2024";"humidite"
-1,06159806140655;1017,23333333334;533;4770;-1392,23300975944;2842,46601951887;"presence_MR_moyen_sans_2202_2024";"presence";"MR";"moyen";"sans_2202_2024";"pression"
-0,796764229784591;1018,73333333334;837;4466;-1392,03027355017;2842,06054710034;"presence_MR_moyen_sans_2202_2024";"presence";"MR";"moyen";"sans_2202_2024";"pression"
-0,537815594420813;1020,2;1142;4161;-1391,58427961071;2841,16855922143;"presence_MR_moyen_sans_2202_2024";"presence";"MR";"moyen";"sans_2202_2024";"pression"
-0,396570884222442;1021;1443;3860;-1391,1148590535;2840,22971810699;"presence_MR_moyen_sans_2202_2024";"presence";"MR";"moyen";"sans_2202_2024";"pression"
-0,237670585249246;1021,9;1764;3539;-1390,32909281479;2838,65818562958;"presence_MR_moyen_sans_2202_2024";"presence";"MR";"moyen";"sans_2202_2024";"pression"
-0,125851856342181;1022,53333333334;2050;3253;-1389,99222677673;2837,98445355345;"presence_MR_moyen_sans_2202_2024";"presence";"MR";"moyen";"sans_2202_2024";"pression"
-0,00226273491859397;1023,23333333334;2350;2953;-1389,84954754058;2837,69909508116;"presence_MR_moyen_sans_2202_2024";"presence";"MR";"moyen";"sans_2202_2024";"pression"
0,109555993988511;1023,86666666667;2653;2650;-1389,51857613952;2837,03715227904;"presence_MR_moyen_sans_2202_2024";"presence";"MR";"moyen";"sans_2202_2024";"pression"
0,209604330379033;1024,43333333334;2961;2342;-1389,3199890501;2836,63997810021;"presence_MR_moyen_sans_2202_2024";"presence";"MR";"moyen";"sans_2202_2024";"pression"
0,344963844319163;1025,2;3258;2045;-1389,04868224961;2836,09736449922;"presence_MR_moyen_sans_2202_2024";"presence";"MR";"moyen";"sans_2202_2024";"pression"
0,492093750775816;1026,03333333334;3574;1729;-1388,84302428919;2835,68604857839;"presence_MR_moyen_sans_2202_2024";"presence";"MR";"moyen";"sans_2202_2024";"pression"
0,592142087166378;1026,6;3865;1438;-1388,81823420986;2835,63646841973;"presence_MR_moyen_sans_2202_2024";"presence";"MR";"moyen";"sans_2202_2024";"pression"
0,614001387554223;1026,72380952381;3901;1402;-1388,71038983718;2835,42077967436;"presence_MR_moyen_sans_2202_2024";"presence";"MR";"moyen";"sans_2202_2024";"pression"
0,635860687942068;1026,84761904762;3961;1342;-1388,54484041664;2835,08968083329;"presence_MR_moyen_sans_2202_2024";"presence";"MR";"moyen";"sans_2202_2024";"pression"
0,657719988329913;1026,97142857143;4026;1277;-1388,35212267715;2834,7042453543;"presence_MR_moyen_sans_2202_2024";"presence";"MR";"moyen";"sans_2202_2024";"pression"
0,679579288717758;1027,09523809524;4067;1236;-1388,14915406956;2834,29830813911;"presence_MR_moyen_sans_2202_2024";"presence";"MR";"moyen";"sans_2202_2024";"pression"
0,701438589105603;1027,21904761905;4104;1199;-1387,96918918936;2833,93837837871;"presence_MR_moyen_sans_2202_2024";"presence";"MR";"moyen";"sans_2202_2024";"pression"
0,723297889493448;1027,34285714286;4130;1173;-1387,76843251531;2833,53686503063;"presence_MR_moyen_sans_2202_2024";"presence";"MR";"moyen";"sans_2202_2024";"pression"
0,745157189881292;1027,46666666667;4169;1134;-1387,61113179007;2833,22226358014;"presence_MR_moyen_sans_2202_2024";"presence";"MR";"moyen";"sans_2202_2024";"pression"
0,767016490269137;1027,59047619048;4209;1094;-1387,54863747066;2833,09727494133;"presence_MR_moyen_sans_2202_2024";"presence";"MR";"moyen";"sans_2202_2024";"pression"
0,788875790656982;1027,71428571429;4245;1058;-1387,51580839405;2833,03161678809;"presence_MR_moyen_sans_2202_2024";"presence";"MR";"moyen";"sans_2202_2024";"pression"
0,810735091044827;1027,8380952381;4283;1020;-1387,56464984622;2833,12929969244;"presence_MR_moyen_sans_2202_2024";"presence";"MR";"moyen";"sans_2202_2024";"pression"
0,832594391432672;1027,96190476191;4312;991;-1387,77482866778;2833,54965733557;"presence_MR_moyen_sans_2202_2024";"presence";"MR";"moyen";"sans_2202_2024";"pression"
0,854453691820517;1028,08571428572;4354;949;-1388,06891128468;2834,13782256936;"presence_MR_moyen_sans_2202_2024";"presence";"MR";"moyen";"sans_2202_2024";"pression"
0,876312992208361;1028,20952380953;4410;893;-1388,36612307597;2834,73224615193;"presence_MR_moyen_sans_2202_2024";"presence";"MR";"moyen";"sans_2202_2024";"pression"
0,898172292596206;1028,33333333334;4475;828;-1388,63031849407;2835,26063698814;"presence_MR_moyen_sans_2202_2024";"presence";"MR";"moyen";"sans_2202_2024";"pression"
1,09826896537729;1029,46666666667;4777;526;-1390,48240614931;2838,96481229862;"presence_MR_moyen_sans_2202_2024";"presence";"MR";"moyen";"sans_2202_2024";"pression"
-1,1205391224963;1,58400000000001;562;4741;-1391,53357591248;2841,06715182497;"presence_MR_moyen_sans_2202_2024";"presence";"MR";"moyen";"sans_2202_2024";"vent"
-0,956131239966337;1,78200000000001;851;4452;-1391,93151611844;2841,86303223687;"presence_MR_moyen_sans_2202_2024";"presence";"MR";"moyen";"sans_2202_2024";"vent"
-0,82161569971455;1,94400000000001;1138;4165;-1392,10158817341;2842,20317634682;"presence_MR_moyen_sans_2202_2024";"presence";"MR";"moyen";"sans_2202_2024";"vent"
-0,687100159462763;2,10600000000001;1446;3857;-1392,2475946034;2842,49518920679;"presence_MR_moyen_sans_2202_2024";"presence";"MR";"moyen";"sans_2202_2024";"vent"
-0,552584619210977;2,26800000000001;1750;3553;-1392,34240793686;2842,68481587371;"presence_MR_moyen_sans_2202_2024";"presence";"MR";"moyen";"sans_2202_2024";"vent"
-0,433015250098278;2,41200000000001;2053;3250;-1392,32928126972;2842,65856253945;"presence_MR_moyen_sans_2202_2024";"presence";"MR";"moyen";"sans_2202_2024";"vent"
-0,298499709846491;2,57400000000001;2350;2953;-1392,18990058376;2842,37980116753;"presence_MR_moyen_sans_2202_2024";"presence";"MR";"moyen";"sans_2202_2024";"vent"
-0,163984169594704;2,73600000000001;2656;2647;-1392,06650501985;2842,1330100397;"presence_MR_moyen_sans_2202_2024";"presence";"MR";"moyen";"sans_2202_2024";"vent"
-0,0145224582038303;2,91600000000001;2980;2323;-1391,94278033371;2841,88556066743;"presence_MR_moyen_sans_2202_2024";"presence";"MR";"moyen";"sans_2202_2024";"vent"
0,119993082047956;3,07800000000001;3268;2035;-1391,91623404424;2841,83246808847;"presence_MR_moyen_sans_2202_2024";"presence";"MR";"moyen";"sans_2202_2024";"vent"
0,26945479343883;3,25800000000001;3567;1736;-1391,87508638579;2841,75017277158;"presence_MR_moyen_sans_2202_2024";"presence";"MR";"moyen";"sans_2202_2024";"vent"
0,463755018246966;3,49200000000001;3883;1420;-1391,6839995511;2841,36799910221;"presence_MR_moyen_sans_2202_2024";"presence";"MR";"moyen";"sans_2202_2024";"vent"
0,700758589166784;3,77742857142859;4166;1137;-1391,52682389416;2841,05364778832;"presence_MR_moyen_sans_2202_2024";"presence";"MR";"moyen";"sans_2202_2024";"vent"
0,747884781840029;3,83418367346941;4237;1066;-1391,50696676928;2841,01393353857;"presence_MR_moyen_sans_2202_2024";"presence";"MR";"moyen";"sans_2202_2024";"vent"
0,795010974513274;3,89093877551022;4270;1033;-1391,47963730268;2840,95927460535;"presence_MR_moyen_sans_2202_2024";"presence";"MR";"moyen";"sans_2202_2024";"vent"
0,842137167186518;3,94769387755104;4323;980;-1391,47071451586;2840,94142903172;"presence_MR_moyen_sans_2202_2024";"presence";"MR";"moyen";"sans_2202_2024";"vent"
0,889263359859763;4,00444897959185;4383;920;-1391,49618627881;2840,99237255762;"presence_MR_moyen_sans_2202_2024";"presence";"MR";"moyen";"sans_2202_2024";"vent"
0,936389552533008;4,06120408163267;4432;871;-1391,49990173069;2840,99980346138;"presence_MR_moyen_sans_2202_2024";"presence";"MR";"moyen";"sans_2202_2024";"vent"
0,95697866583685;4,08600000000001;4472;831;-1391,50086575241;2841,00173150481;"presence_MR_moyen_sans_2202_2024";"presence";"MR";"moyen";"sans_2202_2024";"vent"
0,983515745206252;4,11795918367349;4490;813;-1391,52697066914;2841,05394133829;"presence_MR_moyen_sans_2202_2024";"presence";"MR";"moyen";"sans_2202_2024";"vent"
1,0306419378795;4,1747142857143;4542;761;-1391,60445974522;2841,20891949045;"presence_MR_moyen_sans_2202_2024";"presence";"MR";"moyen";"sans_2202_2024";"vent"
1,07776813055274;4,23146938775512;4589;714;-1391,6720870888;2841,3441741776;"presence_MR_moyen_sans_2202_2024";"presence";"MR";"moyen";"sans_2202_2024";"vent"
1,12489432322599;4,28822448979593;4613;690;-1391,76479741859;2841,52959483718;"presence_MR_moyen_sans_2202_2024";"presence";"MR";"moyen";"sans_2202_2024";"vent"
1,17202051589923;4,34497959183675;4642;661;-1391,85305316691;2841,70610633381;"presence_MR_moyen_sans_2202_2024";"presence";"MR";"moyen";"sans_2202_2024";"vent"
1,21914670857248;4,40173469387757;4689;614;-1391,93178463125;2841,8635692625;"presence_MR_moyen_sans_2202_2024";"presence";"MR";"moyen";"sans_2202_2024";"vent"
1,26627290124572;4,45848979591838;4729;574;-1392,00431772877;2842,00863545753;"presence_MR_moyen_sans_2202_2024";"presence";"MR";"moyen";"sans_2202_2024";"vent"
1,31339909391897;4,5152448979592;4740;563;-1392,07949196649;2842,15898393297;"presence_MR_moyen_sans_2202_2024";"presence";"MR";"moyen";"sans_2202_2024";"vent"
1,36052528659221;4,57200000000002;4777;526;-1392,16190155636;2842,32380311271;"presence_MR_moyen_sans_2202_2024";"presence";"MR";"moyen";"sans_2202_2024";"vent"
-1,3309209221059;15,4666666666667;425;3809;-16883,285013077;33826,570026154;"intensite_MR_moyen_sans_2202_2024";"intensite";"MR";"moyen";"sans_2202_2024";"temperature"
-1,04017991305668;16,9;667;3567;-16880,7784572223;33821,5569144446;"intensite_MR_moyen_sans_2202_2024";"intensite";"MR";"moyen";"sans_2202_2024";"temperature"
-0,81029167334334;18,0333333333334;913;3321;-16876,9617222077;33813,9234444153;"intensite_MR_moyen_sans_2202_2024";"intensite";"MR";"moyen";"sans_2202_2024";"temperature"
-0,5939262712602;19,1;1151;3083;-16873,8554440715;33807,7108881429;"intensite_MR_moyen_sans_2202_2024";"intensite";"MR";"moyen";"sans_2202_2024";"temperature"
-0,57267609784132;19,2047619047619;1175;3059;-16873,7750497738;33807,5500995476;"intensite_MR_moyen_sans_2202_2024";"intensite";"MR";"moyen";"sans_2202_2024";"temperature"
-0,55142592442244;19,3095238095238;1226;3008;-16873,772638584;33807,5452771681;"intensite_MR_moyen_sans_2202_2024";"intensite";"MR";"moyen";"sans_2202_2024";"temperature"
-0,53017575100356;19,4142857142857;1246;2988;-16873,7618945687;33807,5237891373;"intensite_MR_moyen_sans_2202_2024";"intensite";"MR";"moyen";"sans_2202_2024";"temperature"
-0,50892557758468;19,5190476190476;1279;2955;-16873,7721387562;33807,5442775124;"intensite_MR_moyen_sans_2202_2024";"intensite";"MR";"moyen";"sans_2202_2024";"temperature"
-0,487675404165801;19,6238095238095;1306;2928;-16873,7780467734;33807,5560935468;"intensite_MR_moyen_sans_2202_2024";"intensite";"MR";"moyen";"sans_2202_2024";"temperature"
-0,466425230746921;19,7285714285714;1336;2898;-16873,7687842879;33807,5375685757;"intensite_MR_moyen_sans_2202_2024";"intensite";"MR";"moyen";"sans_2202_2024";"temperature"
-0,445175057328041;19,8333333333333;1382;2852;-16873,7891618233;33807,5783236466;"intensite_MR_moyen_sans_2202_2024";"intensite";"MR";"moyen";"sans_2202_2024";"temperature"
-0,431652219697844;19,9;1396;2838;-16873,8244860265;33807,648972053;"intensite_MR_moyen_sans_2202_2024";"intensite";"MR";"moyen";"sans_2202_2024";"temperature"
-0,423924883909161;19,9380952380953;1415;2819;-16873,8521413808;33807,7042827616;"intensite_MR_moyen_sans_2202_2024";"intensite";"MR";"moyen";"sans_2202_2024";"temperature"
-0,402674710490281;20,0428571428572;1441;2793;-16873,8748281829;33807,7496563659;"intensite_MR_moyen_sans_2202_2024";"intensite";"MR";"moyen";"sans_2202_2024";"temperature"
-0,381424537071401;20,1476190476191;1482;2752;-16873,9082501668;33807,8165003337;"intensite_MR_moyen_sans_2202_2024";"intensite";"MR";"moyen";"sans_2202_2024";"temperature"
-0,360174363652521;20,252380952381;1517;2717;-16873,9569616366;33807,9139232731;"intensite_MR_moyen_sans_2202_2024";"intensite";"MR";"moyen";"sans_2202_2024";"temperature"
-0,338924190233641;20,3571428571429;1558;2676;-16874,0192745329;33808,0385490658;"intensite_MR_moyen_sans_2202_2024";"intensite";"MR";"moyen";"sans_2202_2024";"temperature"
-0,317674016814761;20,4619047619048;1595;2639;-16874,1228730108;33808,2457460216;"intensite_MR_moyen_sans_2202_2024";"intensite";"MR";"moyen";"sans_2202_2024";"temperature"
-0,296423843395881;20,5666666666667;1638;2596;-16874,2121106167;33808,4242212333;"intensite_MR_moyen_sans_2202_2024";"intensite";"MR";"moyen";"sans_2202_2024";"temperature"
-0,147672629463722;21,3;1877;2357;-16875,3281376772;33810,6562753543;"intensite_MR_moyen_sans_2202_2024";"intensite";"MR";"moyen";"sans_2202_2024";"temperature"
-0,0192056719768564;21,9333333333333;2118;2116;-16876,5163595331;33813,0327190662;"intensite_MR_moyen_sans_2202_2024";"intensite";"MR";"moyen";"sans_2202_2024";"temperature"
0,102499866694909;22,5333333333333;2375;1859;-16878,1935485127;33816,3870970253;"intensite_MR_moyen_sans_2202_2024";"intensite";"MR";"moyen";"sans_2202_2024";"temperature"
0,224205405366677;23,1333333333333;2612;1622;-16879,8329687341;33819,6659374681;"intensite_MR_moyen_sans_2202_2024";"intensite";"MR";"moyen";"sans_2202_2024";"temperature"
0,352672362853541;23,7666666666667;2846;1388;-16881,1434896115;33822,2869792229;"intensite_MR_moyen_sans_2202_2024";"intensite";"MR";"moyen";"sans_2202_2024";"temperature"
0,541992089676289;24,7;3087;1147;-16882,0808988172;33824,1617976345;"intensite_MR_moyen_sans_2202_2024";"intensite";"MR";"moyen";"sans_2202_2024";"temperature"
0,731311816499038;25,6333333333333;3328;906;-16883,5396996464;33827,0793992929;"intensite_MR_moyen_sans_2202_2024";"intensite";"MR";"moyen";"sans_2202_2024";"temperature"
0,97472289384257;26,8333333333333;3574;660;-16884,4464214547;33828,8928429094;"intensite_MR_moyen_sans_2202_2024";"intensite";"MR";"moyen";"sans_2202_2024";"temperature"
1,2248953900012;28,0666666666666;3812;422;-16884,8249760621;33829,6499521243;"intensite_MR_moyen_sans_2202_2024";"intensite";"MR";"moyen";"sans_2202_2024";"temperature"
-1,23174386982187;45,7500000000002;439;3795;-16883,8879424542;33827,7758849084;"intensite_MR_moyen_sans_2202_2024";"intensite";"MR";"moyen";"sans_2202_2024";"humidite"
-1,03318922470531;49,2964285714288;666;3568;-16882,5018818496;33825,0037636991;"intensite_MR_moyen_sans_2202_2024";"intensite";"MR";"moyen";"sans_2202_2024";"humidite"
-0,825836589271403;53,0000000000002;929;3305;-16881,2701897692;33822,5403795384;"intensite_MR_moyen_sans_2202_2024";"intensite";"MR";"moyen";"sans_2202_2024";"humidite"
-0,643878153162575;56,2500000000002;1156;3078;-16878,3515665307;33816,7031330614;"intensite_MR_moyen_sans_2202_2024";"intensite";"MR";"moyen";"sans_2202_2024";"humidite"
-0,475916519831349;59,2500000000002;1403;2831;-16874,2244371108;33808,4488742216;"intensite_MR_moyen_sans_2202_2024";"intensite";"MR";"moyen";"sans_2202_2024";"humidite"
-0,307954886500124;62,2500000000002;1642;2592;-16870,5100614833;33801,0201229667;"intensite_MR_moyen_sans_2202_2024";"intensite";"MR";"moyen";"sans_2202_2024";"humidite"
-0,283960367452806;62,6785714285717;1665;2569;-16870,0681328476;33800,1362656951;"intensite_MR_moyen_sans_2202_2024";"intensite";"MR";"moyen";"sans_2202_2024";"humidite"
-0,259965848405488;63,1071428571431;1687;2547;-16869,6437619714;33799,2875239428;"intensite_MR_moyen_sans_2202_2024";"intensite";"MR";"moyen";"sans_2202_2024";"humidite"
-0,23597132935817;63,5357142857145;1742;2492;-16869,2898402241;33798,5796804483;"intensite_MR_moyen_sans_2202_2024";"intensite";"MR";"moyen";"sans_2202_2024";"humidite"
-0,211976810310852;63,9642857142859;1762;2472;-16869,1330838997;33798,2661677993;"intensite_MR_moyen_sans_2202_2024";"intensite";"MR";"moyen";"sans_2202_2024";"humidite"
-0,187982291263534;64,3928571428574;1794;2440;-16869,0118058255;33798,0236116509;"intensite_MR_moyen_sans_2202_2024";"intensite";"MR";"moyen";"sans_2202_2024";"humidite"
-0,163987772216216;64,8214285714288;1831;2403;-16868,9337123075;33797,867424615;"intensite_MR_moyen_sans_2202_2024";"intensite";"MR";"moyen";"sans_2202_2024";"humidite"
-0,139993253168898;65,2500000000002;1872;2362;-16868,8833470683;33797,7666941365;"intensite_MR_moyen_sans_2202_2024";"intensite";"MR";"moyen";"sans_2202_2024";"humidite"
-0,125996450391296;65,5000000000002;1885;2349;-16868,8735605013;33797,7471210026;"intensite_MR_moyen_sans_2202_2024";"intensite";"MR";"moyen";"sans_2202_2024";"humidite"
-0,11599873412158;65,6785714285717;1886;2348;-16868,8624006697;33797,7248013393;"intensite_MR_moyen_sans_2202_2024";"intensite";"MR";"moyen";"sans_2202_2024";"humidite"
-0,0920042150742617;66,1071428571431;1918;2316;-16868,8255749471;33797,6511498943;"intensite_MR_moyen_sans_2202_2024";"intensite";"MR";"moyen";"sans_2202_2024";"humidite"
-0,0680096960269437;66,5357142857145;1968;2266;-16868,8287645159;33797,6575290319;"intensite_MR_moyen_sans_2202_2024";"intensite";"MR";"moyen";"sans_2202_2024";"humidite"
-0,0440151769796258;66,9642857142859;1995;2239;-16868,8156392041;33797,6312784081;"intensite_MR_moyen_sans_2202_2024";"intensite";"MR";"moyen";"sans_2202_2024";"humidite"
-0,0200206579323077;67,3928571428574;2040;2194;-16868,8357961395;33797,6715922789;"intensite_MR_moyen_sans_2202_2024";"intensite";"MR";"moyen";"sans_2202_2024";"humidite"
0,00397386111501025;67,8214285714288;2081;2153;-16868,9317731594;33797,8635463188;"intensite_MR_moyen_sans_2202_2024";"intensite";"MR";"moyen";"sans_2202_2024";"humidite"
0,0279683801623282;68,2500000000002;2125;2109;-16869,0521638521;33798,1043277042;"intensite_MR_moyen_sans_2202_2024";"intensite";"MR";"moyen";"sans_2202_2024";"humidite"
0,209926816271156;71,5000000000002;2364;1870;-16870,4989792071;33800,9979584142;"intensite_MR_moyen_sans_2202_2024";"intensite";"MR";"moyen";"sans_2202_2024";"humidite"
0,395684384562478;74,8178571428574;2601;1633;-16872,3382485902;33804,6764971803;"intensite_MR_moyen_sans_2202_2024";"intensite";"MR";"moyen";"sans_2202_2024";"humidite"
0,587840491266414;78,2500000000003;2871;1363;-16874,4975141646;33808,9950283292;"intensite_MR_moyen_sans_2202_2024";"intensite";"MR";"moyen";"sans_2202_2024";"humidite"
0,75580212459764;81,2500000000003;3092;1142;-16877,1175576791;33814,2351153581;"intensite_MR_moyen_sans_2202_2024";"intensite";"MR";"moyen";"sans_2202_2024";"humidite"
0,965754166261673;85,0000000000003;3331;903;-16879,8078375248;33819,6156750497;"intensite_MR_moyen_sans_2202_2024";"intensite";"MR";"moyen";"sans_2202_2024";"humidite"
1,21769661625851;89,5000000000003;3581;653;-16882,2658918858;33824,5317837716;"intensite_MR_moyen_sans_2202_2024";"intensite";"MR";"moyen";"sans_2202_2024";"humidite"
1,45564226347775;93,7500000000003;3822;412;-16883,0559939198;33826,1119878396;"intensite_MR_moyen_sans_2202_2024";"intensite";"MR";"moyen";"sans_2202_2024";"humidite"
-1,20872796786324;1016,4;427;3807;-16884,2684384099;33828,5368768198;"intensite_MR_moyen_sans_2202_2024";"intensite";"MR";"moyen";"sans_2202_2024";"pression"
-0,896812566175113;1018,16666666667;674;3560;-16883,9617141419;33827,9234282839;"intensite_MR_moyen_sans_2202_2024";"intensite";"MR";"moyen";"sans_2202_2024";"pression"
-0,61432314577829;1019,76666666667;909;3325;-16882,7115733868;33825,4231467737;"intensite_MR_moyen_sans_2202_2024";"intensite";"MR";"moyen";"sans_2202_2024";"pression"
-0,455422846805115;1020,66666666667;1162;3072;-16881,7554151358;33823,5108302717;"intensite_MR_moyen_sans_2202_2024";"intensite";"MR";"moyen";"sans_2202_2024";"pression"
-0,302407744090181;1021,53333333334;1394;2840;-16881,1220621889;33822,2441243779;"intensite_MR_moyen_sans_2202_2024";"intensite";"MR";"moyen";"sans_2202_2024";"pression"
-0,167048230150071;1022,3;1634;2600;-16880,3025175328;33820,6050350656;"intensite_MR_moyen_sans_2202_2024";"intensite";"MR";"moyen";"sans_2202_2024";"pression"
-0,0375739124681818;1023,03333333334;1878;2356;-16878,0670127663;33816,1340255325;"intensite_MR_moyen_sans_2202_2024";"intensite";"MR";"moyen";"sans_2202_2024";"pression"
0,0742448164388831;1023,66666666667;2119;2115;-16876,1753611911;33812,3507223822;"intensite_MR_moyen_sans_2202_2024";"intensite";"MR";"moyen";"sans_2202_2024";"pression"
0,186063545345948;1024,3;2372;1862;-16874,5838273424;33809,1676546848;"intensite_MR_moyen_sans_2202_2024";"intensite";"MR";"moyen";"sans_2202_2024";"pression"
0,328905665957326;1025,10904761905;2601;1633;-16875,1142121498;33810,2284242995;"intensite_MR_moyen_sans_2202_2024";"intensite";"MR";"moyen";"sans_2202_2024";"pression"
0,480323358259293;1025,96666666667;2847;1387;-16876,7194998515;33813,4389997031;"intensite_MR_moyen_sans_2202_2024";"intensite";"MR";"moyen";"sans_2202_2024";"pression"
0,586256890908077;1026,56666666667;3086;1148;-16876,9892338762;33813,9784677523;"intensite_MR_moyen_sans_2202_2024";"intensite";"MR";"moyen";"sans_2202_2024";"pression"
0,745157189881292;1027,46666666667;3327;907;-16877,7127272956;33815,4254545912;"intensite_MR_moyen_sans_2202_2024";"intensite";"MR";"moyen";"sans_2202_2024";"pression"
0,904057488854468;1028,36666666667;3572;662;-16878,0895589352;33816,1791178705;"intensite_MR_moyen_sans_2202_2024";"intensite";"MR";"moyen";"sans_2202_2024";"pression"
0,919611221822744;1028,45476190476;3595;639;-16877,8374499604;33815,6748999207;"intensite_MR_moyen_sans_2202_2024";"intensite";"MR";"moyen";"sans_2202_2024";"pression"
0,93516495479102;1028,54285714286;3626;608;-16877,5799478594;33815,1598957188;"intensite_MR_moyen_sans_2202_2024";"intensite";"MR";"moyen";"sans_2202_2024";"pression"
0,950718687759297;1028,63095238096;3649;585;-16877,2940618032;33814,5881236065;"intensite_MR_moyen_sans_2202_2024";"intensite";"MR";"moyen";"sans_2202_2024";"pression"
0,966272420727573;1028,71904761905;3679;555;-16876,9223081152;33813,8446162303;"intensite_MR_moyen_sans_2202_2024";"intensite";"MR";"moyen";"sans_2202_2024";"pression"
0,981826153695849;1028,80714285715;3709;525;-16876,5266841444;33813,0533682888;"intensite_MR_moyen_sans_2202_2024";"intensite";"MR";"moyen";"sans_2202_2024";"pression"
0,997379886664126;1028,89523809524;3719;515;-16876,1131026441;33812,2262052883;"intensite_MR_moyen_sans_2202_2024";"intensite";"MR";"moyen";"sans_2202_2024";"pression"
1,0129336196324;1028,98333333334;3729;505;-16875,7352075586;33811,4704151173;"intensite_MR_moyen_sans_2202_2024";"intensite";"MR";"moyen";"sans_2202_2024";"pression"
1,02848735260068;1029,07142857143;3741;493;-16875,3612498756;33810,7224997511;"intensite_MR_moyen_sans_2202_2024";"intensite";"MR";"moyen";"sans_2202_2024";"pression"
1,04404108556895;1029,15952380953;3750;484;-16874,9661619747;33809,9323239494;"intensite_MR_moyen_sans_2202_2024";"intensite";"MR";"moyen";"sans_2202_2024";"pression"
1,05959481853723;1029,24761904762;3762;472;-16874,5792487201;33809,1584974402;"intensite_MR_moyen_sans_2202_2024";"intensite";"MR";"moyen";"sans_2202_2024";"pression"
1,07514855150551;1029,33571428572;3779;455;-16874,2396913036;33808,4793826072;"intensite_MR_moyen_sans_2202_2024";"intensite";"MR";"moyen";"sans_2202_2024";"pression"
1,09070228447378;1029,42380952381;3781;453;-16874,0252012617;33808,0504025235;"intensite_MR_moyen_sans_2202_2024";"intensite";"MR";"moyen";"sans_2202_2024";"pression"
1,10625601744206;1029,51190476191;3796;438;-16873,7479910003;33807,4959820007;"intensite_MR_moyen_sans_2202_2024";"intensite";"MR";"moyen";"sans_2202_2024";"pression"
1,12180975041034;1029,6;3811;423;-16873,471166359;33806,9423327179;"intensite_MR_moyen_sans_2202_2024";"intensite";"MR";"moyen";"sans_2202_2024";"pression"
-1,1205391224963;1,58400000000001;457;3777;-16884,5756383424;33829,1512766848;"intensite_MR_moyen_sans_2202_2024";"intensite";"MR";"moyen";"sans_2202_2024";"vent"
-0,971077411105424;1,76400000000001;676;3558;-16884,7152709159;33829,4305418319;"intensite_MR_moyen_sans_2202_2024";"intensite";"MR";"moyen";"sans_2202_2024";"vent"
-0,836561870853637;1,92600000000001;915;3319;-16884,8272773079;33829,6545546158;"intensite_MR_moyen_sans_2202_2024";"intensite";"MR";"moyen";"sans_2202_2024";"vent"
-0,702046330601851;2,088;1152;3082;-16884,8050511837;33829,6101023675;"intensite_MR_moyen_sans_2202_2024";"intensite";"MR";"moyen";"sans_2202_2024";"vent"
-0,567530790350064;2,25;1404;2830;-16884,8045415524;33829,6090831049;"intensite_MR_moyen_sans_2202_2024";"intensite";"MR";"moyen";"sans_2202_2024";"vent"
-0,447961421237365;2,394;1639;2595;-16884,8205969235;33829,6411938469;"intensite_MR_moyen_sans_2202_2024";"intensite";"MR";"moyen";"sans_2202_2024";"vent"
-0,313445880985579;2,556;1879;2355;-16884,8201703864;33829,6403407727;"intensite_MR_moyen_sans_2202_2024";"intensite";"MR";"moyen";"sans_2202_2024";"vent"
-0,163984169594704;2,736;2126;2108;-16884,7980954686;33829,5961909371;"intensite_MR_moyen_sans_2202_2024";"intensite";"MR";"moyen";"sans_2202_2024";"vent"
-0,0145224582038307;2,916;2364;1870;-16884,698419107;33829,396838214;"intensite_MR_moyen_sans_2202_2024";"intensite";"MR";"moyen";"sans_2202_2024";"vent"
0,119993082047956;3,078;2611;1623;-16884,6181059899;33829,2362119798;"intensite_MR_moyen_sans_2202_2024";"intensite";"MR";"moyen";"sans_2202_2024";"vent"
0,284400964577917;3,276;2860;1374;-16884,4509174048;33828,9018348095;"intensite_MR_moyen_sans_2202_2024";"intensite";"MR";"moyen";"sans_2202_2024";"vent"
0,463755018246966;3,492;3099;1135;-16884,212855945;33828,42571189;"intensite_MR_moyen_sans_2202_2024";"intensite";"MR";"moyen";"sans_2202_2024";"vent"
0,702893756472364;3,78;3328;906;-16883,7350626807;33827,4701253615;"intensite_MR_moyen_sans_2202_2024";"intensite";"MR";"moyen";"sans_2202_2024";"vent"
0,95697866583685;4,086;3574;660;-16883,2506968637;33826,5013937274;"intensite_MR_moyen_sans_2202_2024";"intensite";"MR";"moyen";"sans_2202_2024";"vent"
0,985803424462233;4,12071428571429;3588;646;-16883,2191238522;33826,4382477045;"intensite_MR_moyen_sans_2202_2024";"intensite";"MR";"moyen";"sans_2202_2024";"vent"
1,01462818308762;4,15542857142857;3618;616;-16883,1837373071;33826,3674746141;"intensite_MR_moyen_sans_2202_2024";"intensite";"MR";"moyen";"sans_2202_2024";"vent"
1,043452941713;4,19014285714286;3644;590;-16883,1525742275;33826,305148455;"intensite_MR_moyen_sans_2202_2024";"intensite";"MR";"moyen";"sans_2202_2024";"vent"
1,07227770033838;4,22485714285714;3664;570;-16883,094475976;33826,1889519521;"intensite_MR_moyen_sans_2202_2024";"intensite";"MR";"moyen";"sans_2202_2024";"vent"
1,10110245896376;4,25957142857143;3672;562;-16883,0274927283;33826,0549854567;"intensite_MR_moyen_sans_2202_2024";"intensite";"MR";"moyen";"sans_2202_2024";"vent"
1,12992721758915;4,29428571428571;3688;546;-16882,9542170728;33825,9084341455;"intensite_MR_moyen_sans_2202_2024";"intensite";"MR";"moyen";"sans_2202_2024";"vent"
1,15875197621453;4,329;3704;530;-16882,8866548001;33825,7733096002;"intensite_MR_moyen_sans_2202_2024";"intensite";"MR";"moyen";"sans_2202_2024";"vent"
1,18757673483991;4,36371428571429;3722;512;-16882,8361804007;33825,6723608015;"intensite_MR_moyen_sans_2202_2024";"intensite";"MR";"moyen";"sans_2202_2024";"vent"
1,2164014934653;4,39842857142857;3747;487;-16882,7888091114;33825,5776182227;"intensite_MR_moyen_sans_2202_2024";"intensite";"MR";"moyen";"sans_2202_2024";"vent"
1,24522625209068;4,43314285714286;3769;465;-16882,7515887643;33825,5031775287;"intensite_MR_moyen_sans_2202_2024";"intensite";"MR";"moyen";"sans_2202_2024";"vent"
1,27405101071606;4,46785714285714;3779;455;-16882,7303312417;33825,4606624834;"intensite_MR_moyen_sans_2202_2024";"intensite";"MR";"moyen";"sans_2202_2024";"vent"
1,30287576934144;4,50257142857143;3787;447;-16882,715226197;33825,430452394;"intensite_MR_moyen_sans_2202_2024";"intensite";"MR";"moyen";"sans_2202_2024";"vent"
1,33170052796683;4,53728571428571;3799;435;-16882,6977962468;33825,3955924937;"intensite_MR_moyen_sans_2202_2024";"intensite";"MR";"moyen";"sans_2202_2024";"vent"
1,36052528659221;4,572;3815;419;-16882,6909476376;33825,3818952752;"intensite_MR_moyen_sans_2202_2024";"intensite";"MR";"moyen";"sans_2202_2024";"vent"
-1,28359099040021;15,7000000000001;533;4770;-1391,60510027848;2841,21020055697;"presence_MR_rafale_max_sans_2202_2024";"presence";"MR";"rafale_max";"sans_2202_2024";"temperature"
-0,984929462167589;17,172380952381;834;4469;-1390,98801702917;2839,97603405834;"presence_MR_rafale_max_sans_2202_2024";"presence";"MR";"rafale_max";"sans_2202_2024";"temperature"
-0,769723160452751;18,2333333333334;1141;4162;-1390,14366015755;2838,2873203151;"presence_MR_rafale_max_sans_2202_2024";"presence";"MR";"rafale_max";"sans_2202_2024";"temperature"
-0,566880595999807;19,2333333333334;1454;3849;-1389,764371807;2837,528743614;"presence_MR_rafale_max_sans_2202_2024";"presence";"MR";"rafale_max";"sans_2202_2024";"temperature"
-0,41136796325255;20;1756;3547;-1389,677508457;2837,355016914;"presence_MR_rafale_max_sans_2202_2024";"presence";"MR";"rafale_max";"sans_2202_2024";"temperature"
-0,391083706807255;20,1;1791;3512;-1389,67191672276;2837,34383344551;"presence_MR_rafale_max_sans_2202_2024";"presence";"MR";"rafale_max";"sans_2202_2024";"temperature"
-0,370799450361961;20,2;1833;3470;-1389,65671834742;2837,31343669483;"presence_MR_rafale_max_sans_2202_2024";"presence";"MR";"rafale_max";"sans_2202_2024";"temperature"
-0,350515193916667;20,3;1865;3438;-1389,61374234419;2837,22748468837;"presence_MR_rafale_max_sans_2202_2024";"presence";"MR";"rafale_max";"sans_2202_2024";"temperature"
-0,330230937471372;20,4;1914;3389;-1389,54423843064;2837,08847686128;"presence_MR_rafale_max_sans_2202_2024";"presence";"MR";"rafale_max";"sans_2202_2024";"temperature"
-0,309946681026078;20,5;1967;3336;-1389,49179165846;2836,98358331691;"presence_MR_rafale_max_sans_2202_2024";"presence";"MR";"rafale_max";"sans_2202_2024";"temperature"
-0,289662424580784;20,6;2015;3288;-1389,46989384573;2836,93978769147;"presence_MR_rafale_max_sans_2202_2024";"presence";"MR";"rafale_max";"sans_2202_2024";"temperature"
-0,269378168135489;20,7;2051;3252;-1389,46419299414;2836,92838598828;"presence_MR_rafale_max_sans_2202_2024";"presence";"MR";"rafale_max";"sans_2202_2024";"temperature"
-0,249093911690195;20,8;2076;3227;-1389,49930993883;2836,99861987766;"presence_MR_rafale_max_sans_2202_2024";"presence";"MR";"rafale_max";"sans_2202_2024";"temperature"
-0,2288096552449;20,9;2111;3192;-1389,56463062456;2837,12926124912;"presence_MR_rafale_max_sans_2202_2024";"presence";"MR";"rafale_max";"sans_2202_2024";"temperature"
-0,208525398799606;21;2149;3154;-1389,6026555681;2837,20531113619;"presence_MR_rafale_max_sans_2202_2024";"presence";"MR";"rafale_max";"sans_2202_2024";"temperature"
-0,188241142354312;21,1;2196;3107;-1389,6407636556;2837,2815273112;"presence_MR_rafale_max_sans_2202_2024";"presence";"MR";"rafale_max";"sans_2202_2024";"temperature"
-0,167956885909017;21,2;2252;3051;-1389,69616819406;2837,39233638812;"presence_MR_rafale_max_sans_2202_2024";"presence";"MR";"rafale_max";"sans_2202_2024";"temperature"
-0,147672629463723;21,3;2292;3011;-1389,7176275099;2837,43525501979;"presence_MR_rafale_max_sans_2202_2024";"presence";"MR";"rafale_max";"sans_2202_2024";"temperature"
-0,127388373018429;21,4;2356;2947;-1389,73905526042;2837,47811052085;"presence_MR_rafale_max_sans_2202_2024";"presence";"MR";"rafale_max";"sans_2202_2024";"temperature"
-0,0056828343466609;22;2660;2643;-1389,96464983561;2837,92929967121;"presence_MR_rafale_max_sans_2202_2024";"presence";"MR";"rafale_max";"sans_2202_2024";"temperature"
0,116022704325107;22,6;2954;2349;-1390,06912604459;2838,13825208918;"presence_MR_rafale_max_sans_2202_2024";"presence";"MR";"rafale_max";"sans_2202_2024";"temperature"
0,24448966181197;23,2333333333334;3260;2043;-1389,92893019248;2837,85786038497;"presence_MR_rafale_max_sans_2202_2024";"presence";"MR";"rafale_max";"sans_2202_2024";"temperature"
0,379138487929784;23,8971428571429;3560;1743;-1390,10303812628;2838,20607625257;"presence_MR_rafale_max_sans_2202_2024";"presence";"MR";"rafale_max";"sans_2202_2024";"temperature"
0,569037764936681;24,8333333333334;3872;1431;-1390,55276920419;2839,10553840838;"presence_MR_rafale_max_sans_2202_2024";"presence";"MR";"rafale_max";"sans_2202_2024";"temperature"
0,764152993600944;25,7952380952381;4166;1137;-1390,89526803274;2839,79053606549;"presence_MR_rafale_max_sans_2202_2024";"presence";"MR";"rafale_max";"sans_2202_2024";"temperature"
0,995007150287866;26,9333333333334;4472;831;-1391,41322425736;2840,82644851472;"presence_MR_rafale_max_sans_2202_2024";"presence";"MR";"rafale_max";"sans_2202_2024";"temperature"
1,25870248407669;28,2333333333333;4779;524;-1391,91891278712;2841,83782557423;"presence_MR_rafale_max_sans_2202_2024";"presence";"MR";"rafale_max";"sans_2202_2024";"temperature"
-1,24574067259947;45,5000000000003;557;4746;-1391,94457427577;2841,88914855153;"presence_MR_rafale_max_sans_2202_2024";"presence";"MR";"rafale_max";"sans_2202_2024";"humidite"
-1,06378223649064;48,7500000000003;836;4467;-1391,83189323243;2841,66378646486;"presence_MR_rafale_max_sans_2202_2024";"presence";"MR";"rafale_max";"sans_2202_2024";"humidite"
-0,853830194826608;52,5000000000002;1155;4148;-1391,53144685629;2841,06289371258;"presence_MR_rafale_max_sans_2202_2024";"presence";"MR";"rafale_max";"sans_2202_2024";"humidite"
-0,685868561495382;55,5000000000002;1444;3859;-1391,18616201024;2840,37232402049;"presence_MR_rafale_max_sans_2202_2024";"presence";"MR";"rafale_max";"sans_2202_2024";"humidite"
-0,517906928164156;58,5000000000002;1757;3546;-1390,7736617228;2839,54732344559;"presence_MR_rafale_max_sans_2202_2024";"presence";"MR";"rafale_max";"sans_2202_2024";"humidite"
-0,335948492055328;61,7500000000002;2073;3230;-1390,67786564088;2839,35573128175;"presence_MR_rafale_max_sans_2202_2024";"presence";"MR";"rafale_max";"sans_2202_2024";"humidite"
-0,181983661501704;64,5000000000001;2361;2942;-1390,95383306175;2839,9076661235;"presence_MR_rafale_max_sans_2202_2024";"presence";"MR";"rafale_max";"sans_2202_2024";"humidite"
-0,0140220281704783;67,5000000000001;2666;2637;-1391,17057700576;2840,34115401151;"presence_MR_rafale_max_sans_2202_2024";"presence";"MR";"rafale_max";"sans_2202_2024";"humidite"
0,153939605160748;70,5000000000001;2966;2337;-1391,18830105525;2840,3766021105;"presence_MR_rafale_max_sans_2202_2024";"presence";"MR";"rafale_max";"sans_2202_2024";"humidite"
0,349894844047178;74,0000000000001;3259;2044;-1391,35953856222;2840,71907712444;"presence_MR_rafale_max_sans_2202_2024";"presence";"MR";"rafale_max";"sans_2202_2024";"humidite"
0,531853280156006;77,25;3577;1726;-1391,36066906439;2840,72133812878;"presence_MR_rafale_max_sans_2202_2024";"presence";"MR";"rafale_max";"sans_2202_2024";"humidite"
0,699814913487232;80,25;3869;1434;-1391,32804337801;2840,65608675602;"presence_MR_rafale_max_sans_2202_2024";"presence";"MR";"rafale_max";"sans_2202_2024";"humidite"
0,909766955151264;84;4169;1134;-1390,90291509959;2839,80583019918;"presence_MR_rafale_max_sans_2202_2024";"presence";"MR";"rafale_max";"sans_2202_2024";"humidite"
0,945758733722241;84,6428571428571;4216;1087;-1390,85111957538;2839,70223915076;"presence_MR_rafale_max_sans_2202_2024";"presence";"MR";"rafale_max";"sans_2202_2024";"humidite"
0,981750512293218;85,2857142857142;4255;1048;-1390,78710825876;2839,57421651751;"presence_MR_rafale_max_sans_2202_2024";"presence";"MR";"rafale_max";"sans_2202_2024";"humidite"
1,01774229086419;85,9285714285714;4277;1026;-1390,74213032165;2839,4842606433;"presence_MR_rafale_max_sans_2202_2024";"presence";"MR";"rafale_max";"sans_2202_2024";"humidite"
1,05373406943517;86,5714285714285;4323;980;-1390,7076538733;2839,41530774659;"presence_MR_rafale_max_sans_2202_2024";"presence";"MR";"rafale_max";"sans_2202_2024";"humidite"
1,08972584800615;87,2142857142857;4377;926;-1390,65236916889;2839,30473833779;"presence_MR_rafale_max_sans_2202_2024";"presence";"MR";"rafale_max";"sans_2202_2024";"humidite"
1,12571762657713;87,8571428571428;4433;870;-1390,59919431582;2839,19838863165;"presence_MR_rafale_max_sans_2202_2024";"presence";"MR";"rafale_max";"sans_2202_2024";"humidite"
1,1617094051481;88,4999999999999;4481;822;-1390,58262630147;2839,16525260294;"presence_MR_rafale_max_sans_2202_2024";"presence";"MR";"rafale_max";"sans_2202_2024";"humidite"
1,19770118371908;89,1428571428571;4505;798;-1390,55577222497;2839,11154444993;"presence_MR_rafale_max_sans_2202_2024";"presence";"MR";"rafale_max";"sans_2202_2024";"humidite"
1,23369296229006;89,7857142857142;4575;728;-1390,54168905416;2839,08337810832;"presence_MR_rafale_max_sans_2202_2024";"presence";"MR";"rafale_max";"sans_2202_2024";"humidite"
1,26968474086103;90,4285714285714;4612;691;-1390,51470815748;2839,02941631496;"presence_MR_rafale_max_sans_2202_2024";"presence";"MR";"rafale_max";"sans_2202_2024";"humidite"
1,30567651943201;91,0714285714285;4669;634;-1390,46508865841;2838,93017731682;"presence_MR_rafale_max_sans_2202_2024";"presence";"MR";"rafale_max";"sans_2202_2024";"humidite"
1,34166829800299;91,7142857142856;4697;606;-1390,47806953298;2838,95613906597;"presence_MR_rafale_max_sans_2202_2024";"presence";"MR";"rafale_max";"sans_2202_2024";"humidite"
1,37766007657396;92,3571428571428;4735;568;-1390,50076952385;2839,0015390477;"presence_MR_rafale_max_sans_2202_2024";"presence";"MR";"rafale_max";"sans_2202_2024";"humidite"
1,41365185514494;92,9999999999999;4781;522;-1390,62522370523;2839,25044741047;"presence_MR_rafale_max_sans_2202_2024";"presence";"MR";"rafale_max";"sans_2202_2024";"humidite"
-1,06159806140655;1017,23333333334;533;4770;-1391,66445871506;2841,32891743012;"presence_MR_rafale_max_sans_2202_2024";"presence";"MR";"rafale_max";"sans_2202_2024";"pression"
-0,796764229784591;1018,73333333334;837;4466;-1391,47156277551;2840,94312555102;"presence_MR_rafale_max_sans_2202_2024";"presence";"MR";"rafale_max";"sans_2202_2024";"pression"
-0,537815594420813;1020,2;1142;4161;-1391,04555852682;2840,09111705364;"presence_MR_rafale_max_sans_2202_2024";"presence";"MR";"rafale_max";"sans_2202_2024";"pression"
-0,396570884222442;1021;1443;3860;-1390,58833378851;2839,17666757702;"presence_MR_rafale_max_sans_2202_2024";"presence";"MR";"rafale_max";"sans_2202_2024";"pression"
-0,237670585249246;1021,9;1764;3539;-1389,79803537185;2837,5960707437;"presence_MR_rafale_max_sans_2202_2024";"presence";"MR";"rafale_max";"sans_2202_2024";"pression"
-0,125851856342181;1022,53333333334;2050;3253;-1389,44043187234;2836,88086374469;"presence_MR_rafale_max_sans_2202_2024";"presence";"MR";"rafale_max";"sans_2202_2024";"pression"
-0,00226273491859397;1023,23333333334;2350;2953;-1389,28615225448;2836,57230450897;"presence_MR_rafale_max_sans_2202_2024";"presence";"MR";"rafale_max";"sans_2202_2024";"pression"
0,109555993988511;1023,86666666667;2653;2650;-1388,94687269069;2835,89374538138;"presence_MR_rafale_max_sans_2202_2024";"presence";"MR";"rafale_max";"sans_2202_2024";"pression"
0,209604330379033;1024,43333333334;2961;2342;-1388,74015768006;2835,48031536011;"presence_MR_rafale_max_sans_2202_2024";"presence";"MR";"rafale_max";"sans_2202_2024";"pression"
0,344963844319163;1025,2;3258;2045;-1388,4637467196;2834,9274934392;"presence_MR_rafale_max_sans_2202_2024";"presence";"MR";"rafale_max";"sans_2202_2024";"pression"
0,492093750775816;1026,03333333334;3574;1729;-1388,25474098484;2834,50948196968;"presence_MR_rafale_max_sans_2202_2024";"presence";"MR";"rafale_max";"sans_2202_2024";"pression"
0,592142087166378;1026,6;3865;1438;-1388,21318097386;2834,42636194772;"presence_MR_rafale_max_sans_2202_2024";"presence";"MR";"rafale_max";"sans_2202_2024";"pression"
0,614001387554223;1026,72380952381;3901;1402;-1388,09992142448;2834,19984284897;"presence_MR_rafale_max_sans_2202_2024";"presence";"MR";"rafale_max";"sans_2202_2024";"pression"
0,635860687942068;1026,84761904762;3961;1342;-1387,92749328168;2833,85498656335;"presence_MR_rafale_max_sans_2202_2024";"presence";"MR";"rafale_max";"sans_2202_2024";"pression"
0,657719988329913;1026,97142857143;4026;1277;-1387,72681139114;2833,45362278227;"presence_MR_rafale_max_sans_2202_2024";"presence";"MR";"rafale_max";"sans_2202_2024";"pression"
0,679579288717758;1027,09523809524;4067;1236;-1387,51575131981;2833,03150263962;"presence_MR_rafale_max_sans_2202_2024";"presence";"MR";"rafale_max";"sans_2202_2024";"pression"
0,701438589105603;1027,21904761905;4104;1199;-1387,32888101585;2832,6577620317;"presence_MR_rafale_max_sans_2202_2024";"presence";"MR";"rafale_max";"sans_2202_2024";"pression"
0,723297889493448;1027,34285714286;4130;1173;-1387,11941969363;2832,23883938726;"presence_MR_rafale_max_sans_2202_2024";"presence";"MR";"rafale_max";"sans_2202_2024";"pression"
0,745157189881292;1027,46666666667;4169;1134;-1386,95311112966;2831,90622225933;"presence_MR_rafale_max_sans_2202_2024";"presence";"MR";"rafale_max";"sans_2202_2024";"pression"
0,767016490269137;1027,59047619048;4209;1094;-1386,88314419428;2831,76628838856;"presence_MR_rafale_max_sans_2202_2024";"presence";"MR";"rafale_max";"sans_2202_2024";"pression"
0,788875790656982;1027,71428571429;4245;1058;-1386,84548144615;2831,69096289229;"presence_MR_rafale_max_sans_2202_2024";"presence";"MR";"rafale_max";"sans_2202_2024";"pression"
0,810735091044827;1027,8380952381;4283;1020;-1386,89289799468;2831,78579598935;"presence_MR_rafale_max_sans_2202_2024";"presence";"MR";"rafale_max";"sans_2202_2024";"pression"
0,832594391432672;1027,96190476191;4312;991;-1387,10551252044;2832,21102504087;"presence_MR_rafale_max_sans_2202_2024";"presence";"MR";"rafale_max";"sans_2202_2024";"pression"
0,854453691820517;1028,08571428572;4354;949;-1387,40418398168;2832,80836796336;"presence_MR_rafale_max_sans_2202_2024";"presence";"MR";"rafale_max";"sans_2202_2024";"pression"
0,876312992208361;1028,20952380953;4410;893;-1387,7065769102;2833,41315382041;"presence_MR_rafale_max_sans_2202_2024";"presence";"MR";"rafale_max";"sans_2202_2024";"pression"
0,898172292596206;1028,33333333334;4475;828;-1387,97786652577;2833,95573305154;"presence_MR_rafale_max_sans_2202_2024";"presence";"MR";"rafale_max";"sans_2202_2024";"pression"
1,09826896537729;1029,46666666667;4777;526;-1389,85760307838;2837,71520615676;"presence_MR_rafale_max_sans_2202_2024";"presence";"MR";"rafale_max";"sans_2202_2024";"pression"
-1,14454492907517;4,32000000000001;534;4769;-1391,96297498125;2841,92594996249;"presence_MR_rafale_max_sans_2202_2024";"presence";"MR";"rafale_max";"sans_2202_2024";"vent"
-0,959925418486843;4,96800000000001;836;4467;-1391,94105523873;2841,88211047746;"presence_MR_rafale_max_sans_2202_2024";"presence";"MR";"rafale_max";"sans_2202_2024";"vent"
-0,795819186852775;5,54400000000001;1151;4152;-1391,90936503418;2841,81873006835;"presence_MR_rafale_max_sans_2202_2024";"presence";"MR";"rafale_max";"sans_2202_2024";"vent"
-0,662482873650094;6,01200000000001;1446;3857;-1391,90952910909;2841,81905821818;"presence_MR_rafale_max_sans_2202_2024";"presence";"MR";"rafale_max";"sans_2202_2024";"vent"
-0,529146560447413;6,48000000000001;1747;3556;-1391,96118425386;2841,92236850772;"presence_MR_rafale_max_sans_2202_2024";"presence";"MR";"rafale_max";"sans_2202_2024";"vent"
-0,406066886721862;6,91200000000001;2064;3239;-1391,97977287309;2841,95954574619;"presence_MR_rafale_max_sans_2202_2024";"presence";"MR";"rafale_max";"sans_2202_2024";"vent"
-0,262473934042052;7,41600000000002;2373;2930;-1391,98281973037;2841,96563946074;"presence_MR_rafale_max_sans_2202_2024";"presence";"MR";"rafale_max";"sans_2202_2024";"vent"
-0,159907539270759;7,77600000000002;2660;2643;-1391,98269553988;2841,96539107976;"presence_MR_rafale_max_sans_2202_2024";"presence";"MR";"rafale_max";"sans_2202_2024";"vent"
-0,01631458659095;8,28000000000002;2975;2328;-1391,9809314262;2841,9618628524;"presence_MR_rafale_max_sans_2202_2024";"presence";"MR";"rafale_max";"sans_2202_2024";"vent"
0,137535005565989;8,82000000000002;3279;2024;-1391,96299319443;2841,92598638886;"presence_MR_rafale_max_sans_2202_2024";"presence";"MR";"rafale_max";"sans_2202_2024";"vent"
0,260614679291541;9,25200000000002;3572;1731;-1391,91579632213;2841,83159264426;"presence_MR_rafale_max_sans_2202_2024";"presence";"MR";"rafale_max";"sans_2202_2024";"vent"
0,28991936351191;9,35485714285716;3601;1702;-1391,89881364546;2841,79762729092;"presence_MR_rafale_max_sans_2202_2024";"presence";"MR";"rafale_max";"sans_2202_2024";"vent"
0,319224047732279;9,4577142857143;3647;1656;-1391,87968981018;2841,75937962037;"presence_MR_rafale_max_sans_2202_2024";"presence";"MR";"rafale_max";"sans_2202_2024";"vent"
0,348528731952649;9,56057142857145;3684;1619;-1391,86802181595;2841,73604363191;"presence_MR_rafale_max_sans_2202_2024";"presence";"MR";"rafale_max";"sans_2202_2024";"vent"
0,377833416173018;9,66342857142859;3749;1554;-1391,86083428537;2841,72166857074;"presence_MR_rafale_max_sans_2202_2024";"presence";"MR";"rafale_max";"sans_2202_2024";"vent"
0,407138100393387;9,76628571428573;3790;1513;-1391,85316649008;2841,70633298016;"presence_MR_rafale_max_sans_2202_2024";"presence";"MR";"rafale_max";"sans_2202_2024";"vent"
0,436442784613757;9,86914285714288;3834;1469;-1391,84538623747;2841,69077247495;"presence_MR_rafale_max_sans_2202_2024";"presence";"MR";"rafale_max";"sans_2202_2024";"vent"
0,465747468834126;9,97200000000002;3877;1426;-1391,83558977494;2841,67117954988;"presence_MR_rafale_max_sans_2202_2024";"presence";"MR";"rafale_max";"sans_2202_2024";"vent"
0,495052153054496;10,0748571428572;3908;1395;-1391,82342644509;2841,64685289018;"presence_MR_rafale_max_sans_2202_2024";"presence";"MR";"rafale_max";"sans_2202_2024";"vent"
0,524356837274865;10,1777142857143;3956;1347;-1391,81198497362;2841,62396994724;"presence_MR_rafale_max_sans_2202_2024";"presence";"MR";"rafale_max";"sans_2202_2024";"vent"
0,553661521495234;10,2805714285714;3996;1307;-1391,81020518712;2841,62041037424;"presence_MR_rafale_max_sans_2202_2024";"presence";"MR";"rafale_max";"sans_2202_2024";"vent"
0,582966205715604;10,3834285714286;4052;1251;-1391,81545624587;2841,63091249175;"presence_MR_rafale_max_sans_2202_2024";"presence";"MR";"rafale_max";"sans_2202_2024";"vent"
0,612270889935973;10,4862857142857;4100;1203;-1391,82060491858;2841,64120983717;"presence_MR_rafale_max_sans_2202_2024";"presence";"MR";"rafale_max";"sans_2202_2024";"vent"
0,641575574156342;10,5891428571429;4127;1176;-1391,82638340543;2841,65276681086;"presence_MR_rafale_max_sans_2202_2024";"presence";"MR";"rafale_max";"sans_2202_2024";"vent"
0,670880258376712;10,692;4171;1132;-1391,83857137826;2841,67714275653;"presence_MR_rafale_max_sans_2202_2024";"presence";"MR";"rafale_max";"sans_2202_2024";"vent"
0,915281324774589;11,5498285714286;4469;834;-1391,87218746945;2841,7443749389;"presence_MR_rafale_max_sans_2202_2024";"presence";"MR";"rafale_max";"sans_2202_2024";"vent"
1,2965352664816;12,888;4778;525;-1391,96342538254;2841,92685076509;"presence_MR_rafale_max_sans_2202_2024";"presence";"MR";"rafale_max";"sans_2202_2024";"vent"
-1,3309209221059;15,4666666666667;425;3809;-16879,8832018603;33819,7664037206;"intensite_MR_rafale_max_sans_2202_2024";"intensite";"MR";"rafale_max";"sans_2202_2024";"temperature"
-1,04017991305668;16,9;667;3567;-16877,4128920058;33814,8257840117;"intensite_MR_rafale_max_sans_2202_2024";"intensite";"MR";"rafale_max";"sans_2202_2024";"temperature"
-0,81029167334334;18,0333333333334;913;3321;-16873,6643612062;33807,3287224124;"intensite_MR_rafale_max_sans_2202_2024";"intensite";"MR";"rafale_max";"sans_2202_2024";"temperature"
-0,5939262712602;19,1;1151;3083;-16870,564912279;33801,129824558;"intensite_MR_rafale_max_sans_2202_2024";"intensite";"MR";"rafale_max";"sans_2202_2024";"temperature"
-0,57267609784132;19,2047619047619;1175;3059;-16870,4786791547;33800,9573583094;"intensite_MR_rafale_max_sans_2202_2024";"intensite";"MR";"rafale_max";"sans_2202_2024";"temperature"
-0,55142592442244;19,3095238095238;1226;3008;-16870,4698240408;33800,9396480817;"intensite_MR_rafale_max_sans_2202_2024";"intensite";"MR";"rafale_max";"sans_2202_2024";"temperature"
-0,53017575100356;19,4142857142857;1246;2988;-16870,446362549;33800,892725098;"intensite_MR_rafale_max_sans_2202_2024";"intensite";"MR";"rafale_max";"sans_2202_2024";"temperature"
-0,50892557758468;19,5190476190476;1279;2955;-16870,4435636782;33800,8871273564;"intensite_MR_rafale_max_sans_2202_2024";"intensite";"MR";"rafale_max";"sans_2202_2024";"temperature"
-0,487675404165801;19,6238095238095;1306;2928;-16870,4360520103;33800,8721040206;"intensite_MR_rafale_max_sans_2202_2024";"intensite";"MR";"rafale_max";"sans_2202_2024";"temperature"
-0,466425230746921;19,7285714285714;1336;2898;-16870,4156330291;33800,8312660582;"intensite_MR_rafale_max_sans_2202_2024";"intensite";"MR";"rafale_max";"sans_2202_2024";"temperature"
-0,445175057328041;19,8333333333333;1382;2852;-16870,4269792151;33800,8539584302;"intensite_MR_rafale_max_sans_2202_2024";"intensite";"MR";"rafale_max";"sans_2202_2024";"temperature"
-0,431652219697844;19,9;1396;2838;-16870,4579798637;33800,9159597275;"intensite_MR_rafale_max_sans_2202_2024";"intensite";"MR";"rafale_max";"sans_2202_2024";"temperature"
-0,423924883909161;19,9380952380953;1415;2819;-16870,4832562126;33800,9665124252;"intensite_MR_rafale_max_sans_2202_2024";"intensite";"MR";"rafale_max";"sans_2202_2024";"temperature"
-0,402674710490281;20,0428571428572;1441;2793;-16870,4942163296;33800,9884326592;"intensite_MR_rafale_max_sans_2202_2024";"intensite";"MR";"rafale_max";"sans_2202_2024";"temperature"
-0,381424537071401;20,1476190476191;1482;2752;-16870,5117824578;33801,0235649157;"intensite_MR_rafale_max_sans_2202_2024";"intensite";"MR";"rafale_max";"sans_2202_2024";"temperature"
-0,360174363652521;20,252380952381;1517;2717;-16870,5464532428;33801,0929064856;"intensite_MR_rafale_max_sans_2202_2024";"intensite";"MR";"rafale_max";"sans_2202_2024";"temperature"
-0,338924190233641;20,3571428571429;1558;2676;-16870,5936097041;33801,1872194081;"intensite_MR_rafale_max_sans_2202_2024";"intensite";"MR";"rafale_max";"sans_2202_2024";"temperature"
-0,317674016814761;20,4619047619048;1595;2639;-16870,6782845126;33801,3565690252;"intensite_MR_rafale_max_sans_2202_2024";"intensite";"MR";"rafale_max";"sans_2202_2024";"temperature"
-0,296423843395881;20,5666666666667;1638;2596;-16870,7512596161;33801,5025192321;"intensite_MR_rafale_max_sans_2202_2024";"intensite";"MR";"rafale_max";"sans_2202_2024";"temperature"
-0,147672629463722;21,3;1877;2357;-16871,7675056003;33803,5350112007;"intensite_MR_rafale_max_sans_2202_2024";"intensite";"MR";"rafale_max";"sans_2202_2024";"temperature"
-0,0192056719768564;21,9333333333333;2118;2116;-16872,9191549334;33805,8383098667;"intensite_MR_rafale_max_sans_2202_2024";"intensite";"MR";"rafale_max";"sans_2202_2024";"temperature"
0,102499866694909;22,5333333333333;2375;1859;-16874,597024463;33809,194048926;"intensite_MR_rafale_max_sans_2202_2024";"intensite";"MR";"rafale_max";"sans_2202_2024";"temperature"
0,224205405366677;23,1333333333333;2612;1622;-16876,2249240274;33812,4498480547;"intensite_MR_rafale_max_sans_2202_2024";"intensite";"MR";"rafale_max";"sans_2202_2024";"temperature"
0,352672362853541;23,7666666666667;2846;1388;-16877,529494361;33815,0589887219;"intensite_MR_rafale_max_sans_2202_2024";"intensite";"MR";"rafale_max";"sans_2202_2024";"temperature"
0,541992089676289;24,7;3087;1147;-16878,4948620304;33816,9897240607;"intensite_MR_rafale_max_sans_2202_2024";"intensite";"MR";"rafale_max";"sans_2202_2024";"temperature"
0,731311816499038;25,6333333333333;3328;906;-16880,0324051441;33820,0648102881;"intensite_MR_rafale_max_sans_2202_2024";"intensite";"MR";"rafale_max";"sans_2202_2024";"temperature"
0,97472289384257;26,8333333333333;3574;660;-16881,0214048618;33822,0428097237;"intensite_MR_rafale_max_sans_2202_2024";"intensite";"MR";"rafale_max";"sans_2202_2024";"temperature"
1,2248953900012;28,0666666666666;3812;422;-16881,4858429061;33822,9716858122;"intensite_MR_rafale_max_sans_2202_2024";"intensite";"MR";"rafale_max";"sans_2202_2024";"temperature"
-1,23174386982187;45,7500000000002;439;3795;-16880,5108046541;33821,0216093081;"intensite_MR_rafale_max_sans_2202_2024";"intensite";"MR";"rafale_max";"sans_2202_2024";"humidite"
-1,03318922470531;49,2964285714288;666;3568;-16878,9715351946;33817,9430703893;"intensite_MR_rafale_max_sans_2202_2024";"intensite";"MR";"rafale_max";"sans_2202_2024";"humidite"
-0,825836589271403;53,0000000000002;929;3305;-16877,5432014268;33815,0864028537;"intensite_MR_rafale_max_sans_2202_2024";"intensite";"MR";"rafale_max";"sans_2202_2024";"humidite"
-0,643878153162575;56,2500000000002;1156;3078;-16874,3672737169;33808,7345474338;"intensite_MR_rafale_max_sans_2202_2024";"intensite";"MR";"rafale_max";"sans_2202_2024";"humidite"
-0,475916519831349;59,2500000000002;1403;2831;-16869,9638499793;33799,9276999586;"intensite_MR_rafale_max_sans_2202_2024";"intensite";"MR";"rafale_max";"sans_2202_2024";"humidite"
-0,307954886500124;62,2500000000002;1642;2592;-16866,0940603602;33792,1881207205;"intensite_MR_rafale_max_sans_2202_2024";"intensite";"MR";"rafale_max";"sans_2202_2024";"humidite"
-0,283960367452806;62,6785714285717;1665;2569;-16865,647795878;33791,295591756;"intensite_MR_rafale_max_sans_2202_2024";"intensite";"MR";"rafale_max";"sans_2202_2024";"humidite"
-0,259965848405488;63,1071428571431;1687;2547;-16865,2237595331;33790,4475190663;"intensite_MR_rafale_max_sans_2202_2024";"intensite";"MR";"rafale_max";"sans_2202_2024";"humidite"
-0,23597132935817;63,5357142857145;1742;2492;-16864,8736077647;33789,7472155294;"intensite_MR_rafale_max_sans_2202_2024";"intensite";"MR";"rafale_max";"sans_2202_2024";"humidite"
-0,211976810310852;63,9642857142859;1762;2472;-16864,7306877246;33789,4613754492;"intensite_MR_rafale_max_sans_2202_2024";"intensite";"MR";"rafale_max";"sans_2202_2024";"humidite"
-0,187982291263534;64,3928571428574;1794;2440;-16864,6270227201;33789,2540454402;"intensite_MR_rafale_max_sans_2202_2024";"intensite";"MR";"rafale_max";"sans_2202_2024";"humidite"
-0,163987772216216;64,8214285714288;1831;2403;-16864,5603084471;33789,1206168943;"intensite_MR_rafale_max_sans_2202_2024";"intensite";"MR";"rafale_max";"sans_2202_2024";"humidite"
-0,139993253168898;65,2500000000002;1872;2362;-16864,5216268036;33789,0432536071;"intensite_MR_rafale_max_sans_2202_2024";"intensite";"MR";"rafale_max";"sans_2202_2024";"humidite"
-0,125996450391296;65,5000000000002;1885;2349;-16864,5180398593;33789,0360797186;"intensite_MR_rafale_max_sans_2202_2024";"intensite";"MR";"rafale_max";"sans_2202_2024";"humidite"
-0,11599873412158;65,6785714285717;1886;2348;-16864,5110528109;33789,0221056218;"intensite_MR_rafale_max_sans_2202_2024";"intensite";"MR";"rafale_max";"sans_2202_2024";"humidite"
-0,0920042150742617;66,1071428571431;1918;2316;-16864,4871681809;33788,9743363617;"intensite_MR_rafale_max_sans_2202_2024";"intensite";"MR";"rafale_max";"sans_2202_2024";"humidite"
-0,0680096960269437;66,5357142857145;1968;2266;-16864,5033200722;33789,0066401444;"intensite_MR_rafale_max_sans_2202_2024";"intensite";"MR";"rafale_max";"sans_2202_2024";"humidite"
-0,0440151769796258;66,9642857142859;1995;2239;-16864,501808101;33789,003616202;"intensite_MR_rafale_max_sans_2202_2024";"intensite";"MR";"rafale_max";"sans_2202_2024";"humidite"
-0,0200206579323077;67,3928571428574;2040;2194;-16864,5298629014;33789,0597258028;"intensite_MR_rafale_max_sans_2202_2024";"intensite";"MR";"rafale_max";"sans_2202_2024";"humidite"
0,00397386111501025;67,8214285714288;2081;2153;-16864,6330963371;33789,2661926742;"intensite_MR_rafale_max_sans_2202_2024";"intensite";"MR";"rafale_max";"sans_2202_2024";"humidite"
0,0279683801623282;68,2500000000002;2125;2109;-16864,7625360116;33789,5250720233;"intensite_MR_rafale_max_sans_2202_2024";"intensite";"MR";"rafale_max";"sans_2202_2024";"humidite"
0,209926816271156;71,5000000000002;2364;1870;-16866,3025926483;33792,6051852965;"intensite_MR_rafale_max_sans_2202_2024";"intensite";"MR";"rafale_max";"sans_2202_2024";"humidite"
0,395684384562478;74,8178571428574;2601;1633;-16868,3040358096;33796,6080716191;"intensite_MR_rafale_max_sans_2202_2024";"intensite";"MR";"rafale_max";"sans_2202_2024";"humidite"
0,587840491266414;78,2500000000003;2871;1363;-16870,6486919766;33801,2973839533;"intensite_MR_rafale_max_sans_2202_2024";"intensite";"MR";"rafale_max";"sans_2202_2024";"humidite"
0,75580212459764;81,2500000000003;3092;1142;-16873,4325022168;33806,8650044336;"intensite_MR_rafale_max_sans_2202_2024";"intensite";"MR";"rafale_max";"sans_2202_2024";"humidite"
0,965754166261673;85,0000000000003;3331;903;-16876,2651239396;33812,5302478792;"intensite_MR_rafale_max_sans_2202_2024";"intensite";"MR";"rafale_max";"sans_2202_2024";"humidite"
1,21769661625851;89,5000000000003;3581;653;-16878,7950994264;33817,5901988528;"intensite_MR_rafale_max_sans_2202_2024";"intensite";"MR";"rafale_max";"sans_2202_2024";"humidite"
1,45564226347775;93,7500000000003;3822;412;-16879,5900299786;33819,1800599573;"intensite_MR_rafale_max_sans_2202_2024";"intensite";"MR";"rafale_max";"sans_2202_2024";"humidite"
-1,20872796786324;1016,4;427;3807;-16880,8829260103;33821,7658520207;"intensite_MR_rafale_max_sans_2202_2024";"intensite";"MR";"rafale_max";"sans_2202_2024";"pression"
-0,896812566175113;1018,16666666667;674;3560;-16880,547490749;33821,0949814981;"intensite_MR_rafale_max_sans_2202_2024";"intensite";"MR";"rafale_max";"sans_2202_2024";"pression"
-0,61432314577829;1019,76666666667;909;3325;-16879,2015664412;33818,4031328823;"intensite_MR_rafale_max_sans_2202_2024";"intensite";"MR";"rafale_max";"sans_2202_2024";"pression"
-0,455422846805115;1020,66666666667;1162;3072;-16878,1853034793;33816,3706069586;"intensite_MR_rafale_max_sans_2202_2024";"intensite";"MR";"rafale_max";"sans_2202_2024";"pression"
-0,302407744090181;1021,53333333334;1394;2840;-16877,5765650874;33815,1531301748;"intensite_MR_rafale_max_sans_2202_2024";"intensite";"MR";"rafale_max";"sans_2202_2024";"pression"
-0,167048230150071;1022,3;1634;2600;-16876,7901583047;33813,5803166094;"intensite_MR_rafale_max_sans_2202_2024";"intensite";"MR";"rafale_max";"sans_2202_2024";"pression"
-0,0375739124681818;1023,03333333334;1878;2356;-16874,5467513751;33809,0935027502;"intensite_MR_rafale_max_sans_2202_2024";"intensite";"MR";"rafale_max";"sans_2202_2024";"pression"
0,0742448164388831;1023,66666666667;2119;2115;-16872,6675624621;33805,3351249242;"intensite_MR_rafale_max_sans_2202_2024";"intensite";"MR";"rafale_max";"sans_2202_2024";"pression"
0,186063545345948;1024,3;2372;1862;-16871,1763483969;33802,3526967939;"intensite_MR_rafale_max_sans_2202_2024";"intensite";"MR";"rafale_max";"sans_2202_2024";"pression"
0,328905665957326;1025,10904761905;2601;1633;-16871,8129962434;33803,6259924868;"intensite_MR_rafale_max_sans_2202_2024";"intensite";"MR";"rafale_max";"sans_2202_2024";"pression"
0,480323358259293;1025,96666666667;2847;1387;-16873,5235591354;33807,0471182708;"intensite_MR_rafale_max_sans_2202_2024";"intensite";"MR";"rafale_max";"sans_2202_2024";"pression"
0,586256890908077;1026,56666666667;3086;1148;-16873,8634003526;33807,7268007052;"intensite_MR_rafale_max_sans_2202_2024";"intensite";"MR";"rafale_max";"sans_2202_2024";"pression"
0,745157189881292;1027,46666666667;3327;907;-16874,7188171486;33809,4376342971;"intensite_MR_rafale_max_sans_2202_2024";"intensite";"MR";"rafale_max";"sans_2202_2024";"pression"
0,904057488854468;1028,36666666667;3572;662;-16875,0926012353;33810,1852024706;"intensite_MR_rafale_max_sans_2202_2024";"intensite";"MR";"rafale_max";"sans_2202_2024";"pression"
0,919611221822744;1028,45476190476;3595;639;-16874,8243491408;33809,6486982817;"intensite_MR_rafale_max_sans_2202_2024";"intensite";"MR";"rafale_max";"sans_2202_2024";"pression"
0,93516495479102;1028,54285714286;3626;608;-16874,551803017;33809,103606034;"intensite_MR_rafale_max_sans_2202_2024";"intensite";"MR";"rafale_max";"sans_2202_2024";"pression"
0,950718687759297;1028,63095238096;3649;585;-16874,2501367058;33808,5002734117;"intensite_MR_rafale_max_sans_2202_2024";"intensite";"MR";"rafale_max";"sans_2202_2024";"pression"
0,966272420727573;1028,71904761905;3679;555;-16873,8640327461;33807,7280654921;"intensite_MR_rafale_max_sans_2202_2024";"intensite";"MR";"rafale_max";"sans_2202_2024";"pression"
0,981826153695849;1028,80714285715;3709;525;-16873,4507801568;33806,9015603136;"intensite_MR_rafale_max_sans_2202_2024";"intensite";"MR";"rafale_max";"sans_2202_2024";"pression"
0,997379886664126;1028,89523809524;3719;515;-16873,0200303872;33806,0400607745;"intensite_MR_rafale_max_sans_2202_2024";"intensite";"MR";"rafale_max";"sans_2202_2024";"pression"
1,0129336196324;1028,98333333334;3729;505;-16872,6212463387;33805,2424926774;"intensite_MR_rafale_max_sans_2202_2024";"intensite";"MR";"rafale_max";"sans_2202_2024";"pression"
1,02848735260068;1029,07142857143;3741;493;-16872,2268613733;33804,4537227466;"intensite_MR_rafale_max_sans_2202_2024";"intensite";"MR";"rafale_max";"sans_2202_2024";"pression"
1,04404108556895;1029,15952380953;3750;484;-16871,8139740166;33803,6279480331;"intensite_MR_rafale_max_sans_2202_2024";"intensite";"MR";"rafale_max";"sans_2202_2024";"pression"
1,05959481853723;1029,24761904762;3762;472;-16871,4052643605;33802,810528721;"intensite_MR_rafale_max_sans_2202_2024";"intensite";"MR";"rafale_max";"sans_2202_2024";"pression"
1,07514855150551;1029,33571428572;3779;455;-16871,0421615616;33802,0843231231;"intensite_MR_rafale_max_sans_2202_2024";"intensite";"MR";"rafale_max";"sans_2202_2024";"pression"
1,09070228447378;1029,42380952381;3781;453;-16870,8062679505;33801,6125359011;"intensite_MR_rafale_max_sans_2202_2024";"intensite";"MR";"rafale_max";"sans_2202_2024";"pression"
1,10625601744206;1029,51190476191;3796;438;-16870,5079275166;33801,0158550332;"intensite_MR_rafale_max_sans_2202_2024";"intensite";"MR";"rafale_max";"sans_2202_2024";"pression"
1,12180975041034;1029,6;3811;423;-16870,2189029634;33800,4378059268;"intensite_MR_rafale_max_sans_2202_2024";"intensite";"MR";"rafale_max";"sans_2202_2024";"pression"
-1,14454492907517;4,32000000000001;436;3798;-16881,3380417453;33822,6760834906;"intensite_MR_rafale_max_sans_2202_2024";"intensite";"MR";"rafale_max";"sans_2202_2024";"vent"
-0,970182057963972;4,93200000000001;670;3564;-16881,4241314538;33822,8482629076;"intensite_MR_rafale_max_sans_2202_2024";"intensite";"MR";"rafale_max";"sans_2202_2024";"vent"
-0,815599848701523;5,47457142857144;908;3326;-16881,4465235855;33822,893047171;"intensite_MR_rafale_max_sans_2202_2024";"intensite";"MR";"rafale_max";"sans_2202_2024";"vent"
-0,672739513127223;5,97600000000001;1154;3080;-16881,4494678963;33822,8989357927;"intensite_MR_rafale_max_sans_2202_2024";"intensite";"MR";"rafale_max";"sans_2202_2024";"vent"
-0,529146560447413;6,48000000000001;1411;2823;-16881,4840483701;33822,9680967402;"intensite_MR_rafale_max_sans_2202_2024";"intensite";"MR";"rafale_max";"sans_2202_2024";"vent"
-0,406066886721862;6,91200000000001;1658;2576;-16881,4738513606;33822,9477027213;"intensite_MR_rafale_max_sans_2202_2024";"intensite";"MR";"rafale_max";"sans_2202_2024";"vent"
-0,282987212996311;7,34400000000001;1876;2358;-16881,4880486938;33822,9760973877;"intensite_MR_rafale_max_sans_2202_2024";"intensite";"MR";"rafale_max";"sans_2202_2024";"vent"
-0,159907539270759;7,77600000000001;2124;2110;-16881,5052444021;33823,0104888041;"intensite_MR_rafale_max_sans_2202_2024";"intensite";"MR";"rafale_max";"sans_2202_2024";"vent"
-0,01631458659095;8,28000000000001;2363;1871;-16881,5026098945;33823,005219789;"intensite_MR_rafale_max_sans_2202_2024";"intensite";"MR";"rafale_max";"sans_2202_2024";"vent"
0,147791645043119;8,85600000000001;2613;1621;-16881,5059041682;33823,0118083365;"intensite_MR_rafale_max_sans_2202_2024";"intensite";"MR";"rafale_max";"sans_2202_2024";"vent"
0,27087131876867;9,28800000000001;2846;1388;-16881,5033523614;33823,0067047227;"intensite_MR_rafale_max_sans_2202_2024";"intensite";"MR";"rafale_max";"sans_2202_2024";"vent"
0,476004108311255;10,008;3091;1143;-16881,4584560377;33822,9169120755;"intensite_MR_rafale_max_sans_2202_2024";"intensite";"MR";"rafale_max";"sans_2202_2024";"vent"
0,69139353733097;10,764;3330;904;-16881,2872594727;33822,5745189454;"intensite_MR_rafale_max_sans_2202_2024";"intensite";"MR";"rafale_max";"sans_2202_2024";"vent"
0,736815797872542;10,9234285714286;3372;862;-16881,2435963756;33822,4871927513;"intensite_MR_rafale_max_sans_2202_2024";"intensite";"MR";"rafale_max";"sans_2202_2024";"vent"
0,782238058414115;11,0828571428571;3414;820;-16881,2024160579;33822,4048321159;"intensite_MR_rafale_max_sans_2202_2024";"intensite";"MR";"rafale_max";"sans_2202_2024";"vent"
0,827660318955687;11,2422857142857;3471;763;-16881,1758213119;33822,3516426237;"intensite_MR_rafale_max_sans_2202_2024";"intensite";"MR";"rafale_max";"sans_2202_2024";"vent"
0,87308257949726;11,4017142857143;3509;725;-16881,1588466501;33822,3176933002;"intensite_MR_rafale_max_sans_2202_2024";"intensite";"MR";"rafale_max";"sans_2202_2024";"vent"
0,918504840038833;11,5611428571429;3548;686;-16881,1515863274;33822,3031726549;"intensite_MR_rafale_max_sans_2202_2024";"intensite";"MR";"rafale_max";"sans_2202_2024";"vent"
0,937552884782073;11,628;3569;665;-16881,1505320116;33822,3010640233;"intensite_MR_rafale_max_sans_2202_2024";"intensite";"MR";"rafale_max";"sans_2202_2024";"vent"
0,963927100580405;11,7205714285714;3581;653;-16881,1513855846;33822,3027711691;"intensite_MR_rafale_max_sans_2202_2024";"intensite";"MR";"rafale_max";"sans_2202_2024";"vent"
1,00934936112198;11,88;3599;635;-16881,1512903429;33822,3025806858;"intensite_MR_rafale_max_sans_2202_2024";"intensite";"MR";"rafale_max";"sans_2202_2024";"vent"
1,05477162166355;12,0394285714286;3631;603;-16881,143391571;33822,2867831421;"intensite_MR_rafale_max_sans_2202_2024";"intensite";"MR";"rafale_max";"sans_2202_2024";"vent"
1,10019388220512;12,1988571428571;3660;574;-16881,1325391134;33822,2650782268;"intensite_MR_rafale_max_sans_2202_2024";"intensite";"MR";"rafale_max";"sans_2202_2024";"vent"
1,1456161427467;12,3582857142857;3700;534;-16881,1199718066;33822,2399436133;"intensite_MR_rafale_max_sans_2202_2024";"intensite";"MR";"rafale_max";"sans_2202_2024";"vent"
1,19103840328827;12,5177142857143;3722;512;-16881,1155478016;33822,2310956032;"intensite_MR_rafale_max_sans_2202_2024";"intensite";"MR";"rafale_max";"sans_2202_2024";"vent"
1,23646066382984;12,6771428571429;3752;482;-16881,1228760424;33822,2457520849;"intensite_MR_rafale_max_sans_2202_2024";"intensite";"MR";"rafale_max";"sans_2202_2024";"vent"
1,28188292437141;12,8365714285714;3789;445;-16881,1384326913;33822,2768653825;"intensite_MR_rafale_max_sans_2202_2024";"intensite";"MR";"rafale_max";"sans_2202_2024";"vent"
1,32730518491299;12,996;3817;417;-16881,1652951732;33822,3305903464;"intensite_MR_rafale_max_sans_2202_2024";"intensite";"MR";"rafale_max";"sans_2202_2024";"vent"
