datetime,temperature_MR,pression_MR,humidite_MR,vent_moyen_MR,vent_rafales_MR,vent_direction_MR,temperature_IC,pression_IC,humidite_IC,vent_moyen_IC,vent_rafales_IC,vent_direction_IC
2023-05-02 11:30:00,23.45,1016.4,56.24008665482245,0.198,0.216,49.0,19.133333333333333,1022.8000000000001,59.666666666666664,14.266666666666666,29.1,73.33686150518623
2023-05-02 12:00:00,24.25,1016.4,52.808333652666704,0.126,0.5760000000000001,217.0,19.7,1022.6333333333333,58.666666666666664,15.033333333333333,32.1,79.66500913598081
2023-05-02 12:30:00,24.2,1016.1500000000001,51.12708367424931,0.108,0.216,128.5,20.366666666666664,1022.6999999999999,56.0,15.1,32.1,76.66449361619107
2023-05-02 13:00:00,24.05,1015.9,50.50272705376739,0.108,0.252,111.0,21.0,1022.6,54.666666666666664,13.6,32.1,88.81029837128398
2023-05-02 13:30:00,23.9,1015.7,50.26880490127901,0.108,0.252,108.5,21.333333333333332,1022.1999999999999,53.0,14.966666666666667,33.2,72.70645757364879
2023-05-02 14:00:00,24.1,1015.5,50.73496501944079,0.144,0.8280000000000001,144.0,21.566666666666666,1021.9666666666667,51.0,16.099999999999998,33.2,71.99388483819013
2023-05-02 14:30:00,,,,,,,21.766666666666666,1021.7333333333332,51.0,13.5,33.2,90.99786067407611
2023-05-02 15:00:00,,,,,,,21.900000000000002,1021.4333333333334,50.0,15.833333333333334,32.6,77.00081305608725
2023-05-02 15:30:00,,,,,,,21.8,1021.1666666666666,47.666666666666664,18.400000000000002,32.9,71.3331262999033
2023-05-02 16:00:00,,,,,,,21.96666666666667,1020.9333333333334,49.0,19.099999999999998,32.9,75.33431218602841
2023-05-02 16:30:00,,,,,,,21.46666666666667,1020.9333333333334,48.0,17.833333333333332,32.9,86.66415962311856
2023-05-02 17:00:00,,,,,,,21.400000000000002,1020.8666666666667,48.0,17.866666666666667,31.9,82.66024690574218
2023-05-02 17:30:00,,,,,,,20.8,1020.5666666666666,49.333333333333336,16.633333333333333,33.4,83.99847330928027
2023-05-02 18:00:00,,,,,,,19.933333333333334,1020.3666666666667,51.666666666666664,17.066666666666666,33.4,85.0
2023-05-02 18:30:00,,,,,,,18.8,1020.3666666666667,55.666666666666664,12.833333333333334,33.4,83.33166776031588
2023-05-02 19:00:00,,,,,,,17.066666666666666,1020.3666666666667,61.333333333333336,10.299999999999999,27.4,76.9993901614561
2023-05-02 19:30:00,,,,,,,16.166666666666668,1020.4333333333334,64.33333333333333,9.799999999999999,21.2,76.66500913598082
2023-05-02 20:00:00,,,,,,,15.366666666666667,1020.7333333333332,67.0,11.533333333333333,18.0,78.66670428043918
2023-05-02 20:30:00,,,,,,,15.0,1020.8666666666667,67.66666666666667,11.266666666666666,16.1,77.33309255017161
2023-05-02 21:00:00,,,,,,,14.666666666666666,1020.9333333333334,68.33333333333333,11.666666666666666,18.3,81.33526194922301
2023-05-02 21:30:00,,,,,,,13.666666666666666,1020.8333333333334,71.0,11.066666666666668,18.3,75.0
2023-05-02 22:00:00,,,,,,,13.1,1020.7333333333332,73.0,13.133333333333333,18.3,79.66772105683654
2023-05-02 22:30:00,,,,,,,13.200000000000001,1020.6333333333333,73.0,13.933333333333332,20.3,80.9993901614561
2023-05-02 23:00:00,,,,,,,13.799999999999999,1020.5666666666666,71.33333333333333,16.566666666666666,26.5,87.33332957252897
2023-05-02 23:30:00,,,,,,,13.266666666666666,1020.4333333333334,70.66666666666667,14.1,26.5,86.66670428043918
2023-05-03 00:00:00,,,,,,,12.833333333333334,1020.1999999999999,72.0,15.1,26.5,87.66667042747102
2023-05-03 00:30:00,,,,,,,12.566666666666668,1019.8666666666667,72.0,16.0,25.6,88.3334650015942
2023-05-03 01:00:00,,,,,,,12.299999999999999,1019.4666666666667,72.0,16.566666666666666,29.4,86.0
2023-05-03 01:30:00,,,,,,,11.966666666666667,1019.2666666666668,72.66666666666667,14.966666666666667,29.4,87.66670428043918
2023-05-03 02:00:00,,,,,,,11.666666666666666,1019.1333333333333,73.33333333333333,15.133333333333333,28.9,84.33336342205959
2023-05-03 02:30:00,,,,,,,11.299999999999999,1019.1333333333333,74.66666666666667,15.366666666666667,26.4,83.66670428043916
2023-05-03 03:00:00,,,,,,,11.0,1018.8666666666667,76.66666666666667,17.333333333333332,26.2,81.66663657794041
2023-05-03 03:30:00,,,,,,,10.799999999999999,1018.5333333333333,78.33333333333333,18.03333333333333,31.0,81.6669074498284
2023-05-03 04:00:00,,,,,,,10.566666666666666,1018.2999999999998,79.66666666666667,18.566666666666666,31.0,81.33329571956082
2023-05-03 04:30:00,,,,,,,10.4,1018.2666666666668,80.66666666666667,16.833333333333332,31.0,86.66667042747102
2023-05-03 05:00:00,,,,,,,10.233333333333334,1018.5666666666666,81.33333333333333,13.166666666666666,29.2,86.00030477988622
2023-05-03 05:30:00,,,,,,,10.233333333333333,1018.6666666666666,82.33333333333333,10.866666666666667,29.2,77.00030477988622
2023-05-03 06:00:00,,,,,,,11.0,1018.5333333333333,82.33333333333333,16.866666666666667,30.7,78.66663657794041
2023-05-03 06:30:00,,,,,,,12.066666666666668,1018.3333333333334,80.0,18.733333333333334,34.6,83.33332957252898
2023-05-03 07:00:00,,,,,,,13.200000000000001,1018.0333333333333,77.0,17.633333333333333,35.0,87.66653499840578
2023-05-03 07:30:00,,,,,,,14.566666666666668,1017.7333333333332,73.33333333333333,14.066666666666668,35.0,90.33329571956082
2023-05-03 08:00:00,,,,,,,15.933333333333335,1017.2666666666668,69.0,15.666666666666666,31.5,99.33329571956082
2023-05-03 08:30:00,,,,,,,17.400000000000002,1016.9666666666667,65.0,17.8,34.0,99.66772105683654
2023-05-03 09:00:00,,,,,,,18.8,1016.9,61.0,17.066666666666666,43.6,104.66690744982839
2023-05-03 09:30:00,,,,,,,19.933333333333334,1016.5333333333333,55.333333333333336,20.233333333333334,43.6,102.67511341242212
2023-05-03 10:00:00,,,,,,,21.233333333333334,1016.6999999999999,52.666666666666664,17.133333333333333,43.6,112.63287107248249
2023-05-03 10:30:00,,,,,,,21.900000000000002,1016.1666666666666,48.0,19.7,37.5,111.02799072367043
2023-05-03 11:00:00,,,,,,,22.366666666666664,1015.8333333333334,46.333333333333336,20.099999999999998,34.2,99.00563223585546
2023-05-03 11:30:00,,,,,,,22.96666666666667,1015.5333333333333,46.0,19.900000000000002,40.9,98.65326132565342
2023-05-03 12:00:00,,,,,,,23.53333333333333,1015.0333333333333,47.333333333333336,19.599999999999998,44.5,99.65270805159885
2023-05-03 12:30:00,,,,,,,23.96666666666667,1014.6,47.0,18.666666666666668,44.5,101.32291521334567
2023-05-03 13:00:00,,,,,,,24.166666666666668,1014.3666666666667,45.666666666666664,18.733333333333334,42.2,106.67099042297872
2023-05-03 13:30:00,,,,,,,25.2,1014.0333333333333,44.333333333333336,18.266666666666666,42.2,98.32192997875896
2023-05-03 14:00:00,,,,,,,25.633333333333336,1013.6333333333333,42.333333333333336,18.066666666666666,42.2,99.66772105683654
2023-05-03 14:30:00,,,,,,,25.933333333333334,1013.3333333333334,41.666666666666664,16.866666666666667,37.0,104.32956305530233
2023-05-03 15:00:00,,,,,,,26.099999999999998,1012.9333333333334,40.666666666666664,17.866666666666664,37.0,105.6619448107073
2023-05-03 15:30:00,,,,,,,26.166666666666668,1012.7000000000002,41.333333333333336,18.066666666666666,33.1,101.66890844214983
2023-05-03 16:00:00,24.4,1006.3,41.032755773669166,4.122,10.836,55.0,25.866666666666664,1012.5,41.666666666666664,17.566666666666666,31.8,95.6700978815524
2023-05-03 16:30:00,25.35,1006.0,38.45916881319609,4.140000000000001,15.515999999999998,58.5,25.166666666666668,1012.4333333333334,43.333333333333336,16.266666666666666,31.8,91.66544858796595
2023-05-03 17:00:00,25.450000000000003,1005.6500000000001,38.67668572113981,3.78,13.176,73.0,24.46666666666667,1012.1999999999999,47.0,12.766666666666666,31.8,91.99643554570353
2023-05-03 17:30:00,25.9,1005.55,37.82596221647674,3.528,14.04,75.5,23.766666666666666,1012.0666666666666,49.0,11.1,29.8,88.0
2023-05-03 18:00:00,26.049999999999997,1005.3499999999999,38.221031883375396,3.402,11.16,51.49999999999999,23.133333333333336,1011.8666666666667,51.333333333333336,12.833333333333334,25.8,87.00010156234282
2023-05-03 18:30:00,25.55,1005.25,38.09874111020705,3.24,11.952,85.0,22.433333333333334,1011.8666666666667,52.333333333333336,14.833333333333334,25.8,89.33363440402731
2023-05-03 19:00:00,24.450000000000003,1005.25,39.9234810307061,2.97,10.944,60.5,21.46666666666667,1011.9,54.666666666666664,14.433333333333332,28.3,90.66663657794041
2023-05-03 19:30:00,23.15,1005.2,44.78915625677699,2.5020000000000002,11.808,75.99999999999999,20.633333333333333,1011.8333333333334,56.333333333333336,16.400000000000002,28.3,87.99989843765718
2023-05-03 20:00:00,22.049999999999997,1005.0,47.83046568422469,3.114,8.964,86.5,20.033333333333335,1011.7999999999998,57.0,15.5,28.4,88.00010156234282
2023-05-03 20:30:00,20.9,1005.05,52.20826802026804,2.214,6.984,82.5,19.233333333333334,1011.6,59.333333333333336,15.0,28.4,90.33329571956082
2023-05-03 21:00:00,19.95,1005.1,55.149855248139374,2.1420000000000003,7.956,71.49999999999999,18.933333333333334,1011.4333333333334,60.0,14.633333333333333,29.4,93.33329571956082
2023-05-03 21:30:00,18.65,1005.1500000000001,58.561054985126646,1.728,7.02,80.5,18.533333333333335,1011.4666666666667,61.333333333333336,12.066666666666668,29.4,96.33336342205958
2023-05-03 22:00:00,17.8,1005.05,60.38146949320665,1.8900000000000001,8.136,72.5,18.2,1011.3000000000001,62.333333333333336,10.6,29.4,94.0
2023-05-03 22:30:00,17.05,1004.9,62.554585770627696,1.836,7.992000000000001,82.0,17.666666666666668,1011.3333333333334,64.33333333333333,8.799999999999999,23.0,94.99755785394186
2023-05-03 23:00:00,16.5,1004.8499999999999,63.899449041386774,1.7280000000000002,7.848000000000001,57.5,16.666666666666668,1011.4666666666667,67.33333333333333,6.366666666666667,21.5,88.66677201732561
2023-05-03 23:30:00,16.05,1004.55,65.70511744105643,1.818,6.192,78.5,14.799999999999999,1011.5,72.66666666666667,7.066666666666666,14.5,72.97849839935068
2023-05-04 00:00:00,15.45,1004.55,67.99571118874539,1.6560000000000001,5.4,60.5,14.433333333333332,1010.8666666666667,75.66666666666667,13.1,19.1,79.0
2023-05-04 00:30:00,15.3,1004.25,69.3974102500562,1.8000000000000003,3.672,55.5,14.9,1010.6999999999999,73.66666666666667,7.633333333333333,19.3,98.64241061683472
2023-05-04 01:00:00,15.3,1004.25,69.54287287803226,2.394,3.78,52.50000000000001,13.366666666666667,1010.8666666666667,79.66666666666667,6.3,19.3,106.86501644881517
2023-05-04 01:30:00,14.75,1004.3,72.37567913271823,2.16,3.42,52.5,13.799999999999999,1010.9333333333334,81.66666666666667,6.2,16.1,130.00563223585544
2023-05-04 02:00:00,14.15,1004.2,74.15802785163444,2.43,3.6,53.00000000000001,13.700000000000001,1011.4333333333334,81.0,3.6333333333333333,14.5,238.53265556462958
2023-05-04 02:30:00,14.1,1003.75,76.38505465241494,2.5020000000000002,4.212,50.5,13.0,1012.1666666666666,84.0,3.4333333333333336,14.5,258.4598469456958
2023-05-04 03:00:00,14.1,1003.3,75.04980393850917,2.268,5.004,32.99999999999999,14.6,1012.0666666666666,82.33333333333333,12.200000000000001,24.0,193.91260748462355
2023-05-04 03:30:00,14.5,1003.75,72.97965966729765,1.944,5.04,6.500000000000003,15.700000000000001,1012.7666666666668,80.66666666666667,23.8,48.2,278.2784484470257
2023-05-04 04:00:00,15.75,1003.7,66.75857430372713,2.8980000000000006,12.492,48.0,15.366666666666667,1011.7333333333332,82.66666666666667,17.8,48.2,340.0469548578014
2023-05-04 04:30:00,16.6,1004.3,61.857754218934744,2.7,7.272,316.0,14.9,1012.4,84.66666666666667,8.466666666666667,48.2,334.62077814432877
2023-05-04 05:00:00,15.950000000000001,1004.8499999999999,63.699474828146215,2.124,7.344,283.5,14.266666666666666,1013.1,86.66666666666667,5.533333333333334,29.0,105.69022842989261
2023-05-04 05:30:00,15.649999999999999,1004.8,65.21295450432423,1.818,5.976,280.5,14.066666666666668,1013.6333333333333,88.33333333333333,6.533333333333334,14.0,200.3178287571871
2023-05-04 06:00:00,16.0,1005.55,68.00781641058225,4.284,9.576,226.0,15.133333333333333,1014.0,88.66666666666667,6.8,15.0,223.62657685501185
2023-05-04 06:30:00,15.05,1004.95,80.96296731214224,1.4940000000000002,5.004,340.0,16.2,1014.6999999999999,88.33333333333333,11.433333333333332,20.3,257.66670428043915
2023-05-04 07:00:00,14.7,1005.5,83.92134876601469,1.08,3.06,4.999999999999988,16.733333333333334,1015.2333333333332,86.0,14.966666666666667,24.7,259.33329571956085
2023-05-04 07:30:00,14.2,1005.85,88.39412430836731,1.674,4.392,118.49999999999999,17.033333333333335,1015.6333333333333,84.0,18.933333333333334,30.9,267.3334650015942
2023-05-04 08:00:00,14.45,1006.25,87.4569301604645,2.2680000000000002,4.6080000000000005,194.0,18.233333333333334,1016.1333333333333,80.33333333333333,20.466666666666665,30.9,266.6667720173256
2023-05-04 08:30:00,15.3,1006.65,86.59295569453877,2.736,6.084,210.5,18.966666666666665,1016.3666666666667,75.33333333333333,19.266666666666666,30.9,270.33329571956085
2023-05-04 09:00:00,15.65,1007.45,85.37585589388142,4.464,9.18,203.5,19.166666666666668,1016.6,71.0,19.866666666666664,30.4,270.3316677603159
2023-05-04 09:30:00,17.299999999999997,1007.6,81.95512585520233,4.788,9.324,224.5,19.866666666666664,1016.9666666666667,69.0,17.333333333333332,29.9,262.33237777578915
2023-05-04 10:00:00,17.5,1008.0999999999999,78.3720582940704,5.13,10.224,220.49999999999997,19.533333333333335,1017.3666666666667,70.66666666666667,17.566666666666666,30.9,263.3334650015942
2023-05-04 10:30:00,18.55,1008.1500000000001,74.62222458476671,4.878,12.888,220.5,19.466666666666665,1017.8666666666667,72.33333333333333,20.599999999999998,36.1,254.66667042747105
2023-05-04 11:00:00,19.450000000000003,1008.5,67.69259805386147,4.23,11.304,239.5,20.099999999999998,1017.9333333333334,72.0,19.0,36.1,250.32769203182397
2023-05-04 11:30:00,19.6,1008.8,65.21246099500524,4.518000000000001,10.944,244.0,19.433333333333334,1018.1,73.0,21.96666666666667,40.4,264.33417736024785
2023-05-04 12:00:00,19.5,1009.2,65.35218779916013,4.356,10.476,233.0,19.8,1018.3000000000001,72.33333333333333,22.433333333333334,40.4,257.672307968176
2023-05-04 12:30:00,20.200000000000003,1009.55,64.73401624101045,4.482,10.152,238.0,20.03333333333333,1018.4666666666667,71.66666666666667,21.833333333333332,40.4,263.99898298231744
2023-05-04 13:00:00,19.4,1010.05,65.38346452092995,4.806000000000001,9.576,231.99999999999997,20.0,1018.6999999999999,71.0,24.03333333333333,37.6,260.6683322396841
2023-05-04 13:30:00,19.85,1010.05,64.99618043078979,5.058,11.808,224.99999999999997,20.03333333333333,1018.7000000000002,70.33333333333333,25.166666666666668,38.3,262.0
2023-05-04 14:00:00,19.75,1010.1500000000001,65.54267692997173,5.256,12.852,230.50000000000003,19.833333333333332,1018.6999999999999,69.66666666666667,23.933333333333334,38.3,261.3336344040273
2023-05-04 14:30:00,19.9,1010.4000000000001,65.16314154283872,4.806000000000001,9.756,242.99999999999997,19.366666666666667,1018.7000000000002,71.66666666666667,24.733333333333334,38.6,265.6666365779404
2023-05-04 15:00:00,19.75,1010.6500000000001,65.95388877311103,4.7700000000000005,10.512,233.5,19.233333333333334,1018.7333333333332,71.33333333333333,22.933333333333334,38.6,265.6700978815524
2023-05-04 15:30:00,20.049999999999997,1010.75,65.65884404629125,4.572000000000001,9.36,235.99999999999997,19.099999999999998,1018.7999999999998,70.33333333333333,24.866666666666664,38.0,268.33329571956085
2023-05-04 16:00:00,20.35,1010.7,64.49679307459401,4.662000000000001,11.196,242.5,18.966666666666665,1018.8333333333334,71.0,22.933333333333334,38.0,275.0
2023-05-04 16:30:00,20.05,1010.8,64.0582081226977,5.274,11.592,227.99999999999997,18.599999999999998,1018.8333333333334,71.33333333333333,21.366666666666664,38.0,277.3338717844033
2023-05-04 17:00:00,19.7,1010.9,63.7222528159804,4.968,12.420000000000002,226.49999999999997,18.133333333333333,1018.8000000000001,72.0,19.233333333333334,32.2,275.6666365779404
2023-05-04 17:30:00,19.45,1011.05,64.58240345407512,4.644,11.124,237.0,17.633333333333333,1018.7000000000002,73.33333333333333,16.566666666666666,31.6,269.6631384948138
2023-05-04 18:00:00,18.8,1011.2,65.98698713578163,4.176,8.892000000000001,246.5,16.933333333333334,1018.8666666666667,74.0,15.466666666666667,27.1,276.00652234094207
2023-05-04 18:30:00,18.65,1011.3,66.16903130331528,3.852,9.108,243.5,16.066666666666666,1018.8333333333334,77.66666666666667,10.1,22.0,275.6666365779404
2023-05-04 19:00:00,18.35,1011.3499999999999,65.18694835707628,3.888,8.1,245.5,14.299999999999999,1018.8666666666667,82.66666666666667,6.533333333333334,20.9,269.99347765905793
2023-05-04 19:30:00,17.9,1011.4,65.62616708332413,2.934,5.832000000000001,252.0,13.033333333333333,1019.3000000000001,86.0,7.766666666666667,12.9,280.03450576385086
2023-05-04 20:00:00,17.3,1011.45,67.9821504793643,2.34,4.392,260.5,12.9,1019.4,87.66666666666667,2.033333333333333,11.3,266.0
2023-05-04 20:30:00,16.45,1011.55,70.92496709777065,1.278,2.4480000000000004,280.0,12.133333333333333,1019.6333333333333,88.66666666666667,3.5,8.0,266.0
2023-05-04 21:00:00,14.649999999999999,1011.55,80.05937521348004,1.2960000000000003,2.16,69.49999999999999,12.149999999999999,1019.6,89.0,2.3499999999999996,8.0,266.0
2023-05-04 21:30:00,13.45,1011.6500000000001,84.02926202531566,1.17,1.908,78.5,12.366666666666667,1019.2666666666668,90.0,5.866666666666667,9.7,188.1360011230023
2023-05-04 22:00:00,13.0,1012.0,86.8959203271529,1.278,2.196,90.0,11.5,1019.3000000000001,90.33333333333333,4.233333333333333,9.7,176.0
2023-05-04 22:30:00,12.85,1012.0,87.93161171383952,1.278,3.384,145.0,13.333333333333334,1019.6,91.0,8.933333333333332,17.4,219.260661238835
2023-05-04 23:00:00,13.6,1012.1,85.96678348054263,1.998,3.3480000000000003,200.5,13.933333333333332,1019.8333333333334,91.0,9.799999999999999,17.4,256.6670094218673
2023-05-04 23:30:00,13.149999999999999,1012.1500000000001,88.13097907918294,1.44,2.8800000000000003,199.49999999999997,14.166666666666666,1019.6333333333333,91.0,11.4,17.4,280.6670094218673
2023-05-05 00:00:00,12.6,1011.55,90.77960254845601,1.098,2.7,174.0,14.333333333333334,1019.6,91.0,12.233333333333334,16.5,283.3336344040273
2023-05-05 00:30:00,13.45,1011.8,89.00919183943982,2.592,4.932,210.99999999999997,14.066666666666668,1019.8333333333334,90.66666666666667,15.300000000000002,27.8,273.66670428043915
2023-05-05 01:00:00,13.75,1012.0,89.20083121823421,2.952,5.112,209.5,13.299999999999999,1019.5666666666666,91.0,10.799999999999999,27.8,265.997252795285
2023-05-05 01:30:00,13.9,1012.2,88.49304868441715,2.718,5.508,219.0,12.966666666666667,1019.3000000000001,91.33333333333333,8.799999999999999,27.8,244.7376937885191
2023-05-05 02:00:00,13.850000000000001,1011.9,88.65564012193511,1.7280000000000002,4.644,238.0,12.766666666666666,1019.0333333333333,92.0,6.466666666666666,16.6,204.32956305530234
2023-05-05 02:30:00,13.95,1012.05,88.36505263990588,2.124,4.14,225.5,12.75,1018.7,92.0,4.65,14.5,191.0
2023-05-05 03:00:00,13.8,1012.1,91.4780245177824,2.0700000000000003,4.32,248.49999999999997,,,,,,
2023-05-05 03:30:00,13.2,1011.8499999999999,94.33055446117181,1.8719999999999999,3.6,260.0,,,,,,
2023-05-05 04:00:00,12.95,1011.6,95.85605740278048,1.1340000000000001,2.592,261.5,,,,,,
2023-05-05 04:30:00,12.75,1011.3499999999999,97.25450679139885,1.332,2.664,256.0,,,,,,
2023-05-05 05:00:00,12.4,1011.3499999999999,97.67330422871976,1.314,3.06,125.5,,,,,,
2023-05-05 05:30:00,12.149999999999999,1011.5,97.5997089776281,1.764,3.924,218.5,,,,,,
2023-05-05 06:00:00,11.95,1011.0,98.10820889552508,1.4220000000000002,4.428,131.5,12.9,1019.0,94.0,8.0,12.4,151.0
2023-05-05 06:30:00,11.75,1010.4,98.36129036950169,2.034,7.308,51.5,12.9,1019.1999999999999,94.0,12.133333333333333,17.3,176.66544858796595
2023-05-05 07:00:00,11.850000000000001,1010.35,97.82145400809675,2.268,6.84,142.00000000000003,13.200000000000001,1019.4333333333334,94.0,13.0,17.3,177.33329571956085
2023-05-05 07:30:00,11.9,1011.2,98.75535398695692,1.1880000000000002,5.724,291.5,,,,,,
2023-05-05 08:00:00,12.0,1011.7,99.65905748640952,0.9720000000000002,3.06,224.0,13.700000000000001,1019.7333333333332,94.0,13.133333333333333,18.7,186.66670428043918
2023-05-05 08:30:00,12.149999999999999,1011.6,99.7525725169518,1.4940000000000002,7.632000000000001,130.0,14.299999999999999,1019.7999999999998,94.0,12.700000000000001,18.7,185.01013180601188
2023-05-05 09:00:00,12.3,1011.55,99.82677125064615,1.7100000000000002,7.668,29.500000000000004,15.033333333333333,1019.7666666666668,94.0,12.5,16.7,182.6632597711814
2023-05-05 09:30:00,12.55,1011.9,99.77397098241646,1.368,4.644,280.5,16.2,1019.6,92.66666666666667,12.0,18.1,193.3336344040273
2023-05-05 10:00:00,12.850000000000001,1012.1,99.95638075026744,1.638,6.732,303.5,16.96666666666667,1019.5,91.0,9.866666666666667,18.1,196.70420444405673
2023-05-05 10:30:00,13.35,1012.0,99.70058403509836,1.836,6.3,163.0,18.166666666666668,1019.5333333333333,87.66666666666667,11.233333333333334,18.1,210.04570419218726
2023-05-05 11:00:00,13.850000000000001,1012.0,98.66650840452513,2.0700000000000003,9.504,355.0,18.633333333333333,1019.6333333333333,83.33333333333333,13.833333333333334,25.2,255.3309196185259
2023-05-05 11:30:00,14.85,1011.8499999999999,96.76363583407596,2.7540000000000004,7.2,318.0,19.066666666666666,1019.5,78.66666666666667,14.166666666666666,25.2,255.33336342205956
2023-05-05 12:00:00,15.850000000000001,1011.7,93.25675315298756,2.466,8.892000000000001,150.0,19.466666666666665,1019.2666666666668,76.0,13.866666666666667,24.5,257.00356445429645
2023-05-05 12:30:00,17.0,1011.5,85.80003082384414,3.0060000000000002,9.684,327.5,19.96666666666667,1019.1666666666666,73.66666666666667,12.566666666666668,24.5,253.66415962311854
2023-05-05 13:00:00,17.6,1011.5,81.01465462099523,2.952,10.908,232.0,19.266666666666666,1019.0,70.33333333333333,16.666666666666668,28.7,273.04947653958646
2023-05-05 13:30:00,18.75,1011.4,76.91876997119786,2.826,7.920000000000001,207.5,19.533333333333335,1018.8000000000001,69.0,14.933333333333332,28.7,275.99714451257864
2023-05-05 14:00:00,17.85,1011.55,76.55533989890087,3.168,7.704000000000001,237.0,19.566666666666666,1018.7999999999998,70.66666666666667,16.099999999999998,28.1,277.6700978815524
2023-05-05 14:30:00,18.85,1011.25,73.7098889653476,4.05,8.208,226.5,19.46666666666667,1018.6333333333333,70.33333333333333,17.066666666666666,28.1,281.00101701768256
2023-05-05 15:00:00,19.65,1011.0,68.52041653461919,4.086,9.864,233.5,19.3,1018.5,70.0,17.6,26.8,291.0
2023-05-05 15:30:00,19.35,1010.9,66.96833673826404,3.708,8.964,246.5,,,,,,
2023-05-05 16:00:00,19.15,1010.8499999999999,66.81467857601146,3.402,9.0,246.0,,,,,,
2023-05-05 16:30:00,19.200000000000003,1010.8499999999999,66.65430507820264,3.24,6.336,252.0,19.2,1018.4,68.0,16.5,29.3,295.0
2023-05-05 17:00:00,19.299999999999997,1010.6500000000001,64.54601656510182,3.24,7.128,258.5,,,,,,
2023-05-05 17:30:00,19.55,1010.6,63.72198401406622,3.0060000000000002,6.12,258.0,17.766666666666666,1018.1333333333333,72.0,11.1,20.6,294.00152529388333
2023-05-05 18:00:00,19.450000000000003,1010.6,63.721385358362575,3.24,7.02,255.0,17.033333333333335,1018.1,75.0,8.133333333333333,20.6,283.3571958406951
2023-05-05 18:30:00,19.15,1010.75,63.39449408388346,2.736,5.6160000000000005,262.5,16.066666666666666,1018.0666666666666,79.0,6.766666666666667,15.5,268.6480538237317
2023-05-05 19:00:00,18.55,1010.75,63.36021177251642,2.286,4.572,259.0,14.666666666666666,1018.1,83.66666666666667,4.433333333333334,11.3,263.0
2023-05-05 19:30:00,18.1,1010.7,65.31145762781719,1.656,4.896000000000001,261.0,13.866666666666667,1018.1,85.66666666666667,0.20000000000000004,11.3,263.0
2023-05-05 20:00:00,17.549999999999997,1010.7,68.06258546802498,1.35,3.78,268.5,13.033333333333333,1018.1333333333333,87.66666666666667,3.0,6.4,263.0
2023-05-05 20:30:00,16.7,1010.6500000000001,73.46753708094468,0.9180000000000001,2.772,338.0,12.633333333333333,1018.1,89.0,3.466666666666667,6.4,3.3519461762682896
2023-05-05 21:00:00,15.2,1010.7,82.9596653410458,1.044,1.692,60.5,11.233333333333334,1018.0333333333333,90.0,1.4000000000000001,6.4,9.0
2023-05-05 21:30:00,14.100000000000001,1010.7,84.77587365168617,1.3320000000000003,1.872,78.0,10.4,1017.9333333333334,91.0,0.8000000000000002,6.4,9.0
2023-05-05 22:00:00,13.35,1010.7,87.5399245869464,1.242,1.656,73.0,10.5,1017.5333333333333,92.0,3.4333333333333336,6.4,9.0
2023-05-05 22:30:00,12.850000000000001,1010.6,90.01328750871684,1.3860000000000001,2.3400000000000003,67.5,9.4,1017.4333333333334,92.0,3.5,6.4,9.0
2023-05-05 23:00:00,12.45,1010.5,92.09298184749446,1.1340000000000001,2.088,48.5,9.5,1017.1666666666666,92.0,3.6999999999999997,6.4,261.3332279826744
2023-05-05 23:30:00,12.149999999999999,1010.3499999999999,93.47128837338656,1.1520000000000001,2.0160000000000005,55.5,8.700000000000001,1016.9666666666667,92.66666666666667,2.466666666666667,6.4,259.0
2023-05-06 00:00:00,11.95,1010.1,94.53174783361769,1.2600000000000002,4.248,58.5,8.733333333333333,1016.8000000000001,93.0,4.333333333333333,6.4,259.33336342205956
2023-05-06 00:30:00,11.7,1009.75,95.41412749468213,1.4040000000000001,2.4120000000000004,64.5,8.299999999999999,1016.4666666666667,93.0,5.066666666666666,6.4,276.81033647080505
2023-05-06 01:00:00,11.45,1009.6500000000001,96.56224556757022,1.62,2.556,88.5,8.2,1016.1,93.0,5.133333333333334,8.0,65.0
2023-05-06 01:30:00,11.25,1009.3499999999999,97.21415727269755,1.494,2.592,91.0,8.533333333333333,1015.8333333333334,93.0,4.566666666666666,8.0,65.0
2023-05-06 02:00:00,11.149999999999999,1009.2,97.4845971714482,1.2240000000000002,2.8080000000000003,90.0,8.6,1015.4333333333334,93.33333333333333,4.933333333333334,12.9,87.77656824885582
2023-05-06 02:30:00,11.05,1008.95,97.86836162243048,1.242,2.4480000000000004,90.0,8.6,1015.4666666666667,94.0,3.6333333333333333,12.9,107.0
2023-05-06 03:00:00,11.1,1008.45,97.65673040073344,1.332,2.988,94.5,8.700000000000001,1015.3000000000001,94.0,4.566666666666666,12.9,107.0
2023-05-06 03:30:00,10.9,1008.1,98.65708677667362,1.116,2.592,91.5,9.266666666666666,1015.0,94.0,5.066666666666666,8.0,107.0
2023-05-06 04:00:00,10.8,1007.95,98.54372322099323,1.1520000000000001,5.076,86.0,9.333333333333334,1014.6999999999999,94.0,5.5,12.9,102.66612821559673
2023-05-06 04:30:00,10.649999999999999,1007.55,99.14271451085347,1.4940000000000002,3.96,77.5,8.733333333333333,1014.6333333333333,94.0,3.733333333333333,12.9,98.66667042747102
2023-05-06 05:00:00,10.55,1007.55,98.74860165072072,1.404,3.42,70.49999999999999,9.033333333333333,1014.8333333333334,94.0,3.9,12.9,98.0
2023-05-06 05:30:00,10.55,1007.3,98.94392492686596,1.584,2.8800000000000003,64.5,10.366666666666667,1014.9333333333334,94.0,5.0,6.4,96.66670428043918
2023-05-06 06:00:00,10.350000000000001,1007.05,99.27897513939001,1.584,3.276,62.49999999999999,11.166666666666666,1014.7666666666668,94.0,4.433333333333334,8.0,83.99173569253674
2023-05-06 06:30:00,10.25,1006.75,99.50479535549344,1.4940000000000002,2.8080000000000003,58.500000000000014,12.366666666666667,1014.7333333333332,94.0,4.266666666666667,9.7,78.0
2023-05-06 07:00:00,10.3,1006.8,99.57156184782085,1.62,2.772,57.5,14.6,1014.6333333333333,94.0,4.766666666666667,12.9,95.97998818395811
2023-05-06 07:30:00,10.55,1007.05,99.60838525865776,1.494,2.7,60.5,16.5,1014.6333333333333,92.33333333333333,10.433333333333332,17.0,124.67319893657522
2023-05-06 08:00:00,11.45,1007.0,99.31981391287869,1.9979999999999998,3.204,47.0,18.333333333333332,1014.5666666666666,89.0,10.6,17.0,132.99969522011378
2023-05-06 08:30:00,11.95,1006.9,99.7932082930169,1.9980000000000002,3.492,44.0,19.733333333333334,1014.3333333333334,81.66666666666667,9.5,17.0,131.67043694469768
2023-05-06 09:00:00,13.4,1006.8,99.88724982899815,1.782,5.976,34.50000000000001,21.0,1014.4333333333334,73.0,8.866666666666667,16.8,132.29367854378182
2023-05-06 09:30:00,15.45,1006.8,94.36573600846114,1.8359999999999999,5.256,46.50000000000001,21.3,1014.5,68.33333333333333,10.133333333333333,14.3,177.33798115360682
2023-05-06 10:00:00,17.700000000000003,1006.55,85.77341575715879,2.2860000000000005,5.904,52.50000000000001,21.666666666666668,1014.5333333333333,65.66666666666667,7.333333333333333,14.7,163.0
2023-05-06 10:30:00,19.5,1006.4,76.07626452860357,2.3400000000000003,6.3,108.5,22.766666666666666,1014.4666666666667,63.0,4.166666666666667,12.9,156.6816273058451
2023-05-06 11:00:00,20.65,1006.3499999999999,69.02779002213359,2.574,6.48,27.000000000000004,23.5,1014.2000000000002,60.0,7.1000000000000005,18.8,102.14754537283628
2023-05-06 11:30:00,21.299999999999997,1006.5,63.62378893899813,2.8440000000000003,9.18,43.0,24.133333333333336,1013.9,58.333333333333336,8.0,20.5,118.66500913598081
2023-05-06 12:00:00,22.0,1006.5,60.36556030909908,2.5200000000000005,8.532,111.0,23.833333333333332,1013.6666666666666,56.0,5.366666666666667,20.9,140.66717930710004
2023-05-06 12:30:00,22.8,1006.5,54.88803499324534,2.394,10.62,114.5,23.53333333333333,1013.5666666666666,55.666666666666664,7.033333333333334,20.5,170.0
2023-05-06 13:00:00,23.200000000000003,1006.55,52.57055633745304,2.592,9.072,189.5,23.733333333333334,1013.3333333333334,57.333333333333336,5.5,14.5,148.62343077452047
2023-05-06 13:30:00,23.25,1006.4,51.6441743496778,2.7720000000000002,7.668,206.49999999999997,23.133333333333336,1013.2000000000002,61.666666666666664,1.8,14.5,142.0
2023-05-06 14:00:00,23.95,1005.95,49.56668492150777,2.5380000000000003,7.308,39.0,23.2,1013.1333333333333,62.666666666666664,2.3000000000000003,11.3,172.6543222714445
2023-05-06 14:30:00,24.450000000000003,1005.9,48.60902546604594,2.16,8.856,143.0,22.5,1013.0666666666666,64.33333333333333,15.299999999999999,27.0,318.3336344040273
2023-05-06 15:00:00,24.2,1006.0,47.19358702733403,2.34,9.216,38.0,,,,,,
2023-05-06 15:30:00,24.1,1005.7,48.811993908340234,2.196,7.74,122.49999999999999,,,,,,
2023-05-06 16:00:00,24.549999999999997,1005.5,49.57841507744446,2.196,6.408,300.0,,,,,,
2023-05-06 16:30:00,25.6,1005.3,47.70725465592331,2.754,7.956,171.5,,,,,,
2023-05-06 17:00:00,24.950000000000003,1005.3,46.4457879750628,1.9080000000000001,5.688000000000001,68.0,,,,,,
2023-05-06 17:30:00,22.9,1005.3499999999999,58.10880163469528,2.034,9.108,316.5,,,,,,
2023-05-06 18:00:00,18.4,1005.6,94.87498457752156,3.672,10.296,252.99999999999997,,,,,,
2023-05-06 18:30:00,18.6,1005.75,91.03885064461392,3.0600000000000005,11.628,267.5,15.75,1014.7,85.5,14.45,28.2,342.5
2023-05-06 19:00:00,18.1,1006.05,86.82970340822874,2.3760000000000003,7.776000000000001,268.0,15.199999999999998,1014.6666666666666,88.33333333333333,5.566666666666666,24.1,19.0
2023-05-06 19:30:00,17.049999999999997,1006.4,87.32853874696019,3.2760000000000002,9.54,273.5,14.933333333333332,1014.8333333333334,90.33333333333333,1.2333333333333334,22.5,19.0
2023-05-06 20:00:00,16.299999999999997,1006.45,85.99985460540856,2.484,8.28,278.5,14.766666666666666,1015.2666666666668,91.0,1.5999999999999999,8.0,19.0
2023-05-06 20:30:00,15.85,1006.5,86.17907519562513,2.016,7.308,271.5,14.700000000000001,1015.5,92.0,2.1666666666666665,4.8,19.0
2023-05-06 21:00:00,15.5,1007.6,89.58413858809675,3.096,7.344,292.0,14.533333333333333,1016.1999999999999,92.66666666666667,8.666666666666666,17.7,270.2755175410382
2023-05-06 21:30:00,14.55,1007.55,96.01387897782166,1.3860000000000001,4.248,273.0,14.566666666666668,1016.6999999999999,93.0,15.433333333333332,22.7,291.6666365779404
2023-05-06 22:00:00,13.95,1007.5,96.89752740870605,0.918,2.3400000000000003,30.499999999999993,14.666666666666666,1016.9333333333334,93.0,13.333333333333334,22.7,304.0006098385439
2023-05-06 22:30:00,13.850000000000001,1007.8,97.15090666173323,0.9900000000000001,2.16,352.0,14.733333333333334,1016.9,93.0,11.9,22.7,300.3332279826744
2023-05-06 23:00:00,14.0,1008.45,97.39742693887162,1.17,2.592,24.000000000000004,14.633333333333333,1016.9,93.0,14.366666666666667,20.2,296.33329571956085
2023-05-06 23:30:00,14.05,1008.85,98.14193179038637,0.8460000000000001,2.196,349.5,14.4,1017.0333333333333,93.0,13.799999999999999,20.2,294.6661282155967
2023-05-07 00:00:00,14.35,1009.1500000000001,98.23856640987289,1.1700000000000002,3.3480000000000003,279.5,13.966666666666667,1017.0666666666666,93.0,13.9,20.2,295.6669074498284
2023-05-07 00:30:00,14.55,1009.2,99.15213101058626,2.178,3.78,262.5,13.299999999999999,1017.0333333333333,93.66666666666667,13.0,18.0,294.3332279826744
2023-05-07 01:00:00,14.3,1009.1500000000001,99.26417267269005,2.0700000000000003,3.276,265.5,13.933333333333332,1017.1333333333333,94.0,6.833333333333333,16.1,287.6661962795516
2023-05-07 01:30:00,14.3,1009.3,99.23349771203718,1.746,3.024,278.0,14.533333333333333,1017.2666666666668,94.0,11.333333333333334,18.5,286.33329571956085
2023-05-07 02:00:00,14.25,1009.3499999999999,99.52471098913114,2.1420000000000003,3.564,276.5,14.533333333333333,1017.5,94.0,12.633333333333333,18.5,285.66670428043915
2023-05-07 02:30:00,14.3,1009.45,99.26417267269005,1.476,3.132,288.0,14.333333333333334,1017.6333333333333,94.0,14.433333333333332,21.7,288.667246271919
2023-05-07 03:00:00,14.2,1009.5,99.6621508397561,1.062,2.484,296.5,14.133333333333333,1017.6,94.0,9.666666666666666,21.7,288.6670094218673
2023-05-07 03:30:00,14.2,1009.6500000000001,99.41515666171456,0.792,2.124,224.5,14.1,1017.5333333333333,94.0,5.8,20.9,274.72637400662285
2023-05-07 04:00:00,14.2,1009.75,99.19903675592823,1.494,4.14,224.99999999999997,14.1,1017.6,94.0,6.866666666666667,14.5,249.99173569253674
2023-05-07 04:30:00,14.2,1009.9,98.82854548886594,2.052,4.932,228.5,14.1,1017.8333333333334,94.0,7.266666666666667,11.7,270.977885764264
2023-05-07 05:00:00,14.2,1009.9,99.50777947848013,2.088,3.78,256.0,14.166666666666666,1018.0,94.0,7.366666666666667,19.5,272.66996617033215
2023-05-07 05:30:00,14.1,1009.9,99.6767040586021,1.818,2.952,275.0,14.333333333333334,1018.2666666666668,94.0,12.766666666666666,19.8,290.66544858796595
2023-05-07 06:00:00,13.95,1009.9,99.28295233321185,1.278,2.268,291.0,14.700000000000001,1018.6999999999999,94.0,10.299999999999999,19.8,299.66415962311856
2023-05-07 06:30:00,13.8,1010.05,99.30451293340148,1.1520000000000001,2.088,286.5,15.033333333333333,1018.8333333333334,94.0,14.800000000000002,22.9,299.9996952201138
2023-05-07 07:00:00,13.8,1010.3499999999999,99.14608199381405,1.278,2.7,262.5,15.533333333333333,1019.0666666666666,94.0,14.6,22.9,303.3310915578502
2023-05-07 07:30:00,13.8,1010.55,99.74811956424628,2.178,4.752000000000001,224.49999999999997,16.099999999999998,1019.2666666666668,93.0,16.3,24.1,300.3336344040273
2023-05-07 08:00:00,13.649999999999999,1010.95,100.0,1.476,3.3480000000000003,275.0,16.3,1019.5333333333333,91.66666666666667,16.666666666666668,24.2,304.6668737000967
2023-05-07 08:30:00,13.85,1011.1,99.67451918478883,1.4580000000000002,3.636,267.0,16.566666666666666,1019.7000000000002,89.0,15.866666666666667,24.2,301.9975578539418
2023-05-07 09:00:00,14.149999999999999,1011.25,99.79873429944462,1.548,2.8440000000000003,284.5,16.666666666666668,1019.8000000000001,86.66666666666667,18.866666666666667,27.2,278.0
2023-05-07 09:30:00,14.5,1011.45,99.98672765247782,1.584,3.42,297.0,17.8,1019.8666666666667,82.33333333333333,15.1,27.2,286.6635154357699
2023-05-07 10:00:00,14.95,1011.6500000000001,99.44940363171898,1.836,3.888,292.5,17.666666666666668,1020.1,80.33333333333333,17.733333333333334,28.0,272.3316677603159
2023-05-07 10:30:00,15.2,1011.8499999999999,99.80677921805261,1.8900000000000001,4.680000000000001,280.5,17.466666666666665,1020.3333333333334,82.0,22.099999999999998,30.6,280.3338037204484
2023-05-07 11:00:00,15.65,1011.9,96.8811779418254,2.322,4.5,267.0,17.566666666666666,1020.5666666666666,82.0,21.7,30.6,290.33805518929273
2023-05-07 11:30:00,16.65,1011.7,91.93430046177147,2.8440000000000003,6.3,259.5,18.633333333333336,1020.7000000000002,81.0,22.066666666666666,30.6,277.332753728081
2023-05-07 12:00:00,18.049999999999997,1011.7,84.91897950297255,2.916,7.776000000000001,248.49999999999997,18.466666666666665,1020.7666666666668,79.33333333333333,24.633333333333336,34.7,283.3338037204484
2023-05-07 12:30:00,18.3,1012.0,81.65952757364232,2.97,7.056,253.5,18.966666666666665,1020.8666666666667,79.66666666666667,27.133333333333336,39.1,280.3332957195608
2023-05-07 13:00:00,18.200000000000003,1012.2,78.76087540739275,4.3020000000000005,8.892000000000001,252.5,18.566666666666666,1020.9666666666667,78.66666666666667,27.633333333333336,39.1,288.6667720173256
2023-05-07 13:30:00,17.45,1012.7,80.70502663602313,4.356,8.136,254.0,18.7,1021.1666666666666,78.0,26.5,39.1,278.6663655959727
2023-05-07 14:00:00,17.45,1012.75,80.81053039793142,3.762,6.984,256.0,18.633333333333336,1021.2333333333332,77.0,24.366666666666664,38.1,279.332753728081
2023-05-07 14:30:00,19.5,1012.4,76.97804569572372,4.428,8.352,250.0,18.866666666666667,1021.2333333333332,76.0,24.133333333333336,37.2,278.9989829823174
2023-05-07 15:00:00,18.25,1012.8499999999999,76.8325231148475,4.698,8.82,249.0,18.666666666666668,1021.1333333333333,76.66666666666667,22.366666666666664,35.8,275.0
2023-05-07 15:30:00,18.85,1012.9,75.20416333180657,4.914,10.908,247.0,18.166666666666668,1021.2999999999998,76.33333333333333,25.333333333333332,34.0,276.667246271919
2023-05-07 16:00:00,19.5,1013.05,74.38495662453715,4.536,9.432,255.5,17.7,1021.4666666666667,77.33333333333333,23.566666666666666,34.0,276.3332279826744
2023-05-07 16:30:00,19.05,1013.1500000000001,72.8120654325937,5.093999999999999,8.532,255.0,17.400000000000002,1021.5666666666666,79.66666666666667,19.900000000000002,34.0,276.00101701768256
2023-05-07 17:00:00,18.95,1013.1,71.53314316794973,4.914,8.208,250.5,16.8,1021.6666666666666,80.66666666666667,19.633333333333336,33.2,278.666670427471
2023-05-07 17:30:00,18.75,1013.25,72.20179103109368,4.068,7.848000000000001,252.0,16.366666666666664,1021.7999999999998,83.33333333333333,16.8,27.1,278.666670427471
2023-05-07 18:00:00,18.55,1013.55,71.05161493645078,4.302,6.948,254.5,16.233333333333334,1021.8333333333334,84.33333333333333,13.6,26.9,287.99847330928026
2023-05-07 18:30:00,18.25,1013.8499999999999,72.03897630522081,3.7620000000000005,7.524,251.5,15.166666666666666,1021.9333333333334,86.33333333333333,11.833333333333334,23.1,276.9998984376572
2023-05-07 19:00:00,17.700000000000003,1013.95,73.24775362888582,3.582,7.056,248.5,14.166666666666666,1022.1666666666666,88.66666666666667,13.0,17.7,275.9996952201138
2023-05-07 19:30:00,17.05,1014.1,77.79770747125619,2.952,5.94,251.5,13.666666666666666,1022.6999999999999,90.0,12.799999999999999,19.3,286.30215784712436
2023-05-07 20:00:00,16.15,1014.3,82.36231155343444,2.862,4.644,253.0,12.866666666666667,1022.7666666666668,91.0,9.700000000000001,19.3,305.33387178440324
2023-05-07 20:30:00,15.6,1014.3499999999999,83.90268457064433,2.25,3.888,248.49999999999997,12.166666666666666,1023.1666666666666,91.66666666666667,12.4,18.5,301.0001015623428
2023-05-07 21:00:00,14.85,1014.5,87.12797271582562,2.7,5.688000000000001,224.99999999999997,12.0,1023.4333333333334,92.0,11.466666666666667,15.2,305.6667720173256
2023-05-07 21:30:00,14.15,1014.8499999999999,89.55044741610578,2.394,5.076,235.0,11.6,1023.4666666666667,92.66666666666667,8.766666666666667,15.2,299.66663657794044
2023-05-07 22:00:00,13.55,1015.1,92.72513872757051,2.3040000000000003,4.068,246.0,11.333333333333334,1023.6333333333333,93.0,10.166666666666666,14.5,297.67152760742243
2023-05-07 22:30:00,13.3,1015.25,94.24564075607785,2.16,4.14,233.0,11.266666666666666,1023.8333333333334,93.0,5.3999999999999995,14.5,290.0
2023-05-07 23:00:00,12.95,1015.55,95.62040424218101,1.908,3.024,257.0,11.166666666666666,1023.9666666666667,93.33333333333333,3.6,12.9,290.0
2023-05-07 23:30:00,12.95,1015.8,96.45870375779272,2.322,3.564,256.5,11.066666666666668,1024.0666666666666,93.66666666666667,3.133333333333333,9.7,290.0
2023-05-08 00:00:00,12.55,1015.8,97.47194215062187,1.944,3.3120000000000003,263.0,10.299999999999999,1024.1,94.0,3.0666666666666664,6.4,290.0
2023-05-08 00:30:00,12.25,1015.9,97.55530563453678,1.6380000000000001,2.484,267.0,10.033333333333333,1023.9333333333334,94.0,2.4666666666666663,6.4,290.0
2023-05-08 01:00:00,12.0,1016.05,97.64287736160368,1.4040000000000001,2.124,277.0,10.200000000000001,1023.7666666666668,94.0,0.5333333333333333,6.4,290.0
2023-05-08 01:30:00,12.25,1016.25,97.2726932185987,1.512,2.772,275.5,10.466666666666667,1023.7666666666668,94.0,1.0333333333333334,4.8,290.0
2023-05-08 02:00:00,12.2,1016.3,99.32095532507509,0.9900000000000001,2.196,299.0,11.266666666666666,1023.7666666666668,94.0,0.6333333333333333,3.2,290.0
2023-05-08 02:30:00,11.55,1016.2,99.51611042701002,0.5940000000000001,1.4400000000000002,322.0,11.833333333333334,1023.7000000000002,94.0,0.9333333333333335,9.7,290.0
2023-05-08 03:00:00,11.05,1015.8499999999999,98.77745332682477,0.5760000000000001,1.2240000000000002,8.499999999999986,12.0,1023.6,94.33333333333333,3.266666666666667,9.7,290.0
2023-05-08 03:30:00,10.95,1015.8,97.56631007161883,0.738,1.656,314.5,12.299999999999999,1023.6,94.0,2.733333333333333,9.7,290.0
2023-05-08 04:00:00,10.850000000000001,1015.75,97.94836746700403,0.7020000000000001,1.512,313.5,12.666666666666666,1023.5333333333333,95.0,2.9333333333333336,6.4,290.0
2023-05-08 04:30:00,10.75,1015.75,98.44698765982797,0.5760000000000001,1.26,4.499999999999989,12.799999999999999,1023.5333333333333,95.0,2.4,6.4,290.0
2023-05-08 05:00:00,11.2,1015.7,97.86970828778792,0.738,1.4400000000000002,299.0,13.033333333333333,1023.6666666666666,95.0,5.8999999999999995,12.2,291.6656878139716
2023-05-08 05:30:00,11.75,1015.7,98.93925247925904,0.9,1.584,289.0,13.466666666666667,1023.8666666666667,94.33333333333333,2.2666666666666666,11.3,289.0
2023-05-08 06:00:00,11.649999999999999,1015.7,99.88878922359143,0.6120000000000001,1.2240000000000002,356.5,13.866666666666667,1024.1666666666667,94.66666666666667,5.733333333333333,11.6,290.3330925501716
2023-05-08 06:30:00,11.8,1015.6500000000001,99.80683182872158,0.504,1.476,7.499999999999999,14.1,1024.3666666666666,94.0,8.033333333333333,12.4,290.9996952201138
2023-05-08 07:00:00,11.850000000000001,1015.75,99.84418120925987,0.522,1.62,2.000000000000008,14.033333333333333,1024.8,94.0,10.966666666666667,16.3,297.332753728081
2023-05-08 07:30:00,12.15,1015.95,99.8900254883239,0.63,2.4120000000000004,260.0,14.233333333333334,1024.9333333333334,93.33333333333333,7.8999999999999995,16.3,292.07449058474447
2023-05-08 08:00:00,12.75,1016.1,99.99903364220359,0.6660000000000001,1.584,240.5,14.6,1024.8,92.66666666666667,4.333333333333333,16.1,261.0
2023-05-08 08:30:00,13.25,1016.3499999999999,99.90465377258286,0.8640000000000001,1.764,270.0,14.633333333333333,1024.6,91.33333333333333,4.566666666666666,12.9,236.54880586985098
2023-05-08 09:00:00,13.55,1016.6500000000001,99.73882727408508,1.08,2.772,265.0,15.033333333333333,1024.6333333333332,90.33333333333333,7.766666666666667,12.9,283.35593600032405
2023-05-08 09:30:00,13.9,1017.0,99.86588015514647,1.512,2.664,259.0,14.933333333333332,1024.6666666666667,88.66666666666667,5.933333333333334,12.9,276.977885764264
2023-05-08 10:00:00,14.0,1017.2,97.27231784839138,1.6560000000000001,3.42,259.5,15.5,1024.6,86.33333333333333,6.066666666666666,12.9,256.5401530543042
2023-05-08 10:30:00,13.8,1016.95,95.3437394437157,1.494,3.024,262.0,15.633333333333335,1024.6000000000001,84.33333333333333,7.2,14.5,264.37656922547956
2023-05-08 11:00:00,14.1,1016.9,94.25059328944195,1.2600000000000002,4.428,199.99999999999997,15.9,1024.3,82.0,6.966666666666666,14.5,254.66663657794044
2023-05-08 11:30:00,15.2,1016.65,91.68942722894914,1.8,5.4,241.49999999999997,16.766666666666666,1023.8666666666667,78.66666666666667,7.733333333333333,14.5,231.19905156459285
2023-05-08 12:00:00,15.1,1016.95,88.00619691934703,1.3319999999999999,3.132,257.5,17.633333333333333,1023.9666666666667,76.33333333333333,9.0,18.3,266.38928419463474
2023-05-08 12:30:00,15.05,1016.8499999999999,87.70324333178488,1.3679999999999999,3.3120000000000003,268.5,16.666666666666668,1024.2,76.66666666666667,12.433333333333332,19.2,280.3316677603159
2023-05-08 13:00:00,15.35,1016.55,87.46342084324712,1.548,3.492,251.5,17.3,1024.1333333333334,76.0,10.066666666666666,19.3,273.58443507213167
2023-05-08 13:30:00,15.55,1016.3499999999999,85.83987676952785,1.8359999999999999,3.528,253.0,18.166666666666668,1023.7333333333332,72.33333333333333,8.133333333333333,19.2,263.4423486376469
2023-05-08 14:00:00,15.649999999999999,1016.1500000000001,86.22041764715777,2.196,4.896000000000001,228.5,18.266666666666666,1023.5666666666666,71.66666666666667,7.633333333333333,16.8,264.3897769203583
2023-05-08 14:30:00,16.200000000000003,1016.3,85.54446568490033,2.358,5.076,223.0,17.366666666666667,1023.5666666666666,75.0,14.433333333333332,20.1,288.0003047798862
2023-05-08 15:00:00,16.799999999999997,1016.3499999999999,82.922686514046,2.088,5.4,221.5,16.900000000000002,1023.5666666666666,77.33333333333333,15.1,23.1,287.3309196185259
2023-05-08 15:30:00,17.4,1016.0,78.41915087245022,2.2680000000000002,5.184,219.99999999999997,16.7,1023.5666666666666,79.33333333333333,12.966666666666667,23.1,281.6631384948137
2023-05-08 16:00:00,17.65,1015.75,77.90738093423089,1.8719999999999999,4.32,249.5,16.466666666666665,1023.0333333333333,79.66666666666667,13.833333333333334,23.1,290.0
2023-05-08 16:30:00,18.15,1015.6,74.80241845534898,2.4480000000000004,6.228,244.49999999999994,16.633333333333336,1022.9666666666667,79.33333333333333,14.333333333333334,20.6,282.66908038147403
2023-05-08 17:00:00,17.75,1015.7,74.23783902675433,1.8720000000000003,3.42,256.0,16.033333333333335,1022.8666666666667,79.66666666666667,14.866666666666667,20.3,281.333329572529
2023-05-08 17:30:00,17.1,1015.85,73.76417771186617,2.1420000000000003,3.816,252.0,15.766666666666666,1022.6333333333333,81.0,13.633333333333333,20.3,283.33346500159416
2023-05-08 18:00:00,16.9,1015.55,75.67233006548759,1.944,3.96,250.0,15.566666666666668,1022.4,82.33333333333333,9.433333333333334,18.0,279.00030477988616
2023-05-08 18:30:00,16.65,1015.1500000000001,78.38368795346508,2.0340000000000003,4.86,253.0,15.1,1022.2999999999998,84.0,6.366666666666667,17.7,276.0
2023-05-08 19:00:00,16.6,1015.2,77.99518207529277,2.232,4.32,252.5,,,,,,
2023-05-08 19:30:00,16.05,1015.1500000000001,79.38194919062013,1.998,3.852,261.5,13.9,1022.0,88.0,3.9333333333333336,12.9,276.0
2023-05-08 20:00:00,15.7,1015.0,80.00175973464638,1.9260000000000002,3.132,260.0,13.466666666666667,1022.2000000000002,89.66666666666667,4.566666666666666,11.1,276.0
2023-05-08 20:30:00,15.3,1014.8,81.6777604685058,1.53,2.8080000000000003,264.5,13.233333333333334,1022.2999999999998,90.66666666666667,4.833333333333333,6.4,276.0
2023-05-08 21:00:00,14.85,1014.6500000000001,83.8430445392595,0.8460000000000001,2.052,277.5,13.366666666666667,1022.2333333333332,91.0,3.1333333333333333,6.4,276.0
2023-05-08 21:30:00,13.85,1014.45,89.29179680313248,1.134,1.908,76.0,13.299999999999999,1021.6999999999999,91.33333333333333,3.033333333333333,6.4,276.0
2023-05-08 22:00:00,13.3,1014.5,91.5634438343427,0.918,1.368,77.5,13.4,1021.5,92.0,3.733333333333333,6.4,276.0
2023-05-08 22:30:00,13.1,1014.6,92.89778302646451,0.756,1.26,354.5,13.700000000000001,1021.1333333333333,92.0,6.266666666666667,12.0,227.08313802763686
2023-05-08 23:00:00,13.2,1014.6500000000001,93.51037209690952,0.8820000000000001,1.8,16.499999999999996,13.733333333333334,1020.6,92.0,6.733333333333333,12.0,190.332753728081
2023-05-08 23:30:00,13.0,1014.4000000000001,95.44183275083606,1.26,1.764,77.5,13.733333333333334,1020.5,92.0,7.066666666666667,12.0,200.95679803313752
2023-05-09 00:00:00,12.9,1013.95,94.89509782851525,1.116,2.592,128.0,13.800000000000002,1020.0,92.33333333333333,9.433333333333334,12.9,208.33312629990328
2023-05-09 00:30:00,13.3,1013.7,93.6876373187255,1.494,3.276,164.5,13.9,1019.5666666666666,93.0,7.833333333333333,14.5,199.66717930710004
2023-05-09 01:00:00,13.45,1013.1500000000001,94.0720641656827,1.26,3.78,214.0,14.0,1019.1333333333333,93.0,7.466666666666666,14.5,195.32956305530234
2023-05-09 01:30:00,13.45,1012.8,94.75355027907098,1.044,3.564,248.5,14.066666666666668,1018.9,93.0,11.466666666666669,15.4,202.66670428043915
2023-05-09 02:00:00,13.5,1012.65,94.9616224095692,1.404,3.744,233.0,14.1,1018.5333333333333,93.0,11.1,15.4,202.0
2023-05-09 02:30:00,13.45,1012.2,95.6933119986719,1.35,3.204,229.5,14.266666666666666,1018.3000000000001,93.0,9.933333333333332,14.6,208.99969522011378
2023-05-09 03:00:00,13.5,1011.8,95.8986373976187,1.71,9.144,227.99999999999997,14.300000000000002,1018.0,93.33333333333333,11.666666666666666,16.6,209.66612821559673
2023-05-09 03:30:00,13.5,1011.35,95.96325912093246,1.8900000000000001,6.156,227.0,14.300000000000002,1017.6,94.0,10.666666666666666,16.6,215.66670428043918
2023-05-09 04:00:00,13.6,1011.1,96.04653329864958,2.178,7.992000000000001,247.5,14.166666666666666,1017.1666666666666,94.0,9.733333333333333,17.4,219.33332957252898
2023-05-09 04:30:00,13.6,1010.8,96.97746560669128,1.818,5.004,255.0,14.333333333333334,1016.6666666666666,94.0,11.133333333333333,21.4,226.66653499840578
2023-05-09 05:00:00,13.6,1010.6,97.90839791473303,1.8180000000000003,5.328,247.5,14.533333333333333,1016.4,94.0,12.200000000000001,22.6,229.33380372044837
2023-05-09 05:30:00,13.7,1010.2,98.13443353301957,1.692,5.076,252.0,14.933333333333332,1016.2666666666668,94.0,14.233333333333334,26.7,238.99999999999997
2023-05-09 06:00:00,13.7,1009.8,98.32579089447492,1.908,4.932,230.5,15.133333333333333,1015.9333333333334,94.66666666666667,16.7,28.2,242.99999999999997
2023-05-09 06:30:00,13.75,1009.25,98.92822398106267,2.412,8.46,230.99999999999997,15.333333333333334,1015.7333333333332,94.33333333333333,18.599999999999998,33.4,257.3131693036207
2023-05-09 07:00:00,13.8,1008.8499999999999,99.55800243674136,2.592,7.02,224.5,15.5,1015.6999999999999,95.0,20.666666666666668,33.4,292.0028554874213
2023-05-09 07:30:00,13.9,1008.7,99.77143720030719,2.628,5.976,224.99999999999997,15.233333333333334,1015.9,95.0,20.366666666666664,33.6,306.6668737000967
2023-05-09 08:00:00,14.1,1008.45,99.80020114762286,3.0600000000000005,6.66,217.5,15.066666666666668,1015.9666666666667,95.0,19.466666666666665,33.6,309.3336344040273
2023-05-09 08:30:00,14.3,1008.1,99.89100052996986,3.492,8.568,212.5,15.266666666666666,1016.1,95.0,15.066666666666665,33.6,305.0042766920885
2023-05-09 09:00:00,14.55,1007.9,100.0,3.582,6.696000000000001,206.5,15.533333333333333,1016.4333333333334,95.0,19.033333333333335,27.8,291.9996952201138
2023-05-09 09:30:00,14.9,1007.9,100.0,2.934,6.516,224.0,15.466666666666667,1016.9333333333334,95.0,25.733333333333334,36.6,293.9996952201138
2023-05-09 10:00:00,15.1,1008.05,99.84395992353618,2.5380000000000003,4.644,257.0,16.266666666666666,1017.2333333333332,95.0,27.03333333333333,46.5,304.6661962795516
2023-05-09 10:30:00,14.95,1008.1500000000001,99.86063524443824,2.0160000000000005,3.744,260.5,17.433333333333334,1017.2666666666668,94.0,30.900000000000002,46.5,298.3338037204484
2023-05-09 11:00:00,14.8,1008.25,99.98480770625648,2.196,4.824000000000001,254.0,17.733333333333334,1017.2000000000002,92.66666666666667,28.099999999999998,46.5,298.66670428043915
2023-05-09 11:30:00,14.9,1008.6,99.91749059085664,2.952,6.444,253.5,18.133333333333333,1017.4,91.0,29.53333333333333,45.3,296.33332957252895
2023-05-09 12:00:00,15.149999999999999,1009.0,99.95864193027242,3.492,8.316,263.0,17.933333333333334,1017.5666666666666,87.33333333333333,31.433333333333337,44.3,295.0064297614647
2023-05-09 12:30:00,16.25,1008.9,99.65019874517986,3.582,7.884,259.0,17.8,1017.8333333333334,84.33333333333333,27.2,44.3,293.69011088476043
2023-05-09 13:00:00,16.95,1009.05,97.32611257523341,3.798,12.528,260.5,18.033333333333335,1017.9333333333334,83.66666666666667,28.96666666666667,44.1,275.0001015623428
2023-05-09 13:30:00,17.45,1008.95,94.33669822256218,3.564,8.46,261.5,18.400000000000002,1017.9,81.66666666666667,31.5,47.7,276.6667720173256
2023-05-09 14:00:00,17.75,1009.1,90.85421495124791,4.05,8.568,260.5,17.833333333333332,1017.6666666666666,82.0,28.5,47.7,275.0003047798862
2023-05-09 14:30:00,17.799999999999997,1009.3499999999999,87.8740131495102,4.932,9.684,260.0,16.466666666666665,1017.8000000000001,85.0,29.866666666666664,47.7,275.0
2023-05-09 15:00:00,18.05,1009.6,84.39764034001436,5.328,10.152,254.0,15.9,1017.4666666666667,88.0,27.8,43.2,275.6683322396841
2023-05-09 15:30:00,17.6,1009.8499999999999,84.81371657950956,4.734,9.576,255.5,16.066666666666666,1017.4666666666667,90.0,29.400000000000002,47.3,275.9957233079115
2023-05-09 16:00:00,17.5,1009.75,82.8255394054687,4.914,10.98,248.0,16.133333333333336,1017.7333333333332,89.66666666666667,33.76666666666667,55.8,298.6665349984058
2023-05-09 16:30:00,17.35,1009.65,83.24165410762853,5.526,8.712,251.0,16.166666666666668,1017.9666666666667,88.33333333333333,30.766666666666666,55.8,298.9998984376572
2023-05-09 17:00:00,15.9,1009.9,90.1404726298726,5.202,10.044,254.0,15.966666666666667,1018.1333333333333,86.66666666666667,33.46666666666667,55.8,297.0
2023-05-09 17:30:00,15.7,1009.7,94.07546886082184,4.32,8.604000000000001,253.5,15.466666666666667,1018.2999999999998,86.0,33.4,50.5,297.0
2023-05-09 18:00:00,15.6,1009.6,96.3388562738845,4.302,9.18,256.5,15.133333333333333,1018.3666666666667,85.66666666666667,27.633333333333336,50.5,297.666670427471
2023-05-09 18:30:00,15.4,1009.9,95.29868542295206,4.788,9.72,262.0,14.5,1018.5333333333333,85.66666666666667,28.166666666666668,49.9,300.0
2023-05-09 19:00:00,15.4,1010.1500000000001,91.26956558947793,5.508000000000001,12.456,258.0,14.0,1018.8000000000001,86.0,24.3,45.8,299.0008130560872
2023-05-09 19:30:00,15.350000000000001,1010.3499999999999,88.14941194788526,5.202,10.368,261.5,13.733333333333334,1019.0333333333333,86.66666666666667,23.2,45.8,293.3334650015942
2023-05-09 20:00:00,14.9,1010.5,87.8483075868223,4.5360000000000005,8.964,262.0,13.5,1019.4666666666667,86.66666666666667,24.46666666666667,42.9,299.672307968176
2023-05-09 20:30:00,14.45,1010.6,87.7630904472691,4.284000000000001,8.136,264.5,12.866666666666667,1019.8000000000001,84.33333333333333,26.933333333333334,42.9,303.6665349984058
2023-05-09 21:00:00,13.85,1010.8499999999999,88.87118952336911,4.140000000000001,7.524,264.5,13.0,1020.0333333333333,84.0,22.2,42.9,305.9998984376572
2023-05-09 21:30:00,13.25,1011.1,88.80631166080909,3.7439999999999998,6.912,263.0,12.799999999999999,1020.2333333333332,83.0,22.133333333333336,41.1,303.3332279826744
2023-05-09 22:00:00,12.850000000000001,1011.3499999999999,91.05760258586167,3.186,5.94,263.5,12.366666666666667,1020.2999999999998,83.0,21.833333333333332,40.5,298.66667042747105
2023-05-09 22:30:00,12.7,1011.7,91.0367147653874,3.456,6.192,267.0,12.233333333333334,1020.3666666666667,83.0,21.900000000000002,34.3,294.9996952201137
2023-05-09 23:00:00,12.1,1011.95,90.01727898578983,3.1500000000000004,5.6160000000000005,273.5,12.5,1020.3333333333334,83.0,23.166666666666668,33.5,297.3332279826744
2023-05-09 23:30:00,11.75,1012.1500000000001,88.13878927337771,3.4379999999999997,7.38,271.5,11.866666666666667,1020.4666666666667,83.0,19.866666666666664,33.4,301.00030477988616
2023-05-10 00:00:00,11.45,1012.3,87.5403906944118,2.934,4.896000000000001,275.0,11.700000000000001,1020.5666666666666,83.0,18.0,33.4,307.0003047798862
2023-05-10 00:30:00,11.05,1012.3,88.72255875877084,2.412,4.5360000000000005,272.5,11.5,1020.4333333333334,84.0,15.966666666666667,28.3,308.0
2023-05-10 01:00:00,10.7,1012.3499999999999,92.05200115495487,1.746,2.988,270.0,11.4,1020.4333333333334,85.0,16.566666666666666,25.4,302.6677210568365
2023-05-10 01:30:00,10.9,1012.5,91.41285680178578,1.908,3.024,268.5,11.266666666666666,1020.2999999999998,85.66666666666667,15.9,25.3,296.33346500159416
2023-05-10 02:00:00,10.649999999999999,1012.6,91.34477878538483,2.1060000000000003,3.996,275.0,11.333333333333334,1020.2999999999998,86.33333333333333,16.933333333333334,24.5,294.0
2023-05-10 02:30:00,10.45,1012.45,90.12232339430489,2.0700000000000003,3.492,274.0,11.566666666666668,1020.2333333333332,87.0,16.3,24.5,296.3322789431635
2023-05-10 03:00:00,10.149999999999999,1012.4,90.01379316452937,1.854,3.168,278.5,11.033333333333333,1020.2666666666668,87.33333333333333,9.266666666666667,24.5,324.9877443986376
2023-05-10 03:30:00,9.8,1012.3,91.65550862584938,1.746,2.628,270.0,10.966666666666667,1020.2333333333332,88.66666666666667,7.3,22.5,323.33204180384405
2023-05-10 04:00:00,10.05,1012.2,92.44051456764434,1.278,2.124,266.0,10.066666666666666,1020.2000000000002,89.33333333333333,9.433333333333334,17.7,312.0
2023-05-10 04:30:00,10.1,1012.2,93.59209450177343,1.908,3.024,267.0,8.633333333333333,1020.2666666666668,90.33333333333333,5.7,17.7,306.0
2023-05-10 05:00:00,10.4,1012.25,94.11167039854308,2.178,4.104,266.0,8.866666666666667,1020.4,91.33333333333333,5.633333333333333,18.6,297.40058423617285
2023-05-10 05:30:00,9.85,1012.1500000000001,96.23677106180101,1.476,2.4480000000000004,287.5,11.1,1020.8333333333334,91.33333333333333,11.700000000000001,24.4,333.66762222421085
2023-05-10 06:00:00,9.55,1012.0,95.38990602077078,1.62,2.52,282.5,11.6,1020.9333333333334,91.0,12.166666666666666,24.4,300.0036758364123
2023-05-10 06:30:00,9.2,1011.95,95.73159633449264,1.6019999999999999,2.3760000000000003,279.0,11.9,1021.1333333333333,91.0,14.433333333333332,30.1,311.0064297614647
2023-05-10 07:00:00,9.0,1012.1500000000001,95.9444228878856,1.17,2.124,272.0,13.166666666666666,1021.1,90.66666666666667,11.1,30.1,314.63155072690347
2023-05-10 07:30:00,9.25,1012.4,96.73032510045554,1.26,2.772,259.5,12.299999999999999,1021.1999999999999,90.0,16.900000000000002,28.1,311.3379811536068
2023-05-10 08:00:00,10.2,1012.95,98.71298235465845,2.052,7.416,278.0,13.233333333333334,1021.1,89.66666666666667,12.4,28.1,314.0024421460581
2023-05-10 08:30:00,10.25,1013.05,99.86450689483921,1.2240000000000002,2.9160000000000004,293.0,14.166666666666666,1021.0666666666666,88.66666666666667,16.833333333333332,32.7,307.67152760742243
2023-05-10 09:00:00,11.95,1013.1,99.47411998544831,1.836,4.14,273.5,14.9,1021.1333333333333,86.33333333333333,21.766666666666666,38.0,309.67043694469766
2023-05-10 09:30:00,13.5,1013.25,96.6740980773838,2.2680000000000002,5.472,264.5,14.633333333333333,1021.1333333333333,85.66666666666667,25.46666666666667,41.9,300.0
2023-05-10 10:00:00,14.3,1013.0,92.55069750853457,2.412,5.22,260.0,16.033333333333335,1021.0666666666666,81.0,24.8,41.9,296.3338037204484
2023-05-10 10:30:00,13.45,1013.25,91.05933641102351,2.88,5.724,260.0,15.199999999999998,1020.9666666666667,77.66666666666667,28.8,42.6,294.6665349984058
2023-05-10 11:00:00,13.7,1013.1500000000001,91.32551053866459,3.2940000000000005,6.84,261.5,15.6,1020.9333333333334,78.0,31.26666666666667,44.1,292.3329905781327
2023-05-10 11:30:00,14.25,1013.1,92.15421307493268,3.2760000000000002,7.164,257.5,16.466666666666665,1020.8333333333334,75.33333333333333,29.53333333333333,45.0,295.0006098385439
2023-05-10 12:00:00,14.55,1013.05,90.2710847163328,3.42,7.128,260.0,15.700000000000001,1020.7000000000002,78.66666666666667,27.333333333333332,45.0,285.3200050051788
2023-05-10 12:30:00,14.95,1013.0,88.6746156857825,2.7,7.632000000000001,262.0,16.366666666666664,1020.6333333333333,74.33333333333333,29.8,45.2,299.0
2023-05-10 13:00:00,14.95,1013.1,83.48688259704332,3.5460000000000003,8.244,267.0,17.4,1020.6,71.33333333333333,31.2,45.6,296.6704369446977
2023-05-10 13:30:00,13.3,1013.15,89.37552295471816,2.8440000000000003,7.128,278.5,16.566666666666666,1020.4666666666667,72.0,27.933333333333337,45.6,293.33336342205956
2023-05-10 14:00:00,14.649999999999999,1012.55,94.23783446715365,2.862,7.776000000000001,247.5,16.433333333333334,1020.4,72.66666666666667,30.866666666666664,44.8,298.3333634220596
2023-05-10 14:30:00,15.149999999999999,1012.65,85.23799504614742,4.662,11.232,264.0,16.433333333333334,1020.1999999999999,73.0,33.36666666666667,45.9,292.33336342205956
2023-05-10 15:00:00,14.0,1012.85,87.65240874704378,3.6,12.672,252.0,16.400000000000002,1020.0333333333333,71.33333333333333,32.56666666666667,48.3,298.0
2023-05-10 15:30:00,15.65,1012.5,84.00107215548762,3.6720000000000006,16.884,270.0,16.3,1020.0666666666666,70.0,33.733333333333334,52.2,301.6667720173256
2023-05-10 16:00:00,16.4,1012.2,73.88024789285875,4.968,9.756,258.5,15.700000000000001,1020.1333333333333,72.33333333333333,32.300000000000004,52.2,302.3332279826744
2023-05-10 16:30:00,16.5,1012.1500000000001,71.37969158446744,6.12,13.212,259.5,15.766666666666666,1020.2333333333332,72.66666666666667,31.566666666666666,52.2,297.3332279826744
2023-05-10 17:00:00,16.6,1011.95,69.5535636130362,5.5440000000000005,12.636,259.0,15.133333333333333,1020.2000000000002,75.33333333333333,28.166666666666668,45.4,297.0
2023-05-10 17:30:00,16.15,1012.05,70.27395658821973,5.814,11.34,261.0,14.733333333333334,1020.2333333333332,76.66666666666667,25.366666666666664,43.1,298.3332957195608
2023-05-10 18:00:00,15.5,1012.25,72.32985919416183,4.914,9.684,267.5,14.266666666666666,1020.3333333333334,78.33333333333333,24.099999999999998,41.4,300.3332279826744
2023-05-10 18:30:00,15.2,1012.4,74.12867177433063,4.896000000000001,9.108,260.0,13.633333333333333,1020.3666666666667,80.33333333333333,19.599999999999998,38.6,306.666670427471
2023-05-10 19:00:00,14.7,1012.5,76.31417204428553,4.194,8.316,264.0,12.933333333333332,1020.3333333333334,82.0,17.066666666666666,34.1,307.0
2023-05-10 19:30:00,14.149999999999999,1012.4,77.43603676975815,4.3740000000000006,7.416,264.0,12.233333333333334,1020.3666666666667,84.66666666666667,15.600000000000001,29.6,305.66670428043915
2023-05-10 20:00:00,14.05,1012.5,79.30991581193058,4.104,7.704000000000001,262.0,11.566666666666668,1020.5333333333333,86.66666666666667,13.433333333333332,25.4,308.6663655959727
2023-05-10 20:30:00,13.9,1012.55,77.97349877334526,4.32,10.332,263.0,11.5,1020.7000000000002,88.33333333333333,13.433333333333332,25.4,308.6667720173256
2023-05-10 21:00:00,13.15,1012.55,81.26348164507527,3.42,6.516,266.0,12.366666666666667,1020.7000000000002,88.0,14.233333333333334,19.9,314.66670428043915
2023-05-10 21:30:00,12.399999999999999,1012.6,83.68657061132807,2.664,4.752000000000001,262.0,11.700000000000001,1020.6,88.0,14.366666666666667,19.9,313.333329572529
2023-05-10 22:00:00,11.7,1012.7,87.27019571733351,2.34,4.284,263.0,10.5,1020.5333333333333,88.66666666666667,12.199999999999998,19.4,311.0006098385439
2023-05-10 22:30:00,11.45,1012.8499999999999,89.09626308196741,2.196,3.528,265.0,11.200000000000001,1020.5,90.0,10.6,19.1,320.9614089823915
2023-05-10 23:00:00,10.95,1012.9,91.45067888429799,1.818,2.8440000000000003,270.5,10.799999999999999,1020.3333333333334,90.33333333333333,5.966666666666666,16.1,316.0
2023-05-10 23:30:00,10.5,1012.8499999999999,92.46155643431487,1.0620000000000003,1.944,294.0,10.2,1020.1666666666666,91.0,5.1000000000000005,16.1,316.0
2023-05-11 00:00:00,10.9,1012.7,93.09387547407125,1.638,2.592,275.5,9.466666666666667,1019.9333333333334,91.66666666666667,7.466666666666666,11.3,307.40058423617285
2023-05-11 00:30:00,10.55,1012.55,94.10868645027219,1.4580000000000002,2.0160000000000005,284.0,8.766666666666667,1019.7666666666668,92.0,7.1000000000000005,11.6,309.6926997865446
2023-05-11 01:00:00,10.15,1012.45,94.08926565080009,1.4580000000000002,2.628,283.5,9.1,1019.5333333333333,92.0,5.533333333333334,11.6,313.66795819615595
2023-05-11 01:30:00,10.1,1012.2,95.33014779069526,1.35,2.088,288.5,9.633333333333333,1019.4,93.0,8.866666666666667,14.2,315.66762222421085
2023-05-11 02:00:00,9.75,1011.95,94.94707009838679,1.116,1.764,298.5,10.333333333333334,1019.3666666666667,93.0,11.866666666666667,20.9,311.0
2023-05-11 02:30:00,9.35,1011.8499999999999,96.17345218472788,1.044,1.692,295.0,9.633333333333333,1019.2666666666668,93.0,6.466666666666666,19.3,307.0
2023-05-11 03:00:00,9.2,1011.55,96.03282896574441,1.1340000000000001,1.728,295.0,9.466666666666667,1019.2666666666668,93.0,7.633333333333333,13.7,318.64372286287215
2023-05-11 03:30:00,9.3,1011.4,95.60263635025888,1.0620000000000003,2.124,286.5,9.6,1019.0333333333333,93.0,9.266666666666667,12.5,334.6667720173256
2023-05-11 04:00:00,9.350000000000001,1011.3499999999999,97.23525113007904,1.1520000000000001,2.052,296.5,9.333333333333334,1018.9666666666667,93.33333333333333,6.133333333333333,12.9,319.636272588377
2023-05-11 04:30:00,9.2,1011.1500000000001,96.59140917896798,1.0979999999999999,1.944,299.0,9.566666666666666,1018.8666666666667,93.66666666666667,9.333333333333334,12.9,320.6670094218673
2023-05-11 05:00:00,8.9,1011.1,97.20753383975858,0.792,1.512,322.0,10.166666666666666,1018.9666666666667,94.0,8.5,12.9,307.67152760742243
2023-05-11 05:30:00,8.45,1010.95,98.00172925860053,0.756,1.332,349.0,11.566666666666668,1019.1333333333333,94.0,9.733333333333333,14.9,295.33346500159416
2023-05-11 06:00:00,8.600000000000001,1010.8499999999999,97.0979580683422,0.792,1.548,345.49999999999994,11.800000000000002,1019.2333333333332,93.66666666666667,11.233333333333334,17.5,334.39969401454846
2023-05-11 06:30:00,8.85,1010.6500000000001,98.50859551625278,0.81,1.512,326.0,12.200000000000001,1019.2666666666668,92.66666666666667,9.5,17.5,346.33417736024785
2023-05-11 07:00:00,8.350000000000001,1010.6,99.12395323510681,0.702,1.296,355.0,12.466666666666667,1019.2666666666668,91.66666666666667,6.1000000000000005,19.3,340.498527486664
2023-05-11 07:30:00,8.7,1010.8,98.00004396389926,0.99,1.656,316.5,12.933333333333332,1019.2000000000002,90.0,10.5,15.7,338.6635154357699
2023-05-11 08:00:00,9.3,1010.95,98.1429275124834,1.35,2.52,295.5,13.433333333333332,1019.2000000000002,86.33333333333333,11.9,18.2,335.6690803814741
2023-05-11 08:30:00,10.25,1011.05,99.77238043069156,1.746,3.204,291.5,13.966666666666667,1019.1,81.0,12.799999999999999,18.2,344.66544858796595
2023-05-11 09:00:00,11.850000000000001,1011.2,99.92637754206592,1.548,3.708,295.0,14.333333333333334,1019.0333333333333,75.33333333333333,10.133333333333333,18.2,356.332753728081
2023-05-11 09:30:00,13.65,1011.1500000000001,93.18907428636741,1.71,4.5,280.0,14.700000000000001,1018.9333333333334,73.33333333333333,12.166666666666666,18.9,331.0046011326027
2023-05-11 10:00:00,13.7,1011.2,86.99799631457702,1.944,4.104,255.0,14.6,1018.8666666666667,73.66666666666667,15.233333333333334,21.4,347.67649301367254
2023-05-11 10:30:00,13.55,1011.3,83.7324222316719,1.854,5.184,280.5,14.166666666666666,1018.9,74.66666666666667,15.533333333333331,28.1,349.3334650015942
2023-05-11 11:00:00,13.6,1011.1500000000001,81.44225452873026,2.3040000000000003,5.58,279.5,15.733333333333334,1018.5666666666666,68.0,11.833333333333334,28.1,333.9827152174793
2023-05-11 11:30:00,14.15,1011.0,79.25418843570401,2.214,9.864,290.5,16.233333333333334,1018.4,67.0,16.599999999999998,28.8,329.0122556013624
2023-05-11 12:00:00,14.7,1010.95,76.28587040215089,2.34,5.652,266.0,16.433333333333334,1018.1999999999999,64.0,15.533333333333333,29.2,342.3299021184476
2023-05-11 12:30:00,14.35,1011.0,75.0875673860757,2.3040000000000003,5.58,260.5,17.166666666666668,1017.9666666666667,60.666666666666664,14.933333333333332,29.2,319.3250959011331
2023-05-11 13:00:00,14.7,1010.8,74.42017484996555,2.574,5.832000000000001,263.0,17.3,1017.9,58.666666666666664,20.3,45.1,307.6480538237317
2023-05-11 13:30:00,14.95,1010.55,69.43843758120221,2.5920000000000005,6.948,261.0,17.333333333333332,1017.6666666666666,60.333333333333336,21.033333333333335,45.1,306.6677210568365
2023-05-11 14:00:00,16.55,1010.05,65.44665132796672,2.628,8.244,262.0,17.099999999999998,1017.4666666666667,59.333333333333336,20.733333333333334,37.3,312.0
2023-05-11 14:30:00,17.1,1009.95,62.275218574770975,3.816,9.792000000000002,272.0,17.133333333333333,1017.2333333333332,58.666666666666664,20.099999999999998,37.3,307.0
2023-05-11 15:00:00,17.35,1009.9,58.234786889530575,3.2039999999999997,8.46,266.5,16.933333333333334,1017.1333333333333,59.0,19.599999999999998,32.9,309.98986819398806
2023-05-11 15:30:00,15.55,1010.05,57.62244801103244,2.934,11.088,261.5,16.900000000000002,1017.0,60.333333333333336,23.066666666666666,31.2,303.9996952201138
2023-05-11 16:00:00,16.0,1009.7,57.80373595860364,3.132,8.208,263.0,15.666666666666666,1017.0333333333333,62.333333333333336,26.5,36.2,310.0
2023-05-11 16:30:00,17.45,1009.4,59.30994652452385,3.564,7.632000000000001,256.5,15.133333333333335,1017.1666666666666,64.33333333333333,27.099999999999998,37.7,304.66663657794044
2023-05-11 17:00:00,17.15,1009.3,58.83106030097312,2.988,9.396,250.0,15.200000000000001,1017.0666666666666,66.33333333333333,27.633333333333336,39.0,301.3334650015942
2023-05-11 17:30:00,16.85,1009.2,59.89818448248154,3.816,9.504,261.5,15.333333333333334,1017.0,67.33333333333333,25.166666666666668,39.1,303.33309255017156
2023-05-11 18:00:00,15.7,1009.3,62.56316954201767,3.5279999999999996,7.056,264.0,14.299999999999999,1017.1,70.0,25.333333333333332,39.1,306.0
2023-05-11 18:30:00,14.75,1009.45,63.884703634492155,3.9779999999999998,7.56,265.0,13.633333333333333,1017.3000000000001,73.33333333333333,22.3,39.1,308.333329572529
2023-05-11 19:00:00,14.6,1009.4,65.40849246001544,4.3919999999999995,9.828,263.5,12.833333333333334,1017.5,79.0,17.266666666666666,34.2,309.9998984376572
2023-05-11 19:30:00,14.5,1009.4,67.32037142448507,4.158,8.604000000000001,265.5,12.433333333333332,1017.6999999999999,82.66666666666667,15.6,31.3,310.332753728081
2023-05-11 20:00:00,13.95,1009.45,70.94759456316982,3.564,6.5520000000000005,263.5,12.9,1018.1,81.0,13.066666666666668,22.9,339.37263789155827
2023-05-11 20:30:00,13.3,1009.6500000000001,72.35294704048759,3.096,5.256,268.0,12.666666666666666,1018.2999999999998,80.33333333333333,7.766666666666666,20.9,345.6677210568365
2023-05-11 21:00:00,12.600000000000001,1009.8,77.3210041310573,2.9160000000000004,5.5440000000000005,266.0,12.166666666666666,1018.3666666666667,82.0,6.366666666666667,17.7,356.33336342205956
2023-05-11 21:30:00,12.05,1009.95,81.29909499334157,2.484,4.212,267.5,12.066666666666668,1018.3666666666667,83.66666666666667,5.266666666666667,9.7,356.99999999999994
2023-05-11 22:00:00,12.0,1010.35,82.81262781114813,1.854,3.096,277.5,11.933333333333332,1018.3333333333334,85.0,5.1000000000000005,8.0,356.99999999999994
2023-05-11 22:30:00,11.95,1010.6500000000001,79.82940306317772,1.494,3.564,284.5,11.733333333333334,1018.1333333333333,86.33333333333333,4.7,8.0,356.99999999999994
2023-05-11 23:00:00,11.45,1010.75,81.25846855874981,0.8640000000000001,2.268,315.5,10.933333333333332,1018.1,87.66666666666667,4.533333333333334,8.0,356.99999999999994
2023-05-11 23:30:00,11.1,1010.7,83.35724273084577,0.666,1.1880000000000002,333.5,10.633333333333333,1018.0,89.0,1.4333333333333333,8.0,356.99999999999994
2023-05-12 00:00:00,10.850000000000001,1010.6500000000001,85.29250461291261,0.81,2.8440000000000003,330.5,10.799999999999999,1017.9666666666667,90.0,0.0,6.4,356.99999999999994
2023-05-12 00:30:00,10.55,1010.45,87.48326471573209,0.8100000000000002,2.484,14.499999999999995,10.5,1017.8666666666667,90.33333333333333,0.0,3.2,356.99999999999994
2023-05-12 01:00:00,10.3,1010.3,89.67784798063508,1.206,2.8080000000000003,56.5,9.933333333333334,1017.7999999999998,91.0,0.13333333333333333,1.6,356.99999999999994
2023-05-12 01:30:00,10.0,1010.3,91.65910657376648,0.936,1.728,35.0,9.9,1017.5333333333333,92.0,1.3666666666666665,3.2,356.99999999999994
2023-05-12 02:00:00,9.0,1010.1500000000001,93.50273022920712,1.1340000000000001,1.836,69.0,9.466666666666667,1017.4,92.0,0.5,3.2,356.99999999999994
2023-05-12 02:30:00,8.55,1009.95,94.64637088838941,1.08,1.548,65.0,9.299999999999999,1017.3333333333334,92.0,1.5333333333333332,4.8,356.99999999999994
2023-05-12 03:00:00,8.6,1009.7,95.21894493723929,0.99,1.8,56.50000000000001,9.366666666666667,1017.1666666666666,93.0,5.066666666666666,8.0,356.99999999999994
2023-05-12 03:30:00,8.95,1009.6,96.31136367651004,0.738,1.26,328.0,9.299999999999999,1017.0666666666666,93.0,6.1000000000000005,10.8,2.6480538237316824
2023-05-12 04:00:00,9.1,1009.45,97.33186494278735,0.7200000000000001,1.512,323.0,9.233333333333334,1017.0,93.0,7.8,11.5,9.993884838190128
2023-05-12 04:30:00,9.1,1009.3499999999999,97.98074404240592,0.6120000000000001,1.332,323.5,8.933333333333334,1017.2333333333332,93.0,8.9,14.5,2.674964531932304
2023-05-12 05:00:00,9.05,1009.1,97.6177643431713,0.882,1.8,330.0,9.233333333333333,1017.4,93.0,8.9,13.3,19.332278943163463
2023-05-12 05:30:00,8.8,1009.05,97.82448402411761,0.81,1.548,320.5,9.9,1017.6333333333333,93.0,10.6,13.3,18.999999999999996
2023-05-12 06:00:00,8.55,1009.0,98.9547491302986,0.8820000000000001,1.692,5.999999999999997,10.666666666666666,1017.8666666666667,93.0,8.966666666666667,13.9,23.666704280439173
2023-05-12 06:30:00,7.9,1009.0,99.52656237268585,1.206,2.0160000000000005,59.5,11.333333333333334,1018.1,92.0,10.333333333333334,16.1,27.333363422059588
2023-05-12 07:00:00,7.55,1009.1,99.10247153012219,1.3319999999999999,2.196,61.49999999999999,12.200000000000001,1018.2666666666668,90.0,11.766666666666666,17.2,35.99755785394186
2023-05-12 07:30:00,7.55,1009.25,98.81508532322113,0.9900000000000001,1.656,39.00000000000001,13.033333333333333,1018.3333333333334,86.0,10.799999999999999,17.2,32.66582263975212
2023-05-12 08:00:00,8.100000000000001,1009.5,99.05149654516846,0.9,2.4480000000000004,48.00000000000001,13.9,1018.3333333333334,80.0,11.166666666666666,17.2,45.336484564230105
2023-05-12 08:30:00,9.2,1009.75,99.75216613224777,1.674,5.6160000000000005,194.50000000000003,14.733333333333334,1018.4,73.66666666666667,10.4,16.7,44.34180202039973
2023-05-12 09:00:00,10.95,1010.05,98.84913474248214,1.944,6.336,139.5,15.233333333333334,1018.4666666666667,68.66666666666667,10.4,16.5,38.99918694391275
2023-05-12 09:30:00,12.350000000000001,1010.25,89.53802170655814,2.6639999999999997,9.72,134.5,16.166666666666668,1018.4666666666667,65.33333333333333,7.8999999999999995,19.5,25.64863208021131
2023-05-12 10:00:00,13.399999999999999,1010.2,82.3267812168061,2.5920000000000005,8.316,120.50000000000001,17.0,1018.4666666666667,62.666666666666664,10.966666666666667,19.5,41.706321456218184
2023-05-12 10:30:00,14.55,1010.2,75.57171926055355,2.826,9.792000000000002,136.5,17.400000000000002,1018.4333333333334,58.333333333333336,8.266666666666667,20.9,28.36409331204137
2023-05-12 11:00:00,15.7,1010.25,70.86593745478818,2.9699999999999998,7.056,142.5,18.066666666666666,1018.3000000000001,57.0,9.566666666666668,22.2,29.53056046639058
2023-05-12 11:30:00,16.85,1010.25,67.94055494191838,2.9880000000000004,8.748000000000001,126.5,18.133333333333336,1018.1333333333333,55.666666666666664,8.6,22.5,352.71267427729316
2023-05-12 12:00:00,17.25,1010.25,65.22473811032762,2.97,8.856,183.99999999999997,18.5,1018.0,53.0,10.1,22.2,352.9735872434411
2023-05-12 12:30:00,17.950000000000003,1010.2,62.30917128828097,3.33,8.352,172.5,18.266666666666666,1017.9,56.0,15.966666666666669,25.6,13.67099042297873
2023-05-12 13:00:00,18.75,1010.1500000000001,57.776195353701695,2.952,8.892000000000001,264.0,18.133333333333333,1017.8333333333334,57.0,16.066666666666666,25.6,15.669966170332142
2023-05-12 13:30:00,18.65,1010.0999999999999,57.64625912547443,2.952,8.388,203.99999999999997,18.433333333333334,1017.6333333333333,57.0,14.5,24.8,1.9999999999999964
2023-05-12 14:00:00,18.4,1010.15,57.51217873305659,2.556,8.208,253.5,19.3,1017.5333333333333,54.666666666666664,14.866666666666667,24.5,351.6856396830232
2023-05-12 14:30:00,19.15,1009.8499999999999,55.547177889607234,3.168,9.864,230.99999999999997,18.933333333333334,1017.5666666666666,58.0,17.599999999999998,33.6,350.6704369446977
2023-05-12 15:00:00,19.9,1009.75,53.049717156211145,3.168,9.0,164.5,18.599999999999998,1017.5333333333333,58.666666666666664,18.666666666666668,33.6,351.65541999283846
2023-05-12 15:30:00,19.85,1009.7,51.522295921905936,3.1500000000000004,9.252,131.5,18.833333333333332,1017.4666666666667,56.0,19.233333333333334,36.1,356.3621592047023
2023-05-12 16:00:00,20.299999999999997,1009.65,51.43161017082501,3.186,10.368,228.0,19.400000000000002,1017.4666666666667,52.0,18.933333333333334,36.1,359.3441298270917
2023-05-12 16:30:00,20.1,1009.6500000000001,49.30491060736045,2.952,9.0,224.99999999999997,19.166666666666668,1017.5,52.666666666666664,21.46666666666667,34.2,4.611039619437053
2023-05-12 17:00:00,18.55,1009.95,53.002005526637376,2.5380000000000003,12.024,240.0,18.46666666666667,1017.7666666666668,55.0,18.133333333333336,34.2,18.332990578132698
2023-05-12 17:30:00,17.85,1010.05,55.11964911130178,2.718,10.476,227.0,18.533333333333335,1017.7666666666668,59.0,11.4,34.2,63.240491116605995
2023-05-12 18:00:00,17.2,1010.2,59.22070824573451,3.0420000000000003,10.728,197.49999999999997,18.2,1017.7333333333332,60.0,9.333333333333334,28.0,59.67511341242211
2023-05-12 18:30:00,14.950000000000001,1010.7,73.11587294976434,3.4560000000000004,14.436,156.0,18.033333333333335,1018.0666666666666,60.666666666666664,5.866666666666667,20.9,44.00010156234282
2023-05-12 19:00:00,12.8,1010.6500000000001,86.40797906860057,1.4940000000000002,4.572,74.50000000000001,17.166666666666668,1018.4333333333334,63.0,1.5,17.7,61.164880127009546
2023-05-12 19:30:00,12.8,1010.45,92.52090522231072,1.062,3.528,77.0,15.9,1019.1,67.0,12.200000000000001,28.8,27.358505980056613
2023-05-12 20:00:00,13.8,1010.4,94.17135049076872,0.9000000000000001,2.124,12.0,14.633333333333333,1019.5666666666666,68.0,12.333333333333334,28.8,37.99999999999999
2023-05-12 20:30:00,13.45,1010.5,94.00335240045344,0.756,1.692,40.0,13.966666666666667,1019.8666666666667,72.0,12.966666666666667,28.8,27.33584037688144
2023-05-12 21:00:00,12.8,1010.8499999999999,95.11001109940023,0.936,1.836,70.0,13.333333333333334,1020.1,74.66666666666667,15.799999999999999,23.2,19.667246271918998
2023-05-12 21:30:00,12.95,1011.3,93.11471098817235,1.8719999999999999,8.244,281.5,12.4,1020.1666666666666,78.0,12.299999999999999,23.2,14.65677115986672
2023-05-12 22:00:00,12.5,1011.8,94.17162987628075,1.1520000000000001,2.8080000000000003,56.5,11.533333333333333,1020.2999999999998,80.66666666666667,12.700000000000001,23.2,17.000000000000004
2023-05-12 22:30:00,12.55,1012.1500000000001,93.24261448526826,1.3679999999999999,4.824000000000001,16.999999999999996,10.566666666666666,1020.3666666666667,83.66666666666667,10.166666666666666,17.7,7.000000000000001
2023-05-12 23:00:00,11.8,1012.2,93.2576753175997,1.566,5.724,88.99999999999999,10.200000000000001,1020.3666666666667,85.33333333333333,10.833333333333334,16.2,1.001525293883344
2023-05-12 23:30:00,10.55,1012.3,95.91799203570118,1.368,2.664,52.50000000000001,9.766666666666667,1020.4,86.0,10.799999999999999,14.6,357.6666365779404
2023-05-13 00:00:00,9.65,1012.25,96.82959627876653,0.954,3.888,25.5,9.466666666666667,1020.4,87.0,11.6,16.1,1.3332957195608226
2023-05-13 00:30:00,9.3,1012.3,96.88264541608129,0.99,2.052,35.0,9.200000000000001,1020.2999999999998,88.0,11.6,16.1,1.0003047798862217
2023-05-13 01:00:00,8.95,1012.3,96.92315498052778,0.864,1.8,352.5,9.133333333333333,1020.1999999999999,88.0,11.366666666666667,16.1,354.66670428043915
2023-05-13 01:30:00,8.6,1012.3,97.63714255309665,0.8280000000000001,1.8,334.0,8.733333333333333,1020.1666666666666,88.33333333333333,11.266666666666666,15.8,1.3336344040273085
2023-05-13 02:00:00,8.25,1012.1500000000001,97.78413545797284,0.9900000000000001,2.628,344.0,8.299999999999999,1020.1333333333333,89.0,11.333333333333334,15.8,5.00010156234282
2023-05-13 02:30:00,8.05,1012.1,97.63905503852388,1.134,2.772,321.5,8.133333333333333,1020.1666666666666,89.33333333333333,12.133333333333333,16.8,3.333295719560827
2023-05-13 03:00:00,8.149999999999999,1012.05,96.93024989046796,1.1700000000000002,3.492,296.0,8.0,1020.2000000000002,90.0,10.6,16.8,8.998982982317417
2023-05-13 03:30:00,7.699999999999999,1011.9,98.8525989887061,0.9900000000000001,1.98,334.0,7.733333333333333,1020.2000000000002,90.0,8.666666666666666,16.8,12.999999999999998
2023-05-13 04:00:00,7.4,1011.8,99.00835157573843,0.8460000000000001,1.908,8.5,7.933333333333334,1020.2666666666668,91.0,7.333333333333333,12.9,249.52680007068506
2023-05-13 04:30:00,7.1,1011.9,99.1295904580393,0.792,1.692,338.5,8.700000000000001,1020.4,91.0,7.3999999999999995,12.1,344.5401530543042
2023-05-13 05:00:00,6.800000000000001,1011.9,98.86820147513953,0.702,1.512,338.0,9.133333333333333,1020.6333333333333,91.0,3.4333333333333336,11.3,334.0
2023-05-13 05:30:00,6.6,1011.8,98.44342865204115,0.648,1.332,353.5,9.533333333333333,1020.8000000000001,91.66666666666667,4.066666666666666,9.7,335.66663657794044
2023-05-13 06:00:00,6.85,1011.8,97.21649386031548,0.72,1.836,347.5,9.933333333333334,1020.9666666666667,91.66666666666667,3.4666666666666663,8.0,339.6669074498284
2023-05-13 06:30:00,7.7,1012.05,98.36378358510987,0.8820000000000001,1.872,310.5,10.5,1021.0666666666666,91.66666666666667,3.6333333333333333,8.0,354.96764338087206
2023-05-13 07:00:00,8.2,1012.25,99.85662740058385,0.738,1.656,313.5,11.033333333333333,1021.1,91.33333333333333,5.1000000000000005,9.7,357.4499310571882
2023-05-13 07:30:00,8.6,1012.55,99.96157639917692,0.756,1.944,351.0,11.666666666666666,1021.3333333333334,91.0,5.3999999999999995,11.3,22.399694014548462
2023-05-13 08:00:00,8.95,1012.7,99.89793732740087,0.8460000000000001,1.728,319.5,12.133333333333333,1021.5,90.66666666666667,6.366666666666667,11.3,7.307947289803917
2023-05-13 08:30:00,9.35,1012.8499999999999,99.89807584995005,0.9000000000000001,3.204,339.5,13.433333333333332,1021.3666666666667,89.33333333333333,7.433333333333334,14.0,36.33329571956083
2023-05-13 09:00:00,9.8,1013.0,99.78221977386569,1.116,3.024,334.5,14.466666666666667,1021.2333333333332,85.66666666666667,7.3999999999999995,14.5,24.662157092502532
2023-05-13 09:30:00,10.25,1013.05,99.84564358634398,1.17,3.564,65.99999999999999,15.066666666666668,1021.2333333333332,81.0,9.266666666666666,15.6,11.519747438359378
2023-05-13 10:00:00,10.95,1013.3,99.93142149820537,1.404,5.004,301.0,15.666666666666666,1021.1666666666666,76.0,8.366666666666667,16.4,34.67137096386046
2023-05-13 10:30:00,12.5,1013.3499999999999,99.7402191280188,1.908,5.328,309.0,15.933333333333332,1021.1666666666666,74.33333333333333,10.299999999999999,24.8,25.670807691028646
2023-05-13 11:00:00,13.65,1013.2,95.0855049226257,2.088,6.66,151.5,16.366666666666664,1021.1666666666666,72.0,6.0,24.8,51.41110083735096
2023-05-13 11:30:00,14.3,1013.3,87.33227769355426,2.124,6.588,112.5,17.0,1021.0666666666666,70.0,7.566666666666667,16.6,28.973338072630742
2023-05-13 12:00:00,15.5,1013.05,82.18556856214444,2.8440000000000003,9.936,201.99999999999997,16.866666666666667,1021.1333333333333,68.66666666666667,9.566666666666666,16.7,28.34963099183919
2023-05-13 12:30:00,15.399999999999999,1013.15,76.13007257927177,2.3760000000000003,8.136,106.5,16.2,1021.2666666666668,70.0,13.066666666666668,25.1,33.33346500159421
2023-05-13 13:00:00,15.9,1013.3,72.90252839608412,2.754,8.568,117.0,15.333333333333334,1021.4666666666667,75.33333333333333,17.166666666666668,25.1,33.33109155785018
2023-05-13 13:30:00,16.7,1013.25,70.90184327597292,2.052,6.228,233.0,15.5,1021.2666666666668,77.0,10.733333333333334,25.1,44.0
2023-05-13 14:00:00,16.1,1013.4,71.0408428263417,2.1420000000000003,6.156,157.5,16.733333333333334,1020.8666666666667,72.66666666666667,6.766666666666667,25.0,27.274481234230016
2023-05-13 14:30:00,15.75,1013.45,75.23631608301818,3.258,9.72,207.5,17.133333333333336,1020.5333333333333,73.66666666666667,9.233333333333333,16.8,27.07449058474447
2023-05-13 15:00:00,15.5,1013.6,79.2368363226748,3.456,14.652,222.49999999999997,17.666666666666668,1020.2333333333332,71.33333333333333,11.0,19.0,15.973338072630748
2023-05-13 15:30:00,15.7,1013.45,79.11328306842825,2.8980000000000006,8.712,236.5,17.6,1020.0666666666666,71.33333333333333,9.833333333333334,19.0,30.648053823731704
2023-05-13 16:00:00,16.9,1013.05,76.28907258621267,2.6820000000000004,9.036,244.99999999999997,16.933333333333334,1019.7333333333332,73.0,12.1,22.0,347.99898298231744
2023-05-13 16:30:00,17.2,1012.8499999999999,75.8494187532936,2.6639999999999997,8.028,158.5,17.766666666666666,1019.5333333333333,71.33333333333333,9.066666666666666,22.0,4.678070021241043
2023-05-13 17:00:00,17.450000000000003,1012.45,74.86354869610045,2.7720000000000002,10.26,199.49999999999997,18.1,1019.4666666666667,69.66666666666667,11.200000000000001,19.5,348.69550186944974
2023-05-13 17:30:00,17.6,1012.3,73.46048939472226,2.16,7.848000000000001,166.50000000000003,17.266666666666666,1019.4333333333334,74.0,12.4,18.8,322.3322789431635
2023-05-13 18:00:00,17.700000000000003,1012.1,73.46729452668248,1.836,5.328,247.0,15.9,1019.6,80.66666666666667,9.966666666666667,18.8,312.667246271919
2023-05-13 18:30:00,18.05,1011.8499999999999,72.15566947794412,2.286,11.052,224.0,15.700000000000001,1019.7333333333332,83.33333333333333,13.066666666666668,17.2,322.3349908640192
2023-05-13 19:00:00,17.950000000000003,1011.9,71.18483672587854,2.0700000000000003,5.867999999999999,14.500000000000007,15.433333333333332,1020.2666666666668,85.0,9.633333333333333,28.4,359.0511402977524
2023-05-13 19:30:00,17.049999999999997,1011.9,74.34273847808518,1.008,3.528,21.5,13.5,1020.7333333333332,87.0,10.366666666666667,32.2,89.3331262999033
2023-05-13 20:00:00,16.35,1011.9,78.46931499678851,1.494,3.564,270.0,13.0,1020.6666666666666,89.33333333333333,2.566666666666667,32.2,80.0
2023-05-13 20:30:00,15.85,1012.35,81.53474791772933,2.7359999999999998,13.32,233.0,12.966666666666667,1021.0,90.33333333333333,7.166666666666667,25.8,75.66833223968412
2023-05-13 21:00:00,12.35,1012.95,91.41059785744564,1.584,18.756,261.0,12.933333333333332,1021.4,91.0,9.433333333333334,27.3,68.99898298231741
2023-05-13 21:30:00,11.95,1012.95,93.78193912965332,1.314,3.888,268.0,12.800000000000002,1021.4333333333334,91.0,6.166666666666667,27.3,56.33329571956083
2023-05-13 22:00:00,12.05,1012.8499999999999,95.54328837863412,1.35,5.148,178.5,12.733333333333334,1021.3666666666667,91.33333333333333,6.6000000000000005,20.9,30.32743013916125
2023-05-13 22:30:00,12.3,1013.5,96.22163843637502,1.944,8.424,198.49999999999997,12.733333333333334,1021.4666666666667,92.0,6.666666666666667,13.5,52.12030498137621
2023-05-13 23:00:00,12.149999999999999,1013.7,97.42379736047488,1.3860000000000001,5.436,221.5,12.733333333333334,1021.1666666666666,92.0,11.233333333333334,14.3,8.33322798267438
2023-05-13 23:30:00,12.0,1013.6,98.39124096374034,1.116,3.24,9.0,12.233333333333334,1021.0,92.0,8.833333333333334,17.9,21.334698486768737
2023-05-14 00:00:00,12.0,1013.7,98.42688996408953,1.098,2.8440000000000003,2.9999999999999907,12.166666666666666,1020.6333333333333,92.0,11.733333333333334,17.9,352.6700978815524
2023-05-14 00:30:00,11.95,1013.7,99.14627681352496,1.0620000000000003,2.196,20.999999999999986,12.166666666666666,1020.3333333333334,92.0,13.299999999999999,17.9,350.99847330928026
2023-05-14 01:00:00,11.5,1013.45,99.6602006905411,0.9359999999999999,1.944,38.0,11.9,1020.1,92.0,12.699999999999998,17.0,353.002747204715
2023-05-14 01:30:00,10.95,1013.0999999999999,98.78642948191674,0.918,1.908,318.0,11.200000000000001,1020.0333333333333,93.0,12.5,18.2,7.000000000000001
2023-05-14 02:00:00,10.65,1012.7,98.7163048680658,0.954,2.232,21.5,10.633333333333333,1020.0,93.0,11.166666666666666,18.2,9.998474706116651
2023-05-14 02:30:00,10.2,1012.3,98.67044289087802,0.9,1.836,306.0,10.200000000000001,1020.0,93.0,10.700000000000001,17.5,7.333092550171603
2023-05-14 03:00:00,10.149999999999999,1011.95,98.15771918356974,0.882,2.4120000000000004,318.0,9.799999999999999,1019.9666666666667,93.0,11.800000000000002,18.3,3.332753728081002
2023-05-14 03:30:00,10.45,1011.95,97.94518959940528,1.3319999999999999,4.5,270.5,9.4,1019.7666666666668,93.0,11.833333333333334,18.3,11.333092550171603
2023-05-14 04:00:00,10.0,1012.0,100.0,1.08,3.276,343.5,8.9,1019.7666666666668,93.66666666666667,9.066666666666666,17.2,9.0
2023-05-14 04:30:00,9.45,1011.8499999999999,99.77274206009164,0.81,1.836,17.0,8.766666666666667,1020.0,93.33333333333333,11.4,16.1,8.000000000000002
2023-05-14 05:00:00,9.05,1011.8,99.56967754953061,0.8280000000000001,3.096,337.5,8.7,1020.2666666666668,94.0,10.866666666666667,16.1,9.0
2023-05-14 05:30:00,8.75,1011.6500000000001,99.57203505091289,0.738,1.476,347.5,8.966666666666667,1020.4333333333334,94.0,9.200000000000001,16.1,12.6669074498284
2023-05-14 06:00:00,8.55,1011.6,99.18069328381313,1.116,3.3120000000000003,39.5,9.633333333333333,1020.7333333333332,94.0,8.633333333333333,15.4,14.340601657465688
2023-05-14 06:30:00,8.2,1011.55,99.67916403039966,0.9540000000000001,1.8,20.999999999999996,10.566666666666668,1020.8333333333334,94.0,11.966666666666667,20.2,17.993570238535295
2023-05-14 07:00:00,8.149999999999999,1011.8,99.46627464283367,0.9360000000000002,2.736,1.5000000000000084,11.233333333333334,1020.9,94.0,13.066666666666668,20.2,24.999695220113782
2023-05-14 07:30:00,8.4,1011.95,99.77686977680958,0.8820000000000001,3.816,339.5,11.799999999999999,1020.9666666666667,93.0,13.866666666666667,20.2,26.66908038147408
2023-05-14 08:00:00,8.9,1012.25,99.61829369717333,1.224,3.3120000000000003,296.0,12.199999999999998,1021.1666666666666,93.0,14.366666666666667,21.8,29.00060983854389
2023-05-14 08:30:00,9.5,1012.45,99.87350078403838,1.584,6.732,277.5,12.299999999999999,1021.2666666666668,93.0,12.266666666666666,21.8,14.66833223968412
2023-05-14 09:00:00,10.45,1012.7,99.86914883681396,1.746,4.5,260.5,12.966666666666667,1021.1666666666666,92.0,12.166666666666666,21.8,19.33166776031588
2023-05-14 09:30:00,10.9,1012.8499999999999,99.68906155708531,2.2140000000000004,6.084,227.5,14.033333333333333,1021.0666666666666,91.33333333333333,12.466666666666667,20.1,22.652708051598857
2023-05-14 10:00:00,11.1,1012.9,99.8310398829004,2.412,6.048,226.0,14.966666666666667,1021.1666666666666,89.33333333333333,11.866666666666667,20.1,11.336484564230101
2023-05-14 10:30:00,11.55,1013.05,99.85242713232057,2.16,6.156,244.5,16.0,1021.0333333333333,86.66666666666667,8.299999999999999,20.9,12.321702540182484
2023-05-14 11:00:00,12.399999999999999,1013.05,99.64225836064156,2.124,7.920000000000001,238.49999999999997,17.133333333333336,1020.9,81.66666666666667,11.200000000000001,19.0,6.3143603169767895
2023-05-14 11:30:00,13.7,1012.9,98.89089624149591,2.736,7.524,230.5,18.066666666666666,1020.6,77.33333333333333,10.766666666666666,19.0,7.1662243569256505
2023-05-14 12:00:00,14.45,1013.0,97.76475490764489,2.178,6.156,247.0,18.933333333333334,1020.3333333333334,73.33333333333333,7.966666666666666,19.3,4.3048184958013405
2023-05-14 12:30:00,16.2,1012.75,90.72611770711069,2.8440000000000003,10.26,224.0,19.5,1020.2999999999998,69.0,10.6,21.0,357.3227271916881
2023-05-14 13:00:00,17.549999999999997,1012.45,83.81747615637912,3.186,9.936,176.00000000000003,20.03333333333333,1020.1,70.66666666666667,16.566666666666666,27.5,328.64864380817187
2023-05-14 13:30:00,18.25,1012.3499999999999,78.34759625960979,3.042,8.64,232.0,20.133333333333336,1020.0333333333333,71.66666666666667,17.900000000000002,27.5,316.33332957252895
2023-05-14 14:00:00,19.15,1012.25,74.89084802952358,2.664,9.18,234.5,20.133333333333333,1019.8666666666667,71.33333333333333,18.466666666666665,29.6,309.9993901614561
2023-05-14 14:30:00,19.85,1012.1500000000001,70.27981554058998,2.664,7.56,168.5,20.400000000000002,1019.6333333333333,71.0,18.866666666666667,29.6,301.6602469057422
2023-05-14 15:00:00,20.5,1011.95,65.48366592688909,2.8800000000000003,9.684,189.5,20.433333333333334,1019.3333333333334,72.0,19.433333333333334,30.0,291.995106749009
2023-05-14 15:30:00,20.4,1012.05,63.578111516757915,2.322,7.164,234.99999999999994,20.366666666666667,1019.1999999999999,69.66666666666667,24.03333333333333,31.8,295.66795819615595
2023-05-14 16:00:00,21.05,1011.8,59.76812938450867,2.232,11.232,210.0,20.2,1019.0666666666666,70.0,22.733333333333334,31.8,298.3332957195608
2023-05-14 16:30:00,21.200000000000003,1011.6,64.24556569749436,2.592,6.876,250.5,19.766666666666666,1019.0,72.33333333333333,24.3,33.7,302.6665349984058
2023-05-14 17:00:00,20.1,1011.55,67.11416236861612,2.5200000000000005,5.4,255.49999999999997,19.3,1018.9,74.0,23.46666666666667,33.7,302.66677201732557
2023-05-14 17:30:00,18.799999999999997,1011.7,71.31644517840363,1.6560000000000001,4.248,259.5,18.333333333333332,1018.9333333333334,75.0,24.400000000000002,34.4,302.33329571956085
2023-05-14 18:00:00,18.15,1011.55,79.81229903535854,1.6019999999999999,3.492,255.5,17.233333333333334,1019.0666666666666,75.66666666666667,23.96666666666667,34.4,302.0
2023-05-14 18:30:00,18.6,1011.45,79.01909325118613,1.818,4.104,236.49999999999997,16.333333333333332,1019.1666666666666,76.66666666666667,21.900000000000002,34.4,305.666670427471
2023-05-14 19:00:00,18.8,1011.25,77.4847786052427,1.908,6.588,197.0,15.566666666666668,1019.4,77.0,23.0,33.7,307.66670428043915
2023-05-14 19:30:00,19.0,1011.2,71.00940473077688,1.2600000000000002,4.32,27.000000000000004,15.033333333333333,1019.6666666666666,76.33333333333333,20.533333333333335,33.7,310.0
2023-05-14 20:00:00,18.35,1011.25,68.32251890867346,1.116,4.176,313.5,14.0,1019.8333333333334,80.33333333333333,15.266666666666666,32.7,318.0
2023-05-14 20:30:00,17.45,1011.4,68.1351051136837,0.9359999999999999,2.8800000000000003,7.500000000000007,13.333333333333334,1020.0333333333333,84.0,13.466666666666667,26.7,320.666670427471
2023-05-14 21:00:00,16.4,1011.6500000000001,73.15218761529428,1.26,3.24,309.0,12.766666666666666,1020.1,86.33333333333333,13.566666666666668,17.6,318.3331262999033
2023-05-14 21:30:00,15.55,1011.95,81.73445102245358,2.25,4.5,263.5,13.133333333333333,1020.1333333333333,88.0,15.9,20.8,313.6661962795516
2023-05-14 22:00:00,14.75,1012.2,83.30812514410502,2.196,4.104,267.0,13.4,1020.1333333333333,89.33333333333333,17.666666666666668,24.1,312.99847470611667
2023-05-14 22:30:00,14.100000000000001,1012.45,84.77426160309905,1.152,2.8440000000000003,295.0,13.233333333333334,1020.0666666666666,90.0,14.299999999999999,24.1,323.6668737000967
2023-05-14 23:00:00,13.2,1012.5,86.98611251073976,0.81,2.16,307.0,13.033333333333333,1020.0,91.0,13.433333333333332,22.8,334.67152760742243
2023-05-14 23:30:00,12.25,1012.4,89.80491304522585,0.756,1.656,327.0,12.766666666666666,1019.8333333333334,91.0,14.299999999999999,18.7,337.0
2023-05-15 00:00:00,11.95,1012.4,89.91721885371041,1.242,3.3120000000000003,292.0,12.466666666666667,1019.5666666666666,91.66666666666667,12.733333333333334,18.7,335.0
2023-05-15 00:30:00,11.75,1012.4,91.1177580058334,1.494,2.952,275.5,12.266666666666666,1019.2666666666668,92.0,13.166666666666666,18.4,334.3332957195608
2023-05-15 01:00:00,11.25,1012.25,93.5797073484267,1.2060000000000002,2.628,284.5,12.033333333333333,1019.0666666666666,92.33333333333333,10.866666666666667,17.1,335.3334650015942
2023-05-15 01:30:00,10.9,1012.05,95.39911324730079,1.1880000000000002,2.3040000000000003,280.5,11.866666666666667,1019.0,93.0,11.299999999999999,16.9,332.66670428043915
2023-05-15 02:00:00,10.7,1011.8499999999999,96.56213044016243,1.116,2.3400000000000003,289.5,11.766666666666666,1018.9333333333334,93.0,12.4,16.6,329.6666365779404
2023-05-15 02:30:00,10.649999999999999,1011.55,96.53122987780317,0.972,1.836,286.5,10.833333333333334,1018.7999999999998,93.0,8.266666666666667,16.6,328.6666365779404
2023-05-15 03:00:00,10.8,1011.3499999999999,96.92255738657029,0.972,2.3040000000000003,278.5,9.9,1018.7333333333332,93.0,3.6999999999999997,16.1,335.0
2023-05-15 03:30:00,10.8,1011.1500000000001,98.50512403445934,1.008,2.0160000000000005,277.5,9.133333333333333,1018.4666666666667,93.0,3.4666666666666663,9.7,335.0
2023-05-15 04:00:00,10.6,1011.0,99.91332033351915,0.9720000000000002,1.944,274.5,9.799999999999999,1018.7000000000002,94.0,10.0,15.4,316.9989829823174
2023-05-15 04:30:00,10.55,1011.0,99.75685224469933,0.9540000000000002,2.8080000000000003,273.0,9.833333333333334,1018.7000000000002,94.0,3.9666666666666663,16.1,305.0
2023-05-15 05:00:00,10.5,1010.9,99.89301192601232,0.9,1.944,270.5,10.766666666666666,1018.6666666666666,94.0,6.0,14.5,313.92458412117
2023-05-15 05:30:00,10.25,1010.75,99.89301192601232,0.756,1.944,292.5,11.633333333333333,1018.8666666666667,94.0,11.6,20.7,334.0
2023-05-15 06:00:00,9.3,1010.3499999999999,99.97144522915471,0.6660000000000001,1.332,33.5,12.133333333333333,1018.9,94.0,12.866666666666667,20.7,344.3250354680677
2023-05-15 06:30:00,9.399999999999999,1010.6,98.64758061361934,1.2240000000000002,3.384,280.5,12.4,1018.9,94.0,11.466666666666667,20.7,357.3254767656713
2023-05-15 07:00:00,10.05,1010.7,99.46374479130793,1.08,2.592,268.0,12.9,1019.0333333333333,93.66666666666667,11.333333333333334,18.9,2.3343121860284195
2023-05-15 07:30:00,10.2,1010.75,99.81851775326678,0.738,1.8,281.0,12.966666666666667,1019.0,93.0,13.133333333333333,19.5,351.6663655959727
2023-05-15 08:00:00,10.4,1010.9,99.73971468143212,1.26,2.772,279.5,13.233333333333334,1019.0,92.0,12.433333333333332,19.5,346.66544858796595
2023-05-15 08:30:00,10.75,1010.95,99.75709879529484,1.2240000000000002,3.888,287.0,14.466666666666667,1018.9333333333334,90.33333333333333,12.333333333333334,19.5,350.66351543576985
2023-05-15 09:00:00,11.649999999999999,1010.8499999999999,99.38705421974525,1.6920000000000002,4.32,316.5,15.4,1018.9333333333334,86.33333333333333,15.066666666666668,22.5,338.33835425574983
2023-05-15 09:30:00,13.8,1010.8499999999999,99.63208633634503,1.854,5.688000000000001,287.0,16.266666666666666,1018.8666666666667,80.33333333333333,14.433333333333332,22.5,353.66667042747105
2023-05-15 10:00:00,15.0,1010.7,93.74776393165021,1.944,5.58,284.5,16.366666666666664,1018.8666666666667,73.66666666666667,17.0,25.1,342.0
2023-05-15 10:30:00,16.4,1010.45,86.22836597326366,2.412,5.832000000000001,277.0,16.466666666666665,1018.8666666666667,73.33333333333333,16.7,25.3,335.9984747061166
2023-05-15 11:00:00,17.3,1010.65,77.30329633057715,2.5380000000000003,10.044,312.0,16.833333333333332,1018.8666666666667,73.0,19.233333333333334,26.6,321.6650091359808
2023-05-15 11:30:00,17.0,1010.8,74.44548362189126,2.592,11.088,269.0,17.033333333333335,1018.7666666666668,68.33333333333333,17.866666666666667,26.6,329.33020617018053
2023-05-15 12:00:00,17.2,1010.8,72.18080456570726,2.934,9.108,259.0,17.53333333333333,1018.6666666666666,66.0,17.633333333333333,26.5,325.99939016145606
2023-05-15 12:30:00,17.299999999999997,1010.8,70.56310705217717,2.916,6.876,268.0,17.566666666666666,1018.5666666666666,69.66666666666667,19.599999999999998,32.0,318.9385607012583
2023-05-15 13:00:00,16.85,1010.95,71.08488113870878,2.4480000000000004,6.12,280.5,17.4,1018.5666666666666,73.0,17.7,32.0,312.00101701768256
2023-05-15 13:30:00,17.0,1010.95,71.11249724141882,2.718,7.524,259.0,17.599999999999998,1018.4333333333334,74.33333333333333,17.566666666666666,32.0,305.3349908640192
2023-05-15 14:00:00,16.55,1010.9,70.59871618601183,2.3760000000000003,7.920000000000001,252.0,17.0,1018.2999999999998,77.0,22.03333333333333,32.4,302.6677210568365
2023-05-15 14:30:00,16.950000000000003,1010.75,67.25241254298727,2.466,7.812,261.5,16.400000000000002,1018.3333333333334,78.33333333333333,25.933333333333334,42.0,308.34673867434657
2023-05-15 15:00:00,17.4,1010.6,64.9211523416088,2.754,7.920000000000001,252.5,14.5,1018.4,80.33333333333333,21.5,42.0,346.34673867434657
2023-05-15 15:30:00,17.2,1010.6500000000001,71.08549537214432,2.718,16.02,291.0,14.033333333333333,1018.5666666666666,86.0,15.366666666666665,42.0,7.336861505186232
2023-05-15 16:00:00,17.1,1010.5,73.04984646703619,2.736,9.792000000000002,260.0,14.0,1018.9,88.66666666666667,11.733333333333334,34.2,12.182236854801033
2023-05-15 16:30:00,17.15,1010.4,72.98926998851181,2.394,7.776000000000001,282.5,13.1,1019.0,89.66666666666667,9.966666666666667,19.9,8.13769243960988
2023-05-15 17:00:00,15.95,1010.6500000000001,78.89766279676924,3.204,7.308,263.0,12.733333333333334,1018.8000000000001,90.66666666666667,13.200000000000001,27.6,2.674964531932304
2023-05-15 17:30:00,14.25,1010.8499999999999,86.62223533489853,3.6719999999999997,7.2,263.5,12.933333333333332,1018.7666666666668,91.0,7.533333333333332,27.6,355.9957233079115
2023-05-15 18:00:00,13.350000000000001,1011.05,87.1204054437657,3.528,8.172,264.5,13.266666666666666,1018.9666666666667,91.66666666666667,12.566666666666668,19.8,349.3332957195608
2023-05-15 18:30:00,12.8,1011.2,90.65323332567391,2.592,6.048,270.5,13.5,1019.0,91.66666666666667,13.366666666666667,20.3,352.3316677603159
2023-05-15 19:00:00,12.649999999999999,1011.0,93.89621647110567,1.53,3.168,282.5,13.566666666666668,1019.3333333333334,92.0,13.566666666666668,26.9,354.0
2023-05-15 19:30:00,12.850000000000001,1011.0,94.8992833117674,1.566,3.996,276.5,13.066666666666668,1019.5,92.0,15.633333333333333,26.9,354.0
2023-05-15 20:00:00,12.9,1011.2,96.06845018395302,1.566,4.752000000000001,275.5,12.833333333333334,1019.8000000000001,92.0,17.833333333333332,29.8,4.000000000000001
2023-05-15 20:30:00,12.850000000000001,1011.3,96.14763977172802,1.1340000000000001,3.024,283.0,12.666666666666666,1020.1666666666666,92.0,17.466666666666665,29.8,2.3333295725289798
2023-05-15 21:00:00,12.8,1011.45,96.25876246622323,1.17,2.8800000000000003,286.0,12.433333333333332,1020.4,92.0,15.766666666666666,29.8,10.665009135980814
2023-05-15 21:30:00,12.55,1011.6,96.20151892785226,1.008,2.8080000000000003,307.5,11.9,1020.6333333333333,92.0,17.266666666666666,27.2,13.333295719560828
2023-05-15 22:00:00,12.6,1011.7,96.43405117831453,1.836,8.1,284.0,11.333333333333334,1020.7999999999998,91.0,16.400000000000002,27.2,14.999999999999998
2023-05-15 22:30:00,12.7,1012.1,96.6887216451563,1.782,8.28,276.0,10.933333333333332,1020.9,91.0,16.5,26.2,15.000000000000002
2023-05-15 23:00:00,12.55,1012.3499999999999,96.43959889223456,2.8260000000000005,9.864,251.5,10.833333333333334,1020.9333333333334,90.0,16.5,26.2,13.0
2023-05-15 23:30:00,12.25,1012.55,94.78258358276028,2.502,7.668,247.5,10.299999999999999,1020.9666666666667,90.0,15.933333333333335,25.3,8.33322798267438
2023-05-16 00:00:00,11.55,1012.7,95.77217901118718,2.034,9.684,262.0,9.9,1021.0,90.0,16.566666666666666,25.3,11.333363422059584
2023-05-16 00:30:00,11.25,1012.7,93.39127827378474,2.466,7.416,244.49999999999994,9.433333333333334,1021.1,90.0,14.9,23.7,11.3331262999033
2023-05-16 01:00:00,11.2,1012.75,92.16187409349263,2.4300000000000006,8.208,233.0,8.9,1021.1,90.0,14.0,23.0,14.333329572528982
2023-05-16 01:30:00,11.25,1012.9,90.99568874242634,2.0700000000000003,7.920000000000001,240.99999999999997,8.266666666666667,1021.2333333333332,90.33333333333333,12.833333333333334,21.1,10.337981153606801
2023-05-16 02:00:00,11.1,1012.95,91.56576538046028,1.746,4.428,260.5,7.8,1021.3666666666667,91.0,13.9,18.7,8.0
2023-05-16 02:30:00,10.15,1012.9,94.72190011546108,1.242,3.204,323.0,7.633333333333333,1021.5,91.0,14.366666666666667,18.7,8.333295719560827
2023-05-16 03:00:00,9.45,1012.8499999999999,94.59708015843155,1.782,8.424,274.5,7.166666666666667,1021.5,91.0,13.766666666666666,18.7,6.666772017325621
2023-05-16 03:30:00,8.75,1012.9,95.76455626449172,1.44,4.104,295.5,6.7,1021.6666666666666,91.0,12.4,18.4,4.666534998405788
2023-05-16 04:00:00,7.9,1012.9,97.0878038692054,1.08,3.996,340.0,6.533333333333334,1021.6333333333333,91.0,13.433333333333332,18.1,6.6667042804391725
2023-05-16 04:30:00,7.4,1012.9,97.25785342191159,1.314,4.104,351.5,6.366666666666667,1021.7333333333332,92.0,13.133333333333333,18.1,18.003675836412327
2023-05-16 05:00:00,6.8,1012.9,97.80155093843715,1.08,3.528,1.500000000000004,6.8,1021.9666666666667,91.33333333333333,12.366666666666667,17.5,23.000609838543888
2023-05-16 05:30:00,6.300000000000001,1012.8499999999999,97.82976058451149,1.1520000000000001,4.212,0.5000000000000085,7.466666666666666,1022.0666666666666,91.0,13.733333333333334,19.2,22.000000000000007
2023-05-16 06:00:00,6.0,1012.8499999999999,97.74149266265528,1.08,4.068,341.5,8.033333333333333,1022.4,91.0,13.299999999999999,21.3,22.333465001594213
2023-05-16 06:30:00,5.65,1013.0,98.61204518888763,1.224,5.328,11.0,9.0,1022.6666666666666,89.66666666666667,16.533333333333335,26.6,30.33332957252898
2023-05-16 07:00:00,5.35,1013.1,98.73064930425149,1.044,4.176,2.4999999999999987,9.966666666666667,1022.8666666666667,87.0,20.3,33.1,32.33346500159421
2023-05-16 07:30:00,5.85,1013.1500000000001,97.36201131521528,1.4040000000000001,5.6160000000000005,321.5,10.9,1023.0,82.33333333333333,21.266666666666666,33.1,33.0
2023-05-16 08:00:00,7.15,1013.5,97.36765955159464,2.556,12.6,255.0,11.733333333333334,1023.1333333333333,74.0,24.366666666666664,38.7,39.33322798267437
2023-05-16 08:30:00,8.45,1013.9,99.64961435734034,3.2940000000000005,12.348,226.99999999999997,12.733333333333334,1023.0333333333333,66.66666666666667,21.766666666666666,38.7,41.667721056836534
2023-05-16 09:00:00,9.95,1014.25,93.00785309970249,3.4379999999999997,11.412,222.0,13.533333333333333,1023.1,62.333333333333336,22.8,38.7,43.0
2023-05-16 09:30:00,11.05,1014.45,83.51363037038854,4.176,13.212,194.0,14.1,1023.1333333333333,55.666666666666664,24.933333333333334,41.1,42.674964531932304
2023-05-16 10:00:00,12.2,1014.6,74.93592913874154,4.212,12.420000000000002,197.5,14.866666666666667,1023.1333333333333,51.333333333333336,23.099999999999998,41.1,38.000304779886214
2023-05-16 10:30:00,13.05,1014.6,66.7255144382633,4.392,20.592,206.49999999999997,15.333333333333334,1023.0666666666666,49.666666666666664,22.599999999999998,41.1,37.34623823084249
2023-05-16 11:00:00,13.65,1014.6,61.2095055300561,4.77,12.888,176.00000000000003,15.700000000000001,1023.0333333333333,48.0,24.833333333333332,40.8,45.6663655959727
2023-05-16 11:30:00,14.3,1014.7,58.0185623159055,5.2379999999999995,15.659999999999998,200.49999999999997,16.166666666666668,1022.9666666666667,47.666666666666664,21.866666666666664,37.3,44.316743440191594
2023-05-16 12:00:00,14.95,1014.75,54.420779144464426,4.896,18.288,175.0,16.633333333333333,1022.9666666666667,46.333333333333336,23.8,39.4,42.33431218602841
2023-05-16 12:30:00,15.5,1014.7,50.5695200881603,5.22,19.944,153.0,16.76666666666667,1022.9333333333334,45.333333333333336,24.266666666666666,39.4,36.34729194840116
2023-05-16 13:00:00,15.95,1014.7,48.91210037455944,5.760000000000001,14.112,173.0,17.266666666666666,1022.8333333333334,46.0,20.966666666666665,39.4,44.339753094257816
2023-05-16 13:30:00,16.35,1014.75,48.294514169227575,5.5440000000000005,18.432,165.99999999999997,17.400000000000002,1022.7666666666668,45.333333333333336,23.433333333333334,36.9,37.662018846393195
2023-05-16 14:00:00,16.799999999999997,1014.7,48.761557272060365,4.626,14.22,172.5,17.8,1022.7333333333332,45.333333333333336,21.099999999999998,38.2,37.0
2023-05-16 14:30:00,16.95,1014.75,47.629063431315586,5.2379999999999995,17.244,206.49999999999997,18.099999999999998,1022.6333333333333,45.333333333333336,22.566666666666666,38.2,37.999695220113786
2023-05-16 15:00:00,17.3,1014.7,46.07912206490181,4.86,21.492,194.0,17.866666666666664,1022.5,46.0,22.766666666666666,41.6,31.670097881552405
2023-05-16 15:30:00,17.75,1014.7,45.2318067179482,4.518000000000001,14.4,188.0,17.766666666666666,1022.4,47.666666666666664,19.599999999999998,41.6,44.667246271919
2023-05-16 16:00:00,18.0,1014.7,45.494424040088376,4.698,15.156,199.0,17.599999999999998,1022.4,49.0,19.2,41.6,39.33431218602841
2023-05-16 16:30:00,18.25,1014.7,44.545996294680585,4.59,20.484,183.0,17.3,1022.4,50.333333333333336,19.533333333333335,34.6,36.996435545703534
2023-05-16 17:00:00,18.35,1014.6500000000001,44.5776740107533,4.194,16.884,200.5,17.5,1022.3333333333334,50.333333333333336,20.266666666666666,37.4,33.66313849481376
2023-05-16 17:30:00,18.1,1014.55,44.15172079821734,3.996,20.628000000000004,204.49999999999997,16.8,1022.4,51.666666666666664,15.866666666666667,37.4,36.0
2023-05-16 18:00:00,18.15,1014.6500000000001,44.252388066364915,4.428,17.568,202.5,16.400000000000002,1022.3666666666667,51.666666666666664,16.666666666666668,37.4,32.001017017682585
2023-05-16 18:30:00,17.65,1014.7,45.36778442345522,4.482,12.420000000000002,209.49999999999997,15.6,1022.5666666666666,55.0,12.200000000000001,27.1,32.33431218602842
2023-05-16 19:00:00,16.9,1014.9,46.24373238596154,3.3120000000000003,11.268,208.49999999999997,14.366666666666667,1022.8000000000001,60.333333333333336,10.566666666666666,23.7,28.00826430746326
2023-05-16 19:30:00,16.55,1014.9,47.1020568499555,3.2760000000000002,11.592,219.0,12.666666666666666,1023.0666666666666,65.66666666666667,8.9,15.7,25.0
2023-05-16 20:00:00,16.0,1015.0,48.708723155866004,2.9160000000000004,9.936,208.49999999999997,11.200000000000001,1023.3666666666667,72.0,8.299999999999999,15.1,18.333634404027308
2023-05-16 20:30:00,14.8,1015.1500000000001,57.32656243941281,1.764,7.308,4.0000000000000355,10.9,1023.7666666666668,75.0,9.9,13.1,18.99969522011378
2023-05-16 21:00:00,13.3,1015.3499999999999,65.28088024479982,1.6020000000000003,6.444,47.5,11.0,1023.9333333333334,74.0,11.700000000000001,15.2,22.333295719560827
2023-05-16 21:30:00,11.55,1015.4,71.50989514152195,1.476,2.8800000000000003,53.00000000000001,10.333333333333334,1024.2,76.0,10.566666666666666,15.2,22.666670427471022
2023-05-16 22:00:00,10.65,1015.7,74.35622300676988,1.4580000000000002,2.952,56.0,10.1,1024.3333333333333,77.66666666666667,11.266666666666666,15.2,24.333465001594213
2023-05-16 22:30:00,10.05,1016.0,78.04110325402098,1.116,2.268,40.5,9.200000000000001,1024.6666666666667,80.0,8.0,14.5,29.666772017325624
2023-05-16 23:00:00,9.399999999999999,1016.1500000000001,82.24402672701663,1.512,2.664,54.5,9.1,1024.8333333333333,82.0,10.733333333333334,13.9,16.0
2023-05-16 23:30:00,8.8,1016.3499999999999,84.006085469782,1.1880000000000002,2.124,42.49999999999999,8.766666666666667,1024.9,82.33333333333333,10.233333333333334,12.7,16.333803720448365
2023-05-17 00:00:00,8.4,1016.45,85.99992368584219,1.332,2.3040000000000003,54.0,8.2,1024.8999999999999,83.66666666666667,10.233333333333334,14.1,16.666534998405787
2023-05-17 00:30:00,8.0,1016.55,87.48458409509414,1.044,1.872,40.50000000000001,8.066666666666666,1024.9666666666667,84.0,12.1,14.8,17.666365595972696
2023-05-17 01:00:00,7.5,1016.7,90.03844267484217,1.0080000000000002,1.8,29.500000000000004,7.866666666666667,1025.1,85.0,11.766666666666666,14.8,18.666128215596732
2023-05-17 01:30:00,7.0,1016.7,91.9811479944952,0.9,1.62,21.5,7.733333333333333,1025.0333333333333,85.0,11.466666666666667,14.8,20.000304779886218
2023-05-17 02:00:00,6.55,1016.7,94.15039841775115,0.9900000000000001,1.728,36.5,6.733333333333333,1025.0666666666666,86.33333333333333,7.233333333333333,14.5,22.33380372044837
2023-05-17 02:30:00,6.199999999999999,1016.6500000000001,95.13433226722637,0.936,1.692,35.0,6.133333333333333,1025.1333333333332,87.66666666666667,6.8999999999999995,14.5,22.000813056087253
2023-05-17 03:00:00,5.95,1016.7,96.36488559646551,0.9,1.728,31.499999999999993,6.3,1025.2,88.66666666666667,8.033333333333333,12.1,27.0
2023-05-17 03:30:00,5.75,1016.55,96.73123715420593,0.8280000000000001,1.8,31.0,6.6000000000000005,1025.1333333333332,89.0,9.700000000000001,12.8,25.66890844214983
2023-05-17 04:00:00,5.6,1016.5,96.9734324823755,0.7020000000000001,1.584,3.5,6.066666666666666,1025.3,89.0,8.4,12.8,25.999999999999996
2023-05-17 04:30:00,5.55,1016.6,96.92441826460741,0.756,1.764,9.0,5.966666666666666,1025.5333333333333,90.0,9.433333333333332,13.0,35.33336342205959
2023-05-17 05:00:00,5.4,1016.6,97.21624949690965,1.116,2.0160000000000005,39.99999999999999,6.533333333333334,1025.7,90.0,11.299999999999999,14.5,25.66667042747102
2023-05-17 05:30:00,5.4,1016.55,97.4392225462145,1.584,2.592,58.99999999999999,7.166666666666667,1026.0333333333333,90.0,9.866666666666667,14.5,20.666534998405787
2023-05-17 06:00:00,5.300000000000001,1016.6500000000001,98.17507363613538,1.026,1.8,30.5,8.333333333333334,1026.2666666666667,89.66666666666667,10.4,15.7,29.3331262999033
2023-05-17 06:30:00,5.1,1016.75,98.58811406114467,1.026,1.8,20.000000000000004,9.766666666666667,1026.3666666666668,88.33333333333333,12.966666666666667,19.5,39.33322798267437
2023-05-17 07:00:00,5.1,1016.95,98.1884690240015,0.918,1.692,8.5,11.1,1026.5666666666666,86.0,15.166666666666666,22.6,43.33329571956083
2023-05-17 07:30:00,5.5,1017.3,98.58519745260472,0.8640000000000001,2.052,27.500000000000004,12.333333333333334,1026.5666666666666,80.66666666666667,15.299999999999999,24.0,48.66670428043917
2023-05-17 08:00:00,6.55,1017.6,98.98847737173125,1.332,7.56,322.0,13.700000000000001,1026.5666666666666,73.33333333333333,15.766666666666666,26.5,47.66663657794041
2023-05-17 08:30:00,8.55,1017.8499999999999,99.86671094263686,2.016,7.38,203.0,14.633333333333333,1026.3333333333333,67.0,17.900000000000002,30.5,45.99918694391274
2023-05-17 09:00:00,10.649999999999999,1018.1500000000001,96.4828109041496,2.574,10.044,201.5,15.366666666666667,1026.1333333333332,63.0,19.73333333333333,31.0,51.66772105683654
2023-05-17 09:30:00,12.25,1018.3,83.61654522043105,3.06,10.8,183.0,16.2,1025.9,59.333333333333336,20.733333333333334,35.0,49.6669074498284
2023-05-17 10:00:00,13.55,1018.3,74.82780560726542,3.258,11.376,164.5,16.533333333333335,1025.8,55.333333333333336,20.8,35.0,43.30988911523956
2023-05-17 10:30:00,14.75,1018.1500000000001,68.78729888280344,3.492,12.636,185.5,17.0,1025.6333333333332,54.333333333333336,21.400000000000002,38.9,42.337981153606805
2023-05-17 11:00:00,15.5,1017.8499999999999,62.01878591138676,4.698,13.212,163.49999999999997,17.433333333333334,1025.3999999999999,52.666666666666664,22.266666666666666,38.9,35.332820692899936
2023-05-17 11:30:00,16.549999999999997,1017.55,57.33123005937034,4.8420000000000005,15.264,183.99999999999997,17.599999999999998,1025.0666666666666,50.666666666666664,24.53333333333333,43.0,31.990818840388815
2023-05-17 12:00:00,17.0,1017.55,54.90962909618651,4.7700000000000005,14.112,194.5,17.833333333333332,1024.8,49.0,26.400000000000002,44.4,32.00652234094207
2023-05-17 12:30:00,16.950000000000003,1017.5,53.34656711951504,5.382000000000001,15.732,177.5,18.166666666666668,1024.5,49.0,23.8,44.4,32.65629569880911
2023-05-17 13:00:00,17.9,1017.1500000000001,51.48679766120995,5.184,12.528,177.5,18.8,1024.2,48.666666666666664,24.8,44.4,34.00489325099098
2023-05-17 13:30:00,18.200000000000003,1016.85,49.0194422975245,5.76,19.188,177.5,18.900000000000002,1024.0,47.666666666666664,23.566666666666666,42.6,37.66677201732562
2023-05-17 14:00:00,18.0,1016.8,50.97763955711049,4.95,13.932,201.5,18.96666666666667,1023.7666666666668,48.333333333333336,24.733333333333334,39.9,27.990818840388815
2023-05-17 14:30:00,18.4,1016.5,49.637326262570625,4.716000000000001,15.948,185.5,19.3,1023.5,46.333333333333336,21.96666666666667,39.9,35.333126299903306
2023-05-17 15:00:00,19.0,1016.25,47.62460996966776,4.986000000000001,13.356,183.0,18.966666666666665,1023.3333333333334,47.0,22.0,39.9,37.66833223968412
2023-05-17 15:30:00,19.450000000000003,1016.1,46.44534691047275,5.04,15.696000000000002,181.49999999999997,19.433333333333334,1023.4,45.666666666666664,24.133333333333336,43.4,46.997860674076115
2023-05-17 16:00:00,19.25,1015.95,46.24215215575381,4.41,15.336,204.0,18.766666666666666,1023.4666666666667,46.333333333333336,24.400000000000002,43.4,47.66677201732563
2023-05-17 16:30:00,19.299999999999997,1015.7,44.88826462019021,4.824000000000001,15.840000000000002,194.0,18.466666666666665,1023.4666666666667,46.666666666666664,23.433333333333334,42.8,54.666196279551635
2023-05-17 17:00:00,19.049999999999997,1015.7,44.75332758765336,4.86,22.248,183.5,17.933333333333334,1023.5,48.333333333333336,19.433333333333334,42.8,56.00030477988623
2023-05-17 17:30:00,18.55,1015.9,44.86477895306932,4.59,16.524,207.5,17.266666666666666,1023.6666666666666,48.666666666666664,22.099999999999998,40.0,54.0
2023-05-17 18:00:00,18.4,1015.9,44.67314051440874,4.571999999999999,15.264,200.0,16.733333333333334,1023.8666666666667,49.333333333333336,18.066666666666666,37.5,56.99939016145611
2023-05-17 18:30:00,17.9,1016.1,45.77944237234833,4.176,15.192,169.5,16.166666666666668,1024.0333333333333,51.0,16.7,37.5,53.99989843765718
2023-05-17 19:00:00,17.700000000000003,1016.1,45.12562555293904,4.571999999999999,19.62,187.5,15.299999999999999,1024.2666666666667,54.0,14.033333333333333,29.4,50.666636577940416
2023-05-17 19:30:00,16.75,1016.25,46.41198114754434,3.7800000000000002,13.392,156.00000000000003,13.9,1024.3999999999999,60.0,13.466666666666667,29.4,44.66667042747101
2023-05-17 20:00:00,16.45,1016.45,46.468562694469014,3.276,9.828,190.0,12.766666666666666,1024.7,64.0,12.833333333333334,21.3,36.998982982317415
2023-05-17 20:30:00,15.25,1016.6,50.85623955528991,2.5200000000000005,7.236,165.00000000000003,11.866666666666667,1024.8999999999999,67.0,11.9,17.4,36.99999999999999
2023-05-17 21:00:00,14.05,1016.75,57.279220575505164,1.854,6.516,83.99999999999999,11.0,1024.9333333333334,70.0,10.133333333333333,17.4,28.666670427471026
2023-05-17 21:30:00,13.05,1016.8499999999999,60.76916458414178,2.124,7.452,88.00000000000001,11.066666666666668,1025.0,70.33333333333333,11.966666666666667,17.8,26.333092550171607
2023-05-17 22:00:00,11.25,1017.05,68.34249640085815,1.548,2.9160000000000004,59.00000000000001,10.233333333333334,1024.9666666666667,72.33333333333333,11.466666666666667,17.8,19.66667042747102
2023-05-17 22:30:00,9.95,1017.1500000000001,73.26302421758925,1.278,3.132,45.5,9.866666666666667,1024.9,74.0,11.0,17.8,24.000000000000004
2023-05-17 23:00:00,9.25,1017.2,76.74249305740562,1.404,2.484,50.0,9.366666666666667,1024.9,75.0,11.266666666666666,15.1,20.666772017325624
2023-05-17 23:30:00,8.65,1017.1500000000001,79.47512663914705,1.296,2.628,44.5,9.299999999999999,1024.8666666666668,76.66666666666667,12.333333333333334,15.1,22.000000000000004
2023-05-18 00:00:00,8.3,1017.1,82.02164948972978,1.512,2.9160000000000004,58.500000000000014,9.033333333333333,1024.8,78.33333333333333,12.166666666666666,15.3,21.006429761464705
2023-05-18 00:30:00,7.9,1016.95,84.89158035336206,1.278,2.3040000000000003,48.5,8.433333333333334,1024.6666666666667,80.0,12.566666666666668,15.3,11.33332957252898
2023-05-18 01:00:00,7.449999999999999,1016.8499999999999,87.01098439465473,1.224,2.3040000000000003,47.5,8.299999999999999,1024.6333333333332,81.66666666666667,13.433333333333332,15.7,16.333092550171603
2023-05-18 01:30:00,7.0,1016.75,89.28677072223557,0.954,1.944,27.5,8.233333333333333,1024.5666666666666,83.66666666666667,11.933333333333332,15.7,16.667246271919
2023-05-18 02:00:00,6.699999999999999,1016.55,91.09826740405052,1.2240000000000002,2.052,40.5,8.133333333333333,1024.5333333333333,84.66666666666667,13.633333333333333,15.6,18.99969522011378
2023-05-18 02:30:00,6.4,1016.45,92.68473619150583,1.044,2.052,35.00000000000001,7.933333333333334,1024.6,86.0,13.733333333333334,15.1,17.33499086401919
2023-05-18 03:00:00,6.35,1016.3499999999999,93.63061885116123,1.17,2.052,35.0,7.833333333333333,1024.5666666666666,87.0,13.4,15.4,17.66677201732562
2023-05-18 03:30:00,6.25,1016.2,94.81044429479381,1.062,2.196,19.999999999999996,7.833333333333333,1024.6000000000001,87.66666666666667,12.266666666666666,15.4,20.333803720448365
2023-05-18 04:00:00,5.95,1016.1,95.66717843788673,0.9,1.8,359.0,7.666666666666667,1024.8,88.0,11.700000000000001,15.2,18.999898437657183
2023-05-18 04:30:00,5.85,1016.0,95.95433443976694,0.8280000000000001,1.728,2.5000000000000004,7.366666666666667,1024.7666666666667,89.0,10.0,15.2,17.333363422059584
2023-05-18 05:00:00,5.7,1016.0,96.193277343702,0.8640000000000001,2.088,4.999999999999996,7.8,1024.8999999999999,89.0,12.333333333333334,16.4,22.666636577940416
2023-05-18 05:30:00,5.75,1016.05,96.40556488467483,1.026,2.052,16.5,8.666666666666666,1025.0,89.33333333333333,11.833333333333334,16.4,19.66670428043917
2023-05-18 06:00:00,5.5,1016.2,97.42820673435648,0.864,1.8,16.499999999999996,9.833333333333334,1025.1333333333334,89.0,11.166666666666666,16.4,23.667958196155947
2023-05-18 06:30:00,5.45,1016.2,97.2126732243891,0.756,1.8,352.0,11.1,1025.2333333333333,87.66666666666667,11.799999999999999,17.1,29.00060983854389
2023-05-18 07:00:00,5.6,1016.2,97.63116794520371,0.8640000000000001,1.98,11.0,12.266666666666666,1025.2666666666667,84.0,13.9,22.1,31.33329571956082
2023-05-18 07:30:00,6.15,1016.3499999999999,97.89200795186203,0.9900000000000001,2.772,13.999999999999998,13.333333333333334,1025.2666666666667,77.33333333333333,16.0,25.1,38.3336344040273
2023-05-18 08:00:00,7.45,1016.45,98.69866982636539,1.35,4.464,42.0,14.233333333333334,1025.2,70.33333333333333,17.2,25.1,29.333329572528978
2023-05-18 08:30:00,9.75,1016.75,99.70776657155183,1.9980000000000002,7.704000000000001,216.0,14.9,1025.1333333333332,64.66666666666667,18.3,26.7,33.66908038147408
2023-05-18 09:00:00,11.65,1016.8499999999999,94.63999176477452,2.6820000000000004,8.028,210.0,15.799999999999999,1025.0,61.333333333333336,19.0,35.5,44.67230796817602
2023-05-18 09:30:00,12.65,1017.0,82.44539968106662,2.952,10.44,185.99999999999997,16.433333333333334,1024.9333333333334,54.666666666666664,23.566666666666666,37.6,40.00000000000001
2023-05-18 10:00:00,13.7,1017.0,75.41216087555912,3.096,8.892000000000001,190.99999999999997,17.0,1024.8999999999999,52.0,23.0,38.1,42.66325977118143
2023-05-18 10:30:00,14.8,1016.8499999999999,69.4230203382802,3.042,9.396,199.0,17.133333333333333,1024.6666666666667,50.666666666666664,23.833333333333332,38.1,39.332753728080995
2023-05-18 11:00:00,15.65,1016.6500000000001,63.87382952059474,3.474,10.188,210.0,17.400000000000002,1024.6,49.666666666666664,22.866666666666664,38.7,33.67230796817603
2023-05-18 11:30:00,16.3,1016.55,58.55187568621352,4.338000000000001,16.164,204.5,17.766666666666666,1024.4333333333334,48.666666666666664,22.5,38.7,26.333126299903302
2023-05-18 12:00:00,16.9,1016.5,54.01399524244636,4.428,19.332,183.0,17.366666666666667,1024.2333333333333,49.666666666666664,23.133333333333336,39.8,34.67807002124104
2023-05-18 12:30:00,17.1,1016.4,51.38236037199163,4.518000000000001,13.788,206.0,17.5,1024.0666666666666,50.0,22.7,39.8,33.629031272949405
2023-05-18 13:00:00,17.8,1016.25,48.28523086193182,4.3740000000000006,12.492,209.5,17.900000000000002,1023.8333333333334,50.0,23.96666666666667,39.8,34.67099042297873
2023-05-18 13:30:00,17.4,1016.3499999999999,47.099421840622966,4.5360000000000005,17.388,197.0,18.7,1023.5666666666666,48.0,25.633333333333336,39.1,32.0
2023-05-18 14:00:00,17.1,1016.3,48.512512840471764,4.554,15.192,196.5,18.900000000000002,1023.4333333333334,47.666666666666664,22.400000000000002,39.1,34.67230796817602
2023-05-18 14:30:00,16.75,1016.3,49.810757660430156,3.96,13.824,210.99999999999997,18.7,1023.1333333333333,48.0,22.766666666666666,39.1,27.33237777578916
2023-05-18 15:00:00,16.95,1016.1500000000001,51.61689963962294,4.284000000000001,12.564000000000002,208.49999999999997,18.966666666666665,1022.9666666666667,48.0,23.266666666666666,38.7,30.334551412034042
2023-05-18 15:30:00,17.450000000000003,1015.9,51.616097235147095,4.1579999999999995,14.76,201.5,18.833333333333332,1022.7999999999998,48.0,22.566666666666666,38.7,35.333126299903306
2023-05-18 16:00:00,18.5,1015.6,49.5905533675909,4.140000000000001,18.504,196.5,18.766666666666666,1022.7666666666668,49.333333333333336,20.766666666666666,37.2,31.666534998405783
2023-05-18 16:30:00,18.3,1015.3499999999999,48.82382039032231,4.122,10.296,198.5,18.03333333333333,1022.7666666666668,50.333333333333336,20.933333333333334,35.9,38.998982982317415
2023-05-18 17:00:00,18.5,1015.1500000000001,48.872076217433424,4.086,13.932,200.0,18.233333333333334,1022.5333333333333,49.666666666666664,20.966666666666665,34.7,22.998474706116646
2023-05-18 17:30:00,18.6,1015.0,46.782137256597814,4.140000000000001,14.58,215.0,18.0,1022.4333333333334,50.0,20.8,32.6,33.339753094257816
2023-05-18 18:00:00,18.3,1015.1,46.404482627001414,4.1579999999999995,12.888,194.99999999999997,17.366666666666667,1022.5,52.333333333333336,16.766666666666666,32.6,38.66663657794041
2023-05-18 18:30:00,18.0,1015.1,46.65722082066571,3.9959999999999996,10.548,190.99999999999997,16.333333333333332,1022.6999999999999,57.0,13.0,32.6,37.0
2023-05-18 19:00:00,17.75,1015.1,45.61828863347055,3.87,9.108,201.0,14.933333333333332,1022.9333333333334,62.0,11.966666666666667,23.1,40.99969522011378
2023-05-18 19:30:00,17.2,1015.05,46.29665752757007,3.366,12.312,189.5,13.533333333333333,1023.1333333333333,66.0,8.700000000000001,23.1,38.3336344040273
2023-05-18 20:00:00,16.55,1015.05,48.71528662599941,2.88,9.756,208.49999999999997,11.200000000000001,1023.4,73.33333333333333,6.7,14.5,38.33526194922301
2023-05-18 20:30:00,15.350000000000001,1015.25,56.724261747607976,1.836,6.372,126.5,10.1,1023.6666666666666,77.66666666666667,9.366666666666667,11.9,33.00152669071972
2023-05-18 21:00:00,13.45,1015.5,67.02450634327677,1.476,3.024,59.99999999999999,8.566666666666668,1023.9666666666667,82.0,7.766666666666667,13.0,22.00030477988622
2023-05-18 21:30:00,11.899999999999999,1015.6500000000001,70.76218353778633,1.4220000000000002,3.096,61.50000000000001,8.1,1023.9666666666667,84.33333333333333,3.1666666666666665,12.9,51.0
2023-05-18 22:00:00,10.95,1015.8,73.1461708013101,1.494,2.268,59.5,7.533333333333334,1024.0,86.33333333333333,3.1333333333333333,12.9,51.0
2023-05-18 22:30:00,10.4,1015.95,75.55973649853723,1.4580000000000002,2.3760000000000003,58.00000000000001,7.333333333333333,1024.0333333333333,87.33333333333333,5.166666666666667,11.3,30.321929978758952
2023-05-18 23:00:00,10.149999999999999,1016.1500000000001,76.99424475716248,1.332,2.8800000000000003,50.49999999999999,7.8999999999999995,1024.0333333333333,88.0,9.233333333333333,13.7,15.661944810707297
2023-05-18 23:30:00,9.8,1016.25,78.3673560922882,1.2600000000000002,2.088,46.50000000000001,9.0,1023.9333333333334,86.0,10.366666666666667,13.7,19.001526690719718
2023-05-19 00:00:00,9.55,1016.1,80.49318854787151,1.368,2.484,52.50000000000001,9.1,1023.7999999999998,84.0,11.033333333333331,14.5,12.333092550171603
2023-05-19 00:30:00,9.45,1016.1500000000001,81.50120201547793,1.548,2.4480000000000004,63.0,8.833333333333334,1023.9,83.33333333333333,13.266666666666666,17.5,2.3330925501716013
2023-05-19 01:00:00,9.0,1016.05,84.18672975327264,1.4940000000000002,2.3760000000000003,56.5,8.200000000000001,1023.8666666666667,84.33333333333333,12.066666666666668,17.5,5.332753728081003
2023-05-19 01:30:00,8.45,1016.0,86.34299656328062,1.404,2.232,55.5,7.533333333333334,1023.7666666666668,85.66666666666667,10.166666666666666,17.5,13.666128215596729
2023-05-19 02:00:00,8.1,1015.75,87.81813850650883,1.44,2.664,52.0,7.599999999999999,1023.7000000000002,86.0,12.333333333333334,15.8,18.66677201732562
2023-05-19 02:30:00,7.75,1015.6,88.7985551256475,1.2600000000000002,2.736,37.5,7.433333333333334,1023.6666666666666,86.0,12.766666666666666,15.5,13.999999999999998
2023-05-19 03:00:00,7.4,1015.6,90.60765414616604,1.098,2.196,21.5,7.2,1023.5333333333333,87.0,11.633333333333333,15.5,20.00010156234282
2023-05-19 03:30:00,7.1,1015.55,91.44903012382957,1.1880000000000002,2.952,32.49999999999999,6.266666666666667,1023.5666666666666,87.66666666666667,7.666666666666667,15.5,18.333363422059588
2023-05-19 04:00:00,6.699999999999999,1015.45,92.46932150212268,1.008,1.944,5.000000000000001,6.0,1023.6,89.0,8.200000000000001,14.0,17.66677201732562
2023-05-19 04:30:00,6.199999999999999,1015.25,94.0788746748577,0.882,2.0160000000000005,4.0000000000000036,6.5,1023.6666666666666,89.66666666666667,9.066666666666666,12.3,19.999695220113786
2023-05-19 05:00:00,5.75,1015.1,95.48111049155129,0.9,1.692,4.5000000000000036,6.766666666666667,1023.9,90.0,11.033333333333333,13.7,16.333363422059588
2023-05-19 05:30:00,5.65,1015.0,95.26855289744023,1.098,4.212,9.5,7.666666666666667,1023.9666666666667,90.0,9.799999999999999,13.7,16.333363422059588
2023-05-19 06:00:00,5.45,1015.0,95.87947084874034,0.9359999999999999,2.232,358.5,8.933333333333334,1023.9,89.66666666666667,9.333333333333334,15.6,25.666636577940416
2023-05-19 06:30:00,5.25,1015.0,96.72003474552162,0.9540000000000001,2.052,11.500000000000004,10.266666666666667,1023.9,88.33333333333333,12.966666666666667,19.7,24.335261949223007
2023-05-19 07:00:00,5.15,1015.1,97.39113886591426,0.9,2.088,6.500000000000001,11.566666666666668,1023.8000000000001,86.0,15.466666666666667,21.2,20.666534998405787
2023-05-19 07:30:00,5.75,1015.3499999999999,96.99156209336192,0.9540000000000002,2.8440000000000003,14.0,13.1,1023.8666666666667,80.66666666666667,15.5,23.5,24.66619627955163
2023-05-19 08:00:00,7.0,1015.4,97.75805777453851,1.2240000000000002,4.6080000000000005,314.5,14.4,1023.7666666666668,72.33333333333333,16.366666666666667,26.2,21.668908442149828
2023-05-19 08:30:00,8.75,1015.45,99.45583272464064,1.404,5.22,287.0,15.533333333333333,1023.4333333333334,65.0,18.0,28.2,26.674964531932304
2023-05-19 09:00:00,10.75,1015.6,97.23243473795299,1.908,6.984,270.0,16.5,1023.2333333333332,60.666666666666664,19.866666666666664,32.0,30.006429761464705
2023-05-19 09:30:00,12.850000000000001,1015.5,84.53216786704985,2.574,8.496,229.0,17.0,1023.1,56.666666666666664,20.166666666666668,33.5,35.0
2023-05-19 10:00:00,14.35,1015.55,74.64179245674322,3.186,15.624,219.5,17.766666666666666,1022.9,55.0,19.099999999999998,33.5,31.671527607422437
2023-05-19 10:30:00,15.55,1015.3499999999999,67.31477603628949,3.348,13.716,180.0,18.400000000000002,1022.7333333333332,52.333333333333336,20.866666666666667,38.8,37.3380551892927
2023-05-19 11:00:00,16.5,1015.0,62.403577393199825,3.636,14.004,199.49999999999997,18.766666666666666,1022.5666666666666,52.333333333333336,19.03333333333333,38.8,29.660577468624158
2023-05-19 11:30:00,17.450000000000003,1014.8,59.14545658642466,3.708,13.248,199.49999999999997,19.3,1022.4,50.333333333333336,21.766666666666666,39.1,36.00356445429647
2023-05-19 12:00:00,18.15,1014.6,55.70064506657123,4.464,15.696000000000002,193.99999999999997,19.400000000000002,1022.0333333333333,49.0,20.53333333333333,39.1,31.333363422059588
2023-05-19 12:30:00,18.9,1014.45,52.71448049593897,4.5,12.888,167.99999999999997,19.833333333333332,1021.7666666666668,48.0,18.433333333333334,39.1,29.332990578132698
2023-05-19 13:00:00,19.450000000000003,1014.3,50.31026009614034,5.202,18.036,189.5,19.96666666666667,1021.6333333333333,46.333333333333336,19.466666666666665,35.0,29.665009135980814
2023-05-19 13:30:00,20.0,1014.3,49.44285190878251,4.176,14.076,215.0,20.266666666666666,1021.4333333333334,45.666666666666664,18.400000000000002,35.0,40.01013180601193
2023-05-19 14:00:00,19.6,1014.1,48.10243864307624,4.554,17.964000000000002,209.5,20.433333333333334,1021.3666666666667,45.333333333333336,18.2,32.6,31.0
2023-05-19 14:30:00,19.8,1013.85,47.37698610475734,4.41,13.248,196.5,20.53333333333333,1021.1333333333333,46.333333333333336,19.400000000000002,38.1,28.344129827091685
2023-05-19 15:00:00,20.5,1013.6,46.10989664024805,4.158,14.22,189.49999999999997,20.166666666666668,1021.0666666666666,46.666666666666664,19.133333333333333,38.1,26.333329572528978
2023-05-19 15:30:00,20.75,1013.6,45.73251776712431,4.698,14.4,194.99999999999997,20.533333333333335,1020.9333333333334,45.666666666666664,17.933333333333334,38.1,29.332278943163466
2023-05-19 16:00:00,20.55,1013.55,45.20267727076998,4.086,18.0,187.5,20.433333333333334,1020.7666666666668,45.333333333333336,20.46666666666667,34.6,22.329009577021267
2023-05-19 16:30:00,20.85,1013.45,44.48007321710758,4.482,14.292000000000002,200.5,20.133333333333336,1020.5,44.0,18.166666666666668,34.6,28.660246905742184
2023-05-19 17:00:00,20.6,1013.3499999999999,43.40648230215831,4.23,14.472,201.99999999999997,19.833333333333332,1020.3333333333334,44.0,17.866666666666664,34.6,22.333092550171607
2023-05-19 17:30:00,19.7,1013.3,44.574979019371085,3.942,13.248,212.5,19.400000000000002,1020.3000000000001,47.333333333333336,15.4,30.8,26.34268342193447
2023-05-19 18:00:00,19.049999999999997,1013.2,46.82292154605031,3.168,7.776000000000001,212.99999999999997,19.133333333333336,1020.4,46.666666666666664,15.133333333333333,25.8,20.661645744250155
2023-05-19 18:30:00,19.35,1012.95,46.442136332153105,4.032000000000001,12.204,223.5,17.833333333333332,1020.5,49.0,13.933333333333332,25.3,14.333295719560828
2023-05-19 19:00:00,19.35,1012.8499999999999,45.509104075074035,3.3659999999999997,11.448,222.49999999999997,16.5,1020.6,53.0,13.433333333333332,25.3,16.666534998405787
2023-05-19 19:30:00,18.35,1012.9,47.95650064126461,2.7,8.928,227.49999999999997,15.299999999999999,1020.7333333333332,57.333333333333336,12.133333333333333,18.5,15.000000000000002
2023-05-19 20:00:00,17.6,1013.05,51.727859348742044,2.1420000000000003,6.6240000000000006,253.0,14.1,1020.9666666666667,62.666666666666664,8.633333333333333,16.1,17.33380372044837
2023-05-19 20:30:00,17.1,1013.1,55.51365183836573,1.638,5.364,260.0,13.433333333333332,1021.0666666666666,66.33333333333333,9.799999999999999,14.6,9.353415158752227
2023-05-19 21:00:00,16.3,1013.25,55.76128941090183,1.764,7.056,267.0,13.066666666666668,1021.1,67.0,11.533333333333333,14.6,3.666365595972694
2023-05-19 21:30:00,14.9,1013.4,59.48054337831357,1.2240000000000002,2.736,312.0,12.466666666666667,1021.1333333333333,68.66666666666667,13.200000000000001,16.2,1.6668737000967018
2023-05-19 22:00:00,13.3,1013.55,66.0991051017959,0.954,1.98,10.000000000000002,11.766666666666666,1021.0,70.33333333333333,12.066666666666668,16.2,9.999999999999996
2023-05-19 22:30:00,12.25,1013.6,68.2386731122264,1.0619999999999998,3.456,16.0,10.799999999999999,1020.9333333333334,72.66666666666667,13.766666666666666,17.1,3.66677201732562
2023-05-19 23:00:00,11.399999999999999,1013.6,70.55640992881662,1.062,3.672,19.999999999999996,10.533333333333333,1020.9,74.33333333333333,13.6,17.1,10.999390161456107
2023-05-19 23:30:00,10.600000000000001,1013.5,75.89771973789979,1.278,3.024,51.50000000000001,10.233333333333334,1020.8000000000001,77.0,12.566666666666668,17.1,17.333295719560827
2023-05-20 00:00:00,9.9,1013.3499999999999,79.97770724580894,1.512,4.716,56.0,9.9,1020.5,78.66666666666667,11.666666666666666,16.0,21.666873700096698
2023-05-20 00:30:00,9.45,1013.25,81.45710325353161,1.2240000000000002,3.996,23.999999999999996,9.299999999999999,1020.4333333333334,80.66666666666667,11.1,16.0,16.66568781397158
2023-05-20 01:00:00,9.100000000000001,1013.1500000000001,83.58416006116741,1.314,2.628,42.00000000000001,9.166666666666666,1020.1999999999999,82.33333333333333,11.700000000000001,16.0,15.6669074498284
2023-05-20 01:30:00,8.649999999999999,1012.95,85.53512654307906,1.044,2.628,20.500000000000007,8.866666666666667,1019.8666666666667,83.66666666666667,11.466666666666667,14.9,12.665687813971585
2023-05-20 02:00:00,8.350000000000001,1012.6,88.38613933604339,0.9179999999999999,2.3040000000000003,17.5,8.733333333333333,1019.6666666666666,85.0,14.466666666666667,16.3,12.6669074498284
2023-05-20 02:30:00,8.2,1012.45,89.97953860147489,1.278,2.268,48.50000000000001,8.733333333333334,1019.5333333333333,86.0,14.299999999999999,16.3,17.333465001594213
2023-05-20 03:00:00,8.0,1012.2,92.19246855905817,1.584,3.204,58.99999999999999,8.5,1019.3666666666667,87.0,15.233333333333334,16.5,14.333295719560828
2023-05-20 03:30:00,7.95,1011.9,92.83338655841423,1.566,2.988,62.000000000000014,8.166666666666666,1019.2666666666668,87.66666666666667,13.299999999999999,16.5,17.000609838543895
2023-05-20 04:00:00,7.9,1011.6500000000001,94.04354607574966,1.62,4.824000000000001,64.5,7.733333333333333,1019.2000000000002,88.0,13.133333333333333,16.5,13.333465001594211
2023-05-20 04:30:00,7.6,1011.5,95.26938101783847,1.314,2.52,35.5,7.466666666666666,1019.1666666666666,89.0,13.4,15.5,14.333329572528982
2023-05-20 05:00:00,7.25,1011.25,96.25243379335957,1.098,2.556,23.499999999999996,7.633333333333333,1019.1333333333333,89.0,12.6,14.9,12.333363422059586
2023-05-20 05:30:00,7.15,1011.1500000000001,96.52073211011637,1.1520000000000001,1.908,33.0,8.633333333333333,1019.1333333333333,90.0,11.833333333333334,15.7,13.332753728081004
2023-05-20 06:00:00,6.9,1010.95,96.98612490260176,1.08,2.3400000000000003,27.0,9.933333333333332,1019.0333333333333,89.33333333333333,12.333333333333334,16.2,22.666772017325624
2023-05-20 06:30:00,6.75,1010.8,97.48306489192817,1.044,2.124,25.5,11.033333333333333,1018.8333333333334,88.66666666666667,13.366666666666667,20.4,27.00081305608726
2023-05-20 07:00:00,6.75,1010.8,97.83794914860624,0.9359999999999999,1.872,18.000000000000004,12.366666666666667,1018.7333333333332,85.66666666666667,13.866666666666667,21.3,29.668908442149828
2023-05-20 07:30:00,7.25,1010.8,98.06251821350486,0.99,1.98,31.5,13.466666666666667,1018.6666666666666,81.0,15.4,21.3,26.332753728081002
2023-05-20 08:00:00,8.05,1010.8,98.46540704849238,1.0619999999999998,2.8800000000000003,355.0,13.833333333333334,1018.4666666666667,76.0,16.8,22.8,30.333803720448365
2023-05-20 08:30:00,8.5,1010.6500000000001,99.6852603773912,0.8280000000000001,2.4120000000000004,37.99999999999999,13.866666666666667,1018.3666666666667,74.0,17.53333333333333,24.4,33.998982982317415
2023-05-20 09:00:00,9.55,1010.6,99.80639359378168,1.242,4.86,338.5,14.266666666666666,1018.2333333333332,73.33333333333333,14.833333333333334,24.4,27.667246271919
2023-05-20 09:30:00,10.75,1010.6,99.47990075947048,2.214,10.332,246.0,15.666666666666666,1018.1333333333333,70.66666666666667,16.266666666666666,25.7,27.6670094218673
2023-05-20 10:00:00,11.8,1010.55,93.1024667400305,2.6100000000000003,8.82,223.0,16.400000000000002,1018.1,68.33333333333333,15.866666666666665,25.7,22.332990578132698
2023-05-20 10:30:00,12.25,1010.45,86.61816644811546,2.52,9.18,205.5,17.0,1017.9,67.33333333333333,14.166666666666666,25.7,38.667246271919
2023-05-20 11:00:00,13.2,1010.3,83.9201628413047,2.808,10.44,171.5,17.400000000000002,1017.6333333333333,66.66666666666667,12.333333333333334,22.4,34.33329571956084
2023-05-20 11:30:00,14.0,1010.3499999999999,81.73239951078442,2.88,11.34,213.5,18.133333333333336,1017.3333333333334,65.0,13.799999999999999,21.9,26.33329571956083
2023-05-20 12:00:00,14.5,1010.3499999999999,78.45725970962704,2.916,8.46,185.99999999999997,19.0,1017.0333333333333,61.666666666666664,14.700000000000001,25.4,27.665687813971587
2023-05-20 12:30:00,15.2,1010.1,76.01746235118821,2.9160000000000004,10.98,202.0,19.2,1016.9333333333334,58.666666666666664,15.233333333333334,25.4,35.99182459338184
2023-05-20 13:00:00,16.25,1009.8499999999999,73.26313332683867,2.79,8.82,190.49999999999997,19.666666666666668,1016.6999999999999,56.666666666666664,15.466666666666667,25.4,39.66663657794041
2023-05-20 13:30:00,16.85,1009.7,72.29664435727028,2.79,8.532,203.5,19.866666666666667,1016.4,54.666666666666664,17.466666666666665,26.6,43.332753728081
2023-05-20 14:00:00,17.200000000000003,1009.45,70.96405150452222,2.6639999999999997,8.028,206.0,19.766666666666666,1016.1666666666666,56.0,14.799999999999999,26.6,44.0
2023-05-20 14:30:00,17.45,1009.4,69.52074581728223,2.754,8.892000000000001,209.49999999999997,20.03333333333333,1016.0333333333333,54.666666666666664,17.26666666666667,27.0,42.33431218602841
2023-05-20 15:00:00,17.75,1009.15,67.83820225351508,2.556,8.964,215.5,19.833333333333332,1015.9333333333334,53.0,20.133333333333336,30.4,31.666907449828397
2023-05-20 15:30:00,18.8,1008.75,64.42753791226555,3.348,10.44,205.0,19.533333333333335,1015.9,53.666666666666664,17.900000000000002,30.4,33.6669074498284
2023-05-20 16:00:00,19.299999999999997,1008.4,60.16713318260101,4.086,15.912,207.5,19.266666666666666,1016.0,55.333333333333336,14.866666666666665,29.7,38.33332957252899
2023-05-20 16:30:00,19.95,1008.25,57.18019700501574,3.8339999999999996,10.728,194.5,18.9,1016.0,56.0,15.1,35.1,52.68162730584507
2023-05-20 17:00:00,19.25,1008.25,54.30505586485147,4.014,13.392,210.5,18.466666666666665,1015.9666666666667,55.666666666666664,17.833333333333332,35.1,56.002442146058144
2023-05-20 17:30:00,18.7,1008.4,52.9808221800671,4.122,15.336,177.0,17.633333333333336,1016.0333333333333,61.333333333333336,13.0,35.1,55.99999999999999
2023-05-20 18:00:00,17.799999999999997,1008.75,56.064450437659815,3.0780000000000003,10.8,147.5,16.599999999999998,1016.1333333333333,65.0,13.066666666666668,28.9,41.00060983854389
2023-05-20 18:30:00,17.1,1008.8499999999999,62.582952638053804,3.5999999999999996,15.408,185.5,16.266666666666666,1016.4,67.0,12.333333333333334,18.6,46.31316930362071
2023-05-20 19:00:00,16.05,1008.8,71.53839518296317,2.088,6.66,204.99999999999997,15.733333333333334,1016.4,71.0,10.633333333333333,18.5,37.0
2023-05-20 19:30:00,15.5,1008.6,72.37602057441185,1.512,6.372,272.5,15.566666666666668,1016.6,73.0,11.4,16.4,31.997557853941856
2023-05-20 20:00:00,15.3,1008.75,73.5377056510648,1.7100000000000002,7.452,260.5,14.433333333333332,1016.6333333333333,79.66666666666667,9.1,16.4,357.7855827849762
2023-05-20 20:30:00,14.55,1008.95,81.08977920742552,0.972,3.924,342.0,13.9,1016.7666666666668,85.66666666666667,4.1000000000000005,16.1,340.3338717844033
2023-05-20 21:00:00,14.350000000000001,1009.1,82.86083424300918,1.2600000000000002,3.816,350.5,13.966666666666667,1016.5,88.0,8.700000000000001,14.5,340.0024421460581
2023-05-20 21:30:00,13.899999999999999,1009.1,86.70095479987185,1.116,6.192,346.0,14.533333333333333,1016.2666666666668,88.33333333333333,11.700000000000001,15.2,342.0001015623428
2023-05-20 22:00:00,13.45,1009.05,90.73390363698812,0.918,1.944,355.0,14.633333333333333,1016.0333333333333,87.66666666666667,12.5,17.3,346.9938848381901
2023-05-20 22:30:00,13.4,1009.05,91.25714925022288,1.044,2.3400000000000003,304.0,14.133333333333333,1015.8333333333334,87.66666666666667,12.200000000000001,17.3,0.9999999999999952
2023-05-20 23:00:00,13.6,1008.8499999999999,90.36463610818801,0.954,1.908,289.5,13.966666666666667,1015.7333333333332,88.0,10.700000000000001,17.3,3.3330925501716018
2023-05-20 23:30:00,13.6,1008.7,90.84615281924408,1.026,2.0160000000000005,293.5,13.566666666666668,1015.6,89.0,9.866666666666667,16.8,6.333295719560828
2023-05-21 00:00:00,13.45,1008.45,91.6407206338049,0.972,3.3120000000000003,349.5,13.466666666666667,1015.5,89.0,12.1,15.6,15.666873700096696
2023-05-21 00:30:00,13.350000000000001,1008.2,93.1882549313253,1.026,2.3760000000000003,317.5,13.566666666666668,1015.2666666666668,88.66666666666667,13.5,18.0,23.3331262999033
2023-05-21 01:00:00,12.9,1008.1,95.83245999939646,0.72,2.088,2.5000000000000044,13.4,1015.1666666666666,88.0,13.233333333333334,18.0,26.33329571956083
2023-05-21 01:30:00,12.25,1007.95,97.0269768088666,0.738,1.908,353.5,13.266666666666666,1015.0666666666666,88.0,11.700000000000001,18.0,29.33380372044837
2023-05-21 02:00:00,11.8,1007.75,97.16891656164952,0.756,2.052,346.5,13.1,1015.0666666666666,88.0,9.799999999999999,16.8,25.999695220113782
2023-05-21 02:30:00,11.8,1007.6500000000001,97.3866154941127,0.774,1.944,331.0,12.833333333333334,1015.0,88.0,9.233333333333333,16.8,20.333363422059588
2023-05-21 03:00:00,11.9,1007.45,98.3606196505265,0.9540000000000001,2.4120000000000004,26.5,12.733333333333334,1015.0,89.0,10.9,13.7,16.999695220113775
2023-05-21 03:30:00,11.95,1007.4,98.60941835435042,1.08,3.06,42.5,12.766666666666666,1014.9333333333334,89.0,10.4,14.0,18.000000000000004
2023-05-21 04:00:00,12.05,1007.25,98.35229918421666,1.296,2.952,83.0,12.866666666666667,1015.0,89.0,10.666666666666666,14.0,17.66667042747102
2023-05-21 04:30:00,12.0,1007.25,98.64078396618461,1.044,2.268,65.99999999999999,12.9,1015.0,89.0,10.766666666666666,14.0,18.999999999999996
2023-05-21 05:00:00,11.95,1007.25,98.60941835435042,0.99,2.3400000000000003,42.0,13.066666666666668,1015.1666666666666,89.0,12.233333333333334,15.7,23.0
2023-05-21 05:30:00,11.9,1007.2,98.93477868533438,0.756,1.476,19.5,13.200000000000001,1015.1999999999999,88.66666666666667,12.433333333333332,17.7,22.6668737000967
2023-05-21 06:00:00,11.9,1007.1500000000001,99.3295130217648,0.684,1.728,12.499999999999995,13.366666666666667,1015.2999999999998,88.0,13.366666666666667,18.9,22.333295719560827
2023-05-21 06:30:00,12.0,1007.2,99.28246597246985,0.882,2.592,23.0,13.666666666666666,1015.3333333333334,87.66666666666667,10.066666666666668,18.9,27.66619627955163
2023-05-21 07:00:00,12.0,1007.3,99.53200897491415,0.666,1.584,25.0,14.1,1015.3666666666667,86.66666666666667,11.333333333333334,18.8,32.00030477988623
2023-05-21 07:30:00,12.05,1007.4,99.63074498188209,0.954,2.484,19.500000000000004,14.700000000000001,1015.4333333333334,84.0,15.9,23.7,34.333465001594206
2023-05-21 08:00:00,12.25,1007.4,99.51905430709269,0.954,4.824000000000001,321.0,15.566666666666668,1015.4666666666667,81.33333333333333,15.966666666666667,23.7,43.32990211844759
2023-05-21 08:30:00,12.75,1007.3,99.32005615891185,1.512,5.5440000000000005,277.5,16.433333333333334,1015.5,78.0,15.733333333333334,23.7,44.99918694391275
2023-05-21 09:00:00,13.600000000000001,1007.4,95.41442417331913,2.25,5.832000000000001,226.0,16.833333333333332,1015.5333333333333,76.66666666666667,13.766666666666666,23.7,50.36215920470232
2023-05-21 09:30:00,14.25,1007.45,92.7970831738045,2.988,11.232,192.5,17.266666666666666,1015.4333333333334,75.66666666666667,12.533333333333333,22.7,39.66890844214983
2023-05-21 10:00:00,14.7,1007.6500000000001,89.88534811693344,2.376,7.2,186.49999999999997,17.633333333333333,1015.3666666666667,75.0,13.133333333333333,22.6,41.66653499840579
2023-05-21 10:30:00,15.45,1007.6,87.80757092547853,3.024,8.748000000000001,153.50000000000003,18.466666666666665,1015.3000000000001,73.33333333333333,12.666666666666666,20.2,55.66795819615595
2023-05-21 11:00:00,16.0,1007.6,85.23111884722839,3.1500000000000004,12.168,150.0,18.8,1015.0,72.66666666666667,12.333333333333334,20.2,25.66908038147408
2023-05-21 11:30:00,16.25,1007.6500000000001,83.05811080983476,3.0780000000000003,9.036,154.5,19.266666666666666,1014.9666666666667,70.66666666666667,15.633333333333333,24.4,31.669080381474085
2023-05-21 12:00:00,16.6,1007.7,82.07521536173903,2.898,18.72,146.0,19.866666666666667,1014.9,69.0,17.866666666666664,28.6,46.33179591404892
2023-05-21 12:30:00,16.85,1007.5,81.56125679784523,2.8440000000000003,8.28,144.0,20.26666666666667,1014.9,69.33333333333333,15.300000000000002,28.6,52.05275869178724
2023-05-21 13:00:00,17.45,1007.4,80.67701741828532,2.862,12.204,169.99999999999997,20.666666666666668,1014.8000000000001,69.33333333333333,13.9,28.6,51.32509590113311
2023-05-21 13:30:00,17.8,1007.4,79.65392074645337,2.952,10.836,165.00000000000003,21.2,1014.6,67.33333333333333,14.666666666666666,26.8,56.66762222421084
2023-05-21 14:00:00,18.55,1007.25,78.22148778996419,3.402,10.332,165.0,22.400000000000002,1014.4,63.333333333333336,16.566666666666666,27.3,52.0
2023-05-21 14:30:00,19.799999999999997,1007.05,75.35850994423589,3.186,15.3,164.0,22.7,1014.3000000000001,61.0,16.566666666666666,27.3,49.99939016145611
2023-05-21 15:00:00,20.700000000000003,1007.0,71.685301587541,3.258,10.08,179.5,23.2,1014.1333333333333,57.666666666666664,16.566666666666666,27.8,45.33674022881857
2023-05-21 15:30:00,21.6,1006.75,69.41939309651337,3.636,13.032,182.49999999999997,23.3,1014.1,57.0,16.766666666666666,30.5,55.369501603459334
2023-05-21 16:00:00,21.95,1006.6,65.9204513711847,3.168,9.252,175.0,22.733333333333334,1014.0,59.0,13.833333333333334,30.5,55.34412982709169
2023-05-21 16:30:00,22.25,1006.5,62.10466931614735,3.348,9.288,179.0,22.166666666666668,1014.0333333333333,60.333333333333336,15.566666666666668,30.5,39.00000000000001
2023-05-21 17:00:00,22.05,1006.5,62.5235896454278,3.258,11.52,185.99999999999997,21.633333333333336,1014.0,63.0,12.9,25.3,36.332041803844064
2023-05-21 17:30:00,21.65,1006.7,62.054867691761515,2.754,8.64,200.5,21.266666666666666,1014.1333333333333,62.333333333333336,11.833333333333334,21.3,47.335261949223
2023-05-21 18:00:00,21.65,1006.55,61.70699572767296,2.556,7.56,202.5,20.833333333333332,1014.3333333333334,64.66666666666667,9.9,18.3,50.667246271919
2023-05-21 18:30:00,21.049999999999997,1006.6500000000001,65.44466516631427,1.818,8.532,164.50000000000003,20.066666666666666,1014.5333333333333,69.0,9.200000000000001,18.3,46.33332957252898
2023-05-21 19:00:00,20.35,1006.7,68.2213633199354,1.9620000000000002,9.252,142.00000000000003,19.566666666666666,1014.7000000000002,70.33333333333333,9.533333333333333,14.9,36.667246271919
2023-05-21 19:30:00,20.15,1006.8499999999999,67.71280269787087,1.854,7.596,148.0,18.666666666666668,1015.0,73.0,9.433333333333334,17.9,132.00295734075797
2023-05-21 20:00:00,19.450000000000003,1007.0,71.90900976040629,1.458,4.86,117.5,17.133333333333333,1015.6999999999999,81.66666666666667,13.700000000000001,20.4,172.0
2023-05-21 20:30:00,18.85,1007.3,74.55833022130287,1.296,2.988,88.5,16.599999999999998,1016.1,86.66666666666667,9.9,20.4,162.33204180384405
2023-05-21 21:00:00,18.4,1007.55,75.5265309650868,1.584,4.248,75.0,16.366666666666664,1016.1,88.66666666666667,10.0,20.4,180.672307968176
2023-05-21 21:30:00,17.75,1008.1500000000001,83.22936610728922,2.52,11.7,357.0,16.166666666666668,1016.0333333333333,90.0,5.3,15.6,178.00081305608725
2023-05-21 22:00:00,16.8,1008.45,90.01409577163331,1.404,3.672,5.499999999999996,15.866666666666667,1016.1,91.0,1.4333333333333333,12.9,180.0
2023-05-21 22:30:00,16.299999999999997,1008.8,93.12541415464858,1.566,5.436,28.0,15.833333333333334,1016.1999999999999,91.66666666666667,2.1666666666666665,9.7,180.0
2023-05-21 23:00:00,15.95,1008.8,94.45652626717643,1.098,4.356,5.999999999999984,15.9,1016.2333333333332,92.0,4.1000000000000005,8.0,81.8622187215942
2023-05-21 23:30:00,15.649999999999999,1008.7,95.77961529195997,0.9900000000000001,3.492,55.5,15.866666666666667,1016.1333333333333,92.0,5.6000000000000005,8.0,49.13898331574751
2023-05-22 00:00:00,15.45,1008.6,96.33181764855689,1.206,4.392,87.00000000000001,15.800000000000002,1015.9333333333334,92.0,7.2,11.7,2.3333295725289798
2023-05-22 00:30:00,15.25,1008.7,97.34685152389997,0.936,3.564,83.5,15.699999999999998,1015.9,92.0,7.833333333333333,13.2,7.668908442149826
2023-05-22 01:00:00,15.149999999999999,1008.6500000000001,97.80055907415823,0.5940000000000001,1.26,51.0,15.699999999999998,1015.8000000000001,93.0,9.5,15.8,8.33322798267438
2023-05-22 01:30:00,14.95,1008.55,98.89043754891266,0.6300000000000001,1.476,46.0,15.533333333333333,1015.7666666666668,93.0,10.200000000000001,15.8,7.666772017325622
2023-05-22 02:00:00,14.9,1008.5,98.61909437526373,0.54,1.152,40.49999999999999,15.200000000000001,1015.6,93.0,10.366666666666667,15.8,9.99989843765718
2023-05-22 02:30:00,14.8,1008.45,99.25681958069468,0.6120000000000001,1.404,351.0,14.933333333333332,1015.4,93.0,10.799999999999999,15.5,17.33387178440327
2023-05-22 03:00:00,14.8,1008.4,98.87072183845979,0.558,2.8440000000000003,329.0,14.666666666666666,1015.3333333333334,93.0,12.466666666666667,15.8,24.99939016145611
2023-05-22 03:30:00,14.6,1008.2,99.34122677345471,0.7020000000000001,1.584,337.0,14.466666666666667,1015.2999999999998,92.33333333333333,12.366666666666667,15.8,23.333465001594217
2023-05-22 04:00:00,14.3,1008.1500000000001,99.72406184829559,0.6300000000000001,4.104,9.500000000000005,14.166666666666666,1015.3000000000001,92.0,10.133333333333333,15.7,19.664159623118557
2023-05-22 04:30:00,13.95,1007.95,100.0,0.558,1.476,8.5,14.1,1015.5666666666666,91.33333333333333,6.900000000000001,15.6,25.666196279551635
2023-05-22 05:00:00,13.8,1007.8,100.0,0.81,1.728,51.0,14.200000000000001,1015.8333333333334,91.0,6.8999999999999995,12.9,24.33332957252898
2023-05-22 05:30:00,13.75,1007.6500000000001,99.9691183458756,0.756,3.96,319.5,14.299999999999999,1016.0333333333333,91.0,9.466666666666667,14.4,29.001526690719725
2023-05-22 06:00:00,13.6,1007.75,99.98143460761945,0.756,1.944,66.5,14.4,1016.1999999999999,90.66666666666667,10.233333333333333,14.4,35.0
2023-05-22 06:30:00,13.55,1007.8,99.82092903726742,0.684,1.476,55.5,14.066666666666668,1016.3333333333334,90.66666666666667,9.133333333333335,14.4,34.002442146058144
2023-05-22 07:00:00,13.55,1008.0,99.83793313453057,0.702,1.512,74.99999999999999,14.200000000000001,1016.4333333333334,91.0,10.799999999999999,14.3,21.33332957252898
2023-05-22 07:30:00,13.649999999999999,1008.3,99.91237844627094,1.2240000000000002,7.848000000000001,102.0,15.033333333333333,1016.6,91.66666666666667,11.666666666666666,17.4,31.669966170332145
2023-05-22 08:00:00,13.7,1008.4,99.94427133984682,0.9540000000000002,2.3760000000000003,86.0,15.233333333333334,1016.6333333333333,91.0,11.933333333333332,17.4,29.665448587965955
2023-05-22 08:30:00,14.25,1008.5,99.6104649848229,1.296,4.896000000000001,163.0,15.966666666666667,1016.7666666666668,90.66666666666667,11.666666666666666,17.9,29.66313849481377
2023-05-22 09:00:00,14.65,1008.6500000000001,99.32477535332865,1.728,5.760000000000001,184.5,16.933333333333334,1016.7333333333332,89.0,12.299999999999999,19.0,35.66833223968412
2023-05-22 09:30:00,15.15,1008.8,97.74347462465693,2.2140000000000004,7.776000000000001,164.0,18.2,1016.7999999999998,86.0,13.0,19.4,46.6668737000967
2023-05-22 10:00:00,15.8,1008.8,96.58688042047254,2.322,7.236,160.50000000000003,19.966666666666665,1016.6333333333333,81.66666666666667,11.6,21.5,54.669342274029034
2023-05-22 10:30:00,17.200000000000003,1008.7,93.16326464288264,2.934,9.9,143.5,21.2,1016.5,77.66666666666667,13.866666666666667,22.1,73.99898298231741
2023-05-22 11:00:00,17.75,1008.95,89.8501650448263,3.168,9.936,150.5,21.666666666666668,1016.3666666666667,74.0,14.366666666666667,22.4,47.66677201732563
2023-05-22 11:30:00,19.25,1008.6500000000001,85.46811101408319,3.9059999999999997,11.304,142.99999999999997,22.266666666666666,1016.2999999999998,71.0,16.166666666666668,26.1,46.004893250990996
2023-05-22 12:00:00,19.450000000000003,1008.9,82.65505314589481,3.4379999999999997,14.076,146.0,21.866666666666664,1016.2666666666668,71.0,15.200000000000001,26.1,48.333363422059584
2023-05-22 12:30:00,20.5,1008.6500000000001,79.8424491925133,3.762,13.536,154.0,21.833333333333332,1016.1333333333333,70.33333333333333,14.933333333333332,27.2,58.993570238535305
2023-05-22 13:00:00,21.450000000000003,1008.6,76.70394339117864,3.132,11.7,190.99999999999997,22.7,1015.9666666666667,67.33333333333333,17.266666666666666,30.0,53.99989843765718
2023-05-22 13:30:00,21.35,1008.6500000000001,76.19071330194083,3.2220000000000004,11.232,171.5,23.2,1015.7666666666668,65.66666666666667,17.2,30.0,65.63784079529768
2023-05-22 14:00:00,21.35,1008.6500000000001,75.87695702713762,3.15,8.748000000000001,157.5,22.933333333333334,1015.6,65.33333333333333,15.333333333333334,29.6,56.99510674900902
2023-05-22 14:30:00,21.35,1008.6,74.02376960741111,3.51,11.232,146.0,23.53333333333333,1015.5666666666666,63.666666666666664,17.866666666666667,30.5,50.00427669208851
2023-05-22 15:00:00,22.15,1008.3,70.50826988845206,3.726,12.78,137.5,23.599999999999998,1015.3333333333334,62.0,19.233333333333334,30.5,47.33109155785018
2023-05-22 15:30:00,23.45,1008.1,66.59461795888774,3.888,11.412,167.0,23.866666666666664,1015.5,61.333333333333336,18.666666666666668,30.5,39.99388483819013
2023-05-22 16:00:00,23.05,1008.05,66.11298727964112,3.3480000000000003,10.152,175.0,23.666666666666668,1015.5,61.333333333333336,18.466666666666665,30.2,42.000609838543895
2023-05-22 16:30:00,23.799999999999997,1007.9,63.394500085245326,3.708,11.304,156.5,23.7,1015.4333333333334,59.666666666666664,17.133333333333333,28.6,52.33322798267439
2023-05-22 17:00:00,23.200000000000003,1008.0,64.1600122794857,3.258,10.008,197.0,23.366666666666664,1015.3666666666667,60.666666666666664,16.966666666666665,25.9,42.362159204702316
2023-05-22 17:30:00,23.15,1008.1,64.42939820159843,3.132,11.304,175.0,23.0,1015.5333333333333,61.0,16.6,27.4,37.33431218602841
2023-05-22 18:00:00,23.0,1008.1,63.12651278894792,3.276,12.744,201.99999999999997,22.333333333333332,1015.9,63.666666666666664,14.6,27.4,38.666196279551635
2023-05-22 18:30:00,22.9,1008.1,61.84226087526505,2.9160000000000004,8.424,192.99999999999997,21.2,1016.3666666666667,65.33333333333333,16.5,24.7,36.66670428043917
2023-05-22 19:00:00,22.700000000000003,1008.1,60.659344339970815,2.8440000000000003,11.304,201.99999999999997,19.933333333333334,1016.6999999999999,68.0,14.666666666666666,22.8,35.33336342205959
2023-05-22 19:30:00,22.0,1008.2,61.59189633190083,3.0780000000000003,14.076,198.5,19.133333333333333,1016.9666666666667,70.0,14.233333333333334,22.8,26.99898298231741
2023-05-22 20:00:00,21.35,1008.6500000000001,63.81615748488767,2.034,9.576,198.5,18.099999999999998,1017.2333333333332,73.0,13.200000000000001,22.1,23.33332957252898
2023-05-22 20:30:00,20.3,1009.05,70.51440646317043,1.4940000000000002,5.508,63.0,17.433333333333334,1017.6999999999999,75.66666666666667,12.033333333333331,20.7,17.332377775789162
2023-05-22 21:00:00,19.3,1009.45,74.53629727112462,1.2600000000000002,5.724,107.0,17.566666666666666,1018.0,76.33333333333333,12.4,17.4,18.329009577021274
2023-05-22 21:30:00,18.2,1009.6500000000001,78.80269720876618,0.972,6.12,57.5,17.666666666666668,1018.1,75.66666666666667,13.5,21.2,20.335840376881443
2023-05-22 22:00:00,18.0,1009.8499999999999,77.83415499501024,1.332,3.996,88.0,17.266666666666666,1018.3333333333334,77.66666666666667,12.533333333333333,21.2,14.333295719560828
2023-05-22 22:30:00,17.75,1010.25,77.71540031580061,0.972,2.4480000000000004,324.0,17.033333333333335,1018.4,79.0,12.433333333333332,18.6,18.667246271918998
2023-05-22 23:00:00,17.4,1010.6,79.29969956687938,0.8640000000000001,3.924,315.5,17.266666666666666,1018.4,78.0,12.4,19.1,29.666704280439177
2023-05-22 23:30:00,16.950000000000003,1010.8,81.35942877193477,0.8280000000000001,3.996,25.0,17.033333333333335,1018.5333333333333,77.0,14.5,21.2,33.332753728081
2023-05-23 00:00:00,16.55,1010.8499999999999,83.66365840899589,0.9,2.484,28.999999999999996,16.266666666666666,1018.5333333333333,78.66666666666667,13.066666666666668,21.2,37.66670428043918
2023-05-23 00:30:00,16.55,1011.05,82.81266503474839,1.206,3.924,300.0,15.666666666666666,1018.6666666666666,80.66666666666667,13.533333333333333,21.2,38.0
2023-05-23 01:00:00,16.2,1011.05,82.85926760978674,1.512,7.776000000000001,21.000000000000007,14.933333333333332,1018.8000000000001,82.33333333333333,12.200000000000001,21.2,40.33584037688144
2023-05-23 01:30:00,15.35,1011.05,84.33999591612087,1.53,6.12,352.0,14.266666666666666,1018.6,84.33333333333333,12.0,21.2,39.3331262999033
2023-05-23 02:00:00,14.3,1011.1500000000001,88.07014297435066,1.242,3.276,37.50000000000001,14.333333333333334,1018.7000000000002,86.0,15.033333333333333,22.2,29.999186943912747
2023-05-23 02:30:00,13.850000000000001,1011.05,89.50706313628612,1.782,4.14,86.0,13.966666666666667,1018.6,86.66666666666667,16.333333333333332,22.7,34.66677201732562
2023-05-23 03:00:00,13.3,1011.25,91.85486144527027,1.53,6.372,70.0,13.633333333333333,1018.6,87.33333333333333,15.766666666666666,22.7,37.66670428043918
2023-05-23 03:30:00,13.149999999999999,1011.1,92.19692901334597,1.404,5.04,79.49999999999999,13.133333333333333,1018.6333333333333,88.66666666666667,13.166666666666666,22.7,42.00152529388335
2023-05-23 04:00:00,12.55,1011.05,94.89348773772294,1.08,4.14,40.50000000000001,12.799999999999999,1018.6666666666666,89.0,12.4,19.6,43.66636559597269
2023-05-23 04:30:00,12.4,1011.05,95.00072901865356,1.3860000000000001,3.528,69.49999999999999,12.9,1018.6999999999999,90.0,13.9,18.6,31.333363422059588
2023-05-23 05:00:00,12.2,1010.9,96.54029549369272,1.242,3.24,57.5,12.933333333333332,1018.7000000000002,90.0,12.799999999999999,18.6,31.665687813971584
2023-05-23 05:30:00,12.0,1011.0,97.07222795082066,1.404,4.32,66.5,13.200000000000001,1018.7666666666668,90.0,14.299999999999999,21.0,21.666534998405783
2023-05-23 06:00:00,11.65,1010.8499999999999,98.42939345695943,1.098,3.384,40.00000000000001,13.766666666666666,1018.7666666666668,90.0,15.366666666666667,22.4,34.674964531932304
2023-05-23 06:30:00,11.3,1010.8499999999999,98.3103726197961,0.9,2.664,12.0,14.533333333333333,1018.7333333333332,89.0,18.133333333333333,28.8,38.666128215596736
2023-05-23 07:00:00,11.3,1010.9,98.57203771398886,1.008,2.772,40.50000000000001,15.333333333333334,1018.8333333333334,87.66666666666667,21.53333333333333,30.7,44.333329572528974
2023-05-23 07:30:00,11.65,1010.8,98.93637000237409,0.918,3.06,345.5,16.366666666666667,1019.0,85.0,20.833333333333332,31.7,54.0
2023-05-23 08:00:00,12.8,1011.0,98.54816753243041,1.8359999999999999,8.424,212.50000000000003,17.066666666666666,1019.0333333333333,82.0,21.099999999999998,31.7,52.016870819158484
2023-05-23 08:30:00,13.600000000000001,1010.95,99.43542950777808,2.1420000000000003,6.84,170.0,17.466666666666665,1019.2000000000002,79.33333333333333,23.366666666666664,36.8,51.666704280439184
2023-05-23 09:00:00,14.45,1011.1500000000001,95.91208289589548,2.9160000000000004,11.952,163.0,17.766666666666666,1019.3333333333334,77.33333333333333,24.599999999999998,36.8,46.66612821559673
2023-05-23 09:30:00,15.2,1011.3,92.85519650216402,3.402,11.196,145.5,17.7,1019.5,77.0,23.099999999999998,36.8,51.33363440402731
2023-05-23 10:00:00,15.8,1011.3,90.49451593722675,4.122,11.232,145.5,17.8,1019.6333333333333,76.66666666666667,22.433333333333334,37.0,52.33210433550126
2023-05-23 10:30:00,16.299999999999997,1011.55,87.8095974739655,3.5100000000000002,14.112,151.00000000000003,18.0,1019.4666666666667,75.33333333333333,23.8,38.6,51.66582263975212
2023-05-23 11:00:00,16.4,1011.8,85.93948011305831,3.996,17.964000000000002,181.99999999999997,18.7,1019.5,74.33333333333333,23.733333333333334,39.3,55.99510674900901
2023-05-23 11:30:00,16.4,1011.8,84.78824901943345,4.644,16.452,161.0,19.2,1019.4,72.66666666666667,22.433333333333334,39.3,56.66854777516617
2023-05-23 12:00:00,17.2,1011.8499999999999,83.16238598375594,4.122,15.624,186.99999999999997,19.166666666666668,1019.4,72.0,21.566666666666666,39.3,45.33499086401919
2023-05-23 12:30:00,16.85,1011.95,83.35863639744304,4.122,15.012,176.0,19.333333333333332,1019.3000000000001,71.66666666666667,23.266666666666666,39.5,37.66663657794041
2023-05-23 13:00:00,17.049999999999997,1011.95,82.41432746370518,3.8340000000000005,14.112,163.0,19.533333333333335,1019.2000000000002,70.33333333333333,23.599999999999998,39.5,39.66670428043918
2023-05-23 13:30:00,17.700000000000003,1011.8499999999999,80.52880239073622,3.96,11.988,190.0,19.933333333333334,1019.0333333333333,68.66666666666667,23.96666666666667,38.3,53.33499428378381
2023-05-23 14:00:00,18.45,1011.7,77.22113292525516,4.212,12.384,164.50000000000003,20.400000000000002,1018.9,67.0,23.733333333333334,38.9,51.329902118447606
2023-05-23 14:30:00,18.45,1011.6,77.33822097865104,3.8339999999999996,14.184,194.99999999999997,19.5,1018.7333333333332,69.66666666666667,24.833333333333332,39.5,46.65677115986673
2023-05-23 15:00:00,18.5,1011.55,76.10939424268042,4.3740000000000006,16.38,178.5,19.266666666666666,1018.5666666666666,71.66666666666667,23.46666666666667,39.5,48.00030477988622
2023-05-23 15:30:00,18.65,1011.5,75.35357867850635,4.338,18.108,173.5,18.766666666666666,1018.5,71.66666666666667,25.833333333333332,41.4,39.66473805077699
2023-05-23 16:00:00,18.65,1011.3,75.53891015620607,4.482,13.788,167.99999999999997,18.166666666666668,1018.4,74.0,26.733333333333334,41.4,42.33363440402731
2023-05-23 16:30:00,18.55,1011.2,74.75095959578607,4.608,16.956,153.00000000000003,17.866666666666664,1018.4666666666667,74.66666666666667,26.96666666666667,41.4,38.00060983854389
2023-05-23 17:00:00,18.05,1011.1500000000001,76.88888181298252,4.086,11.412,165.5,17.566666666666666,1018.5,75.0,26.166666666666668,41.4,49.0
2023-05-23 17:30:00,18.05,1010.95,76.84225331679684,4.3740000000000006,12.96,148.0,17.266666666666666,1018.5666666666666,76.0,21.066666666666666,41.4,49.00000000000001
2023-05-23 18:00:00,17.75,1010.9,77.49357715185504,3.8339999999999996,11.34,192.99999999999997,17.133333333333336,1018.5,77.0,22.5,39.2,48.666670427471026
2023-05-23 18:30:00,17.35,1010.95,77.88310027909303,4.014,19.692,184.49999999999997,17.133333333333336,1018.6999999999999,77.0,22.96666666666667,38.4,49.33329571956083
2023-05-23 19:00:00,17.05,1011.1,78.55476491874836,3.9960000000000004,11.016,189.5,16.933333333333334,1018.9333333333334,77.33333333333333,20.466666666666665,38.4,48.99989843765718
2023-05-23 19:30:00,16.8,1011.1500000000001,79.13006292433744,3.9419999999999997,12.744,183.99999999999997,16.8,1019.1333333333333,78.66666666666667,17.466666666666665,36.8,51.666704280439184
2023-05-23 20:00:00,16.75,1011.05,78.59560702934112,3.69,13.248,183.99999999999997,16.633333333333333,1019.5333333333333,77.33333333333333,20.666666666666668,38.7,54.0
2023-05-23 20:30:00,16.7,1011.1,79.02922929522268,3.9059999999999997,14.112,175.0,16.366666666666664,1019.7666666666668,77.0,21.099999999999998,38.7,50.66677201732563
2023-05-23 21:00:00,16.55,1011.5,78.90902873619602,3.8160000000000007,13.104,167.5,16.2,1019.9333333333334,77.0,20.133333333333333,38.7,45.33329571956083
2023-05-23 21:30:00,16.35,1011.6500000000001,79.2760591537123,3.06,10.62,158.00000000000003,16.1,1020.1666666666666,76.66666666666667,20.166666666666668,34.8,44.66653499840578
2023-05-23 22:00:00,16.1,1011.95,79.51047539837938,3.132,13.032,161.0,16.133333333333336,1020.2999999999998,76.0,18.233333333333334,34.6,54.66908038147408
2023-05-23 22:30:00,15.9,1012.2,78.92820898579234,3.492,11.304,165.5,15.833333333333334,1020.1666666666666,76.0,15.733333333333334,34.6,55.001525293883354
2023-05-23 23:00:00,15.55,1012.4,79.47262855091708,2.952,10.728,156.49999999999997,14.933333333333332,1020.0,78.33333333333333,14.666666666666666,28.5,39.32990211844759
2023-05-23 23:30:00,15.4,1012.6,79.66798649450985,3.0600000000000005,10.512,152.0,13.833333333333334,1019.7666666666668,81.0,17.266666666666666,28.2,31.0
2023-05-24 00:00:00,15.5,1012.7,78.73265029546751,2.484,6.912,165.5,13.133333333333333,1019.7666666666668,83.66666666666667,16.466666666666665,28.2,40.0
2023-05-24 00:30:00,15.5,1012.55,78.07962074018596,2.826,9.072,152.0,12.633333333333333,1019.6666666666666,85.66666666666667,15.533333333333333,28.2,32.333126299903306
2023-05-24 01:00:00,15.350000000000001,1012.45,77.68813227277916,2.34,11.628,157.0,12.433333333333332,1019.6,86.33333333333333,15.966666666666667,23.7,36.666873700096694
2023-05-24 01:30:00,13.850000000000001,1012.25,83.96125050833257,1.278,5.292,59.00000000000001,12.433333333333332,1019.3666666666667,86.66666666666667,16.7,27.2,41.33329571956084
2023-05-24 02:00:00,12.6,1012.1500000000001,87.52252710831802,1.44,6.3,60.5,12.166666666666666,1019.1,86.0,14.866666666666667,27.2,41.66663657794042
2023-05-24 02:30:00,12.15,1011.8499999999999,89.45090708893909,1.4220000000000002,4.428,50.49999999999999,12.366666666666667,1018.9666666666667,85.0,18.066666666666666,29.2,44.33329571956083
2023-05-24 03:00:00,12.0,1011.8,90.61975888761884,1.998,7.452,45.99999999999999,12.366666666666667,1018.8666666666667,82.66666666666667,17.533333333333335,29.2,52.66568781397159
2023-05-24 03:30:00,11.8,1011.6,90.0891156245491,1.9080000000000001,8.928,130.5,11.933333333333332,1019.2333333333332,82.0,15.6,29.2,50.33322798267438
2023-05-24 04:00:00,11.25,1011.3,90.54390629138479,1.98,4.32,100.50000000000001,11.333333333333334,1019.4,83.33333333333333,17.400000000000002,28.9,43.0
2023-05-24 04:30:00,10.95,1011.2,90.72397832756337,1.9620000000000002,4.428,97.5,11.1,1019.5333333333333,84.0,17.833333333333332,28.7,43.0
2023-05-24 05:00:00,10.850000000000001,1011.0,90.40673794155069,1.908,8.748000000000001,91.0,11.166666666666666,1019.7333333333332,84.0,17.7,31.1,44.0
2023-05-24 05:30:00,10.4,1011.1,91.69346825266645,1.584,6.336,73.5,11.433333333333332,1019.9666666666667,83.66666666666667,18.766666666666666,33.0,43.666636577940416
2023-05-24 06:00:00,9.9,1011.3,92.76250118671334,1.476,4.572,41.99999999999999,11.833333333333334,1020.0666666666666,82.33333333333333,19.5,33.0,42.33322798267438
2023-05-24 06:30:00,9.9,1011.4,92.14941111425235,1.764,5.364,132.5,12.4,1020.2666666666668,80.0,22.099999999999998,33.0,46.33322798267438
2023-05-24 07:00:00,9.95,1011.55,92.29438932818681,1.8,5.292,125.5,13.266666666666666,1020.4333333333334,77.0,19.233333333333334,32.5,54.00000000000001
2023-05-24 07:30:00,10.5,1011.75,90.4927701601583,2.628,9.756,146.0,14.033333333333333,1020.5,74.0,21.233333333333334,32.5,46.66670428043918
2023-05-24 08:00:00,11.100000000000001,1011.9,89.10186704798298,2.8440000000000003,11.916,172.0,14.833333333333334,1020.7333333333332,72.0,21.833333333333332,33.6,44.66653499840579
2023-05-24 08:30:00,12.05,1012.0,87.93732904512251,3.528,16.524,166.0,15.666666666666666,1020.7999999999998,69.33333333333333,21.666666666666668,33.6,42.66544858796597
2023-05-24 09:00:00,13.100000000000001,1012.25,84.04650920461086,3.69,11.412,166.50000000000003,16.53333333333333,1020.7666666666668,67.0,20.166666666666668,33.6,52.0
2023-05-24 09:30:00,14.2,1012.3499999999999,78.52107542366005,3.6900000000000004,10.476,161.5,17.333333333333332,1020.8000000000001,65.33333333333333,21.7,37.6,44.664738050777
2023-05-24 10:00:00,15.100000000000001,1012.5,75.51356321845425,4.23,13.644,162.5,18.033333333333335,1020.7666666666668,63.0,25.166666666666668,43.1,49.66677201732562
2023-05-24 10:30:00,15.950000000000001,1012.7,72.33736993069978,4.3919999999999995,13.356,146.50000000000003,18.599999999999998,1020.5666666666666,59.0,25.8,43.1,56.998473309280286
2023-05-24 11:00:00,16.75,1012.6500000000001,69.58509326242083,4.284,18.648,171.0,19.633333333333333,1020.4666666666667,57.333333333333336,25.2,43.1,49.999390161456105
2023-05-24 11:30:00,17.35,1012.6,66.3079104085391,4.896,13.176,157.5,20.0,1020.4,55.0,25.099999999999998,44.4,47.99714451257869
2023-05-24 12:00:00,18.15,1012.6,63.37940828499537,5.364,18.576,150.0,20.5,1020.2333333333332,52.333333333333336,23.866666666666664,44.4,57.0107261140633
2023-05-24 12:30:00,18.799999999999997,1012.5,60.180751548032106,5.562,20.844,167.5,21.133333333333336,1020.0,51.666666666666664,23.166666666666668,44.4,57.01225560136244
2023-05-24 13:00:00,19.450000000000003,1012.3499999999999,57.726965151644436,4.878,16.632,158.0,21.366666666666664,1019.8666666666667,50.666666666666664,24.566666666666666,41.8,50.66653499840579
2023-05-24 13:30:00,19.95,1012.3,54.87004544639391,5.094,17.1,145.5,21.599999999999998,1019.7333333333332,48.666666666666664,24.266666666666666,40.5,47.99755785394186
2023-05-24 14:00:00,20.25,1012.3,53.54569179404788,4.896,16.56,151.0,21.8,1019.5666666666666,47.0,24.3,44.2,60.991735692536736
2023-05-24 14:30:00,20.95,1012.1500000000001,53.028412284135534,4.572000000000001,16.740000000000002,192.0,21.96666666666667,1019.3666666666667,44.0,24.566666666666666,44.2,55.98649713764775
2023-05-24 15:00:00,21.15,1012.0,50.79671070293057,5.0760000000000005,16.452,171.0,22.099999999999998,1019.3666666666667,43.333333333333336,25.099999999999998,45.3,49.34096479781241
2023-05-24 15:30:00,21.6,1011.95,49.57203971439435,4.806,16.308,167.0,21.96666666666667,1019.3666666666667,44.0,25.46666666666667,45.3,49.326801063424796
2023-05-24 16:00:00,21.75,1011.8,47.75927954330969,4.859999999999999,20.556,166.0,21.599999999999998,1019.2333333333332,45.333333333333336,22.133333333333336,45.3,53.33387178440327
2023-05-24 16:30:00,21.85,1011.7,44.70627616338835,4.914,14.58,181.49999999999997,21.099999999999998,1019.0666666666666,43.0,25.566666666666666,43.5,49.66500913598081
2023-05-24 17:00:00,21.5,1011.6,44.551139120214685,4.698,12.528,170.0,20.833333333333332,1019.0333333333333,39.333333333333336,23.900000000000002,42.6,50.66677201732563
2023-05-24 17:30:00,21.200000000000003,1011.7,43.768938470103734,4.536,17.568,199.99999999999997,20.3,1019.1333333333333,39.0,24.46666666666667,42.6,53.3330925501716
2023-05-24 18:00:00,21.05,1011.7,43.85339778580263,4.446,16.524,191.5,19.2,1019.3333333333334,40.666666666666664,20.833333333333332,42.6,52.33329571956082
2023-05-24 18:30:00,20.55,1011.6,43.579138593273626,4.77,12.996,184.99999999999997,18.366666666666667,1019.5666666666666,44.0,17.566666666666666,39.6,56.00010156234283
2023-05-24 19:00:00,19.950000000000003,1011.7,41.65142499929154,4.482,20.304,189.5,17.03333333333333,1019.7666666666668,48.666666666666664,14.966666666666667,33.0,44.000304779886214
2023-05-24 19:30:00,19.2,1011.8499999999999,41.55743568695118,3.996,14.256,195.49999999999997,16.099999999999998,1019.9,51.0,15.666666666666666,26.3,39.66670428043918
2023-05-24 20:00:00,18.25,1012.0,42.90269455190018,3.888,10.584,183.99999999999997,15.200000000000001,1020.3666666666667,55.666666666666664,15.300000000000002,24.0,36.99989843765718
2023-05-24 20:30:00,16.95,1012.3,46.99958070762041,2.448,9.072,167.5,14.799999999999999,1020.7666666666668,56.666666666666664,16.099999999999998,22.8,35.0
2023-05-24 21:00:00,15.5,1012.5,53.20680194371717,1.9980000000000002,6.66,102.5,14.566666666666668,1021.0,58.666666666666664,15.833333333333334,22.8,33.00010156234282
2023-05-24 21:30:00,14.7,1012.6,54.52585621142778,1.9620000000000002,6.12,98.5,14.233333333333334,1021.1,61.666666666666664,15.0,22.0,36.333329572528974
2023-05-24 22:00:00,13.45,1012.9,59.55394078348128,1.2600000000000002,3.744,37.0,14.333333333333334,1021.2000000000002,63.0,15.133333333333333,22.6,31.66772105683653
2023-05-24 22:30:00,12.85,1013.2,62.64350963878013,1.674,6.228,1.9999999999999918,14.4,1021.1333333333333,64.0,14.4,22.6,30.33346500159421
2023-05-24 23:00:00,12.0,1013.5,66.52846359444715,1.404,3.636,31.5,14.1,1021.1,65.33333333333333,15.033333333333333,22.6,25.666636577940416
2023-05-24 23:30:00,11.649999999999999,1013.55,70.15420431517458,1.35,3.24,27.5,13.566666666666668,1021.0,67.33333333333333,13.933333333333332,21.3,28.6669074498284
2023-05-25 00:00:00,11.7,1013.6500000000001,74.0432035314071,1.314,4.032000000000001,3.9999999999999836,12.566666666666668,1020.9666666666667,70.33333333333333,14.166666666666666,21.3,22.666772017325624
2023-05-25 00:30:00,11.35,1013.55,77.74762735698441,1.044,2.3040000000000003,13.0,12.1,1021.0333333333333,72.66666666666667,13.700000000000001,18.8,26.332820692899933
2023-05-25 01:00:00,10.95,1013.45,80.06461204489581,0.9900000000000001,2.3400000000000003,17.5,11.833333333333334,1021.0333333333333,74.0,12.299999999999999,18.8,29.33329571956083
2023-05-25 01:30:00,11.0,1013.3499999999999,81.24388762403825,1.17,4.248,20.999999999999996,11.566666666666668,1021.1,75.66666666666667,10.066666666666668,18.8,30.001017017682585
2023-05-25 02:00:00,10.7,1013.2,83.03923666346742,1.314,3.564,13.0,10.966666666666667,1021.1,79.0,9.200000000000001,16.4,14.097907951769182
2023-05-25 02:30:00,10.1,1013.1,85.34216675036433,1.296,3.456,29.000000000000004,11.233333333333334,1021.1,79.33333333333333,11.799999999999999,18.3,24.66653499840579
2023-05-25 03:00:00,9.9,1013.1,86.16733969345277,1.4220000000000002,3.42,50.0,11.366666666666667,1021.1666666666666,79.0,14.5,19.9,24.000101562342817
2023-05-25 03:30:00,9.55,1013.1,87.87767954493687,1.476,3.456,47.5,10.833333333333334,1021.1333333333333,80.33333333333333,14.866666666666667,19.9,20.333295719560823
2023-05-25 04:00:00,9.2,1013.05,89.45988983093633,1.242,3.276,43.0,11.233333333333334,1021.2333333333332,80.33333333333333,15.466666666666667,20.4,22.666704280439177
2023-05-25 04:30:00,8.95,1013.0,90.50156128201274,1.2240000000000002,2.9160000000000004,26.0,11.466666666666667,1021.2666666666668,80.0,15.566666666666668,20.4,22.000000000000004
2023-05-25 05:00:00,8.8,1013.1500000000001,91.64718426562814,1.296,6.768,10.0,12.0,1021.5,79.0,12.9,20.0,32.00213932592389
2023-05-25 05:30:00,8.4,1013.0,93.75599354063309,1.044,2.4480000000000004,24.5,12.766666666666666,1021.5666666666666,78.0,13.733333333333334,21.5,31.666873700096698
2023-05-25 06:00:00,8.65,1013.1,93.29161227164083,1.278,2.9160000000000004,2.499999999999993,12.933333333333332,1021.5,76.33333333333333,17.46666666666667,27.2,33.666365595972685
2023-05-25 06:30:00,9.55,1013.1,92.28172938015678,1.404,4.5,327.5,13.6,1021.3333333333334,75.0,18.966666666666665,29.8,37.33336342205959
2023-05-25 07:00:00,10.05,1013.25,90.70130839568091,1.53,7.704000000000001,298.0,15.1,1021.2666666666668,70.66666666666667,21.599999999999998,36.8,38.33322798267439
2023-05-25 07:30:00,10.8,1013.4,87.11828485479343,2.1420000000000003,8.1,228.5,15.733333333333334,1021.2000000000002,67.0,23.433333333333337,36.8,45.32847239257756
2023-05-25 08:00:00,12.45,1013.3499999999999,82.90757174024577,3.33,12.168,219.99999999999997,16.2,1021.1666666666666,64.33333333333333,23.133333333333336,36.8,45.997252795285
2023-05-25 08:30:00,13.7,1013.25,80.11809607524906,3.9960000000000004,14.22,188.99999999999997,16.933333333333334,1021.0333333333333,62.0,22.2,40.3,51.3331262999033
2023-05-25 09:00:00,14.45,1013.2,76.04264851577788,3.726,13.212,181.99999999999997,17.46666666666667,1021.0666666666666,58.333333333333336,27.933333333333334,44.0,53.66351543576989
2023-05-25 09:30:00,15.1,1013.2,70.90601896778904,4.032,14.832,172.5,17.333333333333332,1021.0,57.333333333333336,26.433333333333334,45.3,42.33329571956083
2023-05-25 10:00:00,16.05,1013.05,65.40752151244736,4.392,14.22,175.5,17.366666666666664,1020.7333333333332,53.0,29.96666666666667,47.0,46.66677201732562
2023-05-25 10:30:00,16.9,1012.8,62.36214145504037,4.284000000000001,13.428,181.0,18.433333333333334,1020.6666666666666,49.0,25.96666666666667,51.5,51.66667042747102
2023-05-25 11:00:00,17.700000000000003,1012.8,58.5058433542028,4.986000000000001,19.44,192.0,18.900000000000002,1020.6,46.333333333333336,30.666666666666668,51.5,65.33455141203405
2023-05-25 11:30:00,16.85,1013.1,57.8255026504759,5.004,19.476000000000003,197.99999999999997,18.033333333333335,1020.5666666666666,48.333333333333336,28.233333333333334,51.5,48.334177360247885
2023-05-25 12:00:00,17.049999999999997,1012.95,54.4942084237881,5.454000000000001,20.736,181.0,18.366666666666664,1020.5,48.0,29.833333333333332,52.4,57.99999999999999
2023-05-25 12:30:00,17.25,1012.8,52.07185721218425,5.724,28.188,162.0,18.833333333333332,1020.3333333333334,48.666666666666664,28.599999999999998,54.3,58.33526194922301
2023-05-25 13:00:00,17.25,1012.8499999999999,50.24339520038738,5.022,16.344,175.0,19.933333333333334,1020.1333333333333,47.0,27.933333333333337,54.3,64.66612821559673
2023-05-25 13:30:00,16.950000000000003,1012.9,50.11107925172636,5.454000000000001,20.952,148.0,20.066666666666666,1020.1666666666666,46.333333333333336,30.2,53.4,73.3380551892927
2023-05-25 14:00:00,18.05,1012.6,50.48187736440039,6.444,22.824,144.0,21.26666666666667,1020.1333333333333,44.333333333333336,29.099999999999998,53.4,78.33109155785019
2023-05-25 14:30:00,19.05,1012.3,48.70310048941612,6.6240000000000006,22.284,134.0,21.099999999999998,1020.1333333333333,44.0,28.066666666666663,53.4,80.67099042297873
2023-05-25 15:00:00,18.9,1012.3499999999999,46.935287799274214,7.254,26.964,108.5,21.566666666666663,1019.9666666666667,43.666666666666664,26.5,50.4,80.66663657794041
2023-05-25 15:30:00,20.15,1012.3499999999999,44.89626135623106,6.66,23.184,117.5,21.400000000000002,1020.0333333333333,44.666666666666664,24.933333333333334,50.4,79.33204180384406
2023-05-25 16:00:00,20.4,1012.3,44.91385698712661,5.814,18.684,138.0,21.599999999999998,1020.0,45.0,24.366666666666664,50.4,80.0006098385439
2023-05-25 16:30:00,20.1,1012.5,44.31848274440713,6.102,20.412,136.5,21.566666666666666,1019.9666666666667,45.666666666666664,27.666666666666668,50.3,69.0
2023-05-25 17:00:00,20.5,1012.45,43.996387460789364,5.976000000000001,20.124,128.5,21.233333333333334,1020.0333333333333,47.333333333333336,27.133333333333336,50.3,72.66762222421085
2023-05-25 17:30:00,20.65,1012.5,43.837613571923725,4.968,15.444,115.0,20.866666666666664,1020.2333333333332,49.666666666666664,21.099999999999998,47.1,80.33329571956084
2023-05-25 18:00:00,21.049999999999997,1012.6,43.190921471683716,5.292,14.58,102.50000000000001,20.366666666666667,1020.4333333333334,51.0,18.400000000000002,44.9,74.67009788155241
2023-05-25 18:30:00,20.55,1012.6500000000001,45.262072737724466,4.3919999999999995,17.136,152.5,19.766666666666666,1020.7666666666668,53.666666666666664,13.133333333333333,34.8,77.66636559597269
2023-05-25 19:00:00,20.4,1012.75,45.91518775135424,5.093999999999999,18.9,140.0,18.7,1020.9,58.0,10.9,29.3,64.67099042297873
2023-05-25 19:30:00,20.1,1012.8499999999999,46.15807025046505,4.914,16.848,129.5,16.8,1021.1,64.66666666666667,14.300000000000002,20.9,45.33387178440327
2023-05-25 20:00:00,19.6,1013.1500000000001,48.70818554665536,3.762,13.608,135.50000000000003,15.566666666666668,1021.3666666666667,67.66666666666667,8.666666666666666,20.6,61.99347765905793
2023-05-25 20:30:00,19.0,1013.45,51.84436123805639,3.168,10.8,118.00000000000001,15.1,1021.6333333333333,70.33333333333333,9.633333333333335,17.2,55.66677201732563
2023-05-25 21:00:00,17.799999999999997,1013.75,58.004622098004646,1.9440000000000004,7.776000000000001,93.5,14.833333333333334,1021.7000000000002,71.66666666666667,12.5,15.9,40.31837269415492
2023-05-25 21:30:00,16.15,1013.9,65.26052063646408,1.1880000000000002,3.816,17.0,14.666666666666666,1021.8333333333334,73.0,12.633333333333333,17.5,33.33322798267439
2023-05-25 22:00:00,14.5,1014.2,71.69003289352173,1.0260000000000002,2.4120000000000004,42.00000000000001,13.966666666666667,1021.8333333333334,75.0,13.833333333333334,17.5,37.33363440402731
2023-05-25 22:30:00,13.55,1014.4,75.81398773740192,1.0620000000000003,1.908,43.5,13.466666666666667,1021.8666666666667,77.0,13.866666666666665,17.5,44.66636559597269
2023-05-25 23:00:00,12.85,1014.3499999999999,79.33034978443476,0.99,2.16,42.49999999999999,13.300000000000002,1021.8666666666667,78.0,14.066666666666668,17.3,38.66164574425015
2023-05-25 23:30:00,12.399999999999999,1014.4,82.29844936780017,1.1340000000000001,2.3760000000000003,49.0,13.1,1021.8333333333334,78.66666666666667,13.833333333333334,17.3,42.663138494813765
2023-05-26 00:00:00,11.95,1014.3,84.51758223914999,1.0980000000000003,3.096,34.5,12.733333333333334,1021.6333333333333,79.66666666666667,14.0,17.3,45.667246271919
2023-05-26 00:30:00,11.7,1014.4,86.14366432203904,1.1340000000000001,2.52,41.0,12.433333333333332,1021.5333333333333,80.33333333333333,14.4,16.1,43.0
2023-05-26 01:00:00,11.4,1014.3499999999999,87.75900004002673,1.044,2.052,29.000000000000004,12.299999999999999,1021.4333333333334,81.0,15.666666666666666,18.3,44.33346500159421
2023-05-26 01:30:00,11.1,1014.25,89.25791599924037,0.9360000000000002,1.872,31.5,12.466666666666667,1021.4333333333334,80.0,14.6,18.5,46.66653499840579
2023-05-26 02:00:00,10.8,1014.1,90.66948916808188,0.9900000000000001,1.764,35.5,12.300000000000002,1021.4333333333334,80.0,14.4,18.5,45.999695220113786
2023-05-26 02:30:00,10.7,1013.9,91.1588442294084,1.008,2.556,22.000000000000004,12.5,1021.4,79.66666666666667,12.866666666666667,17.7,56.33329571956084
2023-05-26 03:00:00,10.5,1013.8499999999999,91.95061270022498,0.81,1.728,20.5,12.066666666666668,1021.2999999999998,80.33333333333333,15.233333333333334,19.3,51.66667042747102
2023-05-26 03:30:00,10.3,1013.75,92.4307990651044,0.9720000000000001,2.3040000000000003,42.0,12.200000000000001,1021.2999999999998,81.0,16.2,20.9,51.66663657794041
2023-05-26 04:00:00,9.9,1013.6500000000001,94.28060801433548,0.684,1.476,5.499999999999998,12.300000000000002,1021.5,81.33333333333333,16.266666666666666,23.5,54.00000000000001
2023-05-26 04:30:00,9.55,1013.6,94.80265086614304,0.81,2.4480000000000004,16.0,12.300000000000002,1021.6,82.0,17.400000000000002,27.2,52.0
2023-05-26 05:00:00,9.75,1013.5,94.24079312070174,1.116,2.484,42.0,12.633333333333333,1021.7333333333332,82.0,15.166666666666666,27.2,55.33346500159421
2023-05-26 05:30:00,9.95,1013.5,94.13026098052727,1.278,5.04,52.0,13.433333333333332,1021.9,81.0,18.066666666666666,27.2,59.99989843765719
2023-05-26 06:00:00,9.95,1013.55,94.3776777982097,1.116,3.744,32.5,14.299999999999999,1021.9,79.0,17.933333333333334,28.5,65.66667042747102
2023-05-26 06:30:00,10.350000000000001,1013.8499999999999,94.22947368136926,1.332,5.364,5.999999999999998,15.1,1021.9666666666667,77.0,19.733333333333334,31.9,69.33227894316347
2023-05-26 07:00:00,10.600000000000001,1013.95,94.08267337921274,1.404,6.803999999999999,40.0,16.2,1022.1333333333333,74.66666666666667,18.166666666666668,32.2,78.33309255017161
2023-05-26 07:30:00,11.95,1014.1500000000001,90.23735228008105,2.484,8.316,95.5,17.46666666666667,1022.3666666666667,72.0,14.6,32.2,79.66619627955163
2023-05-26 08:00:00,13.05,1014.2,87.44071947337113,2.988,10.512,122.0,18.5,1022.4,69.0,12.466666666666667,32.2,80.34322884013328
2023-05-26 08:30:00,14.1,1014.2,86.26786719091137,3.5460000000000003,13.392,116.5,19.566666666666666,1022.3333333333334,66.66666666666667,13.766666666666666,22.9,74.33299057813271
2023-05-26 09:00:00,15.7,1014.25,81.3750098303552,3.294,10.548,100.5,20.633333333333333,1022.2666666666668,64.66666666666667,12.633333333333333,22.9,76.32971785268666
2023-05-26 09:30:00,17.35,1014.3499999999999,74.84330034945282,3.33,11.556,113.50000000000001,21.7,1022.2999999999998,63.0,12.566666666666668,23.1,79.33387178440327
2023-05-26 10:00:00,18.55,1014.3499999999999,70.07310613110798,3.2760000000000002,13.716,98.5,22.566666666666666,1022.1666666666666,60.666666666666664,13.366666666666667,23.1,78.34412982709169
2023-05-26 10:30:00,19.55,1014.4,67.0931130404638,3.438,12.528,118.50000000000001,23.633333333333336,1021.9,58.0,13.166666666666666,24.0,66.33363440402731
2023-05-26 11:00:00,20.65,1014.25,63.879293261716825,3.528,10.08,115.99999999999999,24.266666666666666,1021.6333333333333,56.0,13.366666666666667,25.2,80.6486438081719
2023-05-26 11:30:00,21.7,1014.2,62.285812779717176,3.1500000000000004,8.928,125.00000000000001,25.099999999999998,1021.4333333333334,54.0,16.2,26.9,69.99388483819014
2023-05-26 12:00:00,22.6,1014.1500000000001,59.82910190931033,3.708,10.224,105.00000000000001,25.900000000000002,1021.0666666666666,51.333333333333336,17.333333333333332,35.8,74.67043694469768
2023-05-26 12:30:00,23.549999999999997,1014.05,57.53684467215391,3.7800000000000002,17.424,143.5,26.233333333333334,1020.7666666666668,49.666666666666664,17.2,35.8,81.66772105683654
2023-05-26 13:00:00,24.25,1013.8,55.43775195678987,3.7980000000000005,10.656,139.5,26.766666666666666,1020.6333333333333,50.0,18.366666666666667,35.8,83.66667042747103
2023-05-26 13:30:00,24.9,1013.6,53.448463487597095,3.9960000000000004,12.564000000000002,160.00000000000003,26.866666666666664,1020.3333333333334,47.666666666666664,18.733333333333334,40.9,79.01687081915848
2023-05-26 14:00:00,25.549999999999997,1013.45,52.35668101290349,4.013999999999999,10.44,127.50000000000001,27.03333333333333,1020.0666666666666,46.666666666666664,16.8,40.9,78.97333807263074
2023-05-26 14:30:00,26.1,1013.1500000000001,49.57082235890498,4.266,11.448,141.5,27.433333333333334,1019.8333333333334,46.666666666666664,19.5,34.7,72.6590352021876
2023-05-26 15:00:00,26.5,1012.95,47.11606041403174,4.1579999999999995,16.452,119.5,27.266666666666666,1019.7333333333332,47.333333333333336,19.366666666666664,34.7,74.33204180384405
2023-05-26 15:30:00,26.8,1012.8,45.661976148247696,4.302,15.840000000000002,132.5,27.2,1019.5666666666666,47.333333333333336,18.7,34.7,69.00489325099099
2023-05-26 16:00:00,27.0,1012.7,45.22970743149622,3.7619999999999996,15.336,136.0,27.133333333333336,1019.5,46.666666666666664,19.8,33.8,65.00367583641233
2023-05-26 16:30:00,27.2,1012.55,44.94941669752592,4.032,16.308,145.0,26.933333333333334,1019.4333333333334,46.333333333333336,19.066666666666666,33.6,64.99755785394186
2023-05-26 17:00:00,27.049999999999997,1012.4,44.50353661926739,4.122,14.4,145.5,26.433333333333334,1019.2999999999998,47.333333333333336,20.400000000000002,33.4,56.667179307100064
2023-05-26 17:30:00,26.9,1012.25,44.5058649416906,3.996,13.824,150.5,25.833333333333332,1019.3333333333334,48.666666666666664,19.7,33.4,53.334177360247885
2023-05-26 18:00:00,26.65,1012.3,44.74888283212695,4.032,14.472,156.00000000000003,25.099999999999998,1019.4666666666667,50.0,19.066666666666666,36.6,53.666670427471026
2023-05-26 18:30:00,26.15,1012.3,45.04094489441252,3.816,17.388,134.0,24.266666666666666,1019.6333333333333,51.666666666666664,16.633333333333336,36.6,54.66670428043917
2023-05-26 19:00:00,25.65,1012.25,45.07204594005198,3.51,13.032,162.0,23.03333333333333,1019.8333333333334,55.666666666666664,14.266666666666666,36.6,52.00010156234281
2023-05-26 19:30:00,24.95,1012.3,46.099578772407966,3.402,14.364,174.00000000000003,21.166666666666668,1019.9,62.0,14.033333333333333,25.4,47.66677201732563
2023-05-26 20:00:00,24.1,1012.45,47.80814056273763,3.24,11.052,144.50000000000003,19.900000000000002,1020.1333333333333,66.0,14.200000000000001,19.9,45.00010156234283
2023-05-26 20:30:00,23.25,1012.6500000000001,49.37710692505877,2.9160000000000004,11.412,133.5,19.2,1020.3000000000001,68.0,14.366666666666667,21.1,44.996435545703534
2023-05-26 21:00:00,22.05,1012.75,52.56925883691569,2.34,6.264,119.0,18.633333333333336,1020.5666666666666,70.0,14.166666666666666,21.1,43.33166776031588
2023-05-26 21:30:00,20.25,1012.9,58.99422964939869,1.296,8.388,46.5,17.766666666666666,1020.6333333333333,72.0,14.266666666666666,16.7,42.999695220113786
2023-05-26 22:00:00,18.299999999999997,1013.1500000000001,66.44468955457873,0.9,2.052,53.5,17.633333333333336,1020.6666666666666,73.33333333333333,14.299999999999999,17.2,52.333634404027315
2023-05-26 22:30:00,17.15,1013.3,72.24040694270735,1.458,2.772,76.0,17.599999999999998,1020.5,73.0,13.1,18.0,57.33336342205959
2023-05-26 23:00:00,16.3,1013.5,77.37399496450526,1.044,2.4120000000000004,57.0,16.8,1020.4,75.0,11.200000000000001,18.0,58.66653499840578
2023-05-26 23:30:00,15.7,1013.55,80.11316866152066,0.9900000000000001,2.052,53.00000000000001,16.566666666666666,1020.2666666666668,75.66666666666667,10.766666666666666,17.6,61.333465001594206
2023-05-27 00:00:00,15.4,1013.6,80.92530048509752,1.08,3.816,40.0,15.533333333333333,1020.1666666666666,78.66666666666667,7.033333333333332,16.1,65.33380372044836
2023-05-27 00:30:00,15.3,1013.55,81.67812990252531,1.1520000000000001,3.6,37.50000000000001,15.966666666666667,1019.9333333333334,78.66666666666667,11.033333333333333,20.0,59.99999999999999
2023-05-27 01:00:00,15.399999999999999,1013.3499999999999,81.38563478874477,1.674,9.396,52.99999999999999,15.5,1019.8000000000001,79.0,12.633333333333333,20.0,55.666670427471026
2023-05-27 01:30:00,16.0,1013.25,79.142600882238,1.9980000000000002,5.148,98.00000000000001,15.033333333333333,1019.5666666666666,80.33333333333333,11.766666666666666,20.0,56.0
2023-05-27 02:00:00,15.35,1013.05,81.84712220433087,1.332,5.904,72.0,14.633333333333333,1019.3333333333334,81.66666666666667,10.833333333333334,15.8,56.99969522011378
2023-05-27 02:30:00,14.8,1012.9,83.7590340945926,1.044,4.104,39.50000000000001,14.466666666666667,1019.1333333333333,83.0,8.966666666666667,14.9,57.00030477988623
2023-05-27 03:00:00,14.15,1012.6500000000001,86.17435185871454,0.9540000000000002,3.492,7.000000000000005,14.1,1019.0333333333333,83.66666666666667,10.666666666666666,15.7,55.66677201732563
2023-05-27 03:30:00,13.65,1012.3499999999999,88.3451159055846,0.9540000000000002,2.124,54.5,14.066666666666668,1018.8333333333334,85.0,10.5,15.7,58.00000000000001
2023-05-27 04:00:00,13.149999999999999,1012.1500000000001,90.27895294426949,0.72,1.728,6.500000000000001,13.966666666666667,1018.8000000000001,85.0,10.0,15.7,57.66677201732563
2023-05-27 04:30:00,13.0,1011.8499999999999,91.23668053807198,0.99,4.104,50.5,13.833333333333334,1018.7666666666668,86.0,9.9,15.0,57.0
2023-05-27 05:00:00,13.05,1011.7,91.96911778262978,1.2240000000000002,6.336,36.0,14.166666666666666,1018.7999999999998,86.0,9.799999999999999,14.9,59.99999999999999
2023-05-27 05:30:00,13.399999999999999,1011.6,90.57646644776247,1.9440000000000002,7.416,83.5,15.1,1018.9333333333334,85.33333333333333,11.533333333333333,18.1,62.0
2023-05-27 06:00:00,13.45,1011.45,90.80074193092747,1.836,7.128,83.50000000000001,16.099999999999998,1019.0333333333333,83.0,13.200000000000001,22.8,70.667246271919
2023-05-27 06:30:00,12.75,1011.4,93.52359316674453,0.9540000000000002,2.8800000000000003,33.5,16.900000000000002,1019.1,80.0,14.5,23.9,75.9993901614561
2023-05-27 07:00:00,12.6,1011.3499999999999,94.30934926891315,0.99,4.896000000000001,18.499999999999996,17.933333333333334,1018.9666666666667,76.0,16.7,25.0,70.66612821559673
2023-05-27 07:30:00,13.350000000000001,1011.45,92.70275945350261,1.836,8.424,81.5,19.033333333333335,1018.8000000000001,73.0,16.7,26.4,64.33204180384405
2023-05-27 08:00:00,14.649999999999999,1011.5,89.54675901359681,2.5020000000000002,12.168,115.0,20.333333333333332,1018.6666666666666,70.0,15.9,26.4,66.00081305608727
2023-05-27 08:30:00,15.85,1011.4,87.44917846171924,2.79,8.82,124.49999999999999,21.333333333333332,1018.4666666666667,67.0,18.133333333333333,25.9,61.66619627955163
2023-05-27 09:00:00,17.299999999999997,1011.3,82.71586780878047,2.898,8.208,117.50000000000001,22.96666666666667,1018.3333333333334,65.0,15.833333333333334,24.8,64.0
2023-05-27 09:30:00,18.6,1011.1500000000001,77.57793085776714,3.168,10.008,112.0,23.633333333333336,1018.1666666666666,63.0,16.76666666666667,30.8,46.999695220113786
2023-05-27 10:00:00,19.950000000000003,1010.95,73.30782941519294,2.97,11.484,142.50000000000003,25.0,1018.1333333333333,60.0,16.533333333333335,30.8,54.65036900816081
2023-05-27 10:30:00,21.15,1010.75,69.53017018028834,3.0780000000000003,11.484,152.0,25.733333333333334,1018.0666666666666,55.666666666666664,15.966666666666669,30.8,71.62107342876872
2023-05-27 11:00:00,22.25,1010.55,66.42160679547152,3.5460000000000003,10.224,133.0,26.46666666666667,1017.8333333333334,54.333333333333336,14.333333333333334,30.2,83.34060165746568
2023-05-27 11:30:00,23.35,1010.4,64.30700816687761,3.456,15.515999999999998,160.0,27.03333333333333,1017.6333333333333,52.0,12.700000000000001,30.2,71.97599689067343
2023-05-27 12:00:00,24.2,1010.3499999999999,61.11552423779068,4.086,13.212,160.5,27.233333333333334,1017.4,49.333333333333336,12.833333333333334,26.7,81.33332957252898
2023-05-27 12:30:00,24.950000000000003,1010.4,57.55331628912823,4.428000000000001,13.608,150.0,27.8,1017.1666666666666,48.666666666666664,10.533333333333333,24.0,62.002442146058144
2023-05-27 13:00:00,25.75,1010.2,55.50372234392899,3.7439999999999998,11.628,147.0,28.066666666666666,1017.0,47.0,13.799999999999999,31.9,67.70632145621819
2023-05-27 13:30:00,26.4,1010.0,52.8671792366393,3.618,12.348,126.50000000000001,28.3,1016.8333333333334,47.333333333333336,11.9,31.9,69.004893250991
2023-05-27 14:00:00,26.9,1009.8499999999999,50.59004412738777,3.3840000000000003,11.592,137.0,28.366666666666664,1016.6333333333333,47.666666666666664,13.200000000000001,22.6,61.93856070125831
2023-05-27 14:30:00,27.4,1009.6500000000001,48.78329251983006,3.51,14.292000000000002,142.50000000000003,28.400000000000002,1016.5,46.0,11.766666666666666,28.2,47.98986819398808
2023-05-27 15:00:00,27.55,1009.55,47.48693481421793,3.2760000000000002,11.232,147.49999999999997,28.400000000000002,1016.3333333333334,46.666666666666664,12.1,28.3,53.719511425387445
2023-05-27 15:30:00,27.8,1009.5,46.67925617393632,3.4379999999999997,9.036,134.5,28.566666666666666,1016.1666666666666,45.666666666666664,11.466666666666667,28.3,39.0
2023-05-27 16:00:00,27.95,1009.3,46.51336722119429,3.438,11.88,142.50000000000003,28.400000000000002,1016.0,46.333333333333336,13.133333333333333,28.3,48.66653499840579
2023-05-27 16:30:00,28.05,1009.25,46.506267934955865,2.88,9.648,170.5,27.833333333333332,1015.9,46.333333333333336,17.2,25.6,25.666907449828397
2023-05-27 17:00:00,28.05,1009.1,45.80634832433913,2.664,9.684,198.5,27.400000000000002,1015.9,47.333333333333336,14.5,25.6,38.00918115961119
2023-05-27 17:30:00,28.0,1009.05,44.79127476501574,2.466,8.748000000000001,158.5,26.400000000000002,1015.7999999999998,50.666666666666664,12.233333333333334,25.6,36.0
2023-05-27 18:00:00,27.75,1008.8499999999999,43.905281113431414,2.466,7.308,187.5,25.933333333333334,1015.7000000000002,52.333333333333336,11.1,21.8,42.666636577940416
2023-05-27 18:30:00,27.049999999999997,1008.7,47.33508163050966,2.952,10.332,199.0,25.066666666666666,1015.6999999999999,55.333333333333336,12.566666666666668,19.1,45.666636577940416
2023-05-27 19:00:00,26.65,1008.8499999999999,46.62355612293169,2.6100000000000003,9.036,201.99999999999997,24.3,1015.9666666666667,57.0,14.333333333333334,22.0,51.3330925501716
2023-05-27 19:30:00,25.4,1008.8499999999999,51.30840954820192,1.782,8.28,170.0,23.03333333333333,1016.0666666666666,59.333333333333336,13.200000000000001,22.0,53.0
2023-05-27 20:00:00,23.950000000000003,1008.8,61.268664157518586,1.278,3.636,92.5,20.933333333333334,1016.1666666666666,64.66666666666667,12.066666666666668,22.0,51.99847470611665
2023-05-27 20:30:00,22.9,1008.8499999999999,64.88735773507477,1.332,5.688000000000001,106.00000000000001,19.833333333333332,1016.2666666666668,68.66666666666667,8.633333333333335,17.7,49.64241061683472
2023-05-27 21:00:00,21.8,1008.95,67.82265521876391,1.368,5.472,89.0,18.7,1016.5,71.0,7.566666666666666,14.6,55.66795819615595
2023-05-27 21:30:00,20.35,1009.1,71.80217699555254,1.2240000000000002,2.3760000000000003,80.0,17.733333333333334,1016.6333333333333,75.0,6.3,14.5,52.68217124281291
2023-05-27 22:00:00,18.950000000000003,1009.25,73.17074364242816,1.4940000000000002,2.592,79.5,16.633333333333333,1016.7333333333332,79.33333333333333,7.8999999999999995,10.8,41.332820692899936
2023-05-27 22:30:00,17.85,1009.3,74.53961365352373,1.3860000000000001,2.556,80.0,17.400000000000002,1016.6,77.0,10.700000000000001,12.6,40.332616488127826
2023-05-27 23:00:00,17.200000000000003,1009.5,76.18294413448255,1.26,2.268,72.5,16.46666666666667,1016.4333333333334,81.33333333333333,9.133333333333333,12.9,36.65939834253431
2023-05-27 23:30:00,16.799999999999997,1009.6,77.9030883767369,1.242,2.484,72.5,16.833333333333332,1016.3000000000001,80.0,9.533333333333333,13.2,30.666670427471015
2023-05-28 00:00:00,16.4,1009.7,79.98938470979608,1.4220000000000002,4.788,73.0,16.866666666666664,1016.0333333333333,79.0,11.633333333333333,14.5,34.00010156234282
2023-05-28 00:30:00,16.0,1009.55,81.59089404428008,1.242,2.268,67.0,16.266666666666666,1015.7666666666668,79.33333333333333,11.166666666666666,15.1,28.666534998405783
2023-05-28 01:00:00,15.45,1009.3499999999999,83.79979167944282,1.08,1.836,59.00000000000001,15.866666666666667,1015.5666666666666,80.66666666666667,11.133333333333333,15.1,27.333295719560827
2023-05-28 01:30:00,15.1,1009.1500000000001,86.05638778921872,1.0979999999999999,2.3040000000000003,57.5,15.766666666666666,1015.4666666666667,81.0,12.833333333333334,16.8,28.66670428043917
2023-05-28 02:00:00,14.75,1008.8499999999999,87.12291629320033,1.206,2.3760000000000003,50.5,15.666666666666666,1015.2666666666668,80.66666666666667,13.9,18.2,29.666670427471022
2023-05-28 02:30:00,14.350000000000001,1008.55,88.48622953485149,1.1520000000000001,2.0160000000000005,40.5,15.233333333333334,1015.1666666666666,81.0,13.433333333333332,18.2,29.66724627191899
2023-05-28 03:00:00,14.0,1008.3,89.82842065850275,1.134,2.232,46.0,14.666666666666666,1015.1,82.66666666666667,13.233333333333334,18.2,26.667958196155947
2023-05-28 03:30:00,13.8,1008.2,90.30654116842163,1.296,2.052,58.5,14.6,1015.0666666666666,83.66666666666667,10.299999999999999,18.2,32.333803720448365
2023-05-28 04:00:00,13.45,1008.0,91.80601844471602,1.2240000000000002,2.484,50.00000000000001,14.0,1015.1,84.66666666666667,8.700000000000001,15.4,28.33227894316347
2023-05-28 04:30:00,13.2,1007.8499999999999,92.45648286461802,1.116,1.836,53.5,13.766666666666666,1015.0666666666666,86.0,8.1,14.7,27.3330925501716
2023-05-28 05:00:00,12.8,1007.7,94.19928279535293,0.9720000000000002,1.728,56.5,14.0,1015.2000000000002,86.0,11.6,15.2,21.66677201732562
2023-05-28 05:30:00,12.6,1007.6500000000001,94.78912066781024,0.936,1.872,50.50000000000001,15.0,1015.2666666666668,86.66666666666667,12.366666666666667,16.2,25.665822639752122
2023-05-28 06:00:00,12.5,1007.6,95.68941438710723,1.17,1.944,57.5,16.3,1015.2999999999998,84.0,12.1,17.7,36.33346500159421
2023-05-28 06:30:00,12.25,1007.55,96.89007220913463,1.08,2.052,48.00000000000001,17.3,1015.2333333333332,81.33333333333333,13.766666666666666,23.5,37.33363440402731
2023-05-28 07:00:00,12.350000000000001,1007.55,97.26313623378374,1.098,1.764,61.50000000000001,18.466666666666665,1015.2666666666668,77.33333333333333,16.3,23.5,41.66670428043918
2023-05-28 07:30:00,12.7,1007.6500000000001,97.84409446059678,0.9,1.62,57.5,19.8,1015.1666666666666,73.33333333333333,15.233333333333334,23.5,39.33322798267437
2023-05-28 08:00:00,13.649999999999999,1007.7,98.12913001155187,0.6480000000000001,1.908,25.0,20.966666666666665,1015.0666666666666,69.33333333333333,15.033333333333331,21.9,44.66667042747101
2023-05-28 08:30:00,15.3,1007.6500000000001,99.36771249262048,1.35,5.867999999999999,113.0,22.233333333333334,1014.8333333333334,65.0,14.433333333333332,24.8,44.3268010634248
2023-05-28 09:00:00,17.5,1007.5,89.38271474174854,2.214,6.948,180.0,23.366666666666664,1014.6333333333333,62.666666666666664,15.966666666666667,24.8,33.332753728081
2023-05-28 09:30:00,19.35,1007.3499999999999,79.72823712558659,2.79,10.152,140.5,24.366666666666664,1014.5,58.333333333333336,17.96666666666667,27.2,39.3331262999033
2023-05-28 10:00:00,20.8,1007.2,73.38472223303015,2.718,10.332,161.0,25.599999999999998,1014.3000000000001,55.0,18.066666666666666,30.3,39.0
2023-05-28 10:30:00,21.75,1007.0,68.82845502245969,3.42,9.252,154.0,26.46666666666667,1014.1333333333333,52.0,18.766666666666666,35.1,41.99081884038881
2023-05-28 11:00:00,23.0,1006.8499999999999,64.32164261753952,3.384,11.988,173.5,26.96666666666667,1013.9,49.666666666666664,22.0,35.1,46.99847330928028
2023-05-28 11:30:00,24.15,1006.7,60.633891755295075,3.3120000000000003,10.764,182.5,27.599999999999998,1013.5666666666666,47.666666666666664,20.033333333333335,35.1,58.32192997875895
2023-05-28 12:00:00,25.25,1006.55,56.35446737478678,3.726,12.096,174.5,27.866666666666664,1013.3333333333334,47.666666666666664,19.866666666666667,34.4,46.637840795297684
2023-05-28 12:30:00,25.95,1006.4,52.67097494357162,4.266,14.364,160.99999999999997,27.933333333333334,1012.9333333333334,47.0,18.866666666666664,32.8,43.33322798267439
2023-05-28 13:00:00,26.65,1006.25,51.22039038635476,3.69,11.556,176.00000000000003,27.866666666666664,1012.6666666666666,48.666666666666664,18.2,32.8,37.66612821559673
2023-05-28 13:30:00,26.95,1006.05,49.635404786844845,3.726,12.348,175.5,28.233333333333334,1012.5,48.666666666666664,15.6,29.7,59.59282220876786
2023-05-28 14:00:00,27.5,1005.8499999999999,49.028546600145006,3.9059999999999997,11.448,160.5,28.3,1012.4,50.0,14.6,29.7,66.00152529388335
2023-05-28 14:30:00,27.6,1005.55,49.92413501806162,4.266,11.088,146.0,28.53333333333333,1012.2666666666668,47.0,15.933333333333332,32.1,66.63287107248249
2023-05-28 15:00:00,27.65,1005.3,49.468517641770845,3.942,11.088,163.49999999999997,29.03333333333333,1012.0666666666666,45.333333333333336,18.066666666666666,35.0,52.67477370562486
2023-05-28 15:30:00,28.05,1005.2,47.88440482165852,3.564,14.976,169.00000000000003,28.833333333333332,1012.0,44.666666666666664,16.866666666666667,35.0,63.331667760315874
2023-05-28 16:00:00,27.7,1005.1500000000001,47.87364245045529,3.276,12.276000000000002,145.0,28.766666666666666,1011.9333333333334,45.666666666666664,19.46666666666667,35.1,57.669966170332145
2023-05-28 16:30:00,28.0,1005.1,46.50871719320644,3.618,13.968,154.5,28.166666666666668,1011.7999999999998,46.333333333333336,20.566666666666666,35.9,51.6620188463932
2023-05-28 17:00:00,27.65,1004.9,45.95260302705344,3.0780000000000003,11.124,147.49999999999997,27.8,1011.9,45.666666666666664,22.0,35.9,47.66772105683654
2023-05-28 17:30:00,27.9,1004.8,45.30996800749941,3.474,13.392,180.5,27.400000000000002,1011.9333333333334,46.333333333333336,19.900000000000002,36.1,58.333871784403264
2023-05-28 18:00:00,27.4,1004.8,46.52223472693847,3.474,12.78,178.00000000000003,26.7,1012.1333333333333,47.0,21.633333333333336,36.1,50.66677201732563
2023-05-28 18:30:00,27.25,1004.6,46.62732007723828,3.6540000000000004,16.488,176.5,25.933333333333334,1012.4,49.0,15.966666666666667,36.1,54.66670428043917
2023-05-28 19:00:00,26.95,1004.8,45.96311304816133,3.492,13.14,176.00000000000003,24.833333333333332,1012.7333333333332,51.333333333333336,14.200000000000001,35.7,53.00030477988622
2023-05-28 19:30:00,26.35,1004.95,45.45775190640537,3.816,15.552,174.0,22.933333333333334,1012.8000000000001,57.333333333333336,13.366666666666667,29.6,46.33499086401918
2023-05-28 20:00:00,25.5,1005.05,48.21924941382106,2.934,10.872,166.0,21.666666666666668,1013.1333333333333,61.666666666666664,12.4,20.7,35.33329571956083
2023-05-28 20:30:00,24.25,1005.3,53.01883314980728,2.16,9.504,139.0,20.933333333333334,1013.4,62.666666666666664,12.299999999999999,17.3,32.66670428043918
2023-05-28 21:00:00,22.65,1005.75,58.80049362866197,1.6560000000000001,5.652,91.99999999999999,20.233333333333334,1013.6666666666666,64.66666666666667,13.033333333333333,18.6,32.66670428043918
2023-05-28 21:30:00,20.7,1005.9,64.73380747693824,1.1340000000000001,2.556,75.0,19.7,1013.7666666666668,65.66666666666667,14.4,18.8,35.33346500159422
2023-05-28 22:00:00,19.1,1006.1,69.1960145704846,1.116,2.0160000000000005,75.5,19.233333333333334,1013.9,67.66666666666667,13.566666666666668,18.8,36.0
2023-05-28 22:30:00,18.1,1006.5,71.76450551027628,1.314,2.268,82.50000000000001,19.333333333333332,1013.8666666666667,67.0,13.933333333333332,18.8,34.33332957252899
2023-05-28 23:00:00,17.35,1006.75,74.45245353713732,1.0260000000000002,2.4480000000000004,70.5,18.933333333333334,1013.8000000000001,68.0,12.799999999999999,17.5,42.66612821559673
2023-05-28 23:30:00,16.85,1006.75,76.69657581418976,1.2240000000000002,2.3400000000000003,71.5,18.766666666666666,1013.9,69.33333333333333,12.833333333333334,17.5,44.332278943163466
2023-05-29 00:00:00,16.950000000000003,1006.8,77.161365532861,1.638,4.32,86.0,18.766666666666666,1013.9333333333334,68.66666666666667,13.233333333333334,16.4,40.66663657794041
2023-05-29 00:30:00,16.9,1006.8,78.34589042832641,1.1520000000000001,3.492,69.00000000000001,18.433333333333334,1013.9666666666667,69.66666666666667,12.633333333333333,16.3,41.333363422059584
2023-05-29 01:00:00,16.6,1006.7,79.16210770349666,1.008,2.3760000000000003,54.5,17.833333333333332,1013.7999999999998,70.66666666666667,13.0,17.8,41.33346500159421
2023-05-29 01:30:00,16.1,1006.75,79.67302445559342,0.9900000000000001,2.3760000000000003,51.50000000000001,17.400000000000002,1013.8333333333334,71.66666666666667,12.633333333333333,17.8,36.33346500159422
2023-05-29 02:00:00,16.05,1006.8499999999999,79.87573467933709,1.1340000000000001,3.06,61.50000000000001,16.900000000000002,1013.8666666666667,73.0,12.166666666666666,17.1,39.65326132565342
2023-05-29 02:30:00,15.8,1006.8499999999999,80.07516619088877,1.1880000000000002,2.628,63.000000000000014,16.400000000000002,1013.6999999999999,73.33333333333333,15.233333333333334,19.3,49.333465001594206
2023-05-29 03:00:00,15.7,1006.7,80.89762927472829,1.0619999999999998,5.256,41.99999999999999,16.033333333333335,1013.5,74.66666666666667,14.433333333333332,19.3,46.99999999999999
2023-05-29 03:30:00,15.35,1006.55,81.33456842414185,0.9900000000000001,2.556,10.000000000000004,16.166666666666668,1013.5333333333333,74.66666666666667,16.599999999999998,21.6,49.66677201732563
2023-05-29 04:00:00,15.100000000000001,1006.6,81.17502698435698,1.6380000000000001,5.94,94.5,16.400000000000002,1013.7000000000002,73.33333333333333,18.400000000000002,25.8,50.333329572528974
2023-05-29 04:30:00,15.05,1006.55,80.7840242598418,1.476,6.66,41.00000000000001,16.233333333333334,1013.8666666666667,73.0,17.466666666666665,25.8,52.33332957252898
2023-05-29 05:00:00,14.2,1006.4,83.5488550159419,0.954,2.3760000000000003,4.999999999999999,16.433333333333334,1014.0666666666666,73.0,19.2,28.2,51.0
2023-05-29 05:30:00,13.850000000000001,1006.3,84.64380643467769,1.17,5.22,36.0,17.033333333333335,1014.3000000000001,71.33333333333333,18.5,29.0,58.66667042747103
2023-05-29 06:00:00,13.8,1006.45,84.91898361886278,1.332,3.24,60.5,17.666666666666668,1014.5,69.33333333333333,21.133333333333336,30.8,59.66667042747102
2023-05-29 06:30:00,14.100000000000001,1006.6,83.84859260893657,1.944,10.188,83.50000000000001,18.433333333333334,1014.6,67.33333333333333,20.466666666666665,31.1,59.33332957252898
2023-05-29 07:00:00,14.8,1006.95,82.06483676530638,1.854,5.796,93.0,19.433333333333334,1014.8000000000001,65.33333333333333,19.266666666666666,31.1,63.000609838543895
2023-05-29 07:30:00,15.45,1007.05,79.18502572866163,2.898,12.924,108.0,20.233333333333334,1015.0,63.0,20.333333333333332,35.3,69.6669074498284
2023-05-29 08:00:00,16.05,1007.3,77.43542308132803,3.06,9.144,110.0,21.366666666666664,1015.1,61.666666666666664,19.433333333333334,35.3,70.6670094218673
2023-05-29 08:30:00,16.75,1007.3499999999999,77.33845670950947,2.808,9.612,126.00000000000003,22.266666666666666,1015.3666666666667,58.666666666666664,19.733333333333334,35.3,70.66653499840578
2023-05-29 09:00:00,18.1,1007.3499999999999,72.56734540342126,3.348,10.944,125.00000000000001,23.2,1015.2999999999998,55.333333333333336,19.633333333333333,30.8,72.6669074498284
2023-05-29 09:30:00,19.6,1007.4,66.73782083813728,4.122,13.392,126.5,24.566666666666666,1015.3333333333334,53.0,16.2,30.8,68.65731657806552
2023-05-29 10:00:00,20.75,1007.4,62.65917104354068,3.654,11.412,131.5,25.7,1015.4333333333334,49.333333333333336,17.7,29.9,74.66636559597269
2023-05-29 10:30:00,21.7,1007.55,59.1931073008955,3.9959999999999996,12.924,142.5,26.2,1015.4333333333334,46.666666666666664,18.466666666666665,29.8,64.00152529388336
2023-05-29 11:00:00,22.7,1007.55,55.446239729223606,3.9419999999999997,15.948,140.5,26.833333333333332,1015.1999999999999,44.0,20.96666666666667,35.3,67.0
2023-05-29 11:30:00,23.8,1007.6,52.27482273282045,4.032,11.664,140.0,27.3,1015.0666666666666,44.0,21.133333333333336,35.3,65.33179591404893
2023-05-29 12:00:00,24.85,1007.7,49.276091072083986,4.104,15.084,146.0,27.566666666666666,1015.0,41.333333333333336,21.46666666666667,35.3,52.33380372044837
2023-05-29 12:30:00,25.85,1007.75,46.68696629362903,3.7439999999999998,12.276000000000002,145.49999999999997,27.866666666666664,1014.8333333333334,41.0,21.3,35.1,52.666534998405794
2023-05-29 13:00:00,26.2,1007.6500000000001,45.3273759312506,4.3919999999999995,19.584000000000003,148.5,28.133333333333336,1014.7666666666668,42.0,21.666666666666668,35.1,52.6620188463932
2023-05-29 13:30:00,26.8,1007.55,43.590030856242755,4.013999999999999,12.276000000000002,160.0,28.266666666666666,1014.5,42.333333333333336,20.733333333333334,37.4,54.991735692536736
2023-05-29 14:00:00,27.4,1007.4,42.68554091924642,4.212,12.852,171.5,28.5,1014.2999999999998,42.333333333333336,22.400000000000002,42.2,53.33346500159422
2023-05-29 14:30:00,27.7,1007.4,41.27243031781069,4.356,17.316,169.99999999999997,27.866666666666664,1014.1999999999999,43.0,24.2,42.2,47.664159623118564
2023-05-29 15:00:00,27.75,1007.3499999999999,41.43014234836025,4.5,12.636,158.99999999999997,27.96666666666667,1014.1333333333333,43.666666666666664,19.633333333333336,42.2,49.0
2023-05-29 15:30:00,28.05,1007.2,42.048106195759836,4.32,10.332,178.5,27.900000000000002,1014.0,42.0,21.46666666666667,41.6,55.99510674900901
2023-05-29 16:00:00,27.8,1007.05,42.12909932211914,4.356,14.256,174.00000000000003,27.46666666666667,1014.0,43.333333333333336,22.5,40.3,48.00000000000001
2023-05-29 16:30:00,27.85,1006.9,41.97529024317946,3.852,14.364,177.0,27.266666666666666,1014.0,43.666666666666664,23.266666666666666,41.9,45.332753728081
2023-05-29 17:00:00,28.0,1006.7,40.61338011949675,4.32,16.776,168.5,27.099999999999998,1014.0666666666666,44.333333333333336,25.400000000000002,42.5,43.0
2023-05-29 17:30:00,27.7,1006.7,39.88147976569846,4.266,19.62,185.0,26.7,1014.1999999999999,45.0,22.433333333333334,42.5,45.997252795284986
2023-05-29 18:00:00,27.45,1006.7,40.34782646498495,4.356,12.96,171.5,26.133333333333336,1014.4,46.333333333333336,22.366666666666664,40.9,48.33322798267439
2023-05-29 18:30:00,26.950000000000003,1006.75,40.64846801248406,3.9600000000000004,11.088,175.5,25.2,1014.4666666666667,48.666666666666664,20.466666666666665,40.9,44.66670428043918
2023-05-29 19:00:00,26.45,1006.95,41.73104246612975,3.492,10.152,162.0,24.46666666666667,1014.6999999999999,49.333333333333336,19.7,36.1,49.6669074498284
2023-05-29 19:30:00,25.799999999999997,1007.1,44.327795500403745,3.2760000000000002,8.892000000000001,185.99999999999997,22.866666666666664,1015.0666666666666,54.0,15.566666666666668,31.7,46.66653499840579
2023-05-29 20:00:00,25.05,1007.3,44.9932718045753,3.402,14.364,169.50000000000003,21.0,1015.4666666666667,60.666666666666664,14.766666666666666,29.4,38.99969522011378
2023-05-29 20:30:00,24.0,1007.5,48.58988338781228,2.8440000000000003,9.18,168.5,20.166666666666668,1015.8000000000001,63.333333333333336,15.033333333333333,22.6,38.333363422059584
2023-05-29 21:00:00,22.6,1007.7,53.34441939195277,2.3040000000000003,7.38,144.0,19.7,1016.1,65.33333333333333,15.366666666666667,22.6,40.66670428043917
2023-05-29 21:30:00,21.1,1008.1,57.775606652414666,1.6560000000000001,6.264,85.5,19.099999999999998,1016.2999999999998,67.66666666666667,14.6,21.3,43.99989843765718
2023-05-29 22:00:00,19.5,1008.45,63.38183762053896,1.71,3.888,83.99999999999999,19.066666666666666,1016.3333333333334,68.0,14.799999999999999,21.3,51.66667042747102
2023-05-29 22:30:00,18.4,1008.7,67.7571995768899,1.62,3.3120000000000003,80.5,19.233333333333334,1016.4,68.33333333333333,16.400000000000002,22.4,51.666704280439184
2023-05-29 23:00:00,17.700000000000003,1008.95,71.17464086518937,1.8900000000000001,4.5,89.5,19.266666666666666,1016.5,68.0,16.833333333333332,23.6,53.00000000000001
2023-05-29 23:30:00,17.35,1009.25,73.31761436484366,1.9620000000000002,4.5,95.5,19.0,1016.5,68.66666666666667,16.833333333333332,24.7,49.33332957252898
2023-05-30 00:00:00,16.75,1009.3499999999999,76.35057654936975,1.62,5.148,73.5,18.7,1016.4333333333334,69.66666666666667,16.6,24.7,52.0
2023-05-30 00:30:00,16.1,1009.4,79.32674583433385,1.1880000000000002,2.8440000000000003,55.5,18.166666666666668,1016.4666666666667,71.33333333333333,16.7,25.4,50.33329571956083
2023-05-30 01:00:00,15.55,1009.4,81.62244297909436,1.1880000000000002,4.896000000000001,46.5,17.766666666666666,1016.5333333333333,72.66666666666667,17.133333333333333,25.9,48.66663657794041
2023-05-30 01:30:00,15.850000000000001,1009.4,80.96319368262823,1.638,8.352,88.5,17.400000000000002,1016.6,74.33333333333333,16.900000000000002,27.6,49.99989843765719
2023-05-30 02:00:00,16.1,1009.3499999999999,80.56283876163067,1.584,5.976,84.0,16.900000000000002,1016.6666666666666,75.66666666666667,15.133333333333333,27.6,57.00030477988623
2023-05-30 02:30:00,15.55,1009.3,82.78309221979998,1.566,5.976,65.0,16.566666666666666,1016.6999999999999,76.33333333333333,16.099999999999998,25.6,61.66677201732562
2023-05-30 03:00:00,15.6,1009.3,82.37816153204831,1.8360000000000003,9.936,117.0,16.1,1016.7000000000002,77.66666666666667,15.133333333333333,25.6,64.33380372044837
2023-05-30 03:30:00,15.6,1009.4,82.32065328775752,2.052,9.792000000000002,105.49999999999999,15.766666666666666,1016.6333333333333,78.33333333333333,14.933333333333332,24.3,61.66690744982839
2023-05-30 04:00:00,15.3,1009.45,83.459774335062,1.71,6.768,79.5,15.333333333333334,1016.7666666666668,79.0,14.799999999999999,26.4,58.00000000000001
2023-05-30 04:30:00,15.05,1009.4,83.70169824187008,2.052,8.82,110.50000000000001,15.233333333333334,1016.8666666666667,79.0,16.166666666666668,27.4,54.00000000000001
2023-05-30 05:00:00,14.899999999999999,1009.5,83.60262345722738,1.9080000000000001,7.488,107.5,15.266666666666666,1017.1,78.66666666666667,16.166666666666668,27.4,55.667246271919005
2023-05-30 05:30:00,14.5,1009.4,84.42249323300682,2.0160000000000005,5.148,103.5,15.633333333333333,1017.3333333333334,77.33333333333333,16.26666666666667,31.2,63.33346500159421
2023-05-30 06:00:00,14.05,1009.45,85.42367808868363,2.178,9.0,126.99999999999999,16.099999999999998,1017.4333333333334,75.66666666666667,17.7,33.2,68.0
2023-05-30 06:30:00,13.95,1009.5,85.03703157794445,2.2140000000000004,7.488,142.0,16.766666666666666,1017.5333333333333,73.66666666666667,19.3,36.2,66.33329571956082
2023-05-30 07:00:00,14.1,1009.75,84.09104021621648,2.79,9.36,131.0,17.599999999999998,1017.5666666666666,71.33333333333333,22.266666666666666,36.2,64.3330925501716
2023-05-30 07:30:00,14.45,1009.95,82.53910740606676,3.294,10.548,121.0,18.666666666666668,1017.8000000000001,69.33333333333333,18.666666666666668,36.2,68.33332957252898
2023-05-30 08:00:00,14.8,1010.0,82.14973111677534,3.1500000000000004,11.052,116.5,19.466666666666665,1017.8666666666667,67.0,17.26666666666667,32.8,67.99388483819013
2023-05-30 08:30:00,15.7,1009.95,80.81682340355866,4.644,15.048,116.00000000000001,20.5,1017.7000000000002,65.0,15.6,31.2,65.00367583641233
2023-05-30 09:00:00,16.8,1009.9,77.00087279224084,4.734,14.472,138.00000000000003,21.233333333333334,1017.7666666666668,63.333333333333336,17.7,26.6,61.648632080211314
2023-05-30 09:30:00,17.950000000000003,1009.95,73.27800121869599,4.32,11.376,123.5,22.133333333333336,1017.7333333333332,61.333333333333336,16.833333333333332,26.6,63.666873700096694
2023-05-30 10:00:00,19.1,1010.0,69.46913202528367,4.3740000000000006,18.072,149.5,23.366666666666664,1017.6999999999999,58.0,17.333333333333332,26.9,45.98769921860338
2023-05-30 10:30:00,20.05,1009.9,66.74608690839584,4.446000000000001,12.996,133.99999999999997,24.133333333333336,1017.6333333333333,56.0,17.333333333333332,30.8,43.667246271919
2023-05-30 11:00:00,21.2,1009.9,64.06931620442596,3.7800000000000002,13.176,144.5,25.266666666666666,1017.4,51.666666666666664,20.7,34.4,48.66687370009671
2023-05-30 11:30:00,22.1,1009.9,61.54605131948893,3.798,12.204,144.5,25.866666666666664,1017.2000000000002,49.666666666666664,20.133333333333333,34.4,48.65939834253432
2023-05-30 12:00:00,23.25,1009.9,58.7110330251146,3.78,14.076,148.0,26.433333333333334,1017.0666666666666,49.333333333333336,19.566666666666666,34.4,67.35627713712783
2023-05-30 12:30:00,23.9,1009.9,56.528088274470555,3.816,13.464,139.0,27.03333333333333,1017.0,48.333333333333336,16.233333333333334,32.8,67.65036900816081
2023-05-30 13:00:00,24.8,1009.75,53.14323533188286,4.140000000000001,17.64,154.5,27.2,1016.9333333333334,47.333333333333336,19.3,30.9,52.33299057813271
2023-05-30 13:30:00,25.65,1009.55,50.78679637276956,4.464,13.68,166.0,27.633333333333336,1016.7333333333332,46.0,20.233333333333334,33.3,62.666670427471026
2023-05-30 14:00:00,26.200000000000003,1009.45,48.85068158431986,4.302,14.832,148.5,27.666666666666668,1016.4666666666667,45.333333333333336,20.900000000000002,37.6,56.01230078139662
2023-05-30 14:30:00,26.8,1009.45,46.253872434908885,3.726,10.296,166.5,28.03333333333333,1016.2333333333332,44.0,20.833333333333332,40.0,49.33109155785018
2023-05-30 15:00:00,27.1,1009.5,46.07749939439588,3.9779999999999998,12.420000000000002,175.5,28.133333333333336,1016.2000000000002,41.666666666666664,20.900000000000002,40.0,65.3364845642301
2023-05-30 15:30:00,27.25,1009.4,45.89595358288851,3.9239999999999995,14.508,174.5,27.96666666666667,1016.1333333333333,40.0,23.3,40.0,54.665005716216186
2023-05-30 16:00:00,27.450000000000003,1009.1500000000001,43.875509256436374,3.96,13.68,158.5,27.833333333333332,1016.0,42.0,21.599999999999998,37.8,60.02150160064933
2023-05-30 16:30:00,27.7,1008.9,41.08331388647722,4.068,12.636,160.0,27.433333333333334,1015.8666666666667,41.666666666666664,21.933333333333334,37.8,61.3250354680677
2023-05-30 17:00:00,27.55,1008.9,40.43940217301719,4.5,16.668,174.0,27.066666666666666,1015.7666666666668,43.0,20.599999999999998,35.8,56.002747204715014
2023-05-30 17:30:00,27.35,1008.9,39.99504751946253,4.176,14.112,150.0,26.333333333333332,1015.8333333333334,43.333333333333336,21.166666666666668,36.4,58.666534998405794
2023-05-30 18:00:00,27.1,1008.9,40.51628788783728,3.8340000000000005,13.932,155.0,25.433333333333334,1016.0,46.0,18.566666666666666,36.4,57.00081305608726
2023-05-30 18:30:00,26.65,1008.75,40.68618864005204,3.96,11.196,162.5,24.566666666666666,1016.2666666666668,49.333333333333336,18.5,36.4,52.0
2023-05-30 19:00:00,26.1,1008.8,41.75687454656911,3.6540000000000004,12.816,157.0,23.46666666666667,1016.6,52.0,17.366666666666667,33.6,51.66667042747102
2023-05-30 19:30:00,25.3,1008.9,43.62097484502719,3.582,12.24,148.0,21.866666666666664,1016.7333333333332,56.666666666666664,13.700000000000001,29.5,48.33329571956083
2023-05-30 20:00:00,24.3,1009.0,46.822802556153974,2.898,11.7,163.5,20.166666666666668,1016.9333333333334,62.666666666666664,13.866666666666667,29.1,45.00152529388335
2023-05-30 20:30:00,23.15,1009.1500000000001,51.14446734618398,2.574,9.54,159.5,19.433333333333334,1017.1333333333333,66.66666666666667,14.299999999999999,20.5,35.0
2023-05-30 21:00:00,22.0,1009.45,54.41060358491215,2.4480000000000004,8.136,160.00000000000003,18.533333333333335,1017.3000000000001,69.66666666666667,14.333333333333334,17.4,42.66670428043918
2023-05-30 21:30:00,19.9,1009.75,63.22078840687774,1.44,3.744,86.5,17.933333333333334,1017.3666666666667,71.0,14.266666666666666,17.4,41.333363422059584
2023-05-30 22:00:00,18.35,1009.95,68.02334737767276,1.44,3.924,78.0,17.400000000000002,1017.4,72.66666666666667,14.033333333333333,17.7,40.333363422059584
2023-05-30 22:30:00,17.2,1010.1500000000001,72.0608156621206,1.53,7.632000000000001,76.5,17.0,1017.4666666666667,73.33333333333333,14.233333333333334,19.1,41.99969522011378
2023-05-30 23:00:00,16.55,1010.25,75.03472991619645,1.9620000000000002,8.316,83.0,17.599999999999998,1017.5666666666666,71.33333333333333,16.366666666666667,25.5,46.66653499840579
2023-05-30 23:30:00,16.299999999999997,1010.3499999999999,76.67106009199114,1.746,6.012,82.5,17.466666666666665,1017.5666666666666,69.33333333333333,15.366666666666667,25.5,47.6663655959727
2023-05-31 00:00:00,15.649999999999999,1010.3499999999999,79.61096511086745,1.098,3.96,55.0,17.166666666666668,1017.4333333333334,68.33333333333333,15.833333333333334,25.5,50.99969522011379
2023-05-31 00:30:00,15.350000000000001,1010.3,80.49882027211606,1.314,4.932,70.0,16.566666666666666,1017.5,67.33333333333333,14.466666666666667,24.6,52.3331262999033
2023-05-31 01:00:00,15.0,1010.3499999999999,81.18851069138877,1.3319999999999999,3.672,49.5,15.700000000000001,1017.4,69.0,13.833333333333334,23.7,48.66670428043918
2023-05-31 01:30:00,14.55,1010.4,82.36987117482704,1.314,3.492,64.5,15.133333333333333,1017.2333333333332,69.0,15.166666666666666,22.3,48.0
2023-05-31 02:00:00,13.95,1010.25,83.75088485450124,1.2240000000000002,3.888,51.49999999999999,14.433333333333332,1017.2333333333332,70.0,14.066666666666668,22.3,46.66670428043918
2023-05-31 02:30:00,13.7,1010.1500000000001,82.56830569871846,1.332,5.4,45.0,13.766666666666666,1017.2000000000002,71.66666666666667,13.733333333333334,19.2,46.0
2023-05-31 03:00:00,13.100000000000001,1010.0,83.0074449883104,0.99,2.8440000000000003,27.999999999999996,13.666666666666666,1017.0333333333333,71.66666666666667,16.3,19.8,41.0
2023-05-31 03:30:00,12.9,1009.8499999999999,81.24835094495802,1.35,5.652,41.0,13.633333333333333,1016.9666666666667,71.33333333333333,15.366666666666667,19.8,30.333295719560827
2023-05-31 04:00:00,12.75,1009.75,80.01575387156626,1.4220000000000002,4.968,36.5,13.4,1016.95,71.0,16.4,21.2,30.500000000000004
2023-05-31 04:30:00,12.3,1009.7,80.84758290603463,1.296,4.104,24.000000000000004,12.649999999999999,1016.95,73.0,14.7,21.2,46.49999999999999
2023-05-31 05:00:00,11.600000000000001,1009.6,82.54328903543421,1.116,2.8800000000000003,29.999999999999996,13.0,1017.0,73.33333333333333,13.733333333333334,21.2,40.99755785394186
2023-05-31 05:30:00,11.1,1009.4,84.07339495604265,1.5659999999999998,2.772,66.99999999999999,13.866666666666667,1017.1,72.66666666666667,15.300000000000002,21.4,42.332990578132694
2023-05-31 06:00:00,11.2,1009.4,82.32436083812479,1.782,6.156,81.5,15.0,1017.1666666666666,70.0,18.433333333333334,29.9,48.33363440402731
2023-05-31 06:30:00,11.65,1009.4,79.71899628125865,1.9260000000000002,5.652,86.0,15.966666666666667,1017.1,67.33333333333333,18.733333333333334,29.9,55.66663657794042
2023-05-31 07:00:00,11.95,1009.3499999999999,79.5440897321537,1.998,8.568,94.0,16.900000000000002,1017.0666666666666,65.33333333333333,18.933333333333334,29.9,57.667622224210845
2023-05-31 07:30:00,12.35,1009.4,79.46195013848617,1.9080000000000004,6.408,99.0,18.0,1017.0,63.333333333333336,17.099999999999998,29.8,54.32769203182398
2023-05-31 08:00:00,13.5,1009.6,75.97915950715154,2.556,12.78,119.0,18.900000000000002,1016.7999999999998,61.333333333333336,17.066666666666666,29.8,43.66636559597269
2023-05-31 08:30:00,14.65,1009.4,74.80860092197364,3.2039999999999997,15.840000000000002,127.00000000000001,20.066666666666666,1016.6333333333333,59.0,18.0,27.1,53.00000000000001
2023-05-31 09:00:00,16.15,1009.2,69.84751960016033,3.5460000000000003,15.659999999999998,140.5,20.96666666666667,1016.5666666666666,57.333333333333336,16.400000000000002,27.1,44.33499086401919
2023-05-31 09:30:00,17.5,1009.1,64.85781537390504,4.032,12.6,166.5,21.666666666666668,1016.4333333333334,55.333333333333336,18.033333333333335,28.7,43.66568781397159
2023-05-31 10:00:00,18.7,1008.9,61.673731413531584,3.996,14.688,145.5,22.599999999999998,1016.3000000000001,52.666666666666664,17.933333333333334,30.0,46.33346500159421
2023-05-31 10:30:00,19.799999999999997,1008.8499999999999,58.78939782257941,3.9240000000000004,12.564000000000002,146.5,23.566666666666666,1016.1,50.666666666666664,19.8,30.7,39.003564454296466
2023-05-31 11:00:00,20.9,1008.6500000000001,57.145380141444534,3.834,11.088,150.0,24.266666666666666,1015.9,48.666666666666664,19.599999999999998,32.8,49.0
2023-05-31 11:30:00,21.55,1008.5,54.66756243010754,4.068,12.204,150.0,25.2,1015.6333333333333,47.0,17.8,32.8,51.66325977118142
2023-05-31 12:00:00,22.799999999999997,1008.45,52.959240145890774,3.6900000000000004,10.404,166.5,25.633333333333336,1015.3333333333334,45.666666666666664,19.666666666666668,32.4,55.66670428043918
2023-05-31 12:30:00,23.0,1008.4,53.2331448853802,3.582,12.96,171.5,26.133333333333336,1015.0,45.333333333333336,18.23333333333333,32.4,57.31316930362071
2023-05-31 13:00:00,23.9,1008.2,50.858814348477125,3.798,12.312,169.5,26.333333333333332,1014.7666666666668,43.666666666666664,19.3,34.4,64.03694350663208
2023-05-31 13:30:00,24.549999999999997,1007.95,47.86926377351983,4.68,16.488,171.0,26.766666666666666,1014.6333333333333,42.666666666666664,16.466666666666665,34.4,62.41095144775067
2023-05-31 14:00:00,25.4,1007.8,46.047857385806395,4.032,10.8,140.0,27.066666666666666,1014.5333333333333,41.0,14.433333333333332,34.4,57.637840795297684
2023-05-31 14:30:00,26.0,1007.6,44.84493894905866,3.996,16.56,147.0,27.0,1014.2666666666668,42.0,12.066666666666668,29.0,83.33332957252898
2023-05-31 15:00:00,26.55,1007.25,44.00711165080703,3.672,14.292000000000002,173.0,27.3,1014.1,44.333333333333336,14.833333333333334,31.4,78.35593600032406
2023-05-31 15:30:00,26.9,1007.2,42.95302560914556,3.744,16.02,163.0,27.633333333333336,1013.7666666666668,43.666666666666664,17.966666666666665,31.6,54.29279161447858
2023-05-31 16:00:00,27.05,1007.05,42.42454670709132,3.834,14.22,183.0,27.7,1013.6333333333333,42.666666666666664,15.766666666666666,32.6,65.65939834253432
2023-05-31 16:30:00,27.15,1006.9,42.38044434389822,3.4379999999999997,10.08,164.0,27.7,1013.5666666666666,42.666666666666664,14.266666666666666,32.6,59.00244214605814
2023-05-31 17:00:00,27.25,1006.7,40.82289018328166,3.96,12.06,167.5,27.2,1013.5,43.333333333333336,16.5,32.6,60.3364845642301
2023-05-31 17:30:00,27.25,1006.45,41.113835638573015,3.51,11.052,169.0,26.900000000000002,1013.5333333333333,43.333333333333336,18.866666666666664,32.0,51.66653499840579
2023-05-31 18:00:00,27.200000000000003,1006.3,40.67883370960943,3.5460000000000003,11.088,188.49999999999997,26.166666666666668,1013.7333333333332,45.0,17.866666666666664,32.0,53.66677201732563
2023-05-31 18:30:00,27.0,1006.3,41.01850430640828,3.564,13.212,158.0,25.599999999999998,1013.9333333333334,45.666666666666664,17.5,28.9,54.33322798267439
2023-05-31 19:00:00,26.65,1006.3499999999999,40.154385964363996,3.222,12.672,184.49999999999997,24.566666666666666,1014.0666666666666,47.333333333333336,15.666666666666666,27.5,53.33346500159422
2023-05-31 19:30:00,25.9,1006.45,40.89320278365429,3.132,9.684,172.0,22.7,1014.1,52.333333333333336,12.666666666666666,27.5,51.00427669208851
2023-05-31 20:00:00,24.6,1006.75,44.00270156999706,2.826,9.936,150.5,21.5,1014.2666666666668,56.0,11.9,21.0,35.0
2023-05-31 20:30:00,24.2,1006.8499999999999,45.17152168098041,3.2940000000000005,11.736,137.5,20.166666666666668,1014.5333333333333,60.666666666666664,10.133333333333333,16.1,34.0
2023-05-31 21:00:00,22.45,1007.1,51.890010058308846,1.17,6.3,68.5,19.9,1014.6333333333333,61.666666666666664,11.633333333333333,15.1,33.0
2023-05-31 21:30:00,20.45,1007.2,57.58418628460875,0.9359999999999999,2.196,49.99999999999999,19.466666666666665,1014.6333333333333,63.0,12.333333333333334,17.1,29.999999999999996
2023-05-31 22:00:00,18.85,1007.3499999999999,61.83553890813681,1.098,2.196,70.00000000000001,19.099999999999998,1014.5333333333333,64.66666666666667,12.633333333333333,17.8,31.666670427471022
2023-05-31 22:30:00,17.9,1007.55,65.04389729499002,1.3679999999999999,2.3400000000000003,75.0,18.533333333333335,1014.6,67.0,12.200000000000001,17.8,32.666670427471026
2023-05-31 23:00:00,17.299999999999997,1007.7,67.49939600182415,1.206,1.98,65.99999999999999,17.53333333333333,1014.6,70.0,12.533333333333333,17.8,38.000304779886214
2023-05-31 23:30:00,16.65,1007.6500000000001,69.81076521857636,0.9179999999999999,2.052,52.0,16.833333333333332,1014.6666666666666,72.33333333333333,11.466666666666667,16.4,51.9768538084161
2023-06-01 00:00:00,16.15,1007.6,72.04206551742112,0.882,3.06,57.00000000000001,16.3,1014.7666666666668,74.66666666666667,8.333333333333334,16.1,65.36100044750697
2023-06-01 00:30:00,15.65,1007.55,74.55332087619641,0.738,1.656,55.0,15.933333333333332,1014.6333333333333,76.0,11.799999999999999,15.6,51.665005716216186
2023-06-01 01:00:00,15.3,1007.6500000000001,76.9922760882746,1.35,3.3120000000000003,63.000000000000014,15.633333333333333,1014.8000000000001,77.0,10.533333333333333,15.6,75.00152669071971
2023-06-01 01:30:00,15.350000000000001,1007.8499999999999,77.17377654935692,1.6920000000000002,5.04,85.0,15.699999999999998,1014.7333333333332,76.0,10.1,15.3,79.99989843765718
2023-06-01 02:00:00,15.05,1007.6500000000001,78.14928744078018,0.954,2.592,18.5,15.166666666666666,1014.7666666666668,78.0,9.0,14.7,66.66568781397159
2023-06-01 02:30:00,14.55,1007.6500000000001,79.59247557682775,1.188,2.628,56.0,14.533333333333333,1014.7000000000002,80.66666666666667,10.366666666666667,13.4,72.33336342205959
2023-06-01 03:00:00,14.65,1007.75,79.44269738303637,1.494,3.024,83.5,14.333333333333334,1014.6333333333333,82.0,9.633333333333333,13.3,73.32847239257757
2023-06-01 03:30:00,14.2,1007.6500000000001,81.91277481481895,1.3679999999999999,2.4120000000000004,78.5,14.366666666666667,1014.6666666666666,82.33333333333333,10.799999999999999,14.6,86.6665349984058
2023-06-01 04:00:00,13.8,1007.6,84.54034204014918,1.278,2.124,78.5,14.199999999999998,1014.7333333333332,84.0,9.733333333333333,14.6,90.3330925501716
2023-06-01 04:30:00,13.3,1007.6,87.40450570502313,1.062,1.944,63.50000000000001,14.033333333333333,1014.9,85.33333333333333,7.033333333333334,14.6,85.33550638380895
2023-06-01 05:00:00,13.05,1007.5,89.708215658816,1.314,2.4120000000000004,69.00000000000001,14.166666666666666,1015.1,86.33333333333333,9.033333333333333,14.0,63.33526194922302
2023-06-01 05:30:00,12.9,1007.4,92.00259412510086,1.2600000000000002,2.3760000000000003,77.0,14.766666666666666,1015.3333333333334,87.0,8.9,13.5,60.99847470611665
2023-06-01 06:00:00,12.850000000000001,1007.45,93.78908873988993,1.35,2.3760000000000003,63.50000000000001,15.799999999999999,1015.4,86.33333333333333,5.166666666666667,14.5,79.332753728081
2023-06-01 06:30:00,12.75,1007.55,95.18552665092932,1.1520000000000001,2.3400000000000003,72.0,17.0,1015.6333333333333,85.33333333333333,7.133333333333333,14.5,93.01350286235225
2023-06-01 07:00:00,12.8,1007.6,96.0213316112308,1.242,2.3400000000000003,45.5,18.266666666666666,1015.8333333333334,82.33333333333333,13.366666666666667,19.8,131.0
2023-06-01 07:30:00,13.25,1007.75,96.28761354830573,0.9720000000000002,2.772,26.0,19.466666666666665,1015.8666666666667,79.66666666666667,13.066666666666668,19.8,134.64406399967595
2023-06-01 08:00:00,14.25,1008.0,95.53962867867565,1.0619999999999998,3.132,29.999999999999996,20.266666666666666,1016.0,75.66666666666667,9.933333333333332,19.8,125.66670428043916
2023-06-01 08:30:00,15.899999999999999,1008.1,94.71316454584783,1.8000000000000003,7.488,77.0,21.46666666666667,1016.0,71.66666666666667,10.200000000000001,21.2,122.72295225010642
2023-06-01 09:00:00,17.75,1008.1,87.94627824361498,2.826,8.784,356.5,22.333333333333332,1015.8666666666667,67.33333333333333,11.0,21.8,106.99388483819014
2023-06-01 09:30:00,19.450000000000003,1008.0,79.32145284855119,2.4480000000000004,10.908,14.999999999999993,23.266666666666666,1015.7666666666668,64.0,13.933333333333332,25.4,109.27095968840943
2023-06-01 10:00:00,20.8,1008.1,73.17974173221234,2.6639999999999997,10.224,59.99999999999999,24.099999999999998,1015.6666666666666,61.0,14.366666666666667,26.7,127.04320196686247
2023-06-01 10:30:00,21.5,1008.2,68.90783872831636,2.8440000000000003,11.088,158.0,24.833333333333332,1015.6,58.0,12.533333333333333,26.7,124.67099042297873
2023-06-01 11:00:00,22.3,1008.2,64.60039800131534,3.24,11.448,150.5,25.400000000000002,1015.6,56.666666666666664,13.5,26.7,117.58904855224934
2023-06-01 11:30:00,23.1,1008.0,60.1219958398986,3.042,9.252,108.5,25.96666666666667,1015.5333333333333,53.0,16.400000000000002,30.8,139.33417736024788
2023-06-01 12:00:00,23.9,1008.0,56.94261332818044,3.3120000000000003,10.08,32.0,26.400000000000002,1015.3666666666667,51.333333333333336,16.666666666666668,30.8,140.3334650015942
2023-06-01 12:30:00,24.65,1008.05,55.26671661220725,3.204,9.288,137.5,26.566666666666666,1015.0666666666666,51.0,15.0,31.7,131.39957913371848
2023-06-01 13:00:00,24.9,1008.1,54.30647516106927,3.168,9.468,57.5,26.96666666666667,1014.9666666666667,50.0,13.633333333333333,31.7,127.815566850295
2023-06-01 13:30:00,24.9,1008.2,52.87963245571727,2.88,11.844,28.5,26.400000000000002,1014.6666666666666,50.333333333333336,15.033333333333333,30.1,122.69504508590411
2023-06-01 14:00:00,25.55,1008.05,50.89922741489781,3.2039999999999997,10.404,29.500000000000004,26.7,1014.3333333333334,49.333333333333336,10.799999999999999,32.1,113.08248883403498
2023-06-01 14:30:00,26.3,1007.7,48.227087590817,3.4560000000000004,14.652,66.5,27.366666666666664,1014.0666666666666,48.666666666666664,12.033333333333333,32.1,126.0
2023-06-01 15:00:00,26.85,1007.6,46.54809344358542,3.474,11.88,112.0,28.46666666666667,1013.8000000000001,46.0,14.166666666666666,32.1,124.6558701729083
2023-06-01 15:30:00,25.950000000000003,1007.55,47.197451502271115,2.5020000000000002,6.768,52.50000000000001,26.866666666666664,1013.6,47.0,12.933333333333332,25.0,91.33322798267439
2023-06-01 16:00:00,27.5,1007.1,43.86977312694828,3.222,12.996,358.5,27.666666666666668,1013.3333333333334,45.666666666666664,11.133333333333333,25.0,114.6554270475025
2023-06-01 16:30:00,26.65,1007.1,44.98479820921389,2.43,9.036,341.5,27.566666666666666,1013.2666666666668,45.0,11.0,24.6,105.0157485110373
2023-06-01 17:00:00,27.85,1006.6500000000001,42.240054050777005,2.952,8.712,354.0,27.600000000000005,1012.9666666666667,44.333333333333336,10.366666666666667,25.4,101.66391181440699
2023-06-01 17:30:00,28.0,1006.4,42.27591109141403,2.88,9.72,111.50000000000001,27.433333333333334,1012.9666666666667,45.333333333333336,12.200000000000001,28.3,89.002747204715
2023-06-01 18:00:00,27.55,1006.3499999999999,41.735122467138,2.1420000000000003,6.5520000000000005,21.0,26.566666666666666,1013.1999999999999,44.333333333333336,15.0,30.1,102.0
2023-06-01 18:30:00,27.5,1006.25,41.55409625772211,2.61,11.448,42.49999999999999,25.0,1013.5,47.333333333333336,11.166666666666666,30.1,99.99510674900901
2023-06-01 19:00:00,27.1,1006.1,42.34468682686641,2.52,8.424,104.0,23.733333333333334,1013.7000000000002,53.0,9.5,30.1,86.33322798267439
2023-06-01 19:30:00,26.0,1006.1500000000001,42.489589153436825,3.69,14.472,65.99999999999999,22.7,1013.9333333333334,57.333333333333336,6.6000000000000005,18.9,95.99539886739728
2023-06-01 20:00:00,24.0,1006.4,47.7786597025388,2.196,7.2,88.5,20.900000000000002,1014.3333333333334,64.0,10.466666666666667,16.1,176.01687081915847
2023-06-01 20:30:00,22.15,1006.6500000000001,56.4065068273422,1.242,3.456,93.5,18.933333333333334,1014.4666666666667,71.0,4.366666666666666,16.1,190.67080769102864
2023-06-01 21:00:00,20.95,1006.8499999999999,63.174984368085994,1.1340000000000001,3.096,79.0,18.233333333333334,1014.6666666666666,76.0,3.4,16.1,206.0
2023-06-01 21:30:00,20.35,1006.95,66.85828947902846,1.62,2.8800000000000003,96.5,17.099999999999998,1014.7000000000002,81.33333333333333,1.1666666666666667,8.0,206.0
2023-06-01 22:00:00,20.45,1007.3,68.25341572895377,1.548,3.276,99.5,16.400000000000002,1014.7666666666668,84.0,0.4333333333333333,6.4,206.0
2023-06-01 22:30:00,20.15,1007.5,68.05004096589624,1.584,4.14,105.49999999999999,15.733333333333334,1014.7333333333332,85.66666666666667,1.5333333333333332,3.2,206.0
2023-06-01 23:00:00,19.5,1007.7,70.38508387878866,1.17,2.7,109.0,17.03333333333333,1014.8333333333334,86.33333333333333,4.1000000000000005,12.6,194.49927472455877
2023-06-01 23:30:00,19.25,1007.75,71.8460495007017,0.774,1.656,107.0,17.599999999999998,1014.9,84.33333333333333,7.033333333333334,12.9,51.0
2023-06-02 00:00:00,18.799999999999997,1007.8,74.69722807858457,1.008,1.872,98.5,17.833333333333332,1014.8333333333334,81.66666666666667,12.5,16.7,42.332753728081
2023-06-02 00:30:00,18.700000000000003,1007.75,76.18054166740123,1.0620000000000003,2.556,94.5,17.7,1014.6666666666666,81.33333333333333,6.5,16.7,57.00652234094206
2023-06-02 01:00:00,18.0,1007.75,87.78235263102528,1.3679999999999999,2.8800000000000003,53.5,16.53333333333333,1014.5,84.0,0.43333333333333335,16.1,61.0
2023-06-02 01:30:00,17.55,1007.8499999999999,89.11831616983926,1.2600000000000002,2.52,66.5,16.0,1014.2999999999998,86.66666666666667,1.6666666666666667,9.7,61.0
2023-06-02 02:00:00,17.4,1007.8,89.81734607614642,1.08,3.132,58.99999999999999,16.900000000000002,1014.2666666666668,86.66666666666667,7.0,13.2,61.0
2023-06-02 02:30:00,17.25,1007.7,91.33038992086173,0.936,1.692,68.5,18.366666666666664,1014.2666666666668,83.33333333333333,11.733333333333334,17.9,58.667179307100064
2023-06-02 03:00:00,17.4,1007.5,92.78467385870911,1.0260000000000002,2.268,75.0,17.900000000000002,1014.2333333333332,80.66666666666667,14.133333333333333,17.9,54.66670428043917
2023-06-02 03:30:00,17.45,1007.2,93.47033582194314,0.666,1.872,36.0,17.566666666666666,1014.2999999999998,79.0,13.700000000000001,20.5,59.00000000000001
2023-06-02 04:00:00,17.049999999999997,1007.0,94.52574651150583,0.972,4.5,21.999999999999982,17.166666666666668,1014.3666666666667,78.33333333333333,11.799999999999999,20.5,64.0003047798862
2023-06-02 04:30:00,16.15,1007.0,95.09951853492359,0.8640000000000001,2.3040000000000003,46.50000000000001,16.433333333333334,1014.5,80.0,7.6000000000000005,20.5,72.0
2023-06-02 05:00:00,15.5,1007.0,93.66014770689344,1.1340000000000001,3.78,69.5,16.466666666666665,1014.8000000000001,81.0,8.299999999999999,20.4,75.3268010634248
2023-06-02 05:30:00,15.149999999999999,1007.05,91.99499000613022,1.638,5.6160000000000005,79.00000000000001,17.366666666666667,1014.9,79.66666666666667,12.266666666666666,24.5,73.66670428043918
2023-06-02 06:00:00,15.25,1007.1,90.16436694995636,1.71,8.388,52.0,18.133333333333333,1015.0,76.33333333333333,15.799999999999999,28.5,71.66636559597269
2023-06-02 06:30:00,15.149999999999999,1007.1500000000001,89.7281497459802,1.9980000000000002,9.108,94.50000000000001,18.633333333333333,1015.1,73.0,18.866666666666664,34.4,79.0
2023-06-02 07:00:00,15.4,1007.4,88.09955989071776,2.394,7.596,95.5,19.366666666666667,1015.1,70.33333333333333,16.900000000000002,34.4,78.66890844214983
2023-06-02 07:30:00,15.55,1007.7,88.41380588313156,2.034,5.94,98.49999999999999,20.133333333333336,1015.2000000000002,67.33333333333333,20.233333333333334,34.4,79.66670428043918
2023-06-02 08:00:00,16.1,1007.7,86.26612989896678,2.6820000000000004,13.176,96.00000000000001,21.3,1015.1333333333333,64.0,19.533333333333335,32.3,75.32769203182397
2023-06-02 08:30:00,16.55,1007.7,84.32634404853465,3.0420000000000003,10.98,100.5,22.333333333333332,1015.1999999999999,62.666666666666664,17.26666666666667,32.3,74.99388483819013
2023-06-02 09:00:00,17.5,1007.6500000000001,81.87112088156364,3.3120000000000003,9.252,95.5,23.099999999999998,1015.1666666666666,60.333333333333336,15.066666666666668,31.4,68.32769203182397
2023-06-02 09:30:00,18.95,1007.55,74.68390581021812,3.726,11.412,109.50000000000001,23.7,1015.2333333333332,58.666666666666664,15.133333333333333,26.6,69.39395154367996
2023-06-02 10:00:00,20.450000000000003,1007.4,69.06978620196642,3.87,10.656,133.00000000000003,24.53333333333333,1015.2333333333332,56.666666666666664,14.700000000000001,27.4,64.66772105683653
2023-06-02 10:30:00,21.45,1007.4,64.52668174646996,3.8339999999999996,11.088,132.0,25.400000000000002,1015.1333333333333,54.333333333333336,17.166666666666668,28.0,57.6668737000967
2023-06-02 11:00:00,22.4,1007.4,61.829861579851816,3.8339999999999996,12.6,138.99999999999997,26.066666666666666,1015.0333333333333,52.333333333333336,16.933333333333334,28.0,62.33204180384405
2023-06-02 11:30:00,23.25,1007.4,59.46361078114208,3.834,13.392,142.0,26.7,1014.8666666666667,51.333333333333336,17.333333333333332,28.0,70.66415962311856
2023-06-02 12:00:00,24.3,1007.45,57.29169962959372,3.87,13.212,138.5,27.133333333333336,1014.7000000000002,50.666666666666664,16.066666666666666,28.0,69.33237777578917
2023-06-02 12:30:00,25.25,1007.5,54.693280971951296,3.348,12.996,165.5,27.566666666666666,1014.5,48.666666666666664,19.033333333333335,30.3,55.96764338087205
2023-06-02 13:00:00,25.549999999999997,1007.4,53.53314187935858,4.5360000000000005,13.86,150.5,27.933333333333334,1014.3333333333334,45.0,19.033333333333335,30.3,59.333465001594206
2023-06-02 13:30:00,26.35,1007.3,50.86682591252584,3.7980000000000005,13.068,154.5,28.2,1014.2333333333332,44.0,17.1,30.6,59.02799072367042
2023-06-02 14:00:00,26.799999999999997,1007.25,49.21415804432278,3.654,12.78,174.5,28.133333333333336,1014.0,42.666666666666664,18.3,32.4,47.34216645114926
2023-06-02 14:30:00,27.15,1007.05,46.8060261977423,4.032,12.888,150.5,28.03333333333333,1013.7666666666668,42.0,18.566666666666666,32.4,37.66568781397159
2023-06-02 15:00:00,27.2,1006.95,46.364663460041086,4.212000000000001,16.128000000000004,172.49999999999997,27.899999999999995,1013.5,41.0,17.266666666666666,30.1,46.33091961852591
2023-06-02 15:30:00,27.25,1006.8499999999999,44.504002928578274,3.852,13.392,178.5,27.8,1013.3666666666667,41.666666666666664,17.566666666666666,31.5,49.33282069289994
2023-06-02 16:00:00,27.8,1006.6500000000001,42.12004401297519,3.852,11.664,186.49999999999997,27.566666666666666,1013.3333333333334,40.0,17.7,31.6,45.999695220113786
2023-06-02 16:30:00,27.9,1006.5,40.52295190702118,4.013999999999999,12.672,171.5,27.46666666666667,1013.1333333333333,41.0,16.6,31.6,51.00152529388335
2023-06-02 17:00:00,27.549999999999997,1006.3499999999999,39.32159946075396,3.564,10.332,189.5,27.0,1013.2666666666668,43.333333333333336,16.533333333333335,31.6,58.678070021241055
2023-06-02 17:30:00,27.35,1006.2,39.06107773851643,3.186,10.188,201.5,26.400000000000002,1013.2000000000002,44.333333333333336,16.466666666666665,30.8,52.281327921379926
2023-06-02 18:00:00,27.15,1006.25,39.75646109820323,3.0060000000000002,9.072,169.0,25.833333333333332,1013.3666666666667,46.666666666666664,15.700000000000001,30.8,53.32769203182398
2023-06-02 18:30:00,26.549999999999997,1006.1500000000001,41.085864614447544,3.33,11.196,192.5,25.066666666666666,1013.6,49.666666666666664,13.666666666666666,26.2,59.337981153606805
2023-06-02 19:00:00,26.0,1006.25,42.03357340746523,3.3120000000000003,13.608,175.0,23.96666666666667,1013.7333333333332,53.333333333333336,11.733333333333334,26.2,58.66667042747103
2023-06-02 19:30:00,25.25,1006.3,44.7321402644751,3.168,9.756,201.0,22.46666666666667,1013.8000000000001,58.333333333333336,11.433333333333332,21.8,57.00030477988623
2023-06-02 20:00:00,24.450000000000003,1006.3499999999999,47.58447688387417,2.934,11.124,163.5,20.933333333333334,1014.2333333333332,62.333333333333336,11.533333333333333,19.1,52.33380372044837
2023-06-02 20:30:00,23.549999999999997,1006.6,52.467765127574154,2.16,7.056,149.0,19.53333333333333,1014.6666666666666,67.0,11.5,15.8,51.66677201732562
2023-06-02 21:00:00,22.1,1006.9,57.95386692495865,1.494,6.264,120.50000000000001,18.7,1014.9,69.33333333333333,12.133333333333333,16.2,49.002442146058144
2023-06-02 21:30:00,20.1,1006.9,64.89351467006122,1.062,2.8080000000000003,61.50000000000001,18.2,1014.9,70.33333333333333,14.033333333333333,16.6,44.66500913598082
2023-06-02 22:00:00,18.450000000000003,1007.15,69.72045484733131,1.3860000000000001,2.772,74.50000000000001,17.900000000000002,1014.8333333333334,70.66666666666667,13.733333333333334,19.2,47.66677201732563
2023-06-02 22:30:00,17.3,1007.65,72.9648090104917,1.332,2.736,72.5,17.2,1014.9,71.0,12.866666666666667,19.2,46.33346500159421
2023-06-02 23:00:00,16.6,1007.9,74.82838629480426,1.278,2.4480000000000004,69.5,16.933333333333334,1014.8000000000001,71.66666666666667,13.933333333333332,19.2,49.0
2023-06-02 23:30:00,16.0,1007.9,77.13429242955377,1.17,2.8080000000000003,71.0,16.400000000000002,1014.7000000000002,71.66666666666667,13.0,18.7,44.00000000000001
2023-06-03 00:00:00,15.45,1007.8499999999999,79.58565300878061,1.062,2.3040000000000003,59.5,15.633333333333333,1014.6333333333333,73.0,13.533333333333333,18.7,43.66653499840579
2023-06-03 00:30:00,15.05,1007.8,80.60660224169445,1.116,2.3400000000000003,59.5,15.200000000000001,1014.5,74.33333333333333,14.1,16.9,43.0
2023-06-03 01:00:00,14.6,1007.75,81.41054207190628,1.098,4.932,41.5,14.933333333333332,1014.4,75.33333333333333,13.799999999999999,17.3,46.33332957252898
2023-06-03 01:30:00,14.2,1007.4,81.69204891502983,1.044,2.592,40.5,14.733333333333334,1014.3666666666667,76.0,13.166666666666666,17.3,47.335261949223
2023-06-03 02:00:00,13.9,1007.4,81.5360457349345,1.0979999999999999,2.3400000000000003,50.0,14.4,1014.2999999999998,77.33333333333333,12.933333333333332,17.3,38.66667042747102
2023-06-03 02:30:00,13.55,1007.3499999999999,82.25283451822267,0.918,1.98,33.5,14.166666666666666,1014.2666666666668,78.0,13.700000000000001,17.7,41.0
2023-06-03 03:00:00,13.4,1007.1500000000001,82.28103620921735,0.9360000000000002,2.556,31.000000000000007,13.766666666666666,1014.2000000000002,79.33333333333333,14.033333333333331,17.7,40.66636559597269
2023-06-03 03:30:00,13.350000000000001,1007.1,82.28903612369378,1.044,4.752000000000001,17.5,13.6,1014.1666666666666,80.0,14.4,18.3,45.66670428043917
2023-06-03 04:00:00,13.05,1006.9,83.58490045160056,1.044,3.924,350.0,13.633333333333333,1014.1333333333333,80.0,14.466666666666667,18.9,49.0
2023-06-03 04:30:00,12.8,1006.9,84.42197286774643,0.882,2.8440000000000003,359.0,14.0,1014.1333333333333,78.66666666666667,14.9,21.5,53.333363422059584
2023-06-03 05:00:00,12.55,1006.8499999999999,85.33672979947437,0.9,2.3760000000000003,15.000000000000002,14.200000000000001,1014.4,78.0,13.566666666666668,21.5,55.66670428043918
2023-06-03 05:30:00,12.85,1006.75,84.01495839108162,1.674,7.164,77.5,14.799999999999999,1014.5,76.33333333333333,14.366666666666667,24.8,66.00010156234282
2023-06-03 06:00:00,13.0,1006.7,83.22367577748663,1.71,7.992000000000001,78.0,15.4,1014.5,74.0,16.933333333333334,27.4,68.66653499840578
2023-06-03 06:30:00,12.9,1006.6500000000001,83.60363537980948,1.8000000000000003,7.092,64.0,16.233333333333334,1014.6333333333333,72.0,18.933333333333334,30.1,67.33346500159422
2023-06-03 07:00:00,13.2,1006.75,82.60412362471885,2.34,7.992000000000001,104.5,17.066666666666666,1014.7333333333332,69.66666666666667,16.400000000000002,30.1,70.66738351187217
2023-06-03 07:30:00,13.600000000000001,1006.9,80.99589077933354,2.9880000000000004,10.476,111.0,18.3,1014.8333333333334,67.0,17.3,27.9,75.00817540661816
2023-06-03 08:00:00,14.2,1006.95,79.03678545711287,3.0600000000000005,21.42,121.0,19.366666666666664,1014.8666666666667,64.0,17.833333333333332,26.9,74.0
2023-06-03 08:30:00,15.25,1006.9,77.26358949256053,3.636,12.816,115.00000000000003,20.7,1014.9333333333334,61.333333333333336,16.866666666666667,26.9,65.00213932592389
2023-06-03 09:00:00,16.55,1007.05,73.53049207251084,3.438,11.16,133.0,21.933333333333334,1014.8666666666667,58.333333333333336,14.366666666666667,26.4,66.3299021184476
2023-06-03 09:30:00,17.9,1007.0,67.78383861612792,4.572,15.840000000000002,129.00000000000003,23.0,1014.7999999999998,55.666666666666664,15.866666666666667,27.7,73.0107261140633
2023-06-03 10:00:00,19.25,1007.0,63.740730472577,3.852,14.184,128.5,24.133333333333336,1014.8000000000001,52.666666666666664,15.666666666666666,28.1,64.0
2023-06-03 10:30:00,20.8,1007.05,60.091910440498765,3.798,15.444,127.00000000000001,25.03333333333333,1014.6666666666666,49.0,17.333333333333332,28.1,62.99510674900901
2023-06-03 11:00:00,21.950000000000003,1007.05,57.201651626508124,3.852,11.268,128.0,25.866666666666664,1014.4666666666667,48.666666666666664,14.966666666666669,28.1,70.63287107248249
2023-06-03 11:30:00,23.4,1007.0,54.52069973171806,3.51,14.976,135.0,26.3,1014.3333333333334,47.333333333333336,15.6,28.1,83.63784079529768
2023-06-03 12:00:00,24.15,1006.9,51.833459071671264,4.14,13.464,140.0,26.766666666666666,1014.2333333333332,46.0,13.6,26.7,89.65666885669764
2023-06-03 12:30:00,24.95,1006.9,49.367309846364805,4.122,14.796,158.5,27.2,1014.0,44.666666666666664,12.933333333333332,29.9,81.69988235489913
2023-06-03 13:00:00,25.65,1006.8499999999999,46.154468688412834,4.302,15.48,149.00000000000003,27.566666666666666,1013.9333333333334,42.666666666666664,11.9,29.9,95.33322798267439
2023-06-03 13:30:00,26.2,1006.7,44.29580535499957,3.9779999999999998,14.364,130.5,27.933333333333334,1013.5333333333333,41.333333333333336,12.5,29.9,68.60030598545154
2023-06-03 14:00:00,26.549999999999997,1006.6500000000001,42.841436335650954,3.996,12.924,143.0,28.233333333333334,1013.2333333333332,41.0,14.233333333333334,26.8,52.00367583641233
2023-06-03 14:30:00,27.299999999999997,1006.55,41.23072965527868,3.708,10.692,135.0,27.8,1013.0333333333333,40.333333333333336,12.5,30.4,49.99847330928028
2023-06-03 15:00:00,27.65,1006.45,39.796773705286014,3.168,8.712,142.0,28.166666666666668,1012.9,40.0,14.233333333333334,30.4,48.48356176816303
2023-06-03 15:30:00,28.05,1006.25,37.95717420110962,3.204,10.8,152.5,28.266666666666666,1012.7000000000002,39.333333333333336,11.466666666666667,22.9,49.33499086401918
2023-06-03 16:00:00,28.15,1006.05,37.31904065683412,3.258,11.844,186.49999999999997,28.099999999999998,1012.6666666666666,38.666666666666664,13.1,27.6,70.66789566449874
2023-06-03 16:30:00,28.45,1005.8,36.24905672064169,3.222,10.44,203.99999999999997,28.03333333333333,1012.6666666666666,38.0,14.666666666666666,27.6,65.32654175963047
2023-06-03 17:00:00,28.2,1005.7,35.5501790605065,3.366,15.588,178.5,27.73333333333333,1012.6666666666666,38.333333333333336,13.200000000000001,25.9,55.74224624249961
2023-06-03 17:30:00,28.05,1005.6500000000001,34.79418113357965,3.0060000000000002,10.116,176.99999999999997,27.166666666666668,1012.7666666666668,38.666666666666664,13.5,25.9,55.00000000000001
2023-06-03 18:00:00,27.9,1005.6,34.27302016652732,2.934,10.008,180.49999999999997,26.5,1013.0666666666666,40.333333333333336,13.633333333333333,22.6,49.34060165746568
2023-06-03 18:30:00,27.4,1005.5,35.33037390718073,2.934,13.392,179.5,25.53333333333333,1013.2666666666668,44.333333333333336,11.5,22.1,43.66500571621619
2023-06-03 19:00:00,26.75,1005.6500000000001,36.247607634576084,2.736,11.16,180.0,24.0,1013.3666666666667,49.333333333333336,10.033333333333333,22.1,36.333329572528974
2023-06-03 19:30:00,26.0,1005.7,37.651758065899664,2.574,9.216,194.5,22.666666666666668,1013.4333333333334,52.0,11.833333333333334,15.6,35.666196279551635
2023-06-03 20:00:00,25.05,1005.95,41.353543534026684,1.944,8.28,202.5,21.266666666666666,1013.6333333333333,56.0,12.666666666666666,14.3,43.333465001594206
2023-06-03 20:30:00,23.799999999999997,1006.25,46.783890283473696,1.584,5.112,142.5,19.733333333333334,1014.0666666666666,60.0,10.366666666666667,14.3,42.664159623118564
2023-06-03 21:00:00,21.9,1006.45,54.94582284889463,1.4220000000000002,4.752000000000001,86.5,19.6,1014.3333333333334,60.666666666666664,11.833333333333334,15.2,35.999390161456105
2023-06-03 21:30:00,20.25,1006.6,58.32360852071349,1.4580000000000002,3.024,77.5,18.900000000000002,1014.4333333333334,62.0,12.533333333333333,15.2,35.66636559597269
2023-06-03 22:00:00,18.85,1006.75,60.19488234383182,1.3319999999999999,2.196,77.5,18.033333333333335,1014.4333333333334,64.0,14.199999999999998,16.1,41.00000000000001
2023-06-03 22:30:00,17.8,1007.1,62.70685128262859,1.2600000000000002,2.484,71.49999999999999,17.5,1014.4666666666667,65.0,14.033333333333331,16.1,49.33322798267437
2023-06-03 23:00:00,17.1,1007.4,65.38333946795848,1.3320000000000003,2.268,73.50000000000001,16.966666666666665,1014.5,66.33333333333333,12.266666666666666,16.0,53.00000000000001
2023-06-03 23:30:00,16.549999999999997,1007.5,67.36403581434809,1.314,2.736,78.0,17.033333333333335,1014.4666666666667,66.0,13.066666666666668,17.1,55.33336342205959
2023-06-04 00:00:00,16.1,1007.5,69.02014191237019,1.278,3.24,73.0,16.5,1014.3666666666667,67.0,14.1,17.1,50.33387178440327
2023-06-04 00:30:00,15.5,1007.4,70.95308100579024,1.1340000000000001,2.124,61.0,16.2,1014.2333333333332,68.66666666666667,14.033333333333333,17.3,52.33166776031588
2023-06-04 01:00:00,15.0,1007.45,72.53752306489699,1.0979999999999999,2.4120000000000004,49.00000000000001,16.266666666666666,1014.0333333333333,68.33333333333333,13.066666666666668,17.3,58.33322798267439
2023-06-04 01:30:00,14.649999999999999,1007.4,73.71256325537568,1.0080000000000002,2.196,44.0,15.9,1013.7666666666668,69.33333333333333,13.5,17.3,54.000609838543895
2023-06-04 02:00:00,14.45,1007.3499999999999,74.88343459191307,1.2060000000000002,2.3760000000000003,59.99999999999999,15.166666666666666,1013.7333333333332,72.0,14.166666666666666,17.2,52.66667042747102
2023-06-04 02:30:00,14.149999999999999,1007.1500000000001,76.10422696112704,1.134,2.052,47.0,15.066666666666668,1013.7000000000002,73.33333333333333,12.266666666666666,17.2,55.666670427471026
2023-06-04 03:00:00,14.0,1007.0,77.31965154472931,1.062,3.276,42.00000000000001,13.766666666666666,1013.7666666666668,76.66666666666667,5.0,16.1,62.0
2023-06-04 03:30:00,13.850000000000001,1006.7,78.73736796744487,1.062,2.52,43.50000000000001,13.6,1013.7999999999998,80.0,7.533333333333334,16.1,58.33835425574984
2023-06-04 04:00:00,13.5,1006.55,80.52016437641689,1.008,2.4480000000000004,33.5,14.1,1014.0,79.0,11.9,14.3,44.332753728081
2023-06-04 04:30:00,13.25,1006.45,81.97517679156184,0.936,1.944,46.5,14.0,1014.0666666666666,79.0,11.466666666666667,14.3,37.33363440402731
2023-06-04 05:00:00,13.2,1006.4,83.16754486204786,1.116,2.088,49.49999999999999,14.200000000000001,1014.2333333333332,79.66666666666667,12.5,15.3,40.0
2023-06-04 05:30:00,12.9,1006.4,84.84672359259673,1.134,2.124,40.0,15.199999999999998,1014.4333333333334,79.0,12.1,15.5,49.33322798267437
2023-06-04 06:00:00,12.649999999999999,1006.45,86.17934295655175,1.2600000000000002,2.268,57.00000000000001,16.733333333333334,1014.5666666666666,75.0,10.433333333333332,16.5,57.667246271919005
2023-06-04 06:30:00,12.6,1006.6,87.65960796240148,0.954,2.3760000000000003,50.49999999999999,17.7,1014.7333333333332,71.0,12.200000000000001,20.0,72.0
2023-06-04 07:00:00,13.0,1006.7,88.1937372725605,0.972,3.852,8.0,18.733333333333334,1014.7333333333332,68.0,13.866666666666667,22.4,68.00010156234282
2023-06-04 07:30:00,14.25,1006.8499999999999,84.5887420869552,1.6019999999999999,6.264,88.49999999999999,19.733333333333334,1014.7999999999998,66.0,15.433333333333332,22.5,77.01966313122415
2023-06-04 08:00:00,15.6,1007.05,80.58203870697596,2.3040000000000003,9.18,106.00000000000001,21.133333333333333,1014.8000000000001,64.33333333333333,11.866666666666667,22.5,74.35719584069516
2023-06-04 08:30:00,16.65,1007.1500000000001,77.09167187182163,2.052,7.956,107.00000000000001,22.133333333333336,1014.7666666666668,63.333333333333336,12.1,22.5,79.99572330791149
2023-06-04 09:00:00,18.1,1007.1,73.7488213573636,2.79,8.892000000000001,108.0,23.3,1014.8333333333334,62.333333333333336,11.700000000000001,21.4,85.32900957702128
2023-06-04 09:30:00,20.05,1007.05,67.50800040635619,2.952,13.14,106.00000000000001,24.333333333333332,1014.9666666666667,60.333333333333336,12.1,23.6,80.65939834253432
2023-06-04 10:00:00,21.7,1007.0,62.82874259968577,2.628,7.704000000000001,126.50000000000001,25.2,1014.9666666666667,57.0,13.9,25.5,82.65677115986674
2023-06-04 10:30:00,22.65,1006.9,60.35199091645292,3.042,8.136,108.5,25.933333333333334,1015.0333333333333,54.0,14.933333333333332,29.3,87.67649301367253
2023-06-04 11:00:00,23.85,1006.95,58.04917887396013,3.1140000000000003,10.62,144.5,27.099999999999998,1014.9666666666667,52.0,13.533333333333333,29.3,95.33387178440329
2023-06-04 11:30:00,24.85,1007.1500000000001,56.203817116203595,2.6640000000000006,8.388,108.5,27.400000000000002,1014.8000000000001,51.0,13.0,27.5,93.66908038147409
2023-06-04 12:00:00,25.8,1007.2,53.90142582175754,3.114,9.936,117.0,27.96666666666667,1014.5666666666666,49.0,11.166666666666666,27.5,90.3316677603159
2023-06-04 12:30:00,26.45,1007.25,51.67414279928039,3.0780000000000003,7.776000000000001,104.50000000000001,28.633333333333336,1014.1999999999999,48.666666666666664,11.066666666666668,25.3,94.86271698964431
2023-06-04 13:00:00,27.0,1007.25,49.39530018905201,3.24,14.04,100.0,27.666666666666668,1014.0,47.666666666666664,9.1,25.0,58.792542686024824
2023-06-04 13:30:00,27.25,1007.3,48.327813856236865,3.294,14.724,60.5,28.833333333333332,1013.9,48.666666666666664,10.533333333333333,23.4,103.66500571621619
2023-06-04 14:00:00,27.450000000000003,1007.1,47.35526453764754,2.682,9.18,99.5,28.8,1013.6,46.666666666666664,10.866666666666667,23.4,71.48230278029509
2023-06-04 14:30:00,28.25,1006.8499999999999,45.681704744826874,2.9160000000000004,8.172,179.0,28.099999999999998,1013.4333333333334,45.666666666666664,14.466666666666667,24.1,48.20320542016221
2023-06-04 15:00:00,28.95,1006.6,43.701639893704,3.042,12.78,141.5,27.933333333333334,1013.3666666666667,46.0,11.733333333333334,24.1,49.6700978815524
2023-06-04 15:30:00,28.799999999999997,1006.6,42.2855709026515,2.934,10.692,113.0,27.066666666666666,1013.8000000000001,50.666666666666664,14.133333333333335,34.1,104.17294898471768
2023-06-04 16:00:00,28.75,1006.4,42.28667683269629,2.7540000000000004,10.8,188.0,24.733333333333334,1013.7333333333332,63.333333333333336,10.533333333333333,34.1,240.01728478252065
2023-06-04 16:30:00,29.450000000000003,1006.1500000000001,39.98933427327519,2.7,10.512,208.0,25.0,1013.7000000000002,64.0,10.033333333333333,34.1,261.63343399930346
2023-06-04 17:00:00,29.450000000000003,1006.05,39.16561842052474,3.276,9.0,157.0,25.96666666666667,1013.7666666666668,59.333333333333336,10.799999999999999,23.6,282.0003047798862
2023-06-04 17:30:00,29.35,1006.3,38.75029495511353,3.024,8.1,175.5,25.433333333333334,1014.2666666666668,61.0,15.133333333333333,31.6,208.80664932987236
2023-06-04 18:00:00,26.45,1006.7,47.71566498092156,2.3760000000000003,5.796,190.49999999999997,23.7,1014.7000000000002,67.0,20.666666666666668,32.4,188.33746312054336
2023-06-04 18:30:00,24.2,1006.8,58.58750256195539,1.98,5.04,219.5,22.833333333333332,1014.7666666666668,70.33333333333333,15.0,32.4,216.33003382966785
2023-06-04 19:00:00,23.450000000000003,1007.15,62.60835749796881,2.826,10.62,287.00000000000006,21.53333333333333,1014.9666666666667,74.33333333333333,9.466666666666667,30.3,242.99436776414456
2023-06-04 19:30:00,22.25,1007.45,64.81204494530238,3.348,16.596,336.0,20.0,1015.1,79.66666666666667,7.533333333333332,24.1,246.78149854149464
2023-06-04 20:00:00,22.5,1007.5,63.949512970188195,2.2140000000000004,7.884,252.5,18.766666666666666,1015.2333333333332,83.33333333333333,3.8666666666666667,17.7,224.0
2023-06-04 20:30:00,22.5,1007.6,66.31597515411082,2.16,7.02,200.0,18.066666666666666,1015.6333333333333,85.66666666666667,2.2333333333333334,11.3,224.0
2023-06-04 21:00:00,22.1,1007.8,70.32014479760556,1.9080000000000004,3.528,206.99999999999997,18.133333333333333,1016.0333333333333,87.0,3.1666666666666665,14.5,103.07528192502119
2023-06-04 21:30:00,21.1,1007.95,76.14600944764173,1.9260000000000002,4.392,208.99999999999997,18.233333333333334,1016.2999999999998,87.0,7.466666666666668,14.5,81.33526194922301
2023-06-04 22:00:00,19.8,1008.25,80.86291226812466,1.1520000000000001,3.816,150.5,17.8,1016.3666666666667,87.66666666666667,5.233333333333333,14.5,86.0
2023-06-04 22:30:00,18.7,1008.7,83.46462999097145,1.3860000000000001,2.556,67.5,16.133333333333333,1016.4666666666667,88.66666666666667,2.566666666666667,14.5,86.0
2023-06-04 23:00:00,17.9,1009.0,85.88440885286897,1.4580000000000002,2.7,85.0,15.566666666666668,1016.2666666666668,89.66666666666667,2.466666666666667,9.7,86.0
2023-06-04 23:30:00,17.5,1009.1,89.22963132129553,1.26,2.736,84.5,15.266666666666666,1015.9,91.0,3.033333333333333,6.4,86.0
2023-06-05 00:00:00,17.65,1009.2,89.70132854139041,1.4040000000000001,5.184,92.5,15.4,1015.6666666666666,91.0,2.966666666666667,6.4,86.0
2023-06-05 00:30:00,17.2,1009.25,90.98059829594752,0.8820000000000001,1.62,103.0,14.633333333333333,1015.6999999999999,91.33333333333333,1.9000000000000001,6.4,86.0
2023-06-05 01:00:00,16.7,1008.9,92.07365449669703,0.612,1.4400000000000002,79.0,13.933333333333332,1015.7666666666668,92.0,2.9,6.4,86.99989843765718
2023-06-05 01:30:00,16.8,1008.6,92.71910939747335,0.99,2.052,81.5,13.299999999999999,1015.8000000000001,92.0,3.0,6.4,92.0
2023-06-05 02:00:00,16.4,1008.6,94.83809828759325,1.296,2.4480000000000004,45.50000000000001,13.266666666666666,1015.9,92.0,1.6666666666666667,6.4,92.0
2023-06-05 02:30:00,15.75,1008.55,95.6696179147605,0.8640000000000001,3.024,66.0,12.5,1015.8666666666667,92.0,1.7,4.8,92.0
2023-06-05 03:00:00,15.649999999999999,1008.4,96.06046620505441,1.098,3.24,99.0,12.866666666666667,1015.7999999999998,92.0,6.533333333333334,8.0,92.0
2023-06-05 03:30:00,15.5,1008.3,97.35916315250803,1.026,2.124,97.5,12.066666666666668,1015.7333333333332,92.0,3.1333333333333333,8.0,92.0
2023-06-05 04:00:00,15.15,1008.25,98.17766610776779,0.8640000000000001,2.3760000000000003,87.5,12.533333333333333,1015.7999999999998,93.0,4.8,8.0,83.07541587882997
2023-06-05 04:30:00,14.75,1008.3,98.23574121484495,0.6300000000000001,1.404,48.50000000000001,13.966666666666667,1015.9333333333334,93.0,5.5,9.7,53.0
2023-06-05 05:00:00,14.45,1008.25,98.30711744071436,0.81,1.908,31.0,14.333333333333334,1016.0666666666666,93.0,4.2,9.7,54.66667042747103
2023-06-05 05:30:00,14.05,1008.2,98.45247994677517,0.774,1.98,40.0,15.233333333333334,1016.1,92.66666666666667,5.566666666666666,11.3,66.33145222483385
2023-06-05 06:00:00,13.7,1008.1500000000001,98.61143453790226,0.8280000000000001,1.548,36.5,16.599999999999998,1016.2666666666668,90.33333333333333,7.466666666666666,15.2,74.6670094218673
2023-06-05 06:30:00,13.350000000000001,1008.2,98.92875454217713,0.702,1.296,39.99999999999999,17.53333333333333,1016.2666666666668,84.0,10.766666666666666,21.2,75.33431218602841
2023-06-05 07:00:00,13.3,1008.3,99.4488925438301,0.9,3.744,78.5,18.833333333333332,1016.2999999999998,74.0,11.933333333333332,21.2,82.0
2023-06-05 07:30:00,13.8,1008.4,97.94200685294956,1.296,3.024,96.0,20.2,1016.2666666666668,67.33333333333333,12.533333333333333,21.2,77.66670428043918
2023-06-05 08:00:00,14.65,1008.5,95.93615975899142,1.4580000000000002,4.5,100.5,21.3,1016.2999999999998,63.0,13.633333333333333,22.6,82.33526194922301
2023-06-05 08:30:00,16.35,1008.6,89.71650667739922,1.9260000000000002,4.932,116.00000000000001,22.8,1016.1666666666666,59.0,10.9,22.6,83.66582263975212
2023-06-05 09:00:00,17.950000000000003,1008.5,79.61730440703876,2.5740000000000003,8.028,129.0,23.933333333333334,1016.1333333333333,55.333333333333336,9.933333333333334,21.3,88.0
2023-06-05 09:30:00,19.799999999999997,1008.4,70.44139046482184,2.556,8.928,139.5,25.03333333333333,1016.1333333333333,52.0,10.9,20.1,85.00244214605814
2023-06-05 10:00:00,21.5,1008.3,63.18775317630242,3.06,8.496,123.5,26.233333333333334,1016.0333333333333,48.666666666666664,10.466666666666667,23.9,95.98649713764775
2023-06-05 10:30:00,22.9,1008.2,57.6047781580707,3.186,11.124,136.0,27.233333333333334,1015.9666666666667,44.666666666666664,12.933333333333332,23.9,85.99436776414454
2023-06-05 11:00:00,24.1,1008.25,52.85527778520611,3.186,10.08,129.00000000000003,27.599999999999998,1015.8666666666667,41.666666666666664,12.6,24.0,85.66833223968412
2023-06-05 11:30:00,25.45,1008.25,48.37086411998736,2.97,8.46,142.00000000000003,28.233333333333334,1015.6,41.0,10.133333333333333,24.0,83.90209204823081
2023-06-05 12:00:00,26.700000000000003,1008.2,44.538234316762505,2.9160000000000004,8.676,146.5,28.333333333333332,1015.2666666666668,40.333333333333336,9.5,24.1,93.84978678797175
2023-06-05 12:30:00,27.6,1008.2,40.98067051598199,3.186,12.384,145.5,28.7,1015.1666666666666,38.333333333333336,11.066666666666668,25.1,61.46389949578085
2023-06-05 13:00:00,28.049999999999997,1008.05,38.09651334689028,3.456,13.68,146.0,29.066666666666666,1014.8333333333334,37.666666666666664,11.799999999999999,25.7,37.523744621588285
2023-06-05 13:30:00,28.299999999999997,1008.0,36.0864067465922,3.42,11.304,154.0,29.3,1014.5666666666666,37.0,13.133333333333333,23.0,23.00244214605814
2023-06-05 14:00:00,28.700000000000003,1007.8499999999999,35.91874847405831,3.042,10.224,220.99999999999997,29.2,1014.3666666666667,36.666666666666664,14.133333333333333,24.8,13.023750109631623
2023-06-05 14:30:00,28.9,1007.7,35.24842925762795,2.6820000000000004,8.424,183.0,28.96666666666667,1014.2333333333332,36.0,12.833333333333334,24.8,25.31335923504977
2023-06-05 15:00:00,29.3,1007.55,34.22767587622971,3.0780000000000003,10.008,181.99999999999997,28.7,1014.0,36.333333333333336,13.933333333333332,24.8,28.664493616191063
2023-06-05 15:30:00,29.8,1007.25,33.459426132985335,2.9160000000000004,8.424,207.5,28.866666666666664,1013.7666666666668,35.333333333333336,16.733333333333334,35.5,22.0
2023-06-05 16:00:00,29.5,1007.1500000000001,32.853204632029275,3.204,10.332,193.5,28.8,1013.7999999999998,35.0,17.3,35.5,14.999999999999998
2023-06-05 16:30:00,29.65,1007.0,32.57005757025354,2.7720000000000002,8.784,221.49999999999997,28.53333333333333,1013.6333333333333,35.333333333333336,16.033333333333335,35.5,26.99786067407611
2023-06-05 17:00:00,29.45,1006.8499999999999,32.231061494394176,2.898,8.64,217.49999999999997,28.399999999999995,1013.6,35.0,14.833333333333334,26.4,26.659398342534313
2023-06-05 17:30:00,29.35,1006.7,31.71370150721461,3.0780000000000003,11.52,192.99999999999997,28.0,1013.6333333333333,34.666666666666664,15.166666666666666,26.4,27.0
2023-06-05 18:00:00,28.6,1006.6500000000001,31.09343434626136,3.294,12.708,212.0,27.433333333333334,1013.6666666666666,35.666666666666664,11.6,25.5,24.666365595972696
2023-06-05 18:30:00,28.299999999999997,1006.55,30.987545317614146,2.574,8.712,206.49999999999997,26.53333333333333,1013.7666666666668,37.666666666666664,9.933333333333334,20.8,16.333092550171603
2023-06-05 19:00:00,27.8,1006.5,29.776761750862477,2.2860000000000005,11.088,201.0,25.166666666666668,1013.8666666666667,43.0,6.933333333333334,17.0,24.333871784403268
2023-06-05 19:30:00,27.15,1006.55,31.01055544199611,2.1240000000000006,7.956,201.5,22.866666666666664,1014.0,51.333333333333336,6.266666666666667,12.9,24.000000000000004
2023-06-05 20:00:00,26.200000000000003,1006.6500000000001,35.38643873410204,1.638,6.084,188.99999999999997,21.5,1014.1,57.333333333333336,8.266666666666667,10.8,21.666534998405787
2023-06-05 20:30:00,24.4,1006.75,46.29272708058801,1.1880000000000002,6.192,91.50000000000001,19.266666666666666,1014.5,64.66666666666667,6.3,11.3,30.666907449828397
2023-06-05 21:00:00,22.55,1006.95,52.59169031969053,1.3319999999999999,2.736,83.50000000000001,18.133333333333336,1014.7000000000002,70.0,7.366666666666667,11.8,31.000304779886225
2023-06-05 21:30:00,21.1,1007.05,55.069045894310975,1.476,2.484,82.50000000000001,19.76666666666667,1014.6666666666666,64.33333333333333,11.266666666666666,15.9,32.66612821559673
2023-06-05 22:00:00,20.05,1007.25,56.066401054764256,1.26,2.088,75.0,19.5,1014.9,61.666666666666664,13.566666666666668,16.7,49.333363422059584
2023-06-05 22:30:00,19.299999999999997,1007.55,57.415716791347336,1.1520000000000001,1.944,73.0,18.766666666666666,1015.0666666666666,63.0,12.4,16.7,48.00152529388335
2023-06-05 23:00:00,18.65,1007.75,59.68015844466244,1.08,2.052,71.00000000000001,18.466666666666665,1015.2666666666668,63.0,13.299999999999999,16.7,44.66667042747101
2023-06-05 23:30:00,17.950000000000003,1007.8,63.57564982345498,1.278,2.592,78.5,18.233333333333334,1015.1333333333333,62.0,14.266666666666666,18.4,50.99999999999999
2023-06-06 00:00:00,17.2,1007.8499999999999,66.8562500437315,0.972,2.52,55.5,17.8,1015.0666666666666,62.0,14.066666666666668,18.4,53.00000000000001
2023-06-06 00:30:00,16.7,1008.0,68.0887436423732,1.116,4.428,38.5,17.233333333333334,1014.9666666666667,62.333333333333336,13.5,18.3,51.999695220113786
2023-06-06 01:00:00,16.450000000000003,1008.1500000000001,67.91918206195362,1.1880000000000002,3.204,12.999999999999996,16.900000000000002,1014.8333333333334,62.666666666666664,11.333333333333334,16.4,56.99989843765719
2023-06-06 01:30:00,16.0,1008.1500000000001,67.09591174459327,1.1520000000000001,3.672,35.5,16.866666666666664,1014.7999999999998,62.0,10.833333333333334,16.2,57.666670427471026
2023-06-06 02:00:00,15.649999999999999,1008.05,67.91222126148647,1.1880000000000002,3.852,27.5,16.733333333333334,1014.7666666666668,62.333333333333336,11.666666666666666,16.6,58.33332957252898
2023-06-06 02:30:00,15.55,1007.95,67.10439447516478,1.404,6.156,54.5,16.433333333333334,1014.6666666666666,63.0,13.966666666666667,18.7,57.33332957252898
2023-06-06 03:00:00,15.399999999999999,1007.8499999999999,66.50055118497698,1.314,4.212,27.5,16.433333333333334,1014.7000000000002,64.33333333333333,14.533333333333333,21.4,56.33336342205959
2023-06-06 03:30:00,14.8,1007.7,68.16211830999734,1.1340000000000001,2.664,36.5,15.433333333333335,1014.7999999999998,67.66666666666667,9.433333333333332,21.4,60.66653499840579
2023-06-06 04:00:00,14.35,1007.7,69.71602512697166,1.08,2.592,31.499999999999993,14.833333333333334,1014.8333333333334,71.0,8.566666666666666,21.4,63.33322798267438
2023-06-06 04:30:00,13.9,1007.6,71.33678295844663,0.99,2.268,35.00000000000001,15.066666666666668,1014.7666666666668,71.33333333333333,9.733333333333334,15.5,63.333329572528974
2023-06-06 05:00:00,13.55,1007.5,72.9789782465991,0.9540000000000002,2.556,14.999999999999998,15.299999999999999,1014.9,72.33333333333333,7.166666666666667,15.5,68.33835425574985
2023-06-06 05:30:00,13.65,1007.5,73.81772360469301,1.368,11.628,35.00000000000001,16.433333333333334,1015.0,70.66666666666667,9.433333333333332,15.2,57.666704280439184
2023-06-06 06:00:00,14.2,1007.6,73.54251651186462,1.746,5.652,81.5,17.566666666666666,1014.8666666666667,67.66666666666667,12.533333333333333,22.2,63.00152669071973
2023-06-06 06:30:00,14.1,1007.6,74.89084399194037,1.44,3.708,72.5,18.633333333333333,1014.9333333333334,63.666666666666664,16.866666666666667,27.2,63.0
2023-06-06 07:00:00,14.45,1007.55,74.79514629180207,1.71,5.4,68.0,19.566666666666666,1014.9666666666667,61.0,16.833333333333332,27.2,60.666196279551635
2023-06-06 07:30:00,14.45,1007.7,77.43329569027337,1.2060000000000002,5.94,58.5,20.566666666666666,1015.0,59.333333333333336,17.266666666666666,27.2,58.99989843765719
2023-06-06 08:00:00,15.55,1007.7,75.35647225714372,2.322,8.964,115.49999999999999,21.666666666666668,1014.9666666666667,57.666666666666664,15.833333333333334,26.6,69.32784591350656
2023-06-06 08:30:00,17.3,1007.5,69.64430760953007,3.114,11.268,123.5,23.0,1014.9666666666667,54.0,16.166666666666668,27.5,67.33387178440329
2023-06-06 09:00:00,18.799999999999997,1007.3,65.08939776674471,3.474,12.888,130.0,24.3,1015.0333333333333,50.666666666666664,14.866666666666667,27.5,65.0
2023-06-06 09:30:00,20.25,1007.3,59.84452662777974,3.762,12.708,129.00000000000003,25.133333333333336,1014.9333333333334,48.666666666666664,17.433333333333334,28.0,54.5978886200087
2023-06-06 10:00:00,21.65,1007.2,56.23440496644004,3.564,12.78,136.0,25.933333333333334,1014.9333333333334,48.0,17.966666666666665,29.4,49.332753728081
2023-06-06 10:30:00,22.950000000000003,1007.1,52.97562138020735,3.798,10.332,134.5,27.0,1014.7666666666668,43.333333333333336,18.766666666666666,37.7,67.33166776031588
2023-06-06 11:00:00,24.4,1007.2,49.53371416544988,3.294,10.44,136.0,27.766666666666666,1014.6333333333333,40.666666666666664,18.5,37.7,80.078083697715
2023-06-06 11:30:00,25.25,1007.1,46.66114871891407,4.212000000000001,13.68,156.5,28.400000000000002,1014.4333333333334,39.666666666666664,16.733333333333334,37.7,79.33145222483384
2023-06-06 12:00:00,26.55,1007.05,43.115915258264124,3.87,14.148,145.49999999999997,28.599999999999998,1014.2666666666668,39.666666666666664,15.9,37.1,84.04166545749244
2023-06-06 12:30:00,27.15,1007.1,42.052314705689824,4.032,14.436,162.0,28.766666666666666,1013.9,37.333333333333336,17.6,37.1,66.0
2023-06-06 13:00:00,27.75,1007.0,38.83754427484347,4.140000000000001,12.132,146.0,29.066666666666666,1013.6999999999999,38.333333333333336,15.6,34.4,62.32784591350657
2023-06-06 13:30:00,28.1,1006.8499999999999,36.79839736391405,4.482,13.14,119.5,29.433333333333334,1013.4666666666667,36.666666666666664,16.900000000000002,32.4,58.3331262999033
2023-06-06 14:00:00,28.75,1006.75,36.167129034939,3.528,12.168,156.5,29.599999999999998,1013.2333333333332,37.333333333333336,16.866666666666667,30.0,55.24094572779018
2023-06-06 14:30:00,29.35,1006.5,36.196263055916916,3.3840000000000003,10.872,107.0,29.7,1013.2333333333332,36.666666666666664,15.533333333333333,34.8,56.66582263975212
2023-06-06 15:00:00,29.6,1006.25,35.763536367858485,3.564,13.464,143.5,29.433333333333334,1013.2333333333332,36.333333333333336,14.0,34.8,49.673198936575204
2023-06-06 15:30:00,29.200000000000003,1006.2,34.9906986582367,3.276,10.224,142.99999999999997,29.833333333333332,1013.0333333333333,37.333333333333336,14.1,34.8,55.32032086861363
2023-06-06 16:00:00,29.549999999999997,1006.0,34.426609710677,3.348,15.12,204.5,29.233333333333334,1012.9,37.0,14.966666666666667,26.5,45.998982982317415
2023-06-06 16:30:00,29.799999999999997,1005.95,33.87629911887079,3.258,9.324,141.5,29.3,1012.6666666666666,37.0,14.833333333333334,26.3,53.3331262999033
2023-06-06 17:00:00,28.85,1006.1,35.11115021873812,2.79,14.904,130.50000000000003,28.599999999999998,1012.7333333333332,41.333333333333336,11.766666666666666,25.8,85.59010350570026
2023-06-06 17:30:00,28.4,1005.95,35.60811020842807,2.592,10.224,194.5,27.46666666666667,1012.9333333333334,46.0,9.766666666666667,23.4,121.40151291616883
2023-06-06 18:00:00,28.8,1005.85,37.25090227136626,3.42,12.420000000000002,155.0,27.3,1012.9666666666667,47.0,5.733333333333333,22.5,84.19986415852361
2023-06-06 18:30:00,26.95,1005.85,43.869010750255185,2.322,9.288,347.0,27.133333333333336,1013.0333333333333,47.666666666666664,5.266666666666667,17.7,66.66670428043918
2023-06-06 19:00:00,27.05,1005.8,44.283494175515216,1.674,8.46,4.999999999999999,26.099999999999998,1013.3000000000001,49.666666666666664,8.466666666666667,12.8,51.331091557850186
2023-06-06 19:30:00,26.549999999999997,1005.9,46.33140829396679,1.062,3.024,17.499999999999993,24.933333333333334,1013.5666666666666,53.0,5.033333333333333,12.9,71.95679803313753
2023-06-06 20:00:00,25.75,1006.1,51.31322330263997,1.026,3.168,42.5,23.866666666666664,1013.8666666666667,58.333333333333336,6.2,12.9,82.34458000716153
2023-06-06 20:30:00,24.6,1006.2,57.4952845832126,1.242,2.4480000000000004,83.0,22.733333333333334,1014.1333333333333,60.333333333333336,8.466666666666667,12.6,67.66568781397159
2023-06-06 21:00:00,23.85,1006.45,56.6455658926792,1.116,2.772,80.5,22.53333333333333,1014.3000000000001,61.0,6.8999999999999995,13.0,91.33109155785017
2023-06-06 21:30:00,23.450000000000003,1006.6500000000001,53.78493354199989,1.116,2.4120000000000004,80.5,20.8,1014.3666666666667,66.0,3.6999999999999997,12.9,100.6668737000967
2023-06-06 22:00:00,22.450000000000003,1006.9,54.00970624147729,1.2600000000000002,3.096,80.0,18.900000000000002,1014.4,72.0,3.5666666666666664,11.3,106.0
2023-06-06 22:30:00,21.5,1007.25,58.17771174933861,1.746,5.04,49.5,17.8,1014.2333333333332,77.0,3.8333333333333335,6.4,103.33526194922301
2023-06-06 23:00:00,20.35,1007.3499999999999,62.94395347237882,1.35,3.096,59.00000000000001,18.2,1014.2666666666668,77.33333333333333,6.1000000000000005,11.3,72.67526175768062
2023-06-06 23:30:00,19.85,1007.5,65.78706860679188,1.62,4.5360000000000005,81.00000000000001,18.366666666666667,1014.3000000000001,78.0,6.533333333333334,11.9,115.0
2023-06-07 00:00:00,20.0,1007.4,67.61376484758478,1.746,3.708,88.00000000000001,18.0,1014.1666666666666,79.66666666666667,9.666666666666666,12.4,134.33455141203405
2023-06-07 00:30:00,19.65,1007.3499999999999,71.30827730159942,1.71,3.384,90.5,17.666666666666668,1014.0,81.0,5.266666666666667,12.9,86.57294892170867
2023-06-07 01:00:00,19.1,1007.45,74.46591434928092,1.6920000000000002,3.744,67.5,16.033333333333335,1013.7666666666668,83.33333333333333,3.033333333333333,12.9,77.0
2023-06-07 01:30:00,18.549999999999997,1007.4,75.94311802536083,1.8719999999999999,5.796,55.5,14.466666666666667,1013.6666666666666,86.0,3.6333333333333333,11.3,77.0
2023-06-07 02:00:00,17.9,1007.25,77.6708766629156,1.6019999999999999,3.168,76.0,13.700000000000001,1013.4333333333334,87.66666666666667,4.3,6.4,96.72637400662286
2023-06-07 02:30:00,17.4,1007.05,78.87202565729706,1.566,3.204,80.49999999999999,13.366666666666667,1013.2333333333332,89.0,3.2000000000000006,6.4,105.00000000000001
2023-06-07 03:00:00,17.1,1006.8499999999999,79.17919028669309,1.71,3.816,82.50000000000001,12.6,1013.2666666666668,89.0,3.5666666666666664,6.4,105.00000000000001
2023-06-07 03:30:00,16.700000000000003,1006.6,80.87150904064575,1.44,2.952,72.0,12.033333333333333,1013.4,89.66666666666667,3.0,6.4,105.00000000000001
2023-06-07 04:00:00,16.35,1006.3499999999999,82.04459607984532,1.4940000000000002,3.132,73.0,12.266666666666666,1013.4666666666667,90.0,3.9666666666666663,6.4,105.00000000000001
2023-06-07 04:30:00,15.9,1006.1,83.35701107313974,1.548,3.492,66.0,12.0,1013.5333333333333,91.0,5.366666666666667,9.7,110.6665349984058
2023-06-07 05:00:00,15.4,1006.0,85.26962102072991,1.4040000000000001,2.8800000000000003,79.5,13.433333333333332,1013.5666666666666,90.66666666666667,5.066666666666666,9.7,114.33299057813271
2023-06-07 05:30:00,15.5,1006.0,85.09109636865136,1.638,4.788,78.00000000000001,15.966666666666669,1013.4,89.66666666666667,5.5,11.3,112.6751134124221
2023-06-07 06:00:00,15.75,1006.1,84.77724007425587,1.782,7.776000000000001,59.5,17.566666666666666,1013.4333333333334,86.66666666666667,7.733333333333333,14.1,106.33282069289994
2023-06-07 06:30:00,15.75,1006.2,85.30949695561931,1.8,4.896000000000001,58.99999999999999,19.166666666666668,1013.4666666666667,82.0,8.4,14.7,125.99939016145613
2023-06-07 07:00:00,15.350000000000001,1006.2,87.55080267605683,1.296,2.52,55.0,20.766666666666666,1013.5,75.0,10.066666666666666,17.4,131.99436776414456
2023-06-07 07:30:00,15.4,1006.2,88.95496483407788,1.602,3.384,45.0,22.266666666666666,1013.5,68.0,12.1,17.8,133.9798954989538
2023-06-07 08:00:00,16.1,1006.1,87.97749940242909,1.4220000000000002,3.816,68.5,23.566666666666666,1013.6,64.0,12.666666666666666,19.2,134.99918694391275
2023-06-07 08:30:00,17.6,1005.95,86.02395707963146,1.674,6.66,106.5,24.46666666666667,1013.4666666666667,61.0,10.566666666666666,19.2,122.02400310932657
2023-06-07 09:00:00,20.1,1005.8,78.57775859776172,1.854,9.0,96.49999999999999,25.733333333333334,1013.2999999999998,57.0,11.766666666666666,21.7,118.0605939552979
2023-06-07 09:30:00,22.0,1005.8,68.66831502113385,2.286,7.38,56.0,26.8,1013.1,52.666666666666664,12.766666666666666,22.5,123.87126385839971
2023-06-07 10:00:00,23.5,1005.8,61.92950306820126,2.052,6.372,74.0,27.7,1012.8333333333334,47.666666666666664,12.799999999999999,23.7,122.76535735690949
2023-06-07 10:30:00,24.55,1005.75,58.11934574900706,2.5200000000000005,8.244,34.50000000000001,28.3,1012.6333333333333,45.666666666666664,14.299999999999999,23.7,122.4297514830762
2023-06-07 11:00:00,25.65,1005.6,54.25814969487499,2.6100000000000003,10.116,102.0,29.133333333333336,1012.3666666666667,45.0,14.533333333333333,26.1,109.66057746862417
2023-06-07 11:30:00,26.8,1005.45,50.1541185524061,2.664,9.252,82.5,29.666666666666668,1012.0666666666666,43.333333333333336,15.333333333333334,26.4,130.9842514889627
2023-06-07 12:00:00,27.549999999999997,1005.3,45.53099981368486,3.0060000000000002,8.712,103.5,30.266666666666666,1011.8000000000001,41.666666666666664,13.5,26.4,122.01350286235227
2023-06-07 12:30:00,28.35,1005.05,42.59039010823297,3.3120000000000003,13.32,316.0,30.566666666666666,1011.4333333333334,40.666666666666664,13.133333333333333,27.0,112.00152669071971
2023-06-07 13:00:00,29.1,1004.95,41.95003586289607,3.402,16.236,64.0,31.0,1011.1999999999999,40.0,14.266666666666666,27.5,109.98723472563248
2023-06-07 13:30:00,29.5,1004.75,40.57750704468232,3.0420000000000003,8.316,274.0,30.733333333333334,1011.0,38.0,14.6,29.2,126.12030498137622
2023-06-07 14:00:00,30.25,1004.55,38.79040716586587,3.078,8.136,66.5,30.666666666666668,1010.9,38.0,15.1,29.3,131.15087513059075
2023-06-07 14:30:00,30.05,1004.4,38.15228252052867,2.97,12.168,95.5,30.8,1010.8666666666667,38.666666666666664,16.533333333333335,29.3,152.977885764264
2023-06-07 15:00:00,30.75,1004.05,36.732379629416734,3.3840000000000003,11.232,100.50000000000001,31.099999999999998,1010.7000000000002,37.0,15.399999999999999,29.3,152.4969610448327
2023-06-07 15:30:00,30.700000000000003,1003.9,33.700380070069826,3.7439999999999998,12.348,109.99999999999996,30.633333333333336,1010.5666666666666,36.666666666666664,12.266666666666666,26.6,156.32547676567128
2023-06-07 16:00:00,30.15,1003.9,34.430856001918244,3.2039999999999997,16.812,19.5,30.433333333333334,1010.3333333333334,37.333333333333336,13.366666666666667,26.6,140.00611516180987
2023-06-07 16:30:00,29.85,1003.9,35.95629095360594,2.88,12.096,230.0,30.433333333333334,1010.2999999999998,37.666666666666664,12.799999999999999,23.1,159.35341515875226
2023-06-07 17:00:00,29.3,1003.8499999999999,38.46285213751461,1.836,11.412,355.0,30.166666666666668,1010.2666666666668,38.0,13.0,24.1,161.04743060614936
2023-06-07 17:30:00,30.25,1003.6,36.53794409903117,2.2860000000000005,7.884,0.4999999999999842,29.833333333333332,1010.3666666666667,39.666666666666664,14.766666666666666,24.1,181.67043694469766
2023-06-07 18:00:00,29.8,1003.55,37.01158466081918,1.8719999999999999,7.488,349.0,28.433333333333334,1010.4,42.0,13.1,24.1,185.6669074498284
2023-06-07 18:30:00,29.55,1003.4,34.82796189778617,2.178,7.272,306.0,27.266666666666666,1010.5,48.0,6.966666666666666,22.4,178.66473805077698
2023-06-07 19:00:00,29.45,1003.45,34.23783125563112,1.764,5.472,360.0,25.46666666666667,1010.5666666666666,56.333333333333336,4.7,16.1,175.33332957252898
2023-06-07 19:30:00,28.8,1003.5,34.971842547519586,1.908,6.444,358.0,24.166666666666668,1010.6333333333333,59.666666666666664,3.5,8.0,237.63219484137733
2023-06-07 20:00:00,28.5,1003.5,36.44051014078451,1.854,8.28,30.000000000000004,22.366666666666664,1010.8000000000001,64.66666666666667,2.9,8.0,281.33336342205956
2023-06-07 20:30:00,26.7,1003.7,43.876687441275706,1.314,3.78,72.0,21.3,1011.0,70.0,3.4333333333333336,6.4,284.33204180384405
2023-06-07 21:00:00,25.1,1003.8,47.77964518235825,1.1880000000000002,2.196,96.5,21.566666666666666,1011.1333333333333,68.66666666666667,4.966666666666667,9.7,35.68217124281291
2023-06-07 21:30:00,24.25,1003.9,49.49079690495811,1.404,2.52,92.5,19.233333333333334,1011.0666666666666,74.33333333333333,4.1,9.7,41.0
2023-06-07 22:00:00,23.4,1003.95,50.58709736776743,1.476,2.196,93.0,18.366666666666664,1010.9333333333334,79.0,5.166666666666667,9.7,41.0
2023-06-07 22:30:00,22.95,1004.2,50.359911196026054,1.71,3.168,93.50000000000001,18.099999999999998,1010.9333333333334,81.66666666666667,0.7666666666666666,6.4,41.0
2023-06-07 23:00:00,22.8,1004.4,49.86253156741659,1.8359999999999999,3.564,92.0,18.03333333333333,1010.9333333333334,81.0,4.433333333333333,8.0,57.335261949223
2023-06-07 23:30:00,22.25,1004.25,52.94030080498072,2.0520000000000005,4.248,93.0,17.333333333333332,1010.7333333333332,83.33333333333333,1.0666666666666667,8.0,59.99999999999999
2023-06-08 00:00:00,21.7,1004.25,55.74024365542054,2.196,3.708,90.5,18.533333333333335,1010.5,81.66666666666667,6.0,14.5,63.65270805159886
2023-06-08 00:30:00,21.4,1004.1,58.44159443844454,2.052,4.5360000000000005,90.5,18.066666666666666,1010.2666666666668,78.66666666666667,5.066666666666667,14.5,83.66667042747103
2023-06-08 01:00:00,21.25,1004.1,60.28488557156821,2.088,4.176,86.0,17.333333333333332,1010.0333333333333,82.0,3.6666666666666665,11.3,84.0
2023-06-08 01:30:00,20.0,1004.05,66.44050635366901,1.512,7.056,65.5,17.8,1010.0,82.33333333333333,5.366666666666667,11.8,72.34665633052398
2023-06-08 02:00:00,19.95,1003.75,64.56422126556986,1.746,3.456,89.5,18.566666666666666,1010.1,77.0,5.066666666666666,11.3,74.99347765905793
2023-06-08 02:30:00,19.9,1003.5,64.6364336929963,1.818,3.564,87.5,18.599999999999998,1009.9666666666667,76.66666666666667,6.733333333333334,13.9,98.63590668795864
2023-06-08 03:00:00,19.700000000000003,1003.2,65.92380193665917,1.854,3.78,67.50000000000001,19.066666666666666,1009.8666666666667,74.33333333333333,8.933333333333334,14.0,128.6950450859041
2023-06-08 03:30:00,19.0,1003.1500000000001,69.3851526186056,1.728,3.06,70.00000000000001,18.8,1009.9333333333334,75.66666666666667,5.733333333333333,12.9,132.99572330791148
2023-06-08 04:00:00,18.4,1003.1,71.15525904617282,1.584,3.132,84.5,18.933333333333334,1009.9333333333334,76.66666666666667,5.8999999999999995,12.9,133.33329571956082
2023-06-08 04:30:00,18.5,1003.1500000000001,70.85345320039595,1.836,4.968,53.00000000000001,18.96666666666667,1010.0666666666666,79.0,8.200000000000001,14.9,130.66313849481375
2023-06-08 05:00:00,18.65,1003.0,70.65646345988208,1.9260000000000002,5.760000000000001,63.49999999999999,19.3,1009.9666666666667,80.0,10.933333333333332,16.3,131.99847330928029
2023-06-08 05:30:00,18.55,1003.0,71.99009417502177,1.818,5.796,63.0,19.566666666666666,1010.0333333333333,81.0,10.733333333333334,16.3,133.3330925501716
2023-06-08 06:00:00,18.85,1003.0,73.26667464871352,1.944,6.048,37.49999999999999,20.566666666666666,1009.9333333333334,80.33333333333333,12.866666666666667,21.4,145.67230796817603
2023-06-08 06:30:00,18.85,1003.05,76.48282716307682,1.944,3.744,32.5,21.46666666666667,1009.9333333333334,78.33333333333333,16.166666666666668,29.1,161.00427669208852
2023-06-08 07:00:00,19.3,1003.1500000000001,77.64489430953114,2.3040000000000003,9.72,32.0,23.066666666666666,1010.0,73.33333333333333,18.666666666666668,29.1,165.3336344040273
2023-06-08 07:30:00,20.25,1003.05,76.49622588324124,2.574,10.764,32.49999999999999,23.8,1010.0,70.33333333333333,17.8,29.7,159.3309196185259
2023-06-08 08:00:00,20.85,1003.0,74.91291733495763,2.3040000000000003,7.452,337.0,24.133333333333336,1009.9333333333334,70.0,16.033333333333335,29.7,139.6669074498284
2023-06-08 08:30:00,20.85,1003.0,75.60280483345184,1.9260000000000002,5.724,4.0000000000000036,25.400000000000002,1010.0,66.0,17.033333333333335,26.7,142.33346500159422
2023-06-08 09:00:00,21.65,1002.8499999999999,73.97836293410163,3.096,9.036,9.999999999999986,26.633333333333336,1010.0,62.666666666666664,17.26666666666667,27.4,144.33332957252898
2023-06-08 09:30:00,22.75,1002.95,70.28865433584531,3.024,10.512,357.5,27.53333333333333,1009.9,60.666666666666664,13.866666666666667,27.4,127.05923297522989
2023-06-08 10:00:00,23.1,1002.85,69.19907651036948,2.9699999999999998,9.972,60.5,27.8,1009.6999999999999,57.0,14.866666666666665,26.6,125.6650057162162
2023-06-08 10:30:00,24.1,1002.6,66.3841907784641,2.88,10.404,125.5,28.599999999999998,1009.4,55.333333333333336,14.6,26.6,131.0093705300867
2023-06-08 11:00:00,25.75,1002.55,60.26278457398604,3.3840000000000003,9.36,69.0,28.733333333333334,1009.2333333333332,52.333333333333336,16.6,28.3,115.30988911523956
2023-06-08 11:30:00,26.5,1002.6500000000001,57.412651275587564,3.0060000000000002,8.676,15.499999999999996,28.900000000000002,1008.9333333333334,50.666666666666664,14.1,28.3,137.6689084421498
2023-06-08 12:00:00,26.65,1002.6500000000001,56.000038220818745,3.06,8.676,57.0,29.433333333333334,1008.8333333333334,47.666666666666664,15.700000000000001,28.3,143.32990211844762
2023-06-08 12:30:00,27.3,1002.3,54.11554903001277,2.5020000000000002,7.848000000000001,39.00000000000001,29.900000000000002,1008.5333333333333,46.333333333333336,16.066666666666666,30.9,148.6868306963793
2023-06-08 13:00:00,28.15,1001.95,50.1052700381707,3.096,9.648,101.99999999999999,29.599999999999998,1008.1999999999999,47.0,13.5,30.9,119.60016742382551
2023-06-08 13:30:00,28.75,1001.75,46.37618540674042,3.096,11.772,79.0,29.766666666666666,1008.1,46.333333333333336,14.800000000000002,30.3,152.55780830376642
2023-06-08 14:00:00,30.15,1001.45,41.99438678493421,3.294,11.484,38.50000000000001,29.2,1008.0,45.666666666666664,17.366666666666667,29.1,172.0
2023-06-08 14:30:00,29.85,1001.3499999999999,41.492512610045885,3.762,14.904,317.0,29.833333333333332,1007.6666666666666,44.666666666666664,16.26666666666667,29.1,159.99539886739728
2023-06-08 15:00:00,30.700000000000003,1001.0,39.56883040539603,3.186,10.548,309.5,29.766666666666666,1007.4666666666667,46.666666666666664,15.9,32.1,179.66996617033215
2023-06-08 15:30:00,30.15,1000.85,39.898203774217066,3.222,9.0,276.0,29.0,1007.3666666666667,48.666666666666664,13.066666666666668,32.1,178.7923119629163
2023-06-08 16:00:00,29.3,1000.8,39.6614978295793,3.708,10.98,331.5,28.099999999999998,1007.1666666666666,52.666666666666664,7.633333333333333,32.1,119.01434104521796
2023-06-08 16:30:00,28.95,1000.6500000000001,43.000321866853966,2.9880000000000004,8.82,304.0,26.366666666666664,1007.0666666666666,60.0,9.200000000000001,25.7,348.6661282155967
2023-06-08 17:00:00,29.0,1000.4,43.96995716326566,2.628,9.9,340.0,25.833333333333332,1007.0333333333333,61.333333333333336,13.6,18.0,334.6658226397521
2023-06-08 17:30:00,28.55,1000.3,46.12326075764006,2.862,12.168,308.0,25.333333333333332,1007.0666666666666,63.0,12.166666666666666,18.0,336.3329905781327
2023-06-08 18:00:00,29.0,1000.05,45.54125673665657,2.5020000000000002,9.288,318.5,25.03333333333333,1006.9666666666667,65.0,8.333333333333334,18.0,0.33346500159421527
2023-06-08 18:30:00,28.6,1000.0,45.70989246731243,2.718,9.504,355.5,24.766666666666666,1006.8666666666667,69.66666666666667,8.266666666666667,17.6,7.9918245933818355
2023-06-08 19:00:00,27.9,999.95,48.70709499443642,1.6019999999999999,6.156,269.0,24.400000000000002,1007.0333333333333,71.66666666666667,4.8999999999999995,14.5,28.0
2023-06-08 19:30:00,27.15,999.95,50.004338829229056,1.44,6.696000000000001,242.0,24.0,1007.4,72.33333333333333,5.833333333333333,14.5,28.33835425574985
2023-06-08 20:00:00,26.450000000000003,999.9,54.683717100083584,1.1520000000000001,4.14,249.5,23.26666666666667,1007.6999999999999,74.66666666666667,3.1999999999999997,8.0,32.0
2023-06-08 20:30:00,25.15,1000.0,62.37097314318535,1.1880000000000002,4.968,250.0,23.433333333333334,1007.9,75.0,6.3999999999999995,11.3,43.342683421934474
2023-06-08 21:00:00,24.6,1000.1,63.51995632642566,0.5760000000000001,3.096,10.99999999999999,22.96666666666667,1007.6333333333333,76.33333333333333,7.166666666666667,12.9,70.23642547492784
2023-06-08 21:30:00,23.9,1000.4,67.11664327475661,0.558,1.512,60.5,23.0,1007.6,76.0,5.3,12.9,59.66663657794042
2023-06-08 22:00:00,23.200000000000003,1000.7,71.30408688580174,0.666,1.368,58.00000000000001,22.03333333333333,1007.4666666666667,79.0,3.8000000000000003,12.9,51.32769203182397
2023-06-08 22:30:00,22.85,1000.9,74.05075111759005,1.224,2.952,84.99999999999999,21.633333333333336,1007.2333333333332,78.0,3.766666666666667,9.7,47.00000000000001
2023-06-08 23:00:00,22.55,1000.8499999999999,75.35014400006911,1.584,3.78,101.50000000000001,20.866666666666667,1007.0333333333333,79.0,1.9000000000000001,9.7,47.00000000000001
2023-06-08 23:30:00,22.1,1000.7,72.60281666769563,1.566,3.132,93.0,20.599999999999998,1006.6666666666666,79.33333333333333,3.3333333333333335,6.4,47.00000000000001
2023-06-09 00:00:00,21.5,1000.55,72.04331828350523,1.6560000000000001,2.7,94.0,20.766666666666666,1006.4666666666667,79.66666666666667,3.8000000000000003,8.0,93.33204180384405
2023-06-09 00:30:00,20.9,1000.3499999999999,72.90203720864395,1.566,2.952,89.0,20.099999999999998,1006.4333333333334,81.33333333333333,0.7333333333333334,8.0,91.0
2023-06-09 01:00:00,20.65,1000.25,73.10878631294014,1.71,3.096,89.5,19.766666666666666,1006.3333333333334,84.0,1.6666666666666667,9.7,84.69269978654464
2023-06-09 01:30:00,20.200000000000003,999.9,74.42832378069713,1.62,2.9160000000000004,88.49999999999999,20.0,1006.4333333333334,86.0,6.3999999999999995,25.7,154.5368004509451
2023-06-09 02:00:00,20.25,999.75,74.38955277855922,1.6920000000000002,2.9160000000000004,72.5,19.6,1006.3333333333334,88.0,7.533333333333334,25.7,252.6057661970779
2023-06-09 02:30:00,19.95,999.5,75.82402175007181,1.6920000000000002,3.384,72.5,19.266666666666666,1006.8666666666667,89.66666666666667,6.166666666666667,25.7,258.67043694469766
2023-06-09 03:00:00,19.85,999.5,75.92877549512292,1.584,2.988,63.50000000000001,19.066666666666666,1007.0333333333333,90.66666666666667,13.666666666666666,23.3,242.6558701729083
2023-06-09 03:30:00,19.6,999.4,77.24662606601629,1.638,3.276,56.5,17.76666666666667,1006.6999999999999,91.33333333333333,8.700000000000001,23.3,128.25747310909705
2023-06-09 04:00:00,19.65,999.2,77.59754637332108,1.8900000000000001,7.056,53.00000000000001,17.7,1006.1999999999999,92.0,9.0,22.5,98.91135722525868
2023-06-09 04:30:00,20.1,999.1500000000001,78.26648145262305,1.692,7.704000000000001,30.500000000000004,17.8,1006.1666666666666,92.0,7.1000000000000005,22.5,134.62736210844173
2023-06-09 05:00:00,20.299999999999997,999.55,79.30542633039691,2.2680000000000002,8.352,235.5,18.0,1005.9,92.66666666666667,8.133333333333335,13.8,73.64280415930486
2023-06-09 05:30:00,19.799999999999997,999.75,84.41352625754152,2.718,6.048,221.5,18.3,1005.8333333333334,93.0,8.433333333333332,23.5,85.65592238924657
2023-06-09 06:00:00,19.200000000000003,999.45,85.77418026731397,1.638,4.032000000000001,202.5,18.3,1005.9,93.0,9.233333333333333,23.5,113.93940604470208
2023-06-09 06:30:00,17.95,998.95,93.26832109533774,1.476,3.3480000000000003,62.49999999999999,19.766666666666666,1005.8666666666667,93.0,8.9,23.5,102.33261648812783
2023-06-09 07:00:00,17.8,999.1500000000001,95.40391409958436,1.53,3.3120000000000003,47.0,21.3,1006.0,91.66666666666667,14.366666666666667,25.1,127.33798115360679
2023-06-09 07:30:00,18.049999999999997,999.05,96.94973579229195,1.224,3.6,65.0,22.2,1006.1999999999999,89.66666666666667,16.333333333333332,25.9,137.6593983425343
2023-06-09 08:00:00,18.85,999.1,98.15928087930467,1.1880000000000002,2.556,77.5,22.133333333333336,1006.5,85.66666666666667,18.133333333333333,27.9,150.66890844214984
2023-06-09 08:30:00,19.1,998.9,98.72736965258903,1.4040000000000001,3.78,83.5,21.633333333333336,1007.0,83.0,15.4,27.9,169.33065772597098
2023-06-09 09:00:00,20.25,998.55,96.5082472570976,2.034,7.2,119.5,20.5,1007.6333333333333,84.33333333333333,16.666666666666668,37.8,212.72904031159058
2023-06-09 09:30:00,22.049999999999997,998.5,85.66500690346402,2.7720000000000002,13.068,90.5,18.400000000000002,1007.6666666666666,87.33333333333333,14.233333333333334,37.8,227.995106749009
2023-06-09 10:00:00,22.8,999.0999999999999,76.57140547914923,3.114,12.492,26.500000000000004,17.4,1007.9,89.33333333333333,16.533333333333335,37.8,201.02400310932657
2023-06-09 10:30:00,22.299999999999997,999.35,73.38111899578269,2.448,10.476,24.500000000000004,17.4,1008.0333333333333,90.66666666666667,11.566666666666668,25.2,177.66762222421085
2023-06-09 11:00:00,21.6,1000.0,76.09665325002794,1.854,6.912,274.5,17.666666666666668,1007.6,91.66666666666667,7.900000000000001,23.9,141.68567105310424
2023-06-09 11:30:00,20.35,1000.45,85.02386311597556,3.276,11.124,231.49999999999997,17.833333333333332,1006.9,92.33333333333333,9.633333333333333,19.2,88.30386836234072
2023-06-09 12:00:00,17.799999999999997,1000.8499999999999,92.47066463677511,3.798,9.936,214.50000000000003,18.0,1007.1666666666666,93.0,16.266666666666666,23.4,189.87393029311534
2023-06-09 12:30:00,17.299999999999997,1000.95,94.13648734547168,2.196,10.764,226.5,20.5,1007.1999999999999,92.66666666666667,11.6,24.8,142.321758137144
2023-06-09 13:00:00,17.05,1000.95,95.8918325070799,1.494,4.752000000000001,206.0,22.633333333333336,1007.5666666666666,90.33333333333333,11.166666666666666,24.8,125.67727280831186
2023-06-09 13:30:00,16.95,1000.45,97.45962088046859,1.548,3.996,3.499999999999999,21.933333333333334,1007.4333333333334,86.66666666666667,7.1000000000000005,20.9,120.66582263975214
2023-06-09 14:00:00,16.9,999.65,99.24779403743156,1.8719999999999999,5.6160000000000005,113.0,21.766666666666666,1007.3666666666667,83.33333333333333,6.1000000000000005,16.1,128.663911814407
2023-06-09 14:30:00,17.75,1000.1,99.65756198401517,2.466,7.164,288.5,21.433333333333334,1007.3000000000001,82.33333333333333,3.8000000000000003,14.5,158.34370430119088
2023-06-09 15:00:00,18.450000000000003,1000.05,99.48316999874986,2.1420000000000003,6.264,279.0,22.0,1007.5666666666666,81.66666666666667,4.566666666666667,11.3,144.37263789155827
2023-06-09 15:30:00,19.2,999.8499999999999,98.01488517239328,1.368,3.708,24.499999999999932,22.2,1007.8000000000001,81.0,7.0,13.0,152.97358724344113
2023-06-09 16:00:00,19.85,1000.0,95.65517944614027,1.332,3.852,40.0,22.933333333333334,1007.7333333333332,77.0,8.266666666666667,14.1,155.62077814432877
2023-06-09 16:30:00,19.8,1000.0,95.43239721985846,1.62,5.22,88.49999999999999,23.266666666666666,1007.7999999999998,75.33333333333333,6.733333333333333,14.3,152.34180202039974
2023-06-09 17:00:00,19.95,999.95,95.08832460225216,1.602,5.5440000000000005,119.99999999999999,23.366666666666664,1008.0,72.66666666666667,5.6000000000000005,12.9,148.33282069289996
2023-06-09 17:30:00,20.4,1000.5,91.96394153775793,1.656,8.064000000000002,146.0,23.433333333333334,1007.9666666666667,73.0,7.766666666666666,13.1,130.66653499840578
2023-06-09 18:00:00,21.15,1000.3,87.65618299284321,1.584,5.832000000000001,99.0,23.233333333333334,1008.1333333333333,73.33333333333333,7.066666666666666,13.8,156.0146843607048
2023-06-09 18:30:00,22.0,1000.4,80.68899117597493,1.692,6.732,190.49999999999997,22.766666666666666,1008.2333333333332,75.66666666666667,5.366666666666667,12.9,169.33332957252898
2023-06-09 19:00:00,22.65,1000.7,74.21978595768545,1.728,6.012,12.000000000000002,21.766666666666666,1008.5,79.66666666666667,2.8666666666666667,12.9,149.0
2023-06-09 19:30:00,22.5,1000.7,74.13200931015044,1.584,4.5360000000000005,97.5,20.766666666666666,1008.6666666666666,84.66666666666667,2.2333333333333334,8.0,149.0
2023-06-09 20:00:00,22.3,1000.8,76.15133484367962,1.746,5.328,79.5,19.633333333333333,1008.9,87.0,1.4666666666666668,4.8,149.0
2023-06-09 20:30:00,22.0,1001.05,81.70584578673446,1.314,4.356,53.50000000000001,19.333333333333332,1009.4333333333334,89.33333333333333,3.9666666666666663,6.4,149.0
2023-06-09 21:00:00,21.549999999999997,1001.1500000000001,85.77195003275739,1.404,4.284,59.99999999999999,18.2,1009.7999999999998,90.66666666666667,2.5,6.4,149.0
2023-06-09 21:30:00,20.3,1001.5,89.92109988823708,1.1880000000000002,2.52,70.5,17.766666666666666,1009.7999999999998,91.66666666666667,1.8666666666666665,6.4,149.0
2023-06-09 22:00:00,19.450000000000003,1001.8,92.5524003598691,1.62,2.988,87.5,18.133333333333333,1009.7999999999998,92.66666666666667,4.066666666666666,8.0,91.36354129226751
2023-06-09 22:30:00,18.95,1002.15,94.24540292828698,1.494,3.06,90.0,17.866666666666664,1009.9,93.0,1.2333333333333334,8.0,51.0
2023-06-09 23:00:00,18.8,1002.5,94.71805311284857,1.314,3.132,84.99999999999999,18.133333333333336,1009.9,93.0,0.5333333333333333,8.0,51.0
2023-06-09 23:30:00,18.65,1002.55,95.4475074459705,1.35,3.456,76.5,17.833333333333332,1009.9666666666667,93.0,2.6999999999999997,4.8,51.0
2023-06-10 00:00:00,18.65,1002.5,95.95989698366337,1.548,4.248,68.5,17.5,1009.8333333333334,93.66666666666667,3.1333333333333333,4.8,51.0
2023-06-10 00:30:00,18.75,1002.45,96.30750311404634,1.368,4.428,72.0,16.5,1009.9,94.0,4.2,9.7,58.84772983866522
2023-06-10 01:00:00,18.85,1002.5,96.94890799215833,1.35,4.968,84.0,17.3,1009.8666666666667,94.0,6.0,9.7,221.33332957252895
2023-06-10 01:30:00,18.8,1002.45,96.8838271319699,1.098,4.356,338.0,17.3,1009.7999999999998,94.0,6.266666666666667,11.5,215.33455141203405
2023-06-10 02:00:00,18.95,1002.55,96.52951605361767,1.3860000000000001,3.816,224.49999999999997,17.333333333333332,1009.8666666666667,94.0,5.833333333333333,12.9,212.07541587882994
2023-06-10 02:30:00,18.5,1002.5,97.87168384297021,1.206,3.456,241.5,17.433333333333334,1010.0666666666666,94.33333333333333,3.5,12.9,220.99999999999997
2023-06-10 03:00:00,18.2,1002.5,97.5796327282693,1.494,3.06,213.49999999999997,17.900000000000002,1010.2666666666668,95.0,3.8000000000000003,11.3,244.8871804480691
2023-06-10 03:30:00,18.0,1002.6,98.47435235514335,0.5760000000000001,2.3760000000000003,137.5,18.566666666666666,1010.3333333333334,95.0,5.333333333333333,11.3,304.0
2023-06-10 04:00:00,18.1,1002.45,98.43511902979255,0.8280000000000001,2.664,204.0,18.5,1010.7000000000002,95.0,4.833333333333333,11.3,308.3250354680677
2023-06-10 04:30:00,18.45,1002.6500000000001,98.27342948868389,1.044,3.276,151.0,18.433333333333334,1010.8333333333334,95.0,5.8999999999999995,11.3,318.9991869439128
2023-06-10 05:00:00,18.5,1002.8,99.37658724873728,0.8280000000000001,2.3400000000000003,192.5,18.533333333333335,1011.1,95.0,8.633333333333333,14.7,348.3334650015942
2023-06-10 05:30:00,18.15,1002.9,99.9217604159288,0.8820000000000001,1.692,151.99999999999997,18.333333333333332,1011.3666666666667,95.0,8.866666666666667,14.7,5.336740228818568
2023-06-10 06:00:00,17.9,1003.05,99.5832753662513,0.7020000000000001,1.62,88.5,18.433333333333334,1011.6999999999999,95.0,5.8,14.5,329.30748693946566
2023-06-10 06:30:00,18.1,1003.25,98.9392214372437,0.666,2.484,358.5,18.966666666666665,1012.0666666666666,95.0,4.8,14.5,347.66795819615595
2023-06-10 07:00:00,18.15,1003.45,99.90199607052702,0.702,2.0160000000000005,266.5,20.333333333333332,1012.3666666666667,94.66666666666667,7.7,12.9,349.66667042747105
2023-06-10 07:30:00,18.200000000000003,1003.8,99.90364435039373,0.6660000000000001,1.476,299.5,20.966666666666665,1012.6666666666666,93.33333333333333,11.066666666666668,18.4,330.9172282278834
2023-06-10 08:00:00,18.55,1003.95,100.0,1.1880000000000002,3.996,148.5,22.03333333333333,1012.8333333333334,91.0,12.833333333333334,21.8,325.00152669071974
2023-06-10 08:30:00,18.9,1004.1500000000001,99.8513625346571,1.584,4.104,225.5,21.8,1013.0,88.33333333333333,16.133333333333333,22.9,316.66795819615595
2023-06-10 09:00:00,19.450000000000003,1004.3499999999999,99.86835252559224,1.4220000000000002,3.852,185.5,22.133333333333336,1013.0,85.66666666666667,13.066666666666668,24.7,323.00826430746326
2023-06-10 09:30:00,20.200000000000003,1004.75,97.97942955152578,1.476,3.42,240.5,23.2,1013.0666666666666,80.66666666666667,11.233333333333334,24.7,324.98033686877585
2023-06-10 10:00:00,21.0,1004.8499999999999,96.15743326087053,1.6560000000000001,3.996,244.0,23.833333333333332,1013.1,74.66666666666667,11.733333333333334,20.2,326.98986819398806
2023-06-10 10:30:00,22.4,1004.9,89.50417440185726,1.764,5.184,246.0,24.53333333333333,1013.1,70.0,13.466666666666667,27.5,310.66670428043915
2023-06-10 11:00:00,22.8,1005.1,84.80268306444975,1.638,5.4,221.5,24.233333333333334,1013.0,70.33333333333333,17.633333333333333,28.9,289.64406399967595
2023-06-10 11:30:00,23.55,1005.05,78.26687086068284,1.9980000000000002,6.66,196.5,24.666666666666668,1013.1,68.0,17.3,29.4,299.3513561918281
2023-06-10 12:00:00,24.3,1005.05,75.19332904650454,2.106,5.832000000000001,261.5,25.066666666666666,1013.0666666666666,66.33333333333333,15.299999999999999,29.4,313.3575893831653
2023-06-10 12:30:00,25.15,1005.0,71.01407764600158,2.322,7.02,236.49999999999997,25.333333333333332,1013.1,65.33333333333333,16.833333333333332,28.0,304.3338717844033
2023-06-10 13:00:00,25.75,1005.0,67.32726406447267,2.376,4.644,235.99999999999997,25.53333333333333,1013.0333333333333,63.333333333333336,16.7,28.0,302.32847239257757
2023-06-10 13:30:00,26.299999999999997,1004.95,63.77814209677856,2.574,5.904,242.5,26.066666666666666,1013.0333333333333,63.0,18.5,33.7,296.32032086861363
2023-06-10 14:00:00,26.35,1005.1,61.167116266440175,2.484,5.867999999999999,252.0,26.233333333333334,1013.1,60.333333333333336,19.8,33.7,301.6832565598084
2023-06-10 14:30:00,26.2,1005.1,61.85712597624614,2.664,6.444,250.5,26.03333333333333,1013.2000000000002,59.333333333333336,23.46666666666667,34.1,300.6661282155967
2023-06-10 15:00:00,26.5,1005.1,61.21843206560674,2.466,5.832000000000001,253.5,25.46666666666667,1013.2333333333332,60.666666666666664,25.099999999999998,41.7,299.66663657794044
2023-06-10 15:30:00,26.55,1005.1500000000001,60.003040336237305,2.8440000000000003,5.976,243.99999999999994,25.0,1013.3333333333334,58.666666666666664,27.733333333333334,41.7,300.667246271919
2023-06-10 16:00:00,27.05,1005.2,58.75592485192042,2.6100000000000003,6.984,246.5,24.833333333333332,1013.2000000000002,59.0,27.566666666666666,41.7,301.6665349984058
2023-06-10 16:30:00,27.15,1005.3,59.05112746187467,2.8440000000000003,6.6240000000000006,247.0,24.766666666666666,1013.3333333333334,60.0,26.566666666666666,41.2,304.6667720173256
2023-06-10 17:00:00,26.65,1005.3,59.17896200883396,3.1320000000000006,7.524,252.5,24.266666666666666,1013.3333333333334,61.333333333333336,25.666666666666668,39.1,305.33329571956085
2023-06-10 17:30:00,26.1,1005.45,59.217258663292036,3.294,8.208,250.5,23.5,1013.6666666666666,64.66666666666667,25.099999999999998,39.1,303.9998984376572
2023-06-10 18:00:00,25.4,1005.5,59.52495429240521,3.33,6.156,253.0,22.400000000000002,1014.0,70.0,23.566666666666666,37.4,306.0
2023-06-10 18:30:00,24.9,1005.55,60.892019184673174,3.474,6.66,252.5,21.666666666666668,1014.1333333333333,73.33333333333333,21.633333333333336,35.8,305.33332957252895
2023-06-10 19:00:00,24.549999999999997,1005.75,62.34235820150802,3.42,7.272,252.0,20.633333333333336,1014.4,78.33333333333333,19.066666666666666,32.5,308.33309255017156
2023-06-10 19:30:00,24.4,1005.9,62.46234411964259,3.096,9.648,254.0,19.833333333333332,1014.5,83.0,15.533333333333333,31.2,310.666670427471
2023-06-10 20:00:00,23.45,1006.3,65.62147498262206,3.24,6.516,254.0,19.333333333333332,1014.8333333333334,85.33333333333333,14.133333333333333,27.7,316.3332957195608
2023-06-10 20:30:00,22.45,1006.55,68.48285718277548,2.952,6.516,258.0,18.966666666666665,1015.1999999999999,86.66666666666667,13.433333333333332,23.2,318.9996952201138
2023-06-10 21:00:00,21.55,1006.8499999999999,73.72291759258793,2.6100000000000003,4.896000000000001,256.5,19.2,1015.3666666666667,88.0,12.066666666666668,21.4,324.33282069289993
2023-06-10 21:30:00,20.65,1007.1500000000001,79.1825844737519,2.3040000000000003,3.888,261.5,18.9,1015.4333333333334,88.66666666666667,11.633333333333333,18.2,331.0024421460581
2023-06-10 22:00:00,19.7,1007.4,84.88144526238136,1.98,3.924,254.5,18.133333333333336,1015.5666666666666,89.0,9.466666666666667,16.9,333.3343121860284
2023-06-10 22:30:00,18.950000000000003,1007.75,89.06714281426852,1.6019999999999999,2.8440000000000003,257.0,17.233333333333334,1015.7333333333332,90.33333333333333,5.966666666666666,17.7,330.0
2023-06-10 23:00:00,18.45,1008.0,91.06892201562923,1.26,2.196,262.0,16.900000000000002,1015.6999999999999,91.0,6.233333333333333,12.9,330.0
2023-06-10 23:30:00,18.1,1008.1,92.17557426713273,1.4940000000000002,2.628,268.5,16.26666666666667,1015.6666666666666,92.0,6.333333333333333,9.7,325.0127652743675
2023-06-11 00:00:00,17.8,1008.2,92.80719295443734,0.8280000000000001,2.0160000000000005,258.0,15.833333333333334,1015.7666666666668,92.33333333333333,5.066666666666666,9.7,311.99999999999994
2023-06-11 00:30:00,17.35,1008.25,93.4311711246072,0.792,1.8,289.5,15.433333333333332,1015.6666666666666,93.0,8.0,11.9,315.33227894316343
2023-06-11 01:00:00,16.950000000000003,1008.3,94.90034609030246,0.6120000000000001,2.3760000000000003,286.0,15.733333333333334,1015.6,93.0,10.133333333333333,12.4,329.6665349984058
2023-06-11 01:30:00,16.65,1008.2,96.00774774533708,0.5940000000000001,1.4400000000000002,298.5,15.766666666666666,1015.4666666666667,93.0,5.8999999999999995,12.9,321.0
2023-06-11 02:00:00,16.45,1008.1500000000001,96.64901953827581,0.6660000000000001,1.404,279.0,15.466666666666667,1015.4333333333334,94.0,7.633333333333333,12.9,329.3380551892927
2023-06-11 02:30:00,16.2,1008.2,97.304305286734,0.8999999999999999,1.728,281.0,15.700000000000001,1015.5666666666666,94.0,7.333333333333333,12.3,332.5002628895692
2023-06-11 03:00:00,16.05,1008.05,97.33482017707047,0.774,1.728,290.5,16.066666666666666,1015.5666666666666,94.0,10.366666666666667,12.6,342.00356445429645
2023-06-11 03:30:00,15.95,1007.95,97.38052438012829,1.116,2.16,274.5,16.599999999999998,1015.6,94.0,9.133333333333333,12.6,351.33282069289993
2023-06-11 04:00:00,15.7,1007.8,98.35983251462638,0.5940000000000001,1.8,265.5,16.9,1015.5,94.0,10.200000000000001,13.7,351.6665349984058
2023-06-11 04:30:00,15.5,1007.8499999999999,98.18157400711382,0.5760000000000001,2.988,297.0,16.900000000000002,1015.4666666666667,94.0,8.433333333333334,13.7,353.332753728081
2023-06-11 05:00:00,15.3,1008.05,98.93193428500224,0.4860000000000001,1.2240000000000002,315.0,17.166666666666668,1015.6,94.0,9.266666666666667,13.8,358.6669074498284
2023-06-11 05:30:00,15.4,1008.0,97.8133134041274,0.756,1.512,270.5,17.3,1015.8666666666667,94.0,10.233333333333333,18.8,358.3338037204484
2023-06-11 06:00:00,15.4,1007.9,98.38481976348544,0.468,1.548,278.0,17.366666666666664,1016.0,94.0,13.0,19.9,0.0001015623428222929
2023-06-11 06:30:00,15.5,1007.9,99.3166584134704,0.558,1.944,273.0,17.366666666666667,1016.1333333333333,94.0,14.233333333333334,23.0,8.024003109326573
2023-06-11 07:00:00,16.05,1007.9,99.43331035958329,0.9359999999999999,3.42,296.0,17.3,1016.3333333333334,94.0,11.299999999999999,23.0,28.00826430746326
2023-06-11 07:30:00,16.3,1008.05,99.93464390847987,1.6019999999999999,5.4,241.49999999999997,17.5,1016.5333333333333,93.33333333333333,7.2,19.0,47.0157485110373
2023-06-11 08:00:00,16.5,1008.2,99.86363915414371,1.692,5.6160000000000005,242.5,18.266666666666666,1016.5666666666666,93.33333333333333,5.066666666666666,16.1,60.28894499991722
2023-06-11 08:30:00,16.75,1008.45,99.90797714325828,1.512,7.524,212.99999999999997,19.233333333333334,1016.3333333333334,92.0,3.0666666666666664,14.5,54.23421402316538
2023-06-11 09:00:00,16.9,1008.55,100.0,1.548,5.436,215.0,20.8,1016.2333333333332,88.66666666666667,3.6999999999999997,11.3,342.77024912263397
2023-06-11 09:30:00,17.25,1008.75,99.73842196818546,1.494,4.680000000000001,206.0,22.03333333333333,1016.1,82.0,5.733333333333333,12.9,356.2570030929533
2023-06-11 10:00:00,17.45,1008.8499999999999,99.63985554573028,1.854,7.308,134.5,23.066666666666666,1016.0,74.66666666666667,5.8999999999999995,14.5,15.976249890368374
2023-06-11 10:30:00,17.9,1008.7,98.68073295122619,1.4040000000000001,4.896000000000001,180.0,24.233333333333334,1015.7999999999998,68.66666666666667,8.933333333333334,16.1,22.010726114063306
2023-06-11 11:00:00,18.5,1008.55,97.14723395376404,2.034,5.904,139.0,24.633333333333336,1015.7999999999998,65.0,8.299999999999999,22.5,17.395234036503506
2023-06-11 11:30:00,20.25,1008.25,90.53423809486233,2.718,8.748000000000001,153.50000000000003,25.133333333333336,1015.7333333333332,63.0,7.033333333333334,22.5,1.874902426430345
2023-06-11 12:00:00,22.15,1007.95,82.12733420115015,3.0600000000000005,10.44,123.5,25.366666666666664,1015.5,61.666666666666664,8.533333333333333,22.1,356.66194481070727
2023-06-11 12:30:00,23.2,1007.95,76.04788973079161,2.9699999999999998,8.748000000000001,100.5,25.599999999999998,1015.3333333333334,59.333333333333336,5.266666666666667,16.1,333.52227528147694
2023-06-11 13:00:00,24.5,1007.8499999999999,69.46914249762389,2.3040000000000003,6.228,146.5,26.633333333333336,1015.0333333333333,58.0,8.533333333333333,21.5,342.03961791197645
2023-06-11 13:30:00,25.4,1007.95,64.72801778884043,2.4480000000000004,7.38,168.5,26.899999999999995,1014.9,58.333333333333336,11.966666666666667,25.4,345.606700332961
2023-06-11 14:00:00,25.6,1007.85,61.52827957518794,2.1959999999999997,8.208,188.99999999999997,27.133333333333336,1014.6333333333333,58.0,14.733333333333334,26.6,332.6554199928385
2023-06-11 14:30:00,26.45,1007.7,55.36780565344172,2.6820000000000004,8.352,123.00000000000001,27.03333333333333,1014.3666666666667,58.0,19.8,32.3,320.99173569253674
2023-06-11 15:00:00,27.65,1007.4,50.06172557084619,2.2680000000000002,10.62,266.0,26.5,1014.2000000000002,58.666666666666664,21.400000000000002,32.3,315.6669074498284
2023-06-11 15:30:00,27.7,1007.3499999999999,49.044254838516224,2.466,9.576,217.0,26.2,1014.2000000000002,58.0,22.633333333333336,32.3,312.3336344040273
2023-06-11 16:00:00,28.75,1007.0,46.0506067100588,2.8260000000000005,10.08,174.00000000000003,26.099999999999998,1014.1333333333333,56.0,22.5,33.0,313.0
2023-06-11 16:30:00,28.9,1006.7,46.36862226216124,2.394,8.064000000000002,227.99999999999997,25.766666666666666,1013.8333333333334,56.666666666666664,24.266666666666666,33.6,314.666670427471
2023-06-11 17:00:00,29.299999999999997,1006.4,46.10168707077673,2.5380000000000003,15.732,254.5,25.433333333333334,1013.5666666666666,58.0,20.466666666666665,33.6,312.66636559597265
2023-06-11 17:30:00,27.1,1006.6500000000001,55.372328131665384,2.322,12.528,246.5,24.96666666666667,1013.6666666666666,59.0,19.900000000000002,33.6,308.9964355457035
2023-06-11 18:00:00,26.65,1006.5,57.240134435651925,2.394,11.52,240.0,24.633333333333336,1013.7000000000002,60.0,18.233333333333334,28.9,312.3299021184476
2023-06-11 18:30:00,26.75,1006.3,55.32697246357179,2.718,7.812,248.0,24.166666666666668,1013.9,63.0,16.266666666666666,27.6,317.9996952201138
2023-06-11 19:00:00,26.299999999999997,1006.25,53.37422350792143,2.5020000000000002,7.452,252.5,23.2,1014.1999999999999,67.0,13.0,25.9,326.6668737000967
2023-06-11 19:30:00,25.75,1006.2,55.09549320978667,1.98,6.084,259.5,21.633333333333336,1014.4666666666667,72.0,11.066666666666668,21.7,328.0001015623428
2023-06-11 20:00:00,24.950000000000003,1006.3499999999999,58.02458930284772,2.1420000000000003,6.588,253.0,20.366666666666664,1014.5666666666666,77.66666666666667,10.733333333333334,17.7,337.6669074498284
2023-06-11 20:30:00,24.4,1006.5,59.90882714768789,1.764,4.572,259.5,20.7,1014.7333333333332,74.33333333333333,13.466666666666667,17.4,341.6663655959727
2023-06-11 21:00:00,23.55,1006.8499999999999,60.965443243707455,1.044,3.276,337.0,20.066666666666666,1014.9666666666667,71.33333333333333,10.966666666666667,17.4,3.3330925501716018
2023-06-11 21:30:00,22.65,1007.1,63.2465914891847,0.8280000000000001,2.628,42.00000000000001,19.0,1015.1,74.33333333333333,12.033333333333333,17.4,7.333329572528981
2023-06-11 22:00:00,21.85,1007.4,66.51502818284592,1.278,3.636,129.49999999999997,18.599999999999998,1015.1333333333333,76.66666666666667,12.133333333333333,16.7,359.99725279528496
2023-06-11 22:30:00,20.85,1007.6,68.7222329944402,1.026,3.42,4.499999999999988,18.7,1014.9,75.66666666666667,13.333333333333334,18.9,357.3379811536068
2023-06-11 23:00:00,19.6,1007.8,74.92959206521505,0.7020000000000001,1.728,12.499999999999996,18.733333333333334,1014.9666666666667,73.33333333333333,15.0,19.2,346.6661282155967
2023-06-11 23:30:00,19.15,1007.6500000000001,77.18522945290889,0.774,1.836,282.5,18.2,1014.8333333333334,75.0,15.1,21.9,350.33332957252895
2023-06-12 00:00:00,18.65,1007.7,79.80063087260245,0.936,4.068,330.0,17.8,1014.6666666666666,77.33333333333333,14.033333333333333,21.9,351.33312629990326
2023-06-12 00:30:00,18.049999999999997,1007.5,81.8878047525883,0.5940000000000001,1.8,21.5,17.099999999999998,1014.4333333333334,80.0,11.200000000000001,21.9,2.6666704274710202
2023-06-12 01:00:00,17.75,1007.5,80.51945980299243,0.6300000000000001,2.736,310.0,16.7,1014.4333333333334,82.66666666666667,12.200000000000001,19.2,356.3338037204484
2023-06-12 01:30:00,17.25,1007.5,81.45449518478742,0.486,1.332,359.0,16.166666666666668,1014.4,84.66666666666667,9.566666666666668,17.6,6.332753728081002
2023-06-12 02:00:00,16.9,1007.3,82.5762186172987,0.756,1.908,348.0,15.733333333333334,1014.2333333333332,86.33333333333333,9.4,16.2,8.333295719560827
2023-06-12 02:30:00,16.65,1007.05,82.73714632656883,0.792,1.98,309.0,15.533333333333333,1014.1666666666666,87.66666666666667,9.700000000000001,14.3,14.000609838543891
2023-06-12 03:00:00,16.15,1007.05,85.00880584161389,0.81,3.852,28.0,15.066666666666668,1014.1,88.66666666666667,6.166666666666667,14.5,23.00611516180987
2023-06-12 03:30:00,15.55,1007.0,87.90915540334477,0.684,2.772,22.500000000000004,15.133333333333333,1014.0666666666666,89.66666666666667,8.133333333333333,14.3,18.999999999999996
2023-06-12 04:00:00,15.0,1006.9,90.56966051123379,0.5760000000000001,1.476,3.99999999999999,15.166666666666666,1014.1666666666666,90.0,9.733333333333334,12.0,21.333465001594213
2023-06-12 04:30:00,14.649999999999999,1006.6500000000001,92.66512151770581,0.702,1.548,18.0,15.4,1014.1666666666666,90.0,8.4,12.9,20.00010156234282
2023-06-12 05:00:00,14.6,1006.6500000000001,93.20531559726095,1.0080000000000002,1.872,48.0,15.733333333333334,1014.1666666666666,90.0,7.233333333333333,12.9,34.66194481070729
2023-06-12 05:30:00,14.350000000000001,1006.6,95.03048856966936,0.81,1.476,41.5,16.599999999999998,1014.1,90.0,7.466666666666666,12.9,35.332616488127826
2023-06-12 06:00:00,14.3,1006.55,95.52182747303979,0.882,1.62,47.5,17.7,1014.2333333333332,88.66666666666667,7.966666666666666,13.9,33.31674344019159
2023-06-12 06:30:00,14.2,1006.55,96.85259206453372,0.702,1.332,31.5,18.966666666666665,1014.1666666666666,84.66666666666667,10.433333333333334,18.2,58.334990864019176
2023-06-12 07:00:00,14.55,1006.6500000000001,97.36869252766556,0.648,1.332,41.50000000000001,20.633333333333336,1014.0333333333333,79.33333333333333,12.333333333333334,21.5,76.0157485110373
2023-06-12 07:30:00,14.95,1006.5,97.3578528219549,0.5760000000000001,1.152,63.0,21.866666666666664,1013.8333333333334,73.66666666666667,11.1,21.5,92.67708478665435
2023-06-12 08:00:00,16.35,1006.5,95.31537766484203,1.4220000000000002,4.176,107.0,23.166666666666668,1013.9,70.0,8.533333333333333,21.5,96.6562956988091
2023-06-12 08:30:00,18.05,1006.55,91.05502909427568,2.052,6.5520000000000005,127.50000000000001,24.333333333333332,1013.8666666666667,65.66666666666667,7.133333333333333,17.7,115.0006098385439
2023-06-12 09:00:00,19.7,1006.2,86.3353661018246,2.466,8.892000000000001,112.5,24.9,1013.8,65.0,6.1,17.7,139.0
2023-06-12 09:30:00,21.75,1005.95,77.11128515047437,2.556,9.0,102.0,,,,,,
2023-06-12 10:00:00,23.2,1005.8499999999999,69.99961809186692,2.3760000000000003,7.344,82.0,,,,,,
2023-06-12 10:30:00,24.6,1005.8499999999999,63.42379800109938,2.3760000000000003,6.228,36.00000000000001,,,,,,
2023-06-12 11:00:00,25.549999999999997,1005.8499999999999,58.77986165636334,2.6100000000000003,10.368,145.5,,,,,,
2023-06-12 11:30:00,26.6,1005.8,54.56072355169289,2.3760000000000003,6.156,100.5,26.7,1012.7,57.0,9.1,30.0,328.0
2023-06-12 12:00:00,27.1,1006.0,51.804945592849364,2.196,6.696000000000001,87.5,28.400000000000002,1012.5333333333333,55.333333333333336,17.766666666666666,30.0,321.99081884038884
2023-06-12 12:30:00,26.2,1006.1,53.41939063633042,1.4220000000000002,3.384,242.5,27.2,1012.4,55.0,18.5,30.0,317.0
2023-06-12 13:00:00,27.1,1005.7,52.9232727800554,1.476,4.86,274.0,26.0,1012.1999999999999,57.666666666666664,20.333333333333332,28.9,307.3441298270917
2023-06-12 13:30:00,28.1,1005.3,49.25530090725275,2.088,5.472,226.0,24.633333333333336,1012.5,59.666666666666664,21.233333333333334,31.9,299.00101701768256
2023-06-12 14:00:00,27.65,1005.05,48.04345438460173,2.16,7.056,205.5,23.666666666666668,1012.3333333333334,64.66666666666667,16.5,32.2,277.65832230750493
2023-06-12 14:30:00,26.950000000000003,1004.95,49.592289841144016,1.9260000000000002,6.372,165.00000000000003,22.866666666666664,1012.6,71.0,13.200000000000001,32.2,235.92538565770224
2023-06-12 15:00:00,26.55,1004.7,51.233101204279336,1.728,5.364,208.49999999999997,21.233333333333334,1012.7000000000002,76.33333333333333,19.133333333333336,32.2,210.25294697573352
2023-06-12 15:30:00,25.95,1004.6500000000001,50.44907215697856,1.44,4.392,209.0,19.933333333333334,1012.5333333333333,83.33333333333333,15.533333333333333,32.2,211.336088185593
2023-06-12 16:00:00,21.45,1005.55,77.14809922817926,3.69,11.088,198.0,19.733333333333334,1012.2333333333332,87.66666666666667,8.866666666666667,32.2,232.0165971337593
2023-06-12 16:30:00,17.1,1005.4,96.26228914042802,4.356,10.08,229.0,19.666666666666668,1012.3666666666667,89.0,8.266666666666666,22.0,156.7263485508531
2023-06-12 17:00:00,17.65,1005.3499999999999,97.18051710477297,3.564,9.9,225.0,19.233333333333334,1012.1,89.66666666666667,7.900000000000001,22.5,155.63695417221584
2023-06-12 17:30:00,17.6,1005.5,99.17290282845156,1.62,3.708,233.0,19.433333333333334,1011.6333333333333,90.0,5.166666666666667,22.5,198.50293226279794
2023-06-12 18:00:00,17.85,1005.95,99.11430559193374,1.3860000000000001,6.696000000000001,309.0,19.400000000000002,1011.8333333333334,91.0,6.6000000000000005,17.6,196.69192755681559
2023-06-12 18:30:00,17.85,1005.4000000000001,99.62808651878962,1.332,4.14,203.99999999999997,19.233333333333334,1011.9333333333334,91.0,7.166666666666667,17.7,177.0093705300867
2023-06-12 19:00:00,17.65,1004.5,99.91665203439905,1.368,3.024,235.5,19.2,1011.7000000000002,91.0,5.566666666666666,17.7,182.99999999999997
2023-06-12 19:30:00,17.8,1004.7,99.79509451198487,2.826,14.904,239.0,19.066666666666666,1011.7666666666668,91.0,4.366666666666666,11.3,160.10011020999036
2023-06-12 20:00:00,17.75,1004.8,99.22373225964012,1.854,6.156,345.0,18.866666666666664,1011.9,91.0,8.566666666666666,12.9,34.695045085904106
2023-06-12 20:30:00,17.1,1004.7,100.0,1.4040000000000001,3.564,72.00000000000001,18.733333333333334,1011.7666666666668,91.0,6.6000000000000005,13.1,346.3250354680677
2023-06-12 21:00:00,17.2,1004.4,99.2649067992381,1.5299999999999998,4.680000000000001,87.5,18.533333333333335,1011.3333333333334,91.66666666666667,2.966666666666667,12.9,342.0
2023-06-12 21:30:00,17.35,1004.3499999999999,99.16002238882422,1.4220000000000002,5.508,314.5,18.433333333333334,1011.1333333333333,92.0,4.833333333333333,12.9,342.0
2023-06-12 22:00:00,17.4,1004.1500000000001,99.45168540224438,0.918,2.088,255.5,18.433333333333334,1011.0666666666666,92.0,5.533333333333334,9.7,282.25312238752156
2023-06-12 22:30:00,17.45,1004.3,99.74017293961302,0.918,2.0160000000000005,238.0,18.5,1011.1,92.0,5.2,11.3,200.61103961943704
2023-06-12 23:00:00,17.4,1004.0,99.82906341414258,0.8460000000000001,2.3040000000000003,248.0,18.566666666666666,1010.9333333333334,92.0,4.233333333333333,11.3,259.3329905781327
2023-06-12 23:30:00,17.4,1003.75,99.7284292776364,0.684,1.332,242.0,18.533333333333335,1010.6666666666666,92.66666666666667,3.6333333333333333,9.7,254.6661962795516
2023-06-13 00:00:00,17.45,1003.7,99.7646979884926,1.1520000000000001,5.184,178.0,18.5,1010.5333333333333,93.0,6.3,12.0,1.5742927398008286
2023-06-13 00:30:00,17.4,1003.6,99.88937317294474,1.404,2.3760000000000003,250.0,18.4,1010.5666666666666,93.0,3.6999999999999997,12.9,219.37077827064635
2023-06-13 01:00:00,17.299999999999997,1003.6,99.93969024119784,1.008,1.98,275.0,18.566666666666666,1010.5,93.0,3.6333333333333333,12.9,278.1731933288942
2023-06-13 01:30:00,17.25,1003.3499999999999,99.77525539981592,0.792,2.052,317.0,18.400000000000002,1010.5666666666666,93.0,5.033333333333333,12.9,235.68469523626135
2023-06-13 02:00:00,17.2,1003.3499999999999,100.0,0.8280000000000001,2.16,93.0,18.233333333333334,1010.1,93.0,9.266666666666666,14.0,266.0081754066182
2023-06-13 02:30:00,17.15,1003.1500000000001,99.73277344994628,0.792,1.764,188.0,18.2,1009.8333333333334,93.0,12.299999999999999,16.1,287.3227271916881
2023-06-13 03:00:00,17.15,1002.9,99.80969482027771,0.9000000000000001,1.872,282.5,17.96666666666667,1009.6333333333333,93.33333333333333,7.266666666666667,16.1,311.9998984376572
2023-06-13 03:30:00,17.25,1002.8,99.9636761379122,1.332,2.8800000000000003,248.0,17.766666666666666,1009.5333333333333,93.33333333333333,10.799999999999999,15.2,317.33227894316343
2023-06-13 04:00:00,17.4,1002.55,99.93969024119784,2.07,3.384,241.5,17.8,1009.4,93.33333333333333,10.166666666666666,13.8,333.0024421460581
2023-06-13 04:30:00,17.4,1002.4,99.93969024119784,1.71,2.7,249.5,18.3,1009.3333333333334,93.0,11.766666666666666,17.3,338.3310915578502
2023-06-13 05:00:00,17.4,1002.1500000000001,99.88937317294474,1.818,3.024,258.5,18.533333333333335,1009.5666666666666,93.0,10.5,17.3,359.35398418937433
2023-06-13 05:30:00,17.25,1002.0,100.0,1.116,2.16,255.0,18.633333333333336,1009.7333333333332,93.0,9.966666666666667,17.0,15.663515435769897
2023-06-13 06:00:00,17.2,1001.8499999999999,99.8763949314716,1.0619999999999998,2.988,259.5,18.833333333333332,1009.9333333333334,92.0,8.433333333333334,14.5,28.333363422059588
2023-06-13 06:30:00,17.2,1001.8,99.9381974657358,1.17,3.672,252.5,19.333333333333332,1009.7999999999998,91.66666666666667,8.033333333333333,15.1,24.66653499840579
2023-06-13 07:00:00,17.25,1002.05,99.91615777770713,1.35,4.356,251.5,20.333333333333332,1009.8000000000001,89.0,8.533333333333333,15.1,27.002442146058144
2023-06-13 07:30:00,17.45,1002.2,99.9503253039923,1.242,3.672,260.0,20.866666666666667,1009.9,85.0,5.8,12.9,46.06143929874169
2023-06-13 08:00:00,17.65,1002.3499999999999,99.70262744086523,1.44,3.744,234.5,20.666666666666668,1010.1666666666666,83.33333333333333,4.8,12.9,69.66667042747102
2023-06-13 08:30:00,17.75,1002.3499999999999,100.0,1.3319999999999999,2.664,230.5,20.366666666666664,1010.1666666666666,84.0,4.333333333333333,12.9,81.33332957252898
2023-06-13 09:00:00,18.1,1002.2,99.95181169896816,1.8719999999999999,4.032000000000001,241.00000000000003,20.2,1010.1666666666666,85.33333333333333,1.4333333333333333,12.9,82.0
2023-06-13 09:30:00,18.25,1002.4,99.97040086165828,2.0340000000000003,3.3120000000000003,236.49999999999997,20.066666666666666,1010.1,87.66666666666667,3.233333333333333,9.7,45.38329593404218
2023-06-13 10:00:00,18.45,1002.6,99.93479827027267,2.088,3.924,226.49999999999997,21.866666666666664,1010.0666666666666,85.0,9.233333333333333,17.7,329.99898298231744
2023-06-13 10:30:00,18.65,1002.35,100.0,2.952,4.212,239.0,21.46666666666667,1009.8666666666667,84.0,11.766666666666666,19.7,333.6856396830232
2023-06-13 11:00:00,19.5,1002.1500000000001,99.73173205288904,3.222,5.004,253.0,22.633333333333336,1009.9666666666667,83.66666666666667,11.4,19.7,354.0107261140633
2023-06-13 11:30:00,19.700000000000003,1002.2,99.79445458184424,3.762,5.688000000000001,248.99999999999997,23.133333333333336,1009.8666666666667,79.33333333333333,10.933333333333332,19.7,1.9999999999999956
2023-06-13 12:00:00,20.6,1002.05,99.37171587318453,3.1320000000000006,5.867999999999999,255.0,23.733333333333334,1009.7000000000002,77.66666666666667,12.333333333333334,18.1,340.3336344040273
2023-06-13 12:30:00,22.8,1001.8,95.59048232717254,3.0060000000000002,10.044,249.5,24.833333333333332,1009.5,73.66666666666667,13.866666666666667,21.1,355.6690803814741
2023-06-13 13:00:00,22.75,1002.1500000000001,91.71360608977903,2.8440000000000003,8.172,248.0,26.066666666666666,1009.1666666666666,71.33333333333333,16.8,30.0,327.65731657806555
2023-06-13 13:30:00,21.75,1002.2,90.05813266785734,2.322,7.524,233.0,26.3,1009.0333333333333,69.66666666666667,19.0,31.5,320.6689084421498
2023-06-13 14:00:00,22.35,1002.0,87.45772483884113,1.9080000000000004,5.976,261.0,26.96666666666667,1008.7999999999998,64.66666666666667,17.633333333333333,31.5,327.34623823084246
2023-06-13 14:30:00,23.15,1001.6500000000001,85.50918105627758,1.638,5.112,236.49999999999997,26.666666666666668,1008.7000000000002,59.333333333333336,16.400000000000002,31.5,0.7006528996882422
2023-06-13 15:00:00,24.65,1001.35,79.4665450758958,2.322,6.5520000000000005,238.0,26.633333333333336,1008.6666666666666,57.0,16.933333333333334,27.5,7.666128215596729
2023-06-13 15:30:00,25.15,1001.25,75.8177583298465,2.088,7.668,255.0,26.866666666666664,1008.5333333333333,55.0,16.166666666666668,27.5,7.334990864019186
2023-06-13 16:00:00,24.65,1001.3,73.92325022477232,1.476,4.896000000000001,249.0,27.100000000000005,1008.8333333333334,51.0,14.833333333333334,26.1,6.339753094257821
2023-06-13 16:30:00,24.6,1001.3,69.41298243623672,1.9620000000000002,7.848000000000001,248.0,27.0,1008.8000000000001,51.0,12.0,23.1,352.0123007813966
2023-06-13 17:00:00,24.6,1001.1500000000001,68.62089204513855,1.8359999999999999,5.184,242.5,26.266666666666666,1008.7666666666668,60.333333333333336,15.0,25.1,314.3049549140959
2023-06-13 17:30:00,24.45,1000.95,71.08285973375169,1.62,5.22,246.49999999999997,23.933333333333334,1009.1999999999999,66.66666666666667,18.900000000000002,27.6,327.6670094218673
2023-06-13 18:00:00,24.65,1001.2,68.88339988366815,1.3319999999999999,5.6160000000000005,254.5,20.766666666666666,1009.0,75.0,15.533333333333333,27.9,316.66670428043915
2023-06-13 18:30:00,24.55,1001.25,70.3665783469064,1.116,2.4480000000000004,256.5,20.233333333333334,1009.1666666666666,79.66666666666667,17.266666666666666,27.9,315.0
2023-06-13 19:00:00,24.85,1001.1500000000001,65.6328388676269,1.206,2.9160000000000004,259.0,20.666666666666668,1009.4666666666667,79.0,16.266666666666666,22.6,318.9998984376572
2023-06-13 19:30:00,24.75,1001.3,63.57406580723439,1.458,6.048,255.49999999999997,20.400000000000002,1009.8333333333334,82.0,14.733333333333334,22.6,321.33309255017156
2023-06-13 20:00:00,23.8,1001.45,65.13027838746041,1.782,6.732,255.5,20.133333333333333,1010.1666666666666,83.33333333333333,16.099999999999998,20.2,317.9996952201138
2023-06-13 20:30:00,22.6,1001.4,68.65345035422297,1.4220000000000002,3.384,250.5,19.433333333333334,1010.5666666666666,85.33333333333333,13.433333333333332,19.6,309.9998984376572
2023-06-13 21:00:00,21.75,1001.8,72.2552738535621,1.908,3.96,260.5,18.866666666666664,1010.9,87.66666666666667,12.4,19.6,311.332753728081
2023-06-13 21:30:00,21.299999999999997,1002.1500000000001,70.66127570143644,1.71,4.212,256.0,18.533333333333335,1010.9,89.33333333333333,10.133333333333333,16.6,315.9998984376572
2023-06-13 22:00:00,20.75,1002.55,72.86581711980432,1.1520000000000001,3.132,284.0,18.73333333333333,1010.8666666666667,90.0,12.366666666666667,15.7,330.3338717844033
2023-06-13 22:30:00,19.8,1003.0,76.77474910004197,1.17,3.06,256.0,19.466666666666665,1011.0666666666666,89.0,13.133333333333333,19.0,341.9984747061166
2023-06-13 23:00:00,19.45,1003.3499999999999,77.43891340730295,1.2060000000000002,2.592,237.0,19.833333333333332,1011.2000000000002,85.33333333333333,13.566666666666668,19.0,354.0
2023-06-13 23:30:00,19.1,1003.45,78.55821102759673,1.1340000000000001,3.6,244.5,19.099999999999998,1011.1666666666666,85.0,12.1,19.0,358.33336342205956
2023-06-14 00:00:00,18.8,1003.55,80.04147811093065,1.008,2.196,260.0,18.566666666666666,1011.1333333333333,85.66666666666667,11.333333333333334,18.5,2.666772017325616
2023-06-14 00:30:00,18.25,1003.75,83.35042947362095,0.6300000000000001,3.168,279.0,18.333333333333332,1011.1,87.0,12.533333333333333,17.3,6.6667042804391725
2023-06-14 01:00:00,17.85,1003.9,85.64088604759178,0.54,1.26,288.0,18.233333333333334,1011.2000000000002,88.0,14.166666666666666,17.3,13.0
2023-06-14 01:30:00,17.299999999999997,1003.8,89.14632148925786,0.5760000000000001,1.584,332.5,18.333333333333332,1011.2000000000002,89.0,14.533333333333331,18.0,24.332041803844053
2023-06-14 02:00:00,16.85,1003.8,91.85596525149707,0.5760000000000001,1.368,4.499999999999987,18.333333333333332,1011.1,89.0,11.6,18.3,32.66795819615594
2023-06-14 02:30:00,16.5,1003.7,93.44070098646085,0.666,1.548,24.000000000000004,18.133333333333336,1011.1333333333333,89.66666666666667,8.9,18.3,34.33322798267438
2023-06-14 03:00:00,16.25,1003.75,94.47782118300296,0.7020000000000001,1.8,20.499999999999996,17.833333333333332,1011.1999999999999,90.0,7.866666666666667,15.8,35.66500571621619
2023-06-14 03:30:00,15.9,1003.8,96.36335137553965,0.5940000000000001,1.62,20.0,17.166666666666668,1011.4333333333334,90.66666666666667,5.866666666666667,12.9,43.0
2023-06-14 04:00:00,15.75,1003.8499999999999,96.23102244109691,0.684,1.548,35.5,16.900000000000002,1011.6999999999999,91.66666666666667,5.533333333333334,12.9,22.765897509953458
2023-06-14 04:30:00,15.6,1003.8,96.96277017423535,0.6300000000000001,1.584,32.0,16.633333333333336,1012.0666666666666,92.33333333333333,5.7,9.7,338.3332279826744
2023-06-14 05:00:00,15.25,1003.75,97.92278043033104,0.5040000000000001,1.152,18.999999999999996,17.2,1012.3333333333334,92.66666666666667,5.0,8.0,334.3326164881278
2023-06-14 05:30:00,15.149999999999999,1003.9,97.94584301400133,0.666,1.4400000000000002,56.0,18.4,1012.6333333333333,93.0,6.133333333333333,11.3,351.48884366644336
2023-06-14 06:00:00,15.149999999999999,1004.05,97.62539674915101,0.684,1.656,46.0,19.466666666666665,1012.8666666666667,92.0,6.3,12.9,359.41110083735094
2023-06-14 06:30:00,15.05,1004.25,98.69485967385604,0.648,1.1880000000000002,41.00000000000001,20.400000000000002,1013.1666666666666,89.66666666666667,7.8,12.9,2.9799881839581155
2023-06-14 07:00:00,15.05,1004.5,99.27786540768965,0.6300000000000001,1.62,27.0,21.400000000000002,1013.4,83.0,6.7,11.9,359.33455141203405
2023-06-14 07:30:00,15.5,1004.9,98.97375459785559,0.6480000000000001,1.548,306.0,22.633333333333336,1013.6333333333333,73.33333333333333,5.0,11.3,24.985315639295223
2023-06-14 08:00:00,16.2,1005.1500000000001,99.49208967920379,0.6120000000000001,2.16,59.5,24.233333333333334,1013.8333333333334,64.66666666666667,4.166666666666667,9.7,60.64801589438619
2023-06-14 08:30:00,17.25,1005.3,99.92957344977486,0.9000000000000001,2.8800000000000003,72.5,25.766666666666666,1013.9333333333334,55.0,4.433333333333334,11.3,72.33204180384405
2023-06-14 09:00:00,19.200000000000003,1005.4,94.99276748008009,1.512,4.968,191.0,26.833333333333332,1014.1333333333333,47.666666666666664,4.366666666666666,12.9,51.691764929353894
2023-06-14 09:30:00,21.55,1005.45,76.17753006678262,2.214,6.6240000000000006,138.0,27.8,1014.2333333333332,41.333333333333336,5.766666666666667,14.5,82.07388020150299
2023-06-14 10:00:00,23.299999999999997,1005.6500000000001,64.59255193034795,2.322,8.424,124.0,28.133333333333336,1014.3666666666667,38.333333333333336,6.266666666666667,16.1,35.220987200436355
2023-06-14 10:30:00,24.950000000000003,1005.8499999999999,55.802874217945885,2.088,7.02,134.49999999999997,28.933333333333337,1014.4333333333334,31.0,8.799999999999999,19.4,65.86780515862267
2023-06-14 11:00:00,26.049999999999997,1006.2,55.3707751946456,1.494,5.364,222.49999999999997,29.066666666666663,1014.2666666666668,31.0,5.2,17.7,74.17869228713698
2023-06-14 11:30:00,26.85,1006.4,48.55397115239458,1.8900000000000001,7.632000000000001,203.5,29.2,1014.1666666666666,41.333333333333336,11.633333333333335,36.1,340.7366358532327
2023-06-14 12:00:00,27.700000000000003,1006.55,47.47079222578186,1.818,6.444,216.5,28.900000000000002,1014.0,45.333333333333336,20.733333333333334,36.1,288.99847330928026
2023-06-14 12:30:00,28.25,1006.6,43.46907790463274,2.088,7.308,192.99999999999997,29.46666666666667,1014.0,45.0,22.2,36.1,295.3409647978124
2023-06-14 13:00:00,28.8,1006.55,39.599833284143934,1.98,6.588,188.99999999999997,29.03333333333333,1014.1333333333333,45.666666666666664,22.666666666666668,32.6,306.6661282155967
2023-06-14 13:30:00,29.15,1006.5,38.97898816008383,2.0700000000000003,6.3,156.5,28.599999999999998,1014.2333333333332,48.0,24.03333333333333,34.7,306.33329571956085
2023-06-14 14:00:00,28.3,1006.5,38.62119541278632,2.106,7.956,202.49999999999997,27.900000000000002,1014.4,51.333333333333336,24.0,36.4,306.0008130560873
2023-06-14 14:30:00,28.799999999999997,1006.4,37.860396391927225,2.2860000000000005,7.632000000000001,212.0,27.46666666666667,1014.5,52.0,25.5,36.4,303.332753728081
2023-06-14 15:00:00,28.6,1006.55,35.09204182053483,2.484,12.276000000000002,162.0,26.46666666666667,1014.6333333333333,54.333333333333336,26.866666666666664,37.7,303.332753728081
2023-06-14 15:30:00,29.1,1006.55,37.75821543400216,2.268,8.928,214.49999999999997,26.566666666666666,1014.6333333333333,54.0,24.866666666666664,37.7,300.66670428043915
2023-06-14 16:00:00,28.9,1006.75,41.345038072682925,2.376,7.488,208.99999999999997,26.233333333333334,1014.8333333333334,53.0,24.96666666666667,39.0,300.3330925501716
2023-06-14 16:30:00,28.75,1006.6500000000001,42.90940833147715,2.682,8.28,246.0,25.900000000000002,1014.9,55.333333333333336,23.2,39.0,302.0001015623428
2023-06-14 17:00:00,28.1,1006.8,43.89914946997976,3.276,8.028,255.0,24.5,1015.0333333333333,62.333333333333336,23.933333333333334,35.6,296.66670428043915
2023-06-14 17:30:00,27.2,1006.95,43.816093005406586,3.87,9.144,249.5,23.333333333333332,1015.3000000000001,66.0,22.333333333333332,32.3,298.0
2023-06-14 18:00:00,26.7,1007.25,42.92068925119288,3.654,6.588,250.0,22.366666666666664,1015.3666666666667,71.66666666666667,16.733333333333334,31.4,310.6667720173256
2023-06-14 18:30:00,26.35,1007.3499999999999,43.99032999770823,3.402,5.832000000000001,250.99999999999997,21.566666666666666,1015.5666666666666,73.33333333333333,18.766666666666666,31.4,299.66582263975215
2023-06-14 19:00:00,25.799999999999997,1007.6500000000001,42.762752966277574,3.186,6.696000000000001,253.0,20.2,1015.8333333333334,80.0,17.966666666666665,30.5,306.33227894316343
2023-06-14 19:30:00,24.85,1007.95,44.491448047216295,3.06,5.867999999999999,256.5,19.666666666666668,1016.1,84.0,17.2,30.5,305.6669074498284
2023-06-14 20:00:00,23.950000000000003,1008.05,49.21488159947406,3.42,6.264,252.0,19.266666666666666,1016.4333333333334,85.66666666666667,18.099999999999998,29.5,305.332753728081
2023-06-14 20:30:00,23.450000000000003,1008.1500000000001,53.5809028318005,2.97,6.444,251.5,19.066666666666666,1016.6999999999999,86.0,16.5,29.5,324.3326164881278
2023-06-14 21:00:00,22.55,1008.55,59.20665353296085,2.5200000000000005,4.356,251.5,18.7,1016.9,87.0,15.866666666666667,27.7,315.9998984376572
2023-06-14 21:30:00,21.45,1008.75,68.69792731274089,2.4480000000000004,4.464,251.5,18.266666666666666,1017.1333333333333,88.0,13.133333333333333,22.9,314.6661962795516
2023-06-14 22:00:00,20.450000000000003,1009.05,78.04105771798379,2.412,4.212,250.5,17.900000000000002,1017.3333333333334,88.0,12.866666666666667,22.5,314.667246271919
2023-06-14 22:30:00,19.799999999999997,1009.3499999999999,83.33315960070948,2.9880000000000004,5.184,248.0,17.266666666666666,1017.4666666666667,89.0,12.333333333333334,20.2,308.6650091359808
2023-06-14 23:00:00,19.35,1009.55,85.53697950812727,2.6100000000000003,4.716,254.5,16.900000000000002,1017.5333333333333,90.0,14.166666666666666,20.2,305.33329571956085
2023-06-14 23:30:00,19.05,1009.6,85.53843031843883,2.25,3.528,253.5,17.133333333333336,1017.5333333333333,91.0,14.933333333333332,18.4,304.0003047798862
2023-06-15 00:00:00,18.8,1009.8499999999999,86.3775191243175,1.98,3.6,253.0,17.033333333333335,1017.5333333333333,91.33333333333333,13.633333333333333,18.4,299.3331262999033
2023-06-15 00:30:00,18.6,1010.0,87.20796296809381,1.8719999999999999,3.42,259.0,16.766666666666666,1017.6333333333333,92.0,10.666666666666666,18.1,297.9984747061166
2023-06-15 01:00:00,18.299999999999997,1010.1,89.48245676557983,1.854,4.032000000000001,247.5,17.099999999999998,1017.6666666666666,92.0,14.299999999999999,21.9,295.0001015623428
2023-06-15 01:30:00,18.0,1010.1500000000001,90.67609197549031,2.124,3.456,251.5,17.333333333333332,1017.7666666666668,92.66666666666667,14.799999999999999,21.9,301.6663655959727
2023-06-15 02:00:00,17.549999999999997,1010.25,92.3842640530217,2.2680000000000002,3.708,249.5,17.566666666666666,1017.8000000000001,93.0,17.166666666666668,30.9,302.6669074498284
2023-06-15 02:30:00,17.0,1010.0,93.94983677559952,2.088,3.384,246.0,17.7,1017.7666666666668,93.0,17.266666666666666,30.9,305.33336342205956
2023-06-15 03:00:00,16.75,1010.05,94.87583434514372,2.2140000000000004,3.816,243.5,17.766666666666666,1017.8333333333334,92.66666666666667,17.866666666666667,34.2,302.0
2023-06-15 03:30:00,16.6,1010.1500000000001,95.91604474236561,2.466,4.212,246.0,17.733333333333334,1017.9,92.33333333333333,16.033333333333335,34.2,305.33329571956085
2023-06-15 04:00:00,16.700000000000003,1010.2,96.56900571133357,2.664,5.04,248.49999999999997,17.733333333333334,1018.0,92.0,17.066666666666666,34.2,302.6677210568365
2023-06-15 04:30:00,17.1,1010.2,96.99565030930387,2.7540000000000004,4.968,252.5,17.633333333333336,1018.2333333333332,91.66666666666667,16.03333333333333,32.3,304.9996952201138
2023-06-15 05:00:00,17.35,1010.2,97.2177112560827,2.8800000000000003,4.752000000000001,254.5,17.733333333333334,1018.4666666666667,91.0,16.099999999999998,32.3,303.3334650015942
2023-06-15 05:30:00,17.4,1010.2,96.45781984118514,3.0060000000000002,5.94,256.0,18.099999999999998,1018.8333333333334,90.33333333333333,18.166666666666668,28.9,303.3341773602479
2023-06-15 06:00:00,17.3,1010.25,96.15789420574814,3.096,5.904,254.0,18.433333333333334,1018.9333333333334,88.66666666666667,18.733333333333334,29.3,305.6668737000967
2023-06-15 06:30:00,17.25,1010.4,95.62488022822123,3.0060000000000002,5.724,255.0,18.866666666666664,1019.1,86.66666666666667,19.166666666666668,29.3,304.327692031824
2023-06-15 07:00:00,17.3,1010.75,95.47430728011486,2.6100000000000003,4.644,256.5,19.266666666666666,1019.3333333333334,84.33333333333333,18.533333333333335,28.0,307.3338037204484
2023-06-15 07:30:00,17.4,1010.95,94.99862486184536,2.466,5.867999999999999,257.5,19.633333333333333,1019.4666666666667,82.33333333333333,17.266666666666666,28.0,304.666670427471
2023-06-15 08:00:00,17.55,1011.3,94.3280968235249,2.394,4.824000000000001,259.0,20.033333333333335,1019.6666666666666,80.33333333333333,17.866666666666667,27.7,301.6670094218673
2023-06-15 08:30:00,17.75,1011.4,93.51469567577476,2.4299999999999997,5.904,255.0,20.533333333333335,1019.5666666666666,78.33333333333333,16.166666666666668,27.7,300.35593600032405
2023-06-15 09:00:00,18.05,1011.6500000000001,92.34578683749419,2.3040000000000003,4.86,257.0,21.099999999999998,1019.6,77.0,14.733333333333334,27.7,308.33003382966785
2023-06-15 09:30:00,18.299999999999997,1011.7,91.90584356701268,2.556,5.652,250.0,21.599999999999998,1019.7000000000002,74.66666666666667,15.233333333333334,25.6,307.9989829823174
2023-06-15 10:00:00,19.1,1011.6500000000001,90.13559345857216,2.7,5.472,249.5,22.0,1019.7666666666668,73.33333333333333,15.533333333333333,27.2,292.3368615051862
2023-06-15 10:30:00,19.7,1011.75,88.1183610819987,2.754,5.256,251.5,23.2,1019.9333333333334,69.66666666666667,17.7,30.6,271.6667720173256
2023-06-15 11:00:00,20.6,1011.6,84.28038938964575,3.06,7.416,248.5,22.933333333333334,1019.9,69.66666666666667,18.266666666666666,30.9,275.0
2023-06-15 11:30:00,21.6,1011.6,80.67723190994013,2.6820000000000004,6.66,238.0,23.46666666666667,1019.9333333333334,68.0,18.5,31.2,267.0003047798862
2023-06-15 12:00:00,22.450000000000003,1011.6500000000001,77.68144851988116,2.394,6.264,250.5,23.366666666666664,1019.9333333333334,67.66666666666667,17.599999999999998,31.2,269.3336344040273
2023-06-15 12:30:00,23.200000000000003,1011.8,74.92441531797942,2.34,4.824000000000001,254.5,23.3,1019.8333333333334,67.0,17.099999999999998,31.0,276.66762222421085
2023-06-15 13:00:00,23.799999999999997,1011.8,71.35058142141959,2.862,13.032,243.99999999999994,23.733333333333334,1019.9666666666667,65.66666666666667,18.96666666666667,32.4,264.6650091359808
2023-06-15 13:30:00,23.950000000000003,1011.8,69.4833785182521,3.384,5.904,233.5,23.666666666666668,1019.9666666666667,66.66666666666667,18.53333333333333,32.9,267.0001015623428
2023-06-15 14:00:00,23.95,1011.9,68.16718962682852,3.276,7.56,237.0,22.733333333333334,1019.9666666666667,67.66666666666667,17.333333333333332,32.9,281.7143591592196
2023-06-15 14:30:00,24.05,1011.8,66.47211926254437,3.402,7.704000000000001,234.0,22.366666666666664,1020.0666666666666,68.66666666666667,19.733333333333334,33.6,277.3322789431635
2023-06-15 15:00:00,24.15,1011.8499999999999,65.4115749664101,3.402,8.316,226.5,22.333333333333332,1020.1,66.33333333333333,22.7,33.6,281.6683322396841
2023-06-15 15:30:00,24.05,1012.0,65.78861122288741,3.564,7.596,229.0,22.133333333333336,1020.0,66.0,21.166666666666668,34.9,280.0001015623428
2023-06-15 16:00:00,23.85,1012.0,67.68403893460439,3.366,6.984,224.0,21.766666666666666,1020.0,68.66666666666667,21.03333333333333,34.9,277.99725279528496
2023-06-15 16:30:00,23.35,1012.0,68.39264424972532,3.6180000000000003,8.028,227.0,21.333333333333332,1019.9,71.0,19.03333333333333,34.2,273.9996952201138
2023-06-15 17:00:00,23.049999999999997,1012.1500000000001,68.54232822426985,3.294,7.02,240.49999999999997,21.2,1019.8333333333334,69.66666666666667,18.7,34.2,282.3331262999033
2023-06-15 17:30:00,22.65,1012.25,68.56667511733835,3.528,15.371999999999998,228.5,21.0,1019.6333333333333,70.66666666666667,17.133333333333333,27.0,278.3322789431635
2023-06-15 18:00:00,22.200000000000003,1012.3,67.79677353205733,3.258,6.912,241.49999999999997,20.166666666666668,1019.8666666666667,72.0,16.2,27.0,273.9996952201138
2023-06-15 18:30:00,21.799999999999997,1012.3499999999999,67.25004292300706,3.276,7.236,239.5,19.366666666666667,1020.1333333333333,73.33333333333333,15.600000000000001,25.6,279.33332957252895
2023-06-15 19:00:00,21.45,1012.4,67.55213212947851,2.9880000000000004,6.264,233.99999999999997,18.566666666666666,1020.1333333333333,75.66666666666667,10.433333333333332,23.1,278.333329572529
2023-06-15 19:30:00,21.049999999999997,1012.4,70.25893727565315,2.394,4.932,238.99999999999997,18.0,1019.9333333333334,78.33333333333333,10.1,21.0,282.99725279528496
2023-06-15 20:00:00,20.549999999999997,1012.3499999999999,71.88665175768185,1.98,3.924,250.5,17.833333333333332,1020.1999999999999,80.66666666666667,8.333333333333334,13.3,288.0036758364123
2023-06-15 20:30:00,20.0,1012.7,72.70215820129785,1.944,3.528,248.5,18.599999999999998,1020.2666666666668,80.33333333333333,3.866666666666667,12.9,296.11655809589325
2023-06-15 21:00:00,19.25,1012.8,75.21488078614595,1.854,4.356,246.49999999999997,17.833333333333332,1020.2333333333332,81.0,4.166666666666667,11.3,329.38928419463474
2023-06-15 21:30:00,18.3,1012.8,79.28717878035718,1.1520000000000001,2.16,228.99999999999997,17.0,1020.2333333333332,83.33333333333333,8.933333333333334,13.3,315.0024421460581
2023-06-15 22:00:00,17.549999999999997,1012.8499999999999,81.7672139480991,0.8460000000000001,1.692,252.0,16.833333333333332,1020.1,84.66666666666667,9.733333333333334,15.9,306.027815534711
2023-06-15 22:30:00,16.950000000000003,1013.0,83.97274650172038,1.1340000000000001,2.4480000000000004,243.5,17.46666666666667,1020.0333333333333,84.0,12.766666666666666,19.6,286.66582263975215
2023-06-15 23:00:00,15.899999999999999,1012.95,88.1759721596716,0.756,1.908,62.000000000000014,16.8,1019.7666666666668,84.0,5.866666666666667,19.6,278.977885764264
2023-06-15 23:30:00,15.25,1012.6500000000001,90.04755833762204,0.72,2.52,313.5,17.2,1019.9,85.0,6.7,18.3,280.6503690081608
2023-06-16 00:00:00,15.350000000000001,1012.55,90.58825271226506,1.08,3.024,256.0,16.233333333333334,1019.4333333333334,85.33333333333333,5.633333333333334,13.8,301.977885764264
2023-06-16 00:30:00,15.35,1012.6,91.13742799050453,0.8640000000000001,2.0160000000000005,261.0,14.966666666666667,1019.4333333333334,87.66666666666667,5.8,12.9,296.0
2023-06-16 01:00:00,14.95,1012.55,92.57447367989266,0.8820000000000001,1.656,323.5,16.166666666666668,1019.2666666666668,88.0,5.333333333333333,12.9,296.0
2023-06-16 01:30:00,14.149999999999999,1012.3499999999999,95.02883809947855,0.9000000000000001,1.872,73.50000000000001,15.700000000000001,1019.2000000000002,88.66666666666667,2.3333333333333335,9.7,296.0
2023-06-16 02:00:00,14.05,1012.25,95.27332098858798,0.9360000000000002,2.3760000000000003,49.5,15.299999999999999,1019.1,90.0,1.5666666666666667,6.4,296.0
2023-06-16 02:30:00,14.25,1011.8499999999999,96.26359820301545,0.9720000000000001,2.088,81.0,14.766666666666666,1018.8333333333334,90.66666666666667,2.033333333333333,4.8,296.0
2023-06-16 03:00:00,14.5,1011.9,96.55964524989861,0.648,3.24,55.49999999999999,14.433333333333332,1018.7666666666668,91.0,3.4,4.8,296.0
2023-06-16 03:30:00,14.9,1011.75,97.3199247805448,0.9540000000000001,2.52,71.49999999999999,13.9,1018.6999999999999,92.0,1.9666666666666668,4.8,296.0
2023-06-16 04:00:00,15.2,1011.6500000000001,96.79014765884995,0.72,1.332,85.5,13.633333333333333,1018.7333333333332,92.0,2.466666666666667,4.8,296.0
2023-06-16 04:30:00,15.45,1011.5,96.64541523177249,0.558,1.152,81.5,14.366666666666667,1019.0666666666666,92.33333333333333,1.6333333333333335,4.8,296.0
2023-06-16 05:00:00,15.6,1011.25,96.0872530481448,0.918,2.088,73.0,15.9,1019.1333333333333,93.0,1.3666666666666665,4.8,297.0
2023-06-16 05:30:00,15.25,1011.1500000000001,96.76539931205588,1.008,1.8,95.0,16.966666666666665,1019.2666666666668,92.0,0.06666666666666667,3.2,297.33332957252895
2023-06-16 06:00:00,14.8,1011.1,96.52443555872462,1.17,1.836,87.5,17.933333333333334,1019.2999999999998,91.66666666666667,1.1666666666666667,6.4,298.0
2023-06-16 06:30:00,15.05,1011.25,96.32219905067856,1.1880000000000002,2.952,92.5,18.900000000000002,1019.4,89.66666666666667,4.466666666666666,11.3,270.5520395151502
2023-06-16 07:00:00,16.0,1011.6,95.43853267378016,1.278,2.9160000000000004,164.0,19.433333333333334,1019.5,85.0,6.033333333333334,12.9,226.62077814432877
2023-06-16 07:30:00,16.4,1011.6500000000001,95.96431451862657,1.134,2.8080000000000003,198.0,19.7,1019.4,80.66666666666667,6.766666666666667,15.8,239.3331262999033
2023-06-16 08:00:00,16.8,1011.7,95.30625478370499,1.1880000000000002,4.716,194.5,20.133333333333333,1019.4666666666667,78.33333333333333,8.266666666666667,15.8,250.7429969070467
2023-06-16 08:30:00,17.1,1011.8499999999999,95.55910291876759,1.062,2.4120000000000004,212.5,20.766666666666666,1019.4666666666667,75.33333333333333,8.566666666666668,17.3,249.6998823548991
2023-06-16 09:00:00,17.75,1011.9,94.20365434500556,1.4220000000000002,3.492,209.0,21.066666666666666,1019.5,72.66666666666667,10.4,22.2,281.0
2023-06-16 09:30:00,18.35,1011.9,91.71988097241191,1.62,3.78,216.0,21.933333333333334,1019.2999999999998,71.0,10.700000000000001,22.2,277.0
2023-06-16 10:00:00,18.85,1011.8499999999999,85.83592310962774,1.764,6.372,189.5,22.100000000000005,1019.1,69.66666666666667,8.066666666666668,20.9,258.66415962311856
2023-06-16 10:30:00,19.15,1011.8,84.43076179543735,1.674,6.696000000000001,229.0,22.5,1018.9666666666667,68.33333333333333,10.066666666666666,19.4,298.63899955249303
2023-06-16 11:00:00,20.9,1011.5,77.98686638403035,2.25,6.516,202.5,23.400000000000002,1018.7666666666668,66.0,9.200000000000001,19.5,284.33417736024785
2023-06-16 11:30:00,21.0,1011.6500000000001,76.6182494855096,1.98,4.788,231.49999999999997,24.03333333333333,1018.5333333333333,65.33333333333333,9.200000000000001,19.5,254.9696127323321
2023-06-16 12:00:00,21.65,1011.3,71.69526569325353,2.4480000000000004,6.12,195.99999999999997,24.73333333333333,1018.4666666666667,63.0,11.466666666666667,21.3,265.0605939552979
2023-06-16 12:30:00,22.9,1010.95,67.1622649946762,2.628,7.920000000000001,172.5,24.96666666666667,1018.2666666666668,62.666666666666664,9.566666666666668,22.3,258.3143603169768
2023-06-16 13:00:00,23.8,1010.9,65.8536988226314,2.2140000000000004,6.876,223.0,25.166666666666668,1017.9333333333334,62.0,9.299999999999999,22.3,283.1319164703831
2023-06-16 13:30:00,24.35,1010.6500000000001,62.58794479279305,2.412,6.696000000000001,194.99999999999997,24.53333333333333,1017.7666666666668,61.0,12.333333333333334,27.8,287.6558701729083
2023-06-16 14:00:00,25.0,1010.55,60.98527125517326,2.034,6.372,189.5,24.766666666666666,1017.6,63.0,10.733333333333334,27.8,285.314758216512
2023-06-16 14:30:00,24.75,1010.6500000000001,62.36701744076968,1.98,4.644,258.0,24.5,1017.4333333333334,62.666666666666664,12.466666666666667,27.8,272.66582263975215
2023-06-16 15:00:00,25.75,1010.3,56.734116452932476,2.052,6.768,221.0,23.666666666666668,1017.2666666666668,65.66666666666667,16.0,26.8,282.0
2023-06-16 15:30:00,26.45,1010.0,54.39053817189577,2.34,7.308,178.99999999999997,23.733333333333334,1017.2000000000002,65.66666666666667,12.833333333333334,26.8,285.332753728081
2023-06-16 16:00:00,25.65,1010.0,58.2756567741067,1.296,3.672,240.0,23.233333333333334,1017.1666666666666,67.66666666666667,15.4,23.7,303.24910423392953
2023-06-16 16:30:00,25.2,1009.85,60.71215092373343,1.566,7.56,230.99999999999997,22.233333333333334,1017.0,71.66666666666667,15.1,24.6,339.6567711598667
2023-06-16 17:00:00,25.8,1009.55,62.223378993233766,1.908,5.508,264.0,22.03333333333333,1016.8333333333334,73.0,11.966666666666667,24.6,344.0021393259239
2023-06-16 17:30:00,24.9,1009.6500000000001,64.73654184941628,1.6920000000000002,6.012,247.0,21.933333333333334,1016.7333333333332,73.0,11.466666666666667,20.3,344.3309196185259
2023-06-16 18:00:00,24.15,1009.6500000000001,66.37445803587136,1.818,4.932,255.5,21.933333333333334,1016.8000000000001,73.0,11.233333333333334,17.1,328.33109155785013
2023-06-16 18:30:00,23.299999999999997,1009.6,67.83293893967965,1.926,6.696000000000001,258.0,21.933333333333334,1016.6999999999999,73.0,10.733333333333334,16.8,344.6799949948212
2023-06-16 19:00:00,22.9,1009.45,69.56225741239768,1.674,4.968,249.0,21.433333333333334,1016.4666666666667,74.33333333333333,8.4,16.0,1.666534998405783
2023-06-16 19:30:00,22.6,1009.25,70.27112391691698,1.314,3.492,242.99999999999997,20.266666666666666,1016.3666666666667,78.0,3.9,16.1,347.99999999999994
2023-06-16 20:00:00,22.35,1009.3499999999999,71.6254131274885,1.44,4.896000000000001,246.0,19.466666666666665,1016.5666666666666,82.0,3.766666666666667,12.9,347.99999999999994
2023-06-16 20:30:00,22.05,1009.4,72.3611039006218,1.116,4.14,253.0,19.166666666666668,1016.6333333333333,84.66666666666667,2.1666666666666665,6.4,347.99999999999994
2023-06-16 21:00:00,21.700000000000003,1009.3,72.9955311045477,1.08,3.672,265.0,18.766666666666666,1016.4,86.66666666666667,2.2333333333333334,6.4,347.99999999999994
2023-06-16 21:30:00,21.1,1009.1500000000001,74.0354159075018,0.5760000000000001,2.268,23.499999999999996,18.433333333333334,1016.4,87.66666666666667,0.0,4.8,347.99999999999994
2023-06-16 22:00:00,20.2,1009.25,76.88094337997666,0.6120000000000001,2.4120000000000004,315.5,18.2,1016.1999999999999,88.33333333333333,0.0,3.2,347.99999999999994
2023-06-16 22:30:00,19.700000000000003,1009.5,80.25724165186207,0.5940000000000001,1.368,285.0,17.933333333333334,1016.0,89.0,1.3,4.8,347.99999999999994
2023-06-16 23:00:00,19.299999999999997,1009.4,82.4317926593672,0.8280000000000001,1.836,90.5,17.933333333333334,1015.9,89.66666666666667,2.8000000000000003,4.8,347.99999999999994
2023-06-16 23:30:00,19.05,1009.25,84.15579755833397,0.954,1.548,87.0,17.733333333333334,1015.8333333333334,90.33333333333333,3.466666666666667,6.4,347.99999999999994
2023-06-17 00:00:00,19.1,1009.1500000000001,83.93861570096439,0.756,1.332,84.5,17.366666666666664,1015.6,91.0,1.4333333333333333,6.4,347.99999999999994
2023-06-17 00:30:00,18.75,1008.8499999999999,84.17423916795258,1.026,1.656,81.5,17.2,1015.4,91.0,0.6,6.4,347.99999999999994
2023-06-17 01:00:00,18.45,1008.6500000000001,85.91116072278123,0.9,1.332,78.5,16.666666666666668,1015.0333333333333,91.33333333333333,1.0333333333333334,3.2,347.99999999999994
2023-06-17 01:30:00,18.35,1008.55,86.83051856257624,0.81,1.512,40.0,15.6,1014.8333333333334,92.0,0.13333333333333333,3.2,347.99999999999994
2023-06-17 02:00:00,17.95,1008.45,88.31176042345484,0.684,1.4400000000000002,53.50000000000001,14.5,1014.8333333333334,92.0,2.1,4.8,347.99999999999994
2023-06-17 02:30:00,17.7,1008.2,91.09418694704871,0.8280000000000001,1.296,74.0,14.1,1014.6,93.0,0.9666666666666668,4.8,348.666670427471
2023-06-17 03:00:00,17.6,1007.8499999999999,92.21688760000306,0.4860000000000001,1.1880000000000002,54.00000000000001,13.6,1014.4333333333334,93.0,1.5,4.8,349.0
2023-06-17 03:30:00,17.299999999999997,1007.6,93.60111509171753,0.8820000000000001,1.512,71.49999999999999,13.266666666666666,1014.2666666666668,93.0,1.5,4.8,349.0
2023-06-17 04:00:00,17.2,1007.4,94.60230979095766,0.7200000000000001,1.2240000000000002,68.5,12.666666666666666,1014.1333333333333,93.0,3.466666666666667,4.8,349.0
2023-06-17 04:30:00,16.9,1007.3499999999999,95.56092208908709,0.648,1.116,40.5,13.133333333333333,1014.1333333333333,93.66666666666667,4.566666666666666,6.4,16.335261949223007
2023-06-17 05:00:00,16.5,1007.1,96.34220047617296,0.738,1.296,63.50000000000001,13.866666666666667,1014.2333333333332,94.0,2.1,6.4,19.0
2023-06-17 05:30:00,16.25,1007.0,96.96730691294086,0.774,1.368,63.50000000000001,15.600000000000001,1014.3333333333334,94.0,2.3333333333333335,6.4,19.0
2023-06-17 06:00:00,16.2,1006.75,97.16855709297461,1.296,2.124,84.5,17.833333333333332,1014.3666666666667,94.0,2.733333333333333,6.4,22.332278943163466
2023-06-17 06:30:00,16.25,1006.6,97.78076094609287,1.0980000000000003,2.3040000000000003,83.5,18.96666666666667,1014.5,93.0,4.8,6.4,44.67807002124105
2023-06-17 07:00:00,16.05,1006.6500000000001,99.22731038352211,0.684,1.692,6.5,20.566666666666666,1014.5,91.33333333333333,4.166666666666667,6.4,50.333329572528974
2023-06-17 07:30:00,16.25,1006.75,99.72456205376233,0.45,1.0080000000000002,329.5,21.96666666666667,1014.4333333333334,86.33333333333333,3.0666666666666664,6.4,50.66667042747102
2023-06-17 08:00:00,17.0,1006.8,99.6721515485909,0.666,1.692,74.0,23.2,1014.3333333333334,78.33333333333333,2.766666666666667,6.4,51.0
2023-06-17 08:30:00,17.95,1006.9,99.98861193273194,0.792,2.0160000000000005,103.0,24.8,1014.1666666666666,70.0,1.9666666666666668,8.0,65.6388065951783
2023-06-17 09:00:00,19.55,1006.8,98.0053453772384,1.4040000000000001,5.364,115.0,26.433333333333334,1013.9333333333334,62.0,5.133333333333334,11.3,197.47846018356194
2023-06-17 09:30:00,21.4,1006.75,87.86450072775503,1.674,6.12,96.00000000000001,27.2,1013.8333333333334,55.333333333333336,7.466666666666666,16.6,200.30011764510087
2023-06-17 10:00:00,22.9,1006.6,79.98222865481756,1.4220000000000002,3.96,83.0,28.333333333333332,1013.6666666666666,54.666666666666664,8.433333333333334,20.0,203.70632145621818
2023-06-17 10:30:00,24.200000000000003,1006.5,74.72802776984233,1.44,3.708,41.0,28.666666666666668,1013.2666666666668,53.333333333333336,9.733333333333334,21.3,206.63049839654064
2023-06-17 11:00:00,26.0,1006.25,65.02173389132031,1.53,5.076,155.5,29.366666666666664,1013.0666666666666,51.0,10.4,23.1,204.32847239257754
2023-06-17 11:30:00,27.05,1006.1500000000001,56.51909093630913,1.8900000000000001,6.516,111.0,28.666666666666668,1012.9333333333334,51.666666666666664,11.233333333333334,23.1,220.94068258916403
2023-06-17 12:00:00,27.65,1006.1500000000001,55.21986059176044,2.0340000000000003,5.688000000000001,100.00000000000001,28.133333333333336,1012.6666666666666,55.0,9.066666666666666,23.1,242.4091699775537
2023-06-17 12:30:00,28.3,1005.9,55.557313033074834,1.944,6.156,167.0,28.433333333333334,1012.5666666666666,55.666666666666664,8.133333333333333,20.9,256.8130980499539
2023-06-17 13:00:00,29.15,1005.55,50.170719556189695,2.3400000000000003,10.584,174.00000000000003,28.96666666666667,1012.3666666666667,52.666666666666664,6.3,16.7,230.22092309259483
2023-06-17 13:30:00,29.299999999999997,1005.55,50.67285028477835,2.052,6.228,189.5,28.96666666666667,1012.1666666666666,53.666666666666664,11.1,24.8,251.3796161750602
2023-06-17 14:00:00,27.8,1005.6500000000001,54.12933640495703,1.6380000000000001,12.420000000000002,168.00000000000003,28.96666666666667,1012.0,54.333333333333336,10.6,24.8,254.90233727828587
2023-06-17 14:30:00,27.1,1005.45,58.72149933676219,1.44,6.156,320.5,28.333333333333332,1012.1666666666666,55.666666666666664,10.333333333333334,31.8,250.9495836380167
2023-06-17 15:00:00,26.700000000000003,1005.3,61.45580541988366,1.224,4.356,5.500000000000001,26.8,1012.3333333333334,57.0,18.46666666666667,32.5,282.66500571621617
2023-06-17 15:30:00,28.2,1004.95,55.06856436232832,1.782,7.920000000000001,134.0,26.333333333333332,1011.8666666666667,58.0,9.466666666666667,32.5,353.43673327686474
2023-06-17 16:00:00,27.6,1005.05,56.09591961492438,1.476,3.672,238.49999999999997,26.733333333333334,1011.7666666666668,56.666666666666664,7.566666666666667,24.6,261.952707574201
2023-06-17 16:30:00,27.7,1004.65,57.670774056548,1.782,6.803999999999999,23.000000000000004,26.5,1010.9,59.0,6.7,17.7,172.47754371654145
2023-06-17 17:00:00,27.75,1004.8499999999999,58.22892387988401,1.6560000000000001,5.256,75.0,27.733333333333334,1011.1666666666666,55.666666666666664,12.766666666666666,20.6,310.67256986083873
2023-06-17 17:30:00,27.1,1005.1,61.59156625014037,1.134,5.04,235.5,27.400000000000002,1011.0333333333333,55.666666666666664,10.666666666666666,20.6,339.33417736024785
2023-06-17 18:00:00,25.8,1004.9,73.22053098920802,1.512,3.42,110.0,26.633333333333336,1010.9333333333334,57.666666666666664,7.7,20.6,340.3329905781327
2023-06-17 18:30:00,24.55,1004.15,78.14965429980991,1.1700000000000002,3.024,59.5,24.066666666666666,1011.1666666666666,72.66666666666667,5.6000000000000005,14.5,313.28564084078033
2023-06-17 19:00:00,25.3,1003.6,75.97312521869429,1.4040000000000001,3.996,185.0,24.099999999999998,1011.4333333333334,73.0,5.3,11.3,301.1814142633759
2023-06-17 19:30:00,26.35,1003.8499999999999,66.58468124333825,1.0260000000000002,3.276,306.0,23.53333333333333,1011.6999999999999,74.66666666666667,3.6999999999999997,9.7,271.0
2023-06-17 20:00:00,26.1,1003.8,66.43842571423151,1.1520000000000001,4.752000000000001,327.5,22.333333333333332,1011.8000000000001,78.33333333333333,3.3666666666666667,9.7,271.0
2023-06-17 20:30:00,25.700000000000003,1003.9,68.16732129636397,0.594,2.7,180.0,21.133333333333336,1012.0,82.33333333333333,5.3999999999999995,11.3,267.00652234094207
2023-06-17 21:00:00,24.6,1004.1500000000001,70.19694897176865,1.116,2.4120000000000004,147.0,20.733333333333334,1012.2333333333332,84.0,7.566666666666666,11.4,263.68233462696685
2023-06-17 21:30:00,23.75,1004.6500000000001,73.24000958193449,1.2240000000000002,2.952,155.0,20.7,1012.3666666666667,84.0,4.8,11.3,203.0
2023-06-17 22:00:00,22.9,1004.9,75.41629530001251,1.458,2.736,95.0,20.7,1012.3666666666667,84.0,5.533333333333334,11.6,212.97122749444375
2023-06-17 22:30:00,22.549999999999997,1004.9,76.61533211225532,1.1520000000000001,2.484,108.0,20.7,1012.2666666666668,84.0,6.3,11.3,217.33332957252898
2023-06-17 23:00:00,22.0,1004.95,76.95463628530504,0.8460000000000001,2.4120000000000004,168.0,20.3,1012.1999999999999,86.33333333333333,5.433333333333334,11.3,218.3330925501716
2023-06-17 23:30:00,21.55,1005.1500000000001,82.57549068072942,1.368,5.508,236.99999999999997,20.233333333333334,1011.8666666666667,87.0,5.533333333333334,12.9,215.99969522011378
2023-06-18 00:00:00,21.1,1005.25,85.9813262059124,1.62,3.6,220.49999999999997,19.766666666666666,1011.7666666666668,86.66666666666667,5.3,12.9,208.33332957252898
2023-06-18 00:30:00,20.9,1005.1500000000001,85.64712581599377,1.5300000000000002,3.276,227.5,19.333333333333332,1011.3666666666667,88.0,3.266666666666667,11.3,222.34006399697387
2023-06-18 01:00:00,20.5,1005.05,87.58629107918641,1.6920000000000002,3.636,222.5,19.0,1011.0333333333333,89.0,0.8000000000000002,11.3,236.0
2023-06-18 01:30:00,20.0,1004.95,90.12946720874808,1.9800000000000002,6.192,206.49999999999997,18.566666666666666,1010.8333333333334,89.66666666666667,1.8999999999999997,8.0,244.27362599337715
2023-06-18 02:00:00,19.1,1004.6500000000001,94.77234706380364,1.98,4.104,221.5,18.099999999999998,1010.7333333333332,90.33333333333333,2.2333333333333334,6.4,266.0
2023-06-18 02:30:00,19.15,1004.45,94.97122187309796,1.584,5.04,235.0,17.333333333333332,1010.4,91.0,3.1333333333333333,6.4,259.6926997865446
2023-06-18 03:00:00,19.0,1003.95,95.86610902427569,1.17,6.048,354.0,17.2,1009.9,91.66666666666667,5.433333333333334,6.4,152.66449361619107
2023-06-18 03:30:00,18.75,1003.75,97.5573055781712,0.954,2.3040000000000003,48.5,16.900000000000002,1009.8333333333334,92.0,3.3333333333333335,6.4,145.0
2023-06-18 04:00:00,18.55,1003.6,97.91883371581724,0.8460000000000001,1.98,91.0,16.466666666666665,1010.0666666666666,92.33333333333333,2.1999999999999997,6.4,145.0
2023-06-18 04:30:00,18.299999999999997,1003.4,98.20472797607233,1.098,2.052,113.5,17.433333333333334,1010.0666666666666,93.0,1.8,6.4,144.3333634220596
2023-06-18 05:00:00,17.9,1003.0,98.48509268048386,1.6920000000000002,2.3760000000000003,104.50000000000001,18.5,1009.9666666666667,93.0,4.866666666666667,9.7,126.997252795285
2023-06-18 05:30:00,17.85,1002.6,97.96531661436586,1.512,2.8800000000000003,102.5,19.599999999999998,1010.1,92.66666666666667,5.166666666666667,9.7,124.0
2023-06-18 06:00:00,18.05,1002.75,98.40636171701357,0.99,2.16,102.0,20.53333333333333,1010.0333333333333,92.0,8.233333333333334,14.6,139.3250354680677
2023-06-18 06:30:00,18.35,1002.95,98.67827677491262,0.936,1.98,109.50000000000001,20.866666666666664,1010.0,91.33333333333333,11.199999999999998,18.0,162.66449361619107
2023-06-18 07:00:00,18.65,1003.0,99.52235089585378,0.8280000000000001,1.8,81.0,21.233333333333334,1009.9333333333334,90.33333333333333,13.133333333333333,22.6,159.66582263975212
2023-06-18 07:30:00,18.75,1002.8,99.86767726304882,0.8460000000000001,2.232,57.00000000000001,21.8,1009.9666666666667,88.33333333333333,13.233333333333334,22.6,157.32547676567128
2023-06-18 08:00:00,19.15,1002.8499999999999,99.8317705846022,1.2960000000000003,5.5440000000000005,28.99999999999999,22.2,1009.9,86.0,14.0,23.9,157.972184465289
2023-06-18 08:30:00,19.9,1002.7,99.61355840551688,1.818,7.128,102.5,22.5,1009.7000000000002,82.66666666666667,13.366666666666667,23.9,174.33387178440327
2023-06-18 09:00:00,20.299999999999997,1002.9,97.94671626544391,2.286,7.992000000000001,331.0,22.5,1009.7666666666668,81.0,17.566666666666666,28.0,190.00611516180987
2023-06-18 09:30:00,20.7,1002.6500000000001,96.24971184483901,2.1060000000000003,9.324,177.0,22.366666666666664,1010.0,81.33333333333333,17.7,28.0,197.6650091359808
2023-06-18 10:00:00,21.25,1002.45,94.04627020821492,2.16,9.684,21.500000000000007,22.833333333333332,1009.7333333333332,82.66666666666667,15.666666666666666,28.0,205.33584037688144
2023-06-18 10:30:00,21.6,1002.3499999999999,89.70410342287644,2.412,6.372,8.0,23.099999999999998,1009.5,80.0,17.333333333333332,28.9,196.32547676567125
2023-06-18 11:00:00,22.0,1002.3,88.42892760931542,2.556,11.88,310.0,22.900000000000002,1009.4333333333334,80.0,15.166666666666666,28.9,210.03397580188266
2023-06-18 11:30:00,22.45,1002.5,85.5460054220919,2.934,10.98,237.5,22.066666666666666,1010.0666666666666,80.33333333333333,19.2,46.4,249.83377564307432
2023-06-18 12:00:00,22.75,1002.4,84.26623223022,2.43,9.756,224.99999999999997,18.133333333333336,1010.8666666666667,86.66666666666667,24.3,46.4,298.33835425574983
2023-06-18 12:30:00,23.4,1002.1,82.97607588431478,2.322,7.488,247.5,20.8,1010.2666666666668,87.66666666666667,5.433333333333334,46.4,314.10867614201373
2023-06-18 13:00:00,23.55,1001.8499999999999,80.57042032784445,2.4300000000000006,11.16,262.5,23.866666666666664,1010.2333333333332,78.33333333333333,13.700000000000001,34.4,268.0003047798862
2023-06-18 13:30:00,23.299999999999997,1002.0,79.9416142302554,2.088,6.516,232.5,24.766666666666666,1010.1999999999999,72.33333333333333,16.533333333333335,30.6,250.3336344040273
2023-06-18 14:00:00,22.75,1002.55,82.81164312944736,3.114,6.5520000000000005,227.0,24.233333333333334,1010.3333333333334,70.66666666666667,18.966666666666665,30.6,257.66670428043915
2023-06-18 14:30:00,19.950000000000003,1003.25,90.83701427350229,3.9240000000000004,9.18,255.5,23.599999999999998,1010.4,72.0,17.5,30.6,255.3445800071615
2023-06-18 15:00:00,20.9,1002.75,87.07168873441177,2.646,5.904,237.0,23.633333333333336,1010.5666666666666,70.0,22.46666666666667,33.0,278.6631384948138
2023-06-18 15:30:00,22.95,1002.55,81.80362084765716,3.528,7.56,217.99999999999997,23.666666666666668,1010.6,68.66666666666667,21.46666666666667,35.6,284.3316677603159
2023-06-18 16:00:00,23.75,1002.55,77.99287477355156,3.96,7.668,225.0,23.400000000000002,1010.6666666666666,69.66666666666667,23.0,35.6,281.66663657794044
2023-06-18 16:30:00,23.15,1002.7,77.68949775897369,4.176,7.704000000000001,225.5,22.866666666666664,1010.7999999999998,72.0,21.933333333333334,32.1,282.3330925501716
2023-06-18 17:00:00,22.8,1002.8,78.00027517590817,3.6,6.696000000000001,246.0,22.0,1010.8666666666667,75.0,19.0,31.0,275.6661962795516
2023-06-18 17:30:00,22.799999999999997,1002.9,77.65514233690115,3.402,6.984,244.0,21.566666666666666,1011.0333333333333,76.0,17.333333333333332,31.0,280.3334650015942
2023-06-18 18:00:00,23.05,1003.0,75.0336894804538,2.97,7.416,246.5,20.7,1011.3333333333334,79.0,16.466666666666665,25.2,278.0
2023-06-18 18:30:00,23.299999999999997,1003.1,71.91790620111699,2.88,5.6160000000000005,248.99999999999997,20.333333333333332,1011.7666666666668,80.66666666666667,12.933333333333332,24.7,274.33332957252895
2023-06-18 19:00:00,23.05,1003.3499999999999,70.1535742927278,2.3760000000000003,5.076,251.5,20.066666666666666,1011.8666666666667,81.66666666666667,11.833333333333334,22.1,286.00152529388333
2023-06-18 19:30:00,22.3,1003.55,70.49491809456087,2.34,5.867999999999999,253.0,19.96666666666667,1012.1333333333333,82.33333333333333,9.9,17.5,319.78149854149467
2023-06-18 20:00:00,21.4,1003.95,75.28106500340854,2.232,4.716,232.5,18.766666666666666,1012.1333333333333,85.0,8.933333333333332,16.5,334.6666365779404
2023-06-18 20:30:00,20.700000000000003,1004.3,78.02757976586693,1.836,3.744,235.99999999999997,17.666666666666668,1012.6333333333333,87.0,3.3333333333333335,14.5,325.0
2023-06-18 21:00:00,20.15,1004.45,80.99786754485501,2.016,3.96,249.0,16.400000000000002,1012.9333333333334,88.66666666666667,2.966666666666667,12.9,325.0
2023-06-18 21:30:00,19.549999999999997,1004.7,83.86595407035914,1.4580000000000002,4.464,259.0,15.733333333333334,1012.9,90.0,3.266666666666667,6.4,325.0
2023-06-18 22:00:00,18.85,1004.95,85.80904565632679,0.5940000000000001,1.908,281.0,15.200000000000001,1012.9666666666667,91.0,3.9666666666666663,6.4,297.85433725819877
2023-06-18 22:30:00,17.95,1005.35,88.8970758963529,0.702,1.8,50.49999999999999,14.833333333333334,1013.0,91.33333333333333,4.1000000000000005,6.4,197.0
2023-06-18 23:00:00,17.25,1005.55,91.05317664690135,0.6120000000000001,1.656,3.999999999999994,14.5,1012.9333333333334,92.0,2.9,6.4,197.0
2023-06-18 23:30:00,17.05,1005.6,92.65103265117959,0.8820000000000001,2.4480000000000004,135.5,13.833333333333334,1012.9666666666667,92.33333333333333,3.266666666666666,6.4,197.0
2023-06-19 00:00:00,17.1,1005.8,93.48883597337412,0.9540000000000002,2.592,213.5,14.0,1012.7666666666668,92.66666666666667,1.3,6.4,197.0
2023-06-19 00:30:00,16.700000000000003,1005.7,94.86636548518075,0.5760000000000001,1.332,305.5,13.366666666666667,1012.9333333333334,93.0,5.266666666666667,10.1,226.82910002890569
2023-06-19 01:00:00,16.45,1005.6500000000001,95.1523150491436,1.098,2.664,191.49999999999997,13.299999999999999,1012.8333333333334,93.0,2.1333333333333333,9.7,300.0
2023-06-19 01:30:00,16.200000000000003,1005.5,96.27274119202232,1.098,2.4120000000000004,186.49999999999997,13.133333333333333,1012.8000000000001,93.33333333333333,3.4,13.6,289.3877316638327
2023-06-19 02:00:00,15.45,1005.45,97.52534326832932,0.792,1.476,45.0,14.166666666666666,1012.8666666666667,93.33333333333333,5.6000000000000005,13.6,125.99918694391275
2023-06-19 02:30:00,15.25,1005.5,97.23033098262104,0.8460000000000001,1.872,64.5,14.333333333333334,1012.4666666666667,93.66666666666667,1.9666666666666668,12.9,88.69024166948742
2023-06-19 03:00:00,15.25,1005.6,97.69871894929379,1.0260000000000002,1.872,78.5,14.766666666666666,1012.1333333333333,94.0,2.6,9.7,53.0
2023-06-19 03:30:00,14.850000000000001,1005.5,98.81801274412064,0.792,1.764,70.49999999999999,15.233333333333334,1011.9333333333334,94.0,3.466666666666667,8.0,65.68233462696685
2023-06-19 04:00:00,15.0,1005.45,97.69202533842812,0.9000000000000001,1.62,52.0,14.933333333333332,1011.9666666666667,94.0,3.0666666666666664,8.0,76.0
2023-06-19 04:30:00,15.350000000000001,1005.0999999999999,98.12638362303453,0.684,1.512,1.4999999999999971,14.833333333333334,1012.0666666666666,94.0,4.1000000000000005,8.0,149.71115706769953
2023-06-19 05:00:00,15.5,1004.7,99.31593012224872,0.684,2.088,2.4999999999999836,15.466666666666667,1012.4,94.0,4.866666666666666,9.7,146.01276527436752
2023-06-19 05:30:00,15.55,1004.7,99.82009882864322,1.044,2.0160000000000005,76.50000000000001,16.0,1012.2666666666668,94.0,1.7666666666666666,9.7,95.67345824036954
2023-06-19 06:00:00,15.45,1004.5,99.94918839957904,0.918,2.664,28.500000000000004,16.4,1012.7333333333332,94.0,3.0,8.0,76.66663657794042
2023-06-19 06:30:00,15.149999999999999,1004.7,99.71576759784637,0.8640000000000001,3.708,65.5,16.766666666666666,1012.3000000000001,94.0,4.0,9.7,85.94724130821277
2023-06-19 07:00:00,15.35,1004.7,99.7302989158436,1.116,3.384,37.99999999999999,17.066666666666666,1012.7333333333332,94.33333333333333,4.733333333333333,9.7,326.8655492961097
2023-06-19 07:30:00,15.9,1004.75,99.79402996012837,1.044,3.3120000000000003,65.0,17.2,1012.0333333333333,94.33333333333333,9.4,16.5,62.001558631803015
2023-06-19 08:00:00,16.25,1004.8,99.95533530345719,1.0080000000000002,2.556,13.5,16.966666666666665,1012.1,94.33333333333333,5.266666666666667,17.7,109.11360845721154
2023-06-19 08:30:00,16.65,1005.2,99.56803740256817,0.9540000000000001,2.088,342.5,17.266666666666666,1012.0666666666666,94.33333333333333,3.766666666666667,17.7,99.4716296345198
2023-06-19 09:00:00,16.8,1004.9,99.99201135213262,1.17,4.032000000000001,28.500000000000004,17.466666666666665,1012.4666666666667,94.33333333333333,11.633333333333333,20.7,330.7168721342731
2023-06-19 09:30:00,17.2,1005.0,99.72352289841322,1.08,4.032000000000001,267.0,17.96666666666667,1012.0,94.0,10.666666666666666,20.7,14.226595395273362
2023-06-19 10:00:00,17.1,1004.75,99.92196934509246,1.3860000000000001,5.94,86.0,18.833333333333332,1011.7666666666668,94.0,11.733333333333334,20.7,50.009370530086706
2023-06-19 10:30:00,17.05,1004.9,99.69704829278638,1.4580000000000002,3.852,177.5,19.400000000000002,1011.4,93.0,11.700000000000001,20.0,72.99847470611665
2023-06-19 11:00:00,17.2,1004.55,99.46543741893771,1.584,4.572,124.49999999999999,19.333333333333332,1011.0,93.0,13.566666666666668,22.5,67.33299057813271
2023-06-19 11:30:00,17.700000000000003,1004.3499999999999,99.85972344105768,1.728,5.652,153.0,20.633333333333336,1010.6666666666666,92.33333333333333,14.1,23.8,63.653261325653425
2023-06-19 12:00:00,18.25,1004.75,99.65820663606827,1.098,3.78,59.5,21.833333333333332,1010.1999999999999,90.0,15.200000000000001,23.9,73.6821712428129
2023-06-19 12:30:00,18.2,1004.3,99.90220982377292,1.584,5.364,184.5,22.733333333333334,1009.8666666666667,87.0,12.466666666666667,23.9,79.65036900816081
2023-06-19 13:00:00,18.7,1003.75,99.44989771959138,2.232,7.308,152.5,24.333333333333332,1009.6999999999999,81.66666666666667,10.833333333333334,23.9,117.30817771773786
2023-06-19 13:30:00,19.25,1003.3,99.82136499552331,2.268,7.884,160.50000000000003,24.733333333333334,1009.4666666666667,76.0,10.1,21.7,147.00611516180987
2023-06-19 14:00:00,20.55,1002.65,99.73379222444845,2.6100000000000003,8.28,135.5,25.53333333333333,1009.1666666666666,72.66666666666667,11.333333333333334,19.6,158.6155133823492
2023-06-19 14:30:00,22.1,1002.2,97.87626628134535,2.736,11.088,129.0,26.5,1008.8666666666667,69.66666666666667,6.666666666666667,19.6,150.11733735019823
2023-06-19 15:00:00,23.85,1001.9,91.76584487853172,2.6100000000000003,7.056,114.5,27.099999999999998,1008.3666666666667,65.66666666666667,7.733333333333333,17.7,220.2710528471102
2023-06-19 15:30:00,24.6,1001.9,86.162543501103,2.178,7.308,132.0,27.03333333333333,1008.1333333333333,66.0,11.033333333333333,22.1,211.49706773720203
2023-06-19 16:00:00,24.6,1001.7,83.73526991609367,1.4220000000000002,4.176,174.0,22.8,1008.0666666666666,82.0,13.733333333333334,41.4,208.336088185593
2023-06-19 16:30:00,25.200000000000003,1001.4,78.42574430355471,1.746,5.4,95.5,24.133333333333336,1007.8000000000001,82.66666666666667,6.166666666666667,45.0,182.01468436070476
2023-06-19 17:00:00,25.35,1001.2,81.68419068899226,0.936,3.096,309.0,24.46666666666667,1008.0333333333333,81.0,5.1000000000000005,22.5,153.2731605509321
2023-06-19 17:30:00,24.6,1001.05,88.78200121774678,1.332,13.068,60.5,25.166666666666668,1008.0666666666666,78.33333333333333,3.5,12.9,153.32900957702128
2023-06-19 18:00:00,22.5,1001.2,85.2946160542713,2.232,11.376,52.5,24.566666666666666,1008.1666666666666,80.66666666666667,4.266666666666667,11.3,117.66670428043918
2023-06-19 18:30:00,21.45,1001.0,87.17094265796831,2.124,9.18,28.499999999999996,23.900000000000002,1008.1999999999999,83.0,2.2666666666666666,9.7,115.66667042747102
2023-06-19 19:00:00,22.049999999999997,1000.9,90.35882959232765,1.548,5.004,51.0,23.8,1008.3666666666667,85.66666666666667,2.233333333333333,6.4,115.0
2023-06-19 19:30:00,22.6,1000.95,89.70962910051747,1.4940000000000002,3.168,51.0,23.066666666666666,1008.3666666666667,86.66666666666667,4.233333333333333,11.3,108.66415962311856
2023-06-19 20:00:00,22.549999999999997,1001.1,88.02991067051065,2.088,7.956,56.5,21.900000000000002,1008.5,87.33333333333333,5.433333333333334,11.3,120.33835425574985
2023-06-19 20:30:00,21.8,1001.1,89.75346874627347,1.44,3.924,67.0,21.099999999999998,1008.7666666666668,88.66666666666667,3.1333333333333333,11.3,110.3330925501716
2023-06-19 21:00:00,21.299999999999997,1001.25,92.67052370529947,1.6019999999999999,4.176,77.5,20.666666666666668,1008.9333333333334,90.33333333333333,0.8666666666666667,9.7,109.0
2023-06-19 21:30:00,20.799999999999997,1001.4,94.11394352472249,1.548,5.5440000000000005,82.50000000000001,20.966666666666665,1008.8666666666667,91.0,3.5666666666666664,6.4,109.0
2023-06-19 22:00:00,20.25,1001.4,95.3365668388131,1.4580000000000002,3.132,77.0,20.9,1008.8666666666667,91.33333333333333,1.4666666666666668,6.4,109.0
2023-06-19 22:30:00,19.75,1001.6,96.51095181545965,1.53,2.592,75.5,20.5,1008.6333333333333,92.0,3.4333333333333336,6.4,109.0
2023-06-19 23:00:00,19.75,1001.8499999999999,96.85681011515123,1.0980000000000003,2.772,78.0,19.466666666666665,1008.7000000000002,92.33333333333333,2.033333333333333,6.4,109.0
2023-06-19 23:30:00,20.15,1001.8,96.90379966167637,1.62,5.760000000000001,86.0,18.766666666666666,1008.8000000000001,93.0,0.26666666666666666,6.4,109.0
2023-06-20 00:00:00,20.5,1001.6,96.01640015927373,1.332,4.824000000000001,117.50000000000001,18.233333333333334,1009.1,93.33333333333333,3.5666666666666664,6.4,127.28709870852124
2023-06-20 00:30:00,20.799999999999997,1001.45,92.91821296692791,1.53,8.928,266.5,18.866666666666667,1009.1,94.0,3.4,8.0,192.6669074498284
2023-06-20 01:00:00,20.45,1001.45,92.21638279520661,1.26,5.148,220.0,19.166666666666668,1008.8666666666667,94.0,2.3333333333333335,8.0,193.99999999999997
2023-06-20 01:30:00,19.35,1001.45,95.99715056254318,1.0619999999999998,2.3400000000000003,73.0,19.233333333333334,1008.3000000000001,94.0,5.5,14.5,148.06068511454745
2023-06-20 02:00:00,19.0,1001.7,96.68273662738572,1.1520000000000001,2.4480000000000004,99.5,19.233333333333334,1008.7000000000002,94.0,4.466666666666667,14.5,158.61350362312837
2023-06-20 02:30:00,19.1,1002.0,96.69320615550646,0.8640000000000001,3.384,162.50000000000003,19.266666666666666,1008.9333333333334,94.0,6.366666666666667,14.5,221.01574851103732
2023-06-20 03:00:00,19.5,1001.95,96.01301802678664,1.26,2.8800000000000003,155.5,19.033333333333335,1009.6999999999999,94.0,15.166666666666666,32.6,274.3432288401333
2023-06-20 03:30:00,19.15,1001.55,97.06873145865455,1.35,2.484,115.0,18.233333333333334,1009.4,94.0,13.5,32.6,194.06598712444173
2023-06-20 04:00:00,19.200000000000003,1001.2,96.45462886399895,1.44,3.132,105.5,18.1,1009.5666666666666,94.0,10.5,32.6,169.64601581062567
2023-06-20 04:30:00,19.35,1001.5,96.04414499810915,1.0260000000000002,3.3480000000000003,340.5,17.866666666666664,1009.6,94.0,6.633333333333333,17.6,196.69924004118562
2023-06-20 05:00:00,19.35,1001.6500000000001,96.73493852489497,0.99,2.4480000000000004,79.5,17.733333333333334,1009.3000000000001,94.0,4.3999999999999995,14.5,224.33332957252898
2023-06-20 05:30:00,19.45,1002.5,96.3109518170222,2.268,7.452,229.0,17.766666666666666,1009.2333333333332,94.0,3.0,12.9,152.22421228711187
2023-06-20 06:00:00,19.35,1002.65,95.05996274350396,1.548,3.708,196.49999999999997,18.333333333333332,1009.1999999999999,94.66666666666667,5.3999999999999995,9.7,193.3131693036207
2023-06-20 06:30:00,18.450000000000003,1002.4000000000001,97.26040855801938,0.8460000000000001,2.4120000000000004,131.0,19.066666666666666,1009.3666666666667,95.0,3.4,9.7,221.6669074498284
2023-06-20 07:00:00,18.0,1002.25,98.18365315999901,0.936,2.3760000000000003,159.0,19.166666666666668,1010.1,95.0,6.5,13.0,229.6650091359808
2023-06-20 07:30:00,17.85,1002.1500000000001,98.5478477129726,1.6740000000000002,4.752000000000001,91.50000000000001,19.333333333333332,1010.5,94.33333333333333,4.733333333333333,12.9,221.33109155785016
2023-06-20 08:00:00,17.4,1001.8,99.66294636580581,1.476,2.988,276.0,19.633333333333333,1010.6999999999999,94.33333333333333,5.0,12.9,234.66670428043915
2023-06-20 08:30:00,17.85,1001.95,100.0,1.062,3.06,188.0,19.8,1010.9333333333334,94.0,4.666666666666667,11.3,208.56775877803508
2023-06-20 09:00:00,18.35,1002.65,99.89908249696515,1.1340000000000001,3.096,282.5,20.03333333333333,1010.9,94.0,2.8333333333333335,11.3,186.99999999999997
2023-06-20 09:30:00,18.45,1003.05,99.26357963078462,1.2600000000000002,5.04,251.0,20.400000000000002,1010.9,94.0,3.966666666666667,11.3,244.12605351317262
2023-06-20 10:00:00,18.3,1003.45,99.32270922930937,0.9540000000000002,5.148,202.49999999999997,20.23333333333333,1011.4,93.66666666666667,9.266666666666666,18.8,181.89712173776962
2023-06-20 10:30:00,18.5,1003.6,98.90703108522254,1.062,3.744,239.5,19.066666666666666,1011.7333333333332,93.66666666666667,17.26666666666667,26.4,179.92550941525553
2023-06-20 11:00:00,18.65,1003.6500000000001,98.07639014299477,0.972,2.8440000000000003,153.0,18.866666666666664,1010.9666666666667,94.0,7.0,26.4,201.40343396338034
2023-06-20 11:30:00,18.299999999999997,1003.9,99.1078156680004,1.26,3.456,120.49999999999999,19.433333333333334,1010.7666666666668,94.0,5.233333333333333,25.7,292.45080366487144
2023-06-20 12:00:00,18.2,1004.1500000000001,99.34989328769365,1.53,4.788,319.0,19.96666666666667,1011.4666666666667,94.0,9.866666666666667,14.0,284.0061151618099
2023-06-20 12:30:00,18.25,1004.5,99.63473315135957,1.404,6.012,260.0,20.333333333333332,1011.7333333333332,94.0,7.066666666666667,14.5,218.71867354892808
2023-06-20 13:00:00,18.3,1004.3,99.63175547631296,1.9440000000000002,9.18,315.5,20.400000000000002,1011.7999999999998,93.66666666666667,10.366666666666667,19.5,224.33109155785016
2023-06-20 13:30:00,18.5,1003.3,99.46871825360748,1.6560000000000001,4.356,163.0,20.0,1011.9333333333334,93.33333333333333,10.9,19.5,242.6764930136725
2023-06-20 14:00:00,18.65,1003.6,99.28287900957991,1.53,5.796,235.5,20.166666666666668,1011.9666666666667,94.0,11.366666666666667,19.5,271.3332957195608
2023-06-20 14:30:00,19.75,1004.3,99.59236642453212,1.9979999999999998,9.144,295.0,19.7,1012.2333333333332,94.0,17.133333333333333,25.4,285.3322789431635
2023-06-20 15:00:00,20.15,1004.3,98.79236640707666,2.4480000000000004,6.444,11.499999999999996,20.666666666666668,1012.3000000000001,93.0,13.733333333333334,25.4,295.9993901614561
2023-06-20 15:30:00,19.950000000000003,1004.4,97.72002300806737,2.412,12.204,288.5,21.400000000000002,1012.2666666666668,92.0,11.799999999999999,25.4,301.9993901614561
2023-06-20 16:00:00,19.7,1004.5,98.64028157708037,1.836,5.292,235.5,21.866666666666664,1012.4666666666667,89.0,14.266666666666666,22.2,298.0006098385439
2023-06-20 16:30:00,20.4,1004.4,99.32098049858904,1.728,5.22,228.5,21.566666666666663,1012.3333333333334,86.0,16.76666666666667,23.9,297.0001015623428
2023-06-20 17:00:00,20.1,1004.6,97.59515355907878,2.79,6.372,240.99999999999997,21.566666666666666,1012.5,84.33333333333333,13.866666666666667,23.9,300.0
2023-06-20 17:30:00,19.1,1004.6,99.82109533797652,2.052,6.912,241.0,21.46666666666667,1012.5333333333333,84.33333333333333,16.066666666666666,24.7,317.0
2023-06-20 18:00:00,20.049999999999997,1004.75,99.08631308163791,1.908,3.852,242.0,20.966666666666665,1013.0666666666666,84.0,14.200000000000001,24.7,310.0006098385439
2023-06-20 18:30:00,20.4,1004.9,99.94523894407331,1.4580000000000002,4.068,242.0,20.666666666666668,1013.2666666666668,82.66666666666667,14.533333333333333,24.7,317.0001015623428
2023-06-20 19:00:00,20.15,1004.95,99.42539270665274,1.476,3.636,238.0,19.866666666666667,1013.5,82.66666666666667,13.733333333333334,19.1,313.6661962795516
2023-06-20 19:30:00,20.25,1005.1,98.53937769042847,1.296,3.096,250.0,19.099999999999998,1013.6333333333333,86.33333333333333,10.166666666666666,19.1,316.3394225313758
2023-06-20 20:00:00,20.299999999999997,1005.35,95.50583284179669,1.1520000000000001,3.024,244.5,18.46666666666667,1013.7666666666668,88.33333333333333,9.166666666666666,17.6,316.33526194922297
2023-06-20 20:30:00,20.0,1005.75,95.5202746176927,1.476,2.952,253.0,17.733333333333334,1014.3666666666667,89.66666666666667,7.433333333333334,14.2,297.977885764264
2023-06-20 21:00:00,19.549999999999997,1005.95,95.73613530492364,1.296,3.204,255.0,17.0,1014.6666666666666,91.33333333333333,5.1000000000000005,12.9,292.0
2023-06-20 21:30:00,19.0,1006.1500000000001,95.17765241062574,1.44,3.456,254.5,16.366666666666667,1014.9666666666667,92.0,5.0,13.3,300.27362599337715
2023-06-20 22:00:00,18.2,1006.3499999999999,94.03152864672211,1.206,2.268,260.5,15.933333333333335,1015.1333333333333,93.0,3.9000000000000004,13.3,317.31782875718704
2023-06-20 22:30:00,17.35,1006.8,96.33191819497516,0.7380000000000001,1.764,93.50000000000001,15.6,1015.4,93.0,5.533333333333334,11.4,316.32503546806765
2023-06-20 23:00:00,17.4,1007.1500000000001,95.45147847612324,1.368,2.664,253.0,15.366666666666667,1015.6333333333333,93.66666666666667,8.233333333333333,11.3,320.6731989365752
2023-06-20 23:30:00,17.299999999999997,1007.4,96.7664206927263,1.026,2.16,257.0,15.200000000000001,1015.6999999999999,94.0,1.4333333333333333,11.3,311.99999999999994
2023-06-21 00:00:00,17.1,1007.6,96.97179526190385,1.2240000000000002,3.96,265.0,14.466666666666667,1015.8333333333334,94.0,1.9333333333333333,8.0,311.99999999999994
2023-06-21 00:30:00,16.700000000000003,1007.8,98.25520258025024,0.756,1.656,265.0,14.266666666666666,1016.1666666666666,94.0,2.2666666666666666,6.4,311.99999999999994
2023-06-21 01:00:00,16.4,1008.1500000000001,98.2433545272485,0.72,1.368,284.5,14.266666666666666,1016.2000000000002,94.0,3.3333333333333335,4.8,311.99999999999994
2023-06-21 01:30:00,16.0,1008.2,98.77270309938439,0.504,1.2240000000000002,315.5,13.6,1016.0333333333333,94.0,2.1,4.8,311.99999999999994
2023-06-21 02:00:00,15.850000000000001,1008.2,98.39370100180815,0.54,1.368,276.5,13.266666666666666,1016.0666666666666,95.0,3.633333333333333,6.4,311.99999999999994
2023-06-21 02:30:00,15.45,1008.4,99.66380067711569,0.41400000000000003,1.2240000000000002,344.5,13.866666666666667,1016.0666666666666,95.0,5.633333333333333,8.0,324.6926997865446
2023-06-21 03:00:00,15.45,1008.6500000000001,99.15309952585014,0.684,1.404,281.5,14.466666666666667,1016.1666666666666,95.0,4.633333333333334,8.0,333.664738050777
2023-06-21 03:30:00,15.2,1008.5,99.83998587927076,0.558,1.116,289.5,15.333333333333334,1016.3333333333334,95.0,9.5,10.7,4.6704369446976814
2023-06-21 04:00:00,15.0,1008.3499999999999,99.10011047453204,0.522,1.368,306.5,15.066666666666668,1016.6333333333333,95.0,7.7,12.9,19.795715793434013
2023-06-21 04:30:00,15.3,1008.3499999999999,98.61206427706266,0.72,1.512,269.5,15.066666666666668,1016.8666666666667,95.0,5.966666666666666,12.9,77.66690744982839
2023-06-21 05:00:00,15.4,1008.6,99.5849831181373,0.5940000000000001,1.4400000000000002,358.0,14.866666666666667,1016.9,95.0,4.166666666666667,11.3,78.00010156234282
2023-06-21 05:30:00,15.2,1008.7,100.0,0.522,1.368,348.5,15.466666666666667,1016.9666666666667,95.0,3.633333333333333,8.0,69.99847470611665
2023-06-21 06:00:00,15.3,1009.05,99.82376860181694,0.6480000000000001,1.656,14.499999999999986,16.766666666666666,1016.9,95.0,6.333333333333333,12.9,52.29579555594325
2023-06-21 06:30:00,15.2,1009.3,99.929697178285,0.6120000000000001,1.116,348.0,17.833333333333332,1017.2666666666668,95.0,8.799999999999999,13.9,58.33431218602842
2023-06-21 07:00:00,15.149999999999999,1009.45,99.90075242629757,0.5940000000000001,1.152,329.5,18.566666666666666,1017.4,94.33333333333333,10.799999999999999,16.1,53.66636559597269
2023-06-21 07:30:00,15.149999999999999,1009.3,99.93135435940444,0.54,1.296,85.0,19.333333333333332,1017.3666666666667,92.0,12.1,19.7,52.66500571621619
2023-06-21 08:00:00,16.0,1009.4,99.83868231141608,1.44,5.22,120.00000000000001,20.066666666666666,1017.3333333333334,87.66666666666667,11.166666666666666,19.7,44.001017017682585
2023-06-21 08:30:00,16.5,1009.4,99.73187108062099,1.242,4.788,124.0,21.3,1017.4,78.66666666666667,10.299999999999999,19.1,64.00010156234282
2023-06-21 09:00:00,17.7,1009.6,99.61569166597184,2.0340000000000003,6.66,199.00000000000003,22.2,1017.1333333333333,69.66666666666667,13.266666666666666,20.3,22.665687813971584
2023-06-21 09:30:00,18.950000000000003,1009.45,97.3280340062002,2.5020000000000002,8.496,218.49999999999997,22.866666666666664,1017.1333333333333,65.33333333333333,12.533333333333331,26.5,42.6668737000967
2023-06-21 10:00:00,20.1,1009.45,89.99867840940209,2.7720000000000002,10.98,160.5,23.566666666666666,1017.2666666666668,64.0,11.1,26.5,49.98649713764775
2023-06-21 10:30:00,21.15,1009.3,84.30822922609863,2.682,9.144,135.0,24.333333333333332,1017.1666666666666,60.666666666666664,10.133333333333333,25.3,74.47086853780807
2023-06-21 11:00:00,21.85,1009.2,79.70598127472184,2.9699999999999998,12.6,152.5,24.099999999999998,1017.0333333333333,58.666666666666664,8.166666666666666,21.0,100.0064297614647
2023-06-21 11:30:00,22.65,1009.2,75.3812763019186,3.294,10.116,150.0,24.733333333333334,1017.1666666666666,55.666666666666664,7.1000000000000005,18.7,104.66717930710007
2023-06-21 12:00:00,23.15,1009.3,67.88698510755202,3.384,9.144,145.0,24.833333333333332,1017.0666666666666,59.0,7.033333333333332,15.6,102.32680106342481
2023-06-21 12:30:00,23.55,1009.4,67.44143110791869,2.556,8.46,124.49999999999999,24.900000000000002,1017.0333333333333,57.666666666666664,5.733333333333333,16.1,93.70645757364878
2023-06-21 13:00:00,23.85,1009.3499999999999,68.65958564364945,2.124,6.66,145.5,25.2,1016.6666666666666,56.666666666666664,5.033333333333334,16.1,81.66663657794041
2023-06-21 13:30:00,23.75,1009.3499999999999,69.91155040399013,2.178,7.776000000000001,165.49999999999997,25.766666666666666,1016.4666666666667,58.333333333333336,5.733333333333333,16.1,75.52227528147692
2023-06-21 14:00:00,23.4,1009.6500000000001,71.75887781530649,1.116,4.032000000000001,277.0,26.03333333333333,1016.0333333333333,55.666666666666664,11.566666666666668,23.3,48.346738674346575
2023-06-21 14:30:00,23.1,1009.55,73.43068140719512,1.62,5.5440000000000005,228.5,25.866666666666664,1015.9333333333334,56.0,9.466666666666667,23.3,44.321929978758945
2023-06-21 15:00:00,22.95,1009.4,72.40647474242365,1.782,5.472,221.5,25.933333333333334,1015.8333333333334,57.0,9.0,23.3,39.933467931728394
2023-06-21 15:30:00,23.299999999999997,1009.2,72.49963255965586,1.8,6.912,238.0,25.866666666666664,1015.4666666666667,55.0,16.46666666666667,23.2,17.666704280439173
2023-06-21 16:00:00,23.549999999999997,1008.85,70.0787992065741,1.9980000000000002,6.803999999999999,185.99999999999997,25.866666666666664,1015.5333333333333,55.0,14.166666666666666,23.2,35.002442146058144
2023-06-21 16:30:00,25.15,1008.3,66.11918698759101,2.9699999999999998,9.648,205.5,24.433333333333334,1015.5,64.33333333333333,13.566666666666668,22.9,326.9834028662407
2023-06-21 17:00:00,25.1,1008.4,65.5670677086196,2.5380000000000003,12.132,216.0,25.0,1015.1333333333333,63.333333333333336,12.033333333333333,20.9,344.33674022881854
2023-06-21 17:30:00,25.2,1008.1500000000001,64.7664232654526,2.7540000000000004,11.34,203.5,26.0,1014.9333333333334,55.333333333333336,14.799999999999999,22.7,25.0
2023-06-21 18:00:00,25.450000000000003,1008.05,64.08237393128078,2.3760000000000003,5.976,217.99999999999997,26.0,1014.9,57.0,15.633333333333333,23.3,22.669080381474085
2023-06-21 18:30:00,25.1,1008.05,65.03647609069225,2.1420000000000003,8.424,204.5,25.5,1014.6,57.666666666666664,15.733333333333334,24.1,20.0
2023-06-21 19:00:00,24.75,1007.8499999999999,65.41350216102603,2.2140000000000004,8.604000000000001,205.0,24.733333333333334,1014.6666666666666,60.0,12.233333333333334,24.1,32.667246271919
2023-06-21 19:30:00,24.55,1007.7,66.26566102682989,2.016,5.58,201.99999999999997,23.933333333333334,1014.6666666666666,62.0,10.966666666666667,20.6,31.333126299903302
2023-06-21 20:00:00,24.75,1007.5,65.36902446318238,2.16,8.604000000000001,190.49999999999997,22.933333333333334,1014.9666666666667,65.66666666666667,8.033333333333333,16.1,32.00213932592389
2023-06-21 20:30:00,24.7,1007.45,63.95840662407895,1.908,5.6160000000000005,208.00000000000003,22.866666666666664,1015.2666666666668,67.0,7.0,16.1,32.333329572528974
2023-06-21 21:00:00,23.450000000000003,1007.5,72.32232305776193,1.242,4.104,93.5,22.566666666666666,1015.1999999999999,67.66666666666667,10.266666666666667,13.3,34.33329571956084
2023-06-21 21:30:00,22.049999999999997,1007.5,79.54044810476154,1.044,2.3760000000000003,78.49999999999999,21.866666666666664,1015.0666666666666,70.0,9.766666666666667,13.5,14.37250325630939
2023-06-21 22:00:00,21.1,1007.75,83.64553359568302,1.044,2.124,89.0,21.566666666666666,1015.1333333333333,73.0,9.766666666666667,13.5,10.003564454296464
2023-06-21 22:30:00,20.6,1008.1500000000001,84.0842315150563,0.9900000000000001,2.052,84.0,21.3,1015.0666666666666,74.33333333333333,8.866666666666667,13.5,358.6667720173256
2023-06-21 23:00:00,20.049999999999997,1008.3,85.40067699840408,0.756,1.548,69.5,21.166666666666668,1014.9666666666667,76.66666666666667,13.733333333333334,22.3,344.3322789431635
2023-06-21 23:30:00,19.6,1008.0,87.22029657113474,1.026,2.088,83.5,20.166666666666668,1014.7999999999998,79.0,15.9,22.4,348.6593983425343
2023-06-22 00:00:00,19.65,1007.9,88.2389137542463,0.792,1.512,79.5,19.8,1014.7333333333332,81.66666666666667,10.9,22.4,13.001525293883349
2023-06-22 00:30:00,19.7,1007.8,88.24906816889413,0.7560000000000002,1.944,62.50000000000001,19.2,1014.7333333333332,85.0,11.533333333333333,21.6,345.332753728081
2023-06-22 01:00:00,19.65,1007.6,88.00050485920161,0.9000000000000001,2.664,81.00000000000001,18.8,1014.1999999999999,87.0,12.533333333333331,21.6,356.6635154357699
2023-06-22 01:30:00,19.6,1007.5,88.60126633338191,0.738,2.124,45.0,18.633333333333336,1014.1,87.0,12.366666666666667,21.6,8.666128215596729
2023-06-22 02:00:00,19.55,1007.3499999999999,86.59202170746183,0.918,5.328,61.49999999999999,18.433333333333334,1014.2333333333332,88.0,9.566666666666666,21.6,8.666365595972694
2023-06-22 02:30:00,19.5,1007.1500000000001,86.97040808584084,0.9720000000000002,2.484,72.5,18.333333333333332,1014.2999999999998,88.33333333333333,6.3,16.1,313.6667720173256
2023-06-22 03:00:00,19.4,1006.8499999999999,85.62559722422179,1.1520000000000001,2.8800000000000003,293.0,18.066666666666666,1014.5,89.66666666666667,2.233333333333333,12.9,308.3332957195608
2023-06-22 03:30:00,18.950000000000003,1006.6500000000001,86.62364300750835,1.512,4.716,236.5,18.166666666666668,1015.0666666666666,91.0,9.966666666666667,18.3,293.081630016242
2023-06-22 04:00:00,18.5,1006.75,88.79058462246519,1.2240000000000002,3.672,149.0,18.233333333333334,1015.3666666666667,91.0,11.966666666666667,20.0,334.3513679197887
2023-06-22 04:30:00,18.25,1007.0,90.66832954890776,0.43200000000000005,1.2240000000000002,316.5,18.1,1015.5,91.66666666666667,11.066666666666668,20.0,352.0021393259239
2023-06-22 05:00:00,18.0,1007.1500000000001,93.07456596887008,0.9000000000000001,1.8,80.5,17.966666666666665,1015.8000000000001,92.0,9.233333333333333,20.0,15.003675836412333
2023-06-22 05:30:00,17.8,1007.4,93.68669270926014,0.702,1.26,64.0,17.833333333333332,1016.0666666666666,92.33333333333333,7.766666666666666,16.2,28.66653499840579
2023-06-22 06:00:00,17.85,1007.6,94.27241656674664,0.774,2.052,55.0,17.9,1016.3333333333334,93.0,10.299999999999999,15.0,39.65677115986673
2023-06-22 06:30:00,17.8,1007.9,95.18312849225697,1.1520000000000001,4.572,236.5,18.0,1016.7333333333332,93.0,6.966666666666666,15.0,45.99989843765719
2023-06-22 07:00:00,17.55,1008.4,97.06962316378366,1.08,5.867999999999999,209.0,18.3,1016.9,93.0,2.733333333333333,14.5,342.0434848186787
2023-06-22 07:30:00,17.4,1008.7,97.79122214989219,1.4040000000000001,5.796,240.99999999999997,18.733333333333334,1017.0,93.0,4.566666666666666,9.7,353.37892657123126
2023-06-22 08:00:00,17.35,1008.9,98.48042296709508,1.242,4.392,183.5,19.066666666666666,1017.1999999999999,93.0,9.066666666666666,13.0,323.3326164881278
2023-06-22 08:30:00,17.35,1009.2,99.16034138913653,1.476,4.176,199.49999999999997,19.566666666666666,1017.3666666666667,93.0,11.133333333333333,15.5,320.33332957252895
2023-06-22 09:00:00,17.55,1009.3,99.77532416428862,0.756,2.088,322.0,20.7,1017.6,92.33333333333333,10.266666666666666,15.5,320.00152529388333
2023-06-22 09:30:00,17.85,1009.3,99.82357067516874,0.72,1.4400000000000002,246.0,22.233333333333334,1017.9666666666667,89.33333333333333,11.566666666666668,18.2,324.66670428043915
2023-06-22 10:00:00,18.05,1009.4,99.95179065463917,1.008,2.664,280.0,23.333333333333332,1018.4333333333334,81.66666666666667,14.200000000000001,25.5,343.6486320802113
2023-06-22 10:30:00,18.25,1009.5,99.92045556541564,1.35,3.996,262.5,23.53333333333333,1018.8000000000001,76.66666666666667,13.9,25.5,335.9975578539418
2023-06-22 11:00:00,18.45,1009.75,99.7357682915324,1.602,3.168,256.0,25.0,1018.8666666666667,72.66666666666667,11.166666666666666,22.8,350.3332279826744
2023-06-22 11:30:00,18.9,1010.3,99.91333194418644,1.3860000000000001,4.6080000000000005,259.0,25.566666666666666,1018.7666666666668,68.0,14.799999999999999,28.4,333.0
2023-06-22 12:00:00,20.200000000000003,1010.6500000000001,99.59973276558432,2.178,7.488,250.5,26.066666666666666,1018.9333333333334,65.66666666666667,15.433333333333332,28.4,329.667246271919
2023-06-22 12:30:00,20.95,1011.0,99.07688598859266,2.1060000000000003,9.036,218.0,25.900000000000002,1019.1999999999999,67.0,15.166666666666666,28.4,320.6665349984058
2023-06-22 13:00:00,21.9,1011.1500000000001,94.98227065885274,2.1240000000000006,7.092,234.5,25.733333333333334,1019.2666666666668,68.66666666666667,17.633333333333333,31.2,280.31312748020673
2023-06-22 13:30:00,22.9,1011.1,89.2409852003648,2.43,8.496,232.5,25.96666666666667,1019.3666666666667,67.33333333333333,16.666666666666668,31.2,302.65903520218757
2023-06-22 14:00:00,23.7,1011.2,85.70289652774966,2.466,7.704000000000001,244.5,26.833333333333332,1019.5666666666666,66.33333333333333,19.8,29.5,302.33417736024785
2023-06-22 14:30:00,23.549999999999997,1011.55,82.84094729512941,2.34,9.612,222.5,26.46666666666667,1019.7666666666668,67.0,21.566666666666666,49.8,295.666670427471
2023-06-22 15:00:00,24.549999999999997,1011.75,78.960332174676,2.412,10.944,213.0,26.400000000000002,1020.1,65.33333333333333,23.133333333333336,49.8,303.33336342205956
2023-06-22 15:30:00,25.4,1011.7,75.09683869635828,2.8979999999999997,8.064000000000002,208.49999999999997,25.366666666666664,1020.5,65.33333333333333,25.03333333333333,49.8,308.3332279826744
2023-06-22 16:00:00,26.049999999999997,1011.9,71.27998835108104,2.502,8.676,205.5,24.566666666666666,1020.7333333333332,67.66666666666667,22.2,36.6,305.9996952201138
2023-06-22 16:30:00,25.799999999999997,1012.1500000000001,70.39735285579333,2.484,7.776000000000001,216.5,23.7,1020.9,70.33333333333333,25.833333333333332,37.3,294.3310915578502
2023-06-22 17:00:00,24.25,1012.75,76.06341307600522,1.8900000000000001,6.588,185.99999999999997,24.03333333333333,1021.2333333333332,69.66666666666667,26.46666666666667,38.8,297.0003047798862
2023-06-22 17:30:00,21.95,1013.2,89.31006267572062,1.026,2.772,215.49999999999997,23.433333333333334,1021.5,68.33333333333333,24.933333333333334,38.8,297.3338037204484
2023-06-22 18:00:00,22.35,1013.25,89.39692318683909,1.494,5.796,245.0,23.099999999999998,1021.7333333333332,69.0,22.8,38.4,295.33309255017156
2023-06-22 18:30:00,22.75,1013.4,84.33200657452713,1.8,3.708,254.0,22.366666666666664,1021.9333333333334,73.0,20.833333333333332,33.7,293.6665349984058
2023-06-22 19:00:00,22.549999999999997,1013.7,81.120455571077,1.9800000000000002,4.104,246.0,21.166666666666668,1022.1666666666666,76.33333333333333,16.566666666666666,32.1,298.3322789431635
2023-06-22 19:30:00,22.299999999999997,1014.05,79.34041370449498,2.178,4.176,235.5,20.099999999999998,1022.5,79.66666666666667,13.366666666666665,27.9,298.33237777578915
2023-06-22 20:00:00,22.6,1014.25,76.52668970220972,2.2140000000000004,4.680000000000001,238.0,19.433333333333334,1022.7666666666668,81.66666666666667,15.233333333333334,24.3,290.66670428043915
2023-06-22 20:30:00,22.4,1014.45,75.85594281086706,1.9260000000000002,4.32,239.0,18.866666666666667,1023.1666666666666,83.0,11.533333333333333,19.2,305.33329571956085
2023-06-22 21:00:00,21.95,1014.7,76.02177648053674,2.286,4.5360000000000005,243.5,18.2,1023.3666666666667,85.0,12.4,19.2,302.33336342205956
2023-06-22 21:30:00,21.0,1015.05,79.95967367272584,1.8719999999999999,3.204,242.5,17.900000000000002,1023.7999999999998,86.66666666666667,12.066666666666668,15.1,302.667246271919
2023-06-22 22:00:00,20.0,1015.3499999999999,83.72562716422155,1.368,3.024,236.5,17.166666666666668,1023.7666666666668,88.0,11.166666666666666,15.1,302.0001015623428
2023-06-22 22:30:00,19.35,1015.8,85.93857206540179,1.746,3.06,230.0,16.566666666666666,1024.0,89.33333333333333,8.766666666666666,15.1,314.0024421460581
2023-06-22 23:00:00,18.75,1015.95,87.2934647572137,1.62,2.736,238.49999999999997,15.766666666666666,1024.1666666666667,90.66666666666667,5.866666666666667,12.9,316.0
2023-06-22 23:30:00,18.299999999999997,1016.2,88.19750478794268,1.5299999999999998,2.592,240.99999999999997,15.233333333333334,1024.1666666666667,91.33333333333333,6.599999999999999,11.3,312.67043694469766
2023-06-23 00:00:00,17.9,1016.4,89.56446341285505,1.44,2.628,243.5,14.800000000000002,1024.1,92.0,5.233333333333333,9.7,294.33204180384405
2023-06-23 00:30:00,17.4,1016.55,91.57752936015609,0.81,2.664,242.5,14.666666666666666,1024.2333333333333,92.33333333333333,4.633333333333334,9.7,292.0
2023-06-23 01:00:00,17.1,1016.6500000000001,92.3577079239993,0.81,1.692,246.0,14.300000000000002,1024.3333333333333,93.0,8.833333333333334,12.1,299.66449361619107
2023-06-23 01:30:00,16.85,1016.7,92.84221032791068,1.278,2.16,251.5,14.4,1024.2666666666667,93.0,10.966666666666667,12.6,296.9984747061166
2023-06-23 02:00:00,16.65,1016.6500000000001,93.58100808198047,1.476,2.4480000000000004,250.99999999999997,14.433333333333332,1024.3,93.33333333333333,3.9,12.9,292.0
2023-06-23 02:30:00,16.45,1016.6,94.80553999592031,1.3860000000000001,2.3400000000000003,243.99999999999994,14.133333333333333,1024.3666666666666,94.0,2.8333333333333335,11.3,292.0
2023-06-23 03:00:00,16.15,1016.7,95.27160905494279,1.044,2.268,250.0,13.299999999999999,1024.6333333333334,94.0,4.3,6.4,292.0
2023-06-23 03:30:00,15.8,1016.8499999999999,95.67158645394665,0.81,1.764,275.5,13.266666666666666,1024.5666666666666,94.0,3.6,6.4,292.0
2023-06-23 04:00:00,15.65,1016.75,96.20487520326441,0.8640000000000001,1.836,275.5,13.433333333333332,1024.5333333333333,94.0,3.8333333333333335,6.4,292.0
2023-06-23 04:30:00,15.45,1016.7,96.84507700033211,0.7200000000000001,1.512,268.5,12.966666666666667,1024.8666666666668,94.0,4.0,6.4,295.667246271919
2023-06-23 05:00:00,15.4,1017.0,96.64172536744344,0.6480000000000001,1.512,269.5,13.433333333333332,1025.0,94.0,2.966666666666667,6.4,298.0
2023-06-23 05:30:00,15.25,1017.0,97.28970355325444,0.5940000000000001,1.584,275.0,15.166666666666666,1025.1666666666667,94.66666666666667,3.4,9.7,301.66164574425017
2023-06-23 06:00:00,15.2,1016.95,97.74642746148896,0.666,1.548,270.0,17.8,1025.3666666666666,95.0,7.533333333333334,12.9,334.664738050777
2023-06-23 06:30:00,15.05,1017.1500000000001,98.40241640349308,0.54,1.368,12.999999999999995,18.433333333333334,1025.6666666666667,95.0,8.700000000000001,14.3,339.33332957252895
2023-06-23 07:00:00,15.3,1017.3,98.18232620548562,0.6300000000000001,1.368,272.0,19.366666666666667,1025.8333333333333,94.0,7.933333333333334,14.5,326.26412191460906
2023-06-23 07:30:00,15.55,1017.5,99.7154239694784,0.6300000000000001,1.584,254.5,20.599999999999998,1025.7333333333333,92.33333333333333,10.1,16.3,318.0
2023-06-23 08:00:00,15.95,1017.75,99.8697870239824,0.9,1.728,266.5,21.766666666666666,1025.5333333333333,87.0,6.833333333333333,16.3,327.6658226397521
2023-06-23 08:30:00,16.5,1017.8,99.50972467090692,0.9179999999999999,1.944,289.5,23.066666666666666,1025.5666666666666,76.0,7.6000000000000005,16.1,339.35719584069517
2023-06-23 09:00:00,17.55,1017.9,99.65292560000549,1.0980000000000003,2.988,279.0,23.733333333333334,1025.6666666666667,66.66666666666667,9.200000000000001,14.0,332.3571958406951
2023-06-23 09:30:00,19.200000000000003,1017.8499999999999,98.71330816475546,1.2060000000000002,3.888,284.0,24.333333333333332,1025.6666666666667,64.0,7.866666666666667,17.7,335.2348627233936
2023-06-23 10:00:00,20.75,1017.75,92.45006111474396,1.3860000000000001,3.816,268.0,24.933333333333334,1025.6333333333332,61.0,6.533333333333334,17.7,328.9579852328853
2023-06-23 10:30:00,22.15,1017.55,83.76917581932,1.512,4.5360000000000005,270.5,25.7,1025.6000000000001,57.333333333333336,7.466666666666666,17.7,293.9515034761171
2023-06-23 11:00:00,23.450000000000003,1017.6,77.54817577039138,1.512,3.744,251.0,26.0,1025.4666666666667,57.333333333333336,8.366666666666667,28.9,304.2323709099108
2023-06-23 11:30:00,24.299999999999997,1017.8,73.83713153997516,1.818,5.076,260.5,26.599999999999998,1025.3333333333333,57.333333333333336,16.599999999999998,38.4,298.0
2023-06-23 12:00:00,24.85,1017.8,69.70508367302739,1.854,4.5,240.0,26.766666666666666,1025.2333333333333,55.666666666666664,16.133333333333333,38.4,293.3227271916881
2023-06-23 12:30:00,25.75,1017.7,67.35558778742987,1.9620000000000002,6.516,174.5,27.633333333333336,1025.1666666666667,52.333333333333336,18.333333333333332,38.4,276.0614392987417
2023-06-23 13:00:00,26.05,1017.75,64.80447900962992,1.98,7.920000000000001,146.5,27.266666666666666,1025.0,50.666666666666664,19.900000000000002,31.5,269.6661962795516
2023-06-23 13:30:00,26.8,1017.6,60.75965875288895,2.088,6.732,159.5,27.099999999999998,1025.0666666666666,49.666666666666664,18.599999999999998,31.5,269.3330925501716
2023-06-23 14:00:00,27.3,1017.55,56.52358439017058,2.196,6.3,204.49999999999997,26.933333333333334,1024.9666666666667,48.0,19.066666666666666,29.8,274.6669074498284
2023-06-23 14:30:00,27.4,1017.55,53.34235331381983,1.818,6.912,214.0,27.0,1024.9333333333334,49.0,19.866666666666664,29.8,270.33109155785013
2023-06-23 15:00:00,26.05,1017.7,57.440294421862,1.3679999999999999,4.464,175.5,26.7,1024.8333333333333,48.333333333333336,18.73333333333333,29.5,276.3322789431635
2023-06-23 15:30:00,25.6,1017.45,63.41706537127194,1.548,3.672,178.00000000000003,26.666666666666668,1024.8666666666668,44.666666666666664,19.133333333333333,29.1,272.66568781397154
2023-06-23 16:00:00,27.799999999999997,1017.2,54.77355487226602,2.5380000000000003,9.216,231.49999999999997,26.866666666666664,1024.6,47.0,19.0,29.1,279.6671793071
2023-06-23 16:30:00,28.1,1017.1500000000001,52.78660092793355,2.2680000000000002,6.6240000000000006,219.5,26.96666666666667,1024.5333333333333,47.666666666666664,15.966666666666667,27.9,298.68162730584504
2023-06-23 17:00:00,27.65,1017.2,51.46390250245656,2.7,9.576,230.0,26.23333333333333,1024.5,52.0,17.466666666666665,27.9,310.3332957195608
2023-06-23 17:30:00,27.5,1017.2,51.13965291033992,2.3400000000000003,5.04,247.0,25.5,1024.5,54.0,17.433333333333334,26.1,307.00152669071974
2023-06-23 18:00:00,27.2,1017.1500000000001,50.416506932966485,2.556,5.292,251.5,24.233333333333334,1024.5333333333333,60.666666666666664,17.233333333333334,25.4,309.9991869439128
2023-06-23 18:30:00,26.700000000000003,1017.1,46.566893587152364,2.8440000000000003,5.832000000000001,239.5,22.96666666666667,1024.6,64.66666666666667,15.9,24.0,307.0
2023-06-23 19:00:00,26.4,1017.1500000000001,47.08432055183864,2.4480000000000004,5.22,240.49999999999997,22.099999999999998,1024.6333333333332,64.0,14.200000000000001,24.0,312.3332957195608
2023-06-23 19:30:00,25.75,1017.3,51.384019640286205,2.0160000000000005,4.284,254.0,20.966666666666665,1024.6333333333332,70.66666666666667,11.0,24.0,308.9996952201138
2023-06-23 20:00:00,24.8,1017.3,54.44091937366018,1.782,3.924,259.5,19.433333333333334,1024.6666666666667,76.0,10.566666666666668,20.7,314.0
2023-06-23 20:30:00,23.85,1017.3,57.460113318984696,1.764,4.428,265.0,18.266666666666666,1024.9,80.0,8.1,16.3,312.3332279826744
2023-06-23 21:00:00,22.6,1017.4,61.758677593972195,1.728,6.084,266.5,17.566666666666666,1024.8666666666668,83.0,5.933333333333334,12.9,310.0
2023-06-23 21:30:00,21.45,1017.5,65.35369135612032,1.764,3.096,254.5,17.099999999999998,1024.7,85.66666666666667,5.666666666666667,11.3,313.99347765905793
2023-06-23 22:00:00,20.35,1017.55,68.91025048381269,1.3679999999999999,2.232,250.5,18.0,1024.7,86.33333333333333,8.833333333333334,14.5,349.0024421460581
2023-06-23 22:30:00,19.65,1017.75,70.95903171434578,1.368,2.232,253.5,18.833333333333332,1024.6000000000001,81.33333333333333,10.9,14.5,352.6666365779404
2023-06-23 23:00:00,19.15,1017.8,75.75298036857099,1.044,1.8,263.5,18.900000000000002,1024.5,77.66666666666667,10.733333333333334,14.9,354.0006098385439
2023-06-23 23:30:00,18.65,1017.75,79.4050199829966,0.6120000000000001,1.764,266.0,16.433333333333334,1024.3666666666668,82.66666666666667,6.0,14.9,4.003564454296455
2023-06-24 00:00:00,18.2,1017.6500000000001,82.11269701503511,0.5040000000000001,1.116,319.0,16.833333333333332,1024.2,86.0,6.533333333333334,14.5,4.334312186028412
2023-06-24 00:30:00,17.9,1017.45,83.07951100322755,0.45000000000000007,1.26,256.5,17.733333333333334,1023.9333333333334,83.33333333333333,9.799999999999999,13.1,13.333126299903302
2023-06-24 01:00:00,17.700000000000003,1017.3499999999999,82.75283968790981,0.792,2.16,140.5,17.4,1023.7999999999998,83.0,9.866666666666667,13.1,21.66667042747102
2023-06-24 01:30:00,17.5,1017.25,82.00053403257994,1.116,2.232,64.5,17.1,1023.5666666666666,83.66666666666667,8.266666666666667,13.1,39.667622224210845
2023-06-24 02:00:00,17.25,1017.05,83.10292985342276,1.134,2.124,57.00000000000001,16.8,1023.4,84.66666666666667,7.133333333333333,11.6,43.67043694469767
2023-06-24 02:30:00,16.75,1016.95,86.07331838128776,0.8280000000000001,1.404,40.5,16.7,1023.2333333333332,85.66666666666667,9.566666666666668,11.8,45.997557853941856
2023-06-24 03:00:00,16.200000000000003,1016.75,89.67782535129967,0.6660000000000001,1.2240000000000002,42.0,16.6,1023.0666666666666,86.0,10.066666666666666,12.3,44.333803720448365
2023-06-24 03:30:00,15.75,1016.5,92.0401334688103,0.792,1.368,48.0,16.53333333333333,1023.1,86.66666666666667,9.299999999999999,12.3,55.00000000000001
2023-06-24 04:00:00,15.55,1016.25,93.82118858864578,0.756,1.404,45.5,15.9,1023.1333333333333,87.66666666666667,7.3,12.9,59.99999999999999
2023-06-24 04:30:00,15.5,1016.05,94.77446328390572,0.7200000000000001,1.62,38.5,15.666666666666666,1023.1666666666666,88.66666666666667,7.2,11.8,59.99999999999999
2023-06-24 05:00:00,15.4,1015.9,95.15580883311256,0.666,1.368,38.0,16.099999999999998,1023.2333333333332,89.0,5.833333333333333,9.7,59.99999999999999
2023-06-24 05:30:00,15.25,1015.8,95.21161367679511,0.6120000000000001,1.368,38.5,17.433333333333334,1023.2333333333332,88.66666666666667,3.9,9.7,59.99999999999999
2023-06-24 06:00:00,15.2,1015.9,94.64933899883592,0.738,1.512,52.5,19.066666666666666,1023.4333333333334,85.33333333333333,9.0,20.9,63.33312629990329
2023-06-24 06:30:00,15.2,1015.9,94.33094672697439,0.738,1.548,45.0,20.333333333333332,1023.5,79.0,11.166666666666666,20.9,81.66473805077699
2023-06-24 07:00:00,15.350000000000001,1015.9,94.74437331502679,0.972,1.872,63.50000000000001,21.866666666666664,1023.3333333333334,73.33333333333333,10.066666666666666,20.9,85.6665349984058
2023-06-24 07:30:00,15.65,1015.95,95.5229127009813,0.738,1.656,60.00000000000001,23.53333333333333,1023.1,66.0,9.5,18.3,87.99643554570353
2023-06-24 08:00:00,16.6,1016.1,95.1311026985193,1.0620000000000003,2.7,89.0,24.96666666666667,1022.9666666666667,61.666666666666664,10.433333333333334,18.6,85.0
2023-06-24 08:30:00,18.2,1016.05,92.20380600583704,1.548,4.86,107.0,26.166666666666668,1022.6666666666666,55.333333333333336,11.933333333333332,20.7,92.99572330791149
2023-06-24 09:00:00,20.200000000000003,1015.7,87.6764677909751,1.854,5.976,103.50000000000001,27.266666666666666,1022.4333333333334,51.0,14.299999999999999,24.2,92.3406016574657
2023-06-24 09:30:00,22.35,1015.45,77.29437097637035,2.1420000000000003,6.912,113.5,27.866666666666664,1022.1999999999999,46.666666666666664,14.066666666666668,30.0,96.33329571956082
2023-06-24 10:00:00,24.049999999999997,1015.25,68.66589959091442,2.106,6.408,114.5,28.433333333333337,1021.8666666666667,44.666666666666664,16.666666666666668,30.3,94.99643554570353
2023-06-24 10:30:00,25.4,1015.1500000000001,60.856196674344545,2.286,8.388,116.00000000000001,29.066666666666666,1021.5666666666666,44.666666666666664,16.26666666666667,30.3,89.99786067407611
2023-06-24 11:00:00,26.3,1014.8499999999999,56.82726430633335,2.6100000000000003,6.5520000000000005,94.0,29.566666666666666,1021.3333333333334,43.333333333333336,16.3,30.2,94.33107294724837
2023-06-24 11:30:00,26.9,1014.75,53.42127279201,3.204,10.944,74.5,29.96666666666667,1020.9666666666667,40.666666666666664,16.066666666666666,32.7,112.00152669071971
2023-06-24 12:00:00,27.45,1014.5,50.81524263365044,3.24,13.464,147.5,30.400000000000002,1020.5333333333333,38.333333333333336,14.533333333333333,32.7,96.95052346041352
2023-06-24 12:30:00,27.9,1014.1500000000001,47.604398438113805,2.862,9.756,41.5,30.666666666666668,1020.1666666666666,38.0,16.833333333333332,35.0,88.3331262999033
2023-06-24 13:00:00,28.450000000000003,1013.95,46.815810986535,2.628,8.1,62.0,30.766666666666666,1019.6999999999999,38.666666666666664,15.466666666666667,35.0,92.0
2023-06-24 13:30:00,28.700000000000003,1013.7,45.54894834764201,3.1500000000000004,9.468,61.00000000000001,31.266666666666666,1019.3666666666667,37.333333333333336,14.833333333333334,35.0,92.33608818559303
2023-06-24 14:00:00,29.049999999999997,1013.4,44.75460280574873,3.204,9.972,103.5,31.566666666666666,1019.1999999999999,37.666666666666664,15.466666666666667,31.7,89.33417736024788
2023-06-24 14:30:00,29.5,1013.05,44.30149742369987,2.7540000000000004,9.216,98.00000000000001,31.53333333333333,1018.7666666666668,37.0,15.933333333333332,31.7,78.36003722371086
2023-06-24 15:00:00,29.8,1012.7,42.1347110020444,3.06,10.692,161.0,31.53333333333333,1018.5,37.666666666666664,15.166666666666666,36.0,75.40058423617285
2023-06-24 15:30:00,30.049999999999997,1012.4,41.985097565906024,2.988,10.476,137.5,31.833333333333332,1018.1,37.666666666666664,16.3,36.0,77.62343077452046
2023-06-24 16:00:00,30.2,1012.1,43.09196894985187,3.132,11.484,145.0,31.666666666666668,1017.6999999999999,38.0,14.0,31.7,84.99081884038881
2023-06-24 16:30:00,30.5,1011.8499999999999,41.75806278554002,2.718,10.908,150.5,31.599999999999998,1017.4,37.0,17.566666666666666,31.7,69.0
2023-06-24 17:00:00,30.55,1011.55,40.61573456635274,2.6820000000000004,8.136,107.00000000000001,31.233333333333334,1017.2666666666668,38.666666666666664,15.9,28.3,81.98774439863756
2023-06-24 17:30:00,30.5,1011.3,39.89666881412275,2.484,9.864,73.5,30.833333333333332,1017.1,38.666666666666664,14.5,28.3,81.0
2023-06-24 18:00:00,30.35,1011.0,42.38973582593371,2.106,7.236,99.5,30.066666666666666,1017.0,40.333333333333336,10.799999999999999,27.1,86.32956305530233
2023-06-24 18:30:00,29.950000000000003,1010.6500000000001,43.15567594362287,2.358,11.448,99.0,29.166666666666668,1016.9,43.666666666666664,9.766666666666666,26.3,85.9993901614561
2023-06-24 19:00:00,29.4,1010.6,44.045091932595504,1.9260000000000002,7.02,100.0,27.96666666666667,1016.7999999999998,47.333333333333336,7.033333333333334,16.1,83.33336342205959
2023-06-24 19:30:00,28.5,1010.5,47.183468412423764,1.6560000000000001,5.867999999999999,100.50000000000001,26.333333333333332,1016.8333333333334,52.666666666666664,6.1000000000000005,16.1,84.0
2023-06-24 20:00:00,27.3,1010.3,50.60284480603072,1.818,6.588,96.5,24.266666666666666,1016.9333333333334,58.666666666666664,6.233333333333333,9.7,83.33332957252898
2023-06-24 20:30:00,25.85,1010.1500000000001,56.7552665017279,1.62,7.452,101.5,21.599999999999998,1017.0,67.33333333333333,5.633333333333333,8.0,82.0
2023-06-24 21:00:00,24.5,1010.2,60.357258947666,1.278,2.628,88.0,19.833333333333332,1017.1333333333333,74.0,5.533333333333334,8.0,82.0
2023-06-24 21:30:00,23.35,1010.1500000000001,63.94113239445159,1.458,2.7,88.5,18.599999999999998,1017.0666666666666,80.66666666666667,3.6333333333333333,8.0,82.0
2023-06-24 22:00:00,22.85,1010.2,60.644547037060846,1.494,3.024,85.0,18.03333333333333,1016.8666666666667,82.66666666666667,0.7999999999999999,6.4,82.0
2023-06-24 22:30:00,22.15,1010.3499999999999,61.72715248339988,1.7999999999999998,3.276,86.0,17.400000000000002,1016.7999999999998,84.0,3.0666666666666664,4.8,82.0
2023-06-24 23:00:00,21.65,1010.3499999999999,64.02488269276932,1.8,3.276,91.5,16.866666666666664,1016.6333333333333,86.33333333333333,2.8333333333333335,4.8,82.0
2023-06-24 23:30:00,21.35,1010.3,65.27165001346494,1.8900000000000001,3.276,92.5,16.333333333333332,1016.5333333333333,87.33333333333333,3.5,6.4,82.0
2023-06-25 00:00:00,21.35,1010.1,63.638712926612484,2.106,6.876,91.5,16.033333333333335,1016.4,88.0,3.9666666666666663,6.4,82.0
2023-06-25 00:30:00,21.0,1010.0,64.91868603387982,1.8719999999999999,3.168,93.50000000000001,15.766666666666666,1016.2666666666668,89.0,4.1,6.4,82.0
2023-06-25 01:00:00,20.65,1009.95,66.6218443470674,1.854,3.096,95.5,15.533333333333333,1016.0333333333333,90.0,5.033333333333333,6.4,82.0
2023-06-25 01:30:00,20.049999999999997,1009.75,69.9491430108612,1.836,3.204,96.5,15.166666666666666,1015.9,90.0,4.266666666666667,6.4,82.0
2023-06-25 02:00:00,19.65,1009.55,71.63168192936872,1.8,3.204,96.0,14.733333333333334,1015.7333333333332,90.66666666666667,3.4,6.4,82.0
2023-06-25 02:30:00,19.1,1009.45,75.67008482583105,1.368,3.276,61.00000000000001,14.533333333333333,1015.4,91.0,2.6333333333333333,6.4,82.0
2023-06-25 03:00:00,18.35,1009.25,79.6999808163071,1.2240000000000002,2.088,60.5,14.1,1015.2666666666668,92.0,2.6999999999999997,6.4,82.0
2023-06-25 03:30:00,18.25,1009.05,78.86548155890276,1.44,3.06,82.0,13.833333333333334,1015.3000000000001,92.0,2.233333333333333,6.4,82.0
2023-06-25 04:00:00,18.45,1008.8499999999999,77.81070475071914,1.8900000000000001,4.068,90.0,13.666666666666666,1015.5333333333333,92.0,0.0,6.4,82.0
2023-06-25 04:30:00,18.15,1008.6500000000001,78.30337677028265,1.818,3.06,82.0,13.766666666666666,1015.8666666666667,92.0,1.0,6.4,80.33332957252898
2023-06-25 05:00:00,18.05,1008.3499999999999,78.00125557722477,1.908,3.384,83.0,14.4,1016.1,93.0,1.5666666666666667,3.2,80.0
2023-06-25 05:30:00,17.95,1008.25,79.27134809655662,1.782,3.996,72.0,16.400000000000002,1016.2000000000002,92.33333333333333,2.6999999999999997,4.8,85.66667042747103
2023-06-25 06:00:00,17.6,1008.3,81.29641289621972,1.584,3.6,58.00000000000001,19.066666666666666,1016.2000000000002,90.66666666666667,2.0,4.8,87.0
2023-06-25 06:30:00,17.15,1008.55,84.04017156881511,1.224,3.204,44.0,21.833333333333332,1016.2666666666668,85.0,3.466666666666667,9.7,132.98250842149386
2023-06-25 07:00:00,16.9,1008.8,86.29001035750525,0.738,1.872,60.5,24.333333333333332,1016.4333333333334,72.66666666666667,4.966666666666667,9.7,195.33275372808097
2023-06-25 07:30:00,16.95,1009.0,88.18901955551601,0.72,1.8,74.0,26.366666666666664,1016.4333333333334,60.666666666666664,5.633333333333333,15.7,244.4230672344669
2023-06-25 08:00:00,17.85,1009.0,88.89784358524999,1.044,2.4120000000000004,88.0,27.733333333333334,1016.5,54.0,9.866666666666667,18.4,275.66795819615595
2023-06-25 08:30:00,19.85,1008.8499999999999,86.83292877635992,1.1880000000000002,4.32,116.00000000000001,28.633333333333336,1016.5666666666666,50.666666666666664,13.5,22.7,268.6661282155967
2023-06-25 09:00:00,22.55,1008.75,80.81302921573382,1.0260000000000002,3.132,98.00000000000001,29.433333333333334,1016.6,48.333333333333336,15.766666666666666,23.7,278.0240031093266
2023-06-25 09:30:00,24.85,1008.8499999999999,69.90597278848382,1.116,5.5440000000000005,168.5,29.866666666666664,1016.6999999999999,47.333333333333336,16.2,27.5,278.9996952201138
2023-06-25 10:00:00,26.450000000000003,1009.0,64.41235443646903,1.836,5.364,177.0,30.2,1016.7666666666668,46.0,16.833333333333332,27.5,282.0
2023-06-25 10:30:00,27.8,1008.9,60.1114409454586,1.5659999999999998,5.724,186.49999999999997,30.066666666666666,1016.9333333333334,47.0,21.266666666666666,34.8,274.0
2023-06-25 11:00:00,28.7,1009.05,56.504889042421226,1.7999999999999998,5.688000000000001,231.0,29.433333333333334,1017.1333333333333,48.333333333333336,22.599999999999998,35.5,277.6670094218673
2023-06-25 11:30:00,29.55,1009.1,52.73301502075496,2.1240000000000006,7.848000000000001,195.49999999999997,29.266666666666666,1017.2666666666668,50.666666666666664,21.333333333333332,35.5,279.6661282155967
2023-06-25 12:00:00,29.9,1009.25,51.69138424597508,1.9980000000000002,7.488,209.5,29.53333333333333,1017.2333333333332,51.666666666666664,18.433333333333334,33.8,277.33329571956085
2023-06-25 12:30:00,30.25,1009.3,49.18579127444232,1.9260000000000002,6.5520000000000005,249.5,29.099999999999998,1017.4333333333334,55.666666666666664,19.5,33.8,287.33550638380893
2023-06-25 13:00:00,30.65,1009.3499999999999,47.918357291770455,2.034,4.824000000000001,231.5,28.666666666666668,1017.6,62.0,20.766666666666666,31.0,299.332753728081
2023-06-25 13:30:00,30.5,1009.45,47.47884009936139,2.8440000000000003,6.48,238.0,28.2,1017.7666666666668,65.0,20.0,31.9,302.6658226397521
2023-06-25 14:00:00,29.9,1009.6500000000001,49.874019856235954,3.0780000000000003,6.192,242.5,27.7,1018.0333333333333,65.66666666666667,21.933333333333337,32.3,300.0003047798862
2023-06-25 14:30:00,30.05,1009.8,48.17608674181622,3.042,6.984,241.5,27.233333333333334,1017.9666666666667,62.666666666666664,21.53333333333333,35.2,298.00356445429645
2023-06-25 15:00:00,30.2,1009.95,48.369249818811824,2.934,8.028,238.0,27.566666666666666,1017.9333333333334,61.333333333333336,20.46666666666667,35.2,288.6558701729083
2023-06-25 15:30:00,30.45,1010.1,48.33403869249724,2.97,8.64,231.5,25.933333333333334,1018.2333333333332,67.33333333333333,26.2,38.4,299.33584037688144
2023-06-25 16:00:00,30.0,1010.25,50.90794956086633,3.258,7.056,220.0,24.899999999999995,1018.4666666666667,67.66666666666667,29.400000000000002,42.7,292.0001015623428
2023-06-25 16:30:00,29.6,1010.4,51.812513746691806,3.3120000000000003,7.56,221.0,24.633333333333336,1018.5,66.66666666666667,30.0,42.7,292.6661962795516
2023-06-25 17:00:00,29.0,1010.4,53.66104774192635,3.186,6.084,244.0,24.133333333333336,1018.6333333333333,68.66666666666667,25.96666666666667,42.7,294.0
2023-06-25 17:30:00,28.1,1010.55,58.00193813350456,3.3120000000000003,6.084,243.0,23.433333333333334,1018.7666666666668,69.66666666666667,26.7,42.6,296.33329571956085
2023-06-25 18:00:00,27.65,1010.6500000000001,55.47727396748407,3.618,6.912,232.5,22.5,1018.8666666666667,74.33333333333333,28.266666666666666,44.5,295.3331262999033
2023-06-25 18:30:00,25.549999999999997,1010.95,65.39715525396744,3.762,7.272,252.5,21.900000000000002,1019.0666666666666,77.33333333333333,24.633333333333336,44.5,298.66667042747105
2023-06-25 19:00:00,25.15,1011.1500000000001,62.61840930955849,3.2220000000000004,6.372,244.0,21.366666666666664,1019.2666666666668,79.0,23.233333333333334,44.5,299.333329572529
2023-06-25 19:30:00,24.35,1011.3499999999999,64.86926857804137,3.2220000000000004,6.588,250.5,20.7,1019.5,81.33333333333333,22.0,37.8,299.66667042747105
2023-06-25 20:00:00,23.4,1011.5,68.47583979587813,3.348,6.516,250.0,20.233333333333334,1019.7666666666668,83.33333333333333,21.53333333333333,34.8,301.33346500159416
2023-06-25 20:30:00,22.5,1011.7,72.14569317231528,3.132,6.048,251.0,20.099999999999998,1020.2333333333332,84.33333333333333,22.566666666666666,34.8,306.0
2023-06-25 21:00:00,21.75,1011.9,76.42783762027359,2.8440000000000003,5.292,252.5,19.866666666666664,1020.6,85.66666666666667,19.566666666666666,34.8,307.0
2023-06-25 21:30:00,21.0,1012.1,79.65980947954901,2.79,6.012,254.0,19.566666666666666,1020.9333333333334,87.0,15.466666666666669,33.4,307.0
2023-06-25 22:00:00,20.25,1012.4,83.11014125619192,2.664,5.5440000000000005,255.5,19.233333333333334,1021.1,88.0,14.333333333333334,27.1,306.33332957252895
2023-06-25 22:30:00,19.65,1012.85,86.64806065446106,2.322,3.96,258.5,18.766666666666666,1021.3000000000001,88.33333333333333,13.5,23.5,304.3332957195608
2023-06-25 23:00:00,19.15,1013.3,88.97570364208948,1.8900000000000001,3.636,263.0,18.5,1021.4666666666667,89.0,12.833333333333334,21.7,309.66670428043915
2023-06-25 23:30:00,18.75,1013.6,90.00011651928224,1.674,3.276,264.0,18.733333333333334,1021.5333333333333,89.66666666666667,12.533333333333333,19.4,308.333329572529
2023-06-26 00:00:00,18.45,1013.8499999999999,90.90384780672572,1.8359999999999999,3.636,260.5,18.966666666666665,1021.6,90.0,14.833333333333334,20.8,307.3333634220596
2023-06-26 00:30:00,18.200000000000003,1013.95,92.05468814896591,1.548,2.592,255.0,18.8,1021.5666666666666,89.33333333333333,16.966666666666665,25.5,312.3322789431635
2023-06-26 01:00:00,17.95,1014.1,93.09859370697822,1.512,2.8080000000000003,255.5,17.866666666666664,1021.7000000000002,88.0,11.766666666666666,25.5,326.6378407952977
2023-06-26 01:30:00,17.6,1014.3,94.20423377946346,1.4580000000000002,2.952,261.0,17.166666666666668,1021.9,88.66666666666667,7.266666666666667,25.7,342.33227894316343
2023-06-26 02:00:00,17.4,1014.4,94.16839323566928,1.314,2.3040000000000003,262.5,17.5,1022.1,88.0,13.9,25.2,329.3322789431635
2023-06-26 02:30:00,17.05,1014.3,95.40173090193277,1.134,2.088,257.5,17.0,1022.0666666666666,89.0,10.966666666666667,25.2,333.9991869439127
2023-06-26 03:00:00,17.0,1014.4,95.47256938716637,1.1520000000000001,2.3400000000000003,270.5,16.400000000000002,1021.9666666666667,90.0,10.033333333333333,25.2,334.0
2023-06-26 03:30:00,16.95,1014.45,95.51763778104406,1.638,4.5360000000000005,264.0,16.233333333333334,1021.9333333333334,90.66666666666667,11.299999999999999,16.8,336.66677201732557
2023-06-26 04:00:00,16.65,1014.55,96.03320828105305,1.2240000000000002,2.7,277.5,16.033333333333335,1022.1666666666666,91.0,10.799999999999999,16.8,339.6661962795516
2023-06-26 04:30:00,16.35,1014.6,96.16253318072485,1.1880000000000002,2.8800000000000003,283.0,16.0,1022.4,91.0,11.0,18.1,344.00152529388333
2023-06-26 05:00:00,15.95,1014.5,96.88238000364012,0.9179999999999999,3.024,285.0,16.2,1022.6,92.0,11.133333333333333,18.1,353.3309196185259
2023-06-26 05:30:00,15.649999999999999,1014.5,97.24137289684009,0.882,3.204,276.5,16.566666666666666,1022.8333333333334,91.0,10.766666666666666,17.6,4.336484564230106
2023-06-26 06:00:00,15.4,1014.55,97.52816584603866,0.9540000000000002,2.3040000000000003,285.0,17.066666666666666,1023.2333333333332,90.66666666666667,12.6,18.2,10.332753728081002
2023-06-26 06:30:00,15.05,1014.8499999999999,98.13854036968516,0.6660000000000001,1.908,301.0,18.0,1023.4666666666667,89.0,12.166666666666666,18.2,21.67152760742244
2023-06-26 07:00:00,14.9,1015.0,99.120747458561,0.558,2.268,344.5,18.96666666666667,1023.6666666666666,84.33333333333333,12.200000000000001,19.3,37.667383511872174
2023-06-26 07:30:00,15.35,1015.25,98.66762553171954,0.882,2.52,278.0,19.900000000000002,1023.8666666666667,76.66666666666667,12.833333333333334,20.9,55.66415962311856
2023-06-26 08:00:00,15.950000000000001,1015.5,99.38753264075496,1.242,3.852,244.5,20.633333333333333,1023.9666666666667,72.33333333333333,11.333333333333334,20.9,45.64280415930486
2023-06-26 08:30:00,16.799999999999997,1015.7,99.35510461535033,1.62,7.56,206.0,21.166666666666668,1023.8666666666667,68.33333333333333,10.166666666666666,20.7,19.33912422273822
2023-06-26 09:00:00,18.200000000000003,1015.75,95.87208662802297,2.34,6.876,180.0,21.5,1023.7999999999998,64.0,9.433333333333334,19.8,19.095018414952243
2023-06-26 09:30:00,19.450000000000003,1015.8499999999999,85.00824958789768,2.8440000000000003,10.296,172.5,21.866666666666664,1023.7666666666668,61.0,8.799999999999999,18.6,31.002442146058144
2023-06-26 10:00:00,20.5,1015.9,77.0031497440242,3.3120000000000003,8.856,134.0,22.833333333333332,1023.7999999999998,58.0,7.166666666666667,19.3,11.640711310262303
2023-06-26 10:30:00,21.0,1016.0,75.31770510101106,2.2860000000000005,7.920000000000001,180.5,23.566666666666666,1023.7999999999998,54.333333333333336,9.366666666666667,18.7,355.5372645985617
2023-06-26 11:00:00,21.3,1016.0,71.2068585531416,1.944,7.452,142.50000000000003,23.5,1023.8333333333334,53.0,10.366666666666667,18.7,355.28205740602385
2023-06-26 11:30:00,21.200000000000003,1016.1,67.58442092427481,1.8359999999999999,4.896000000000001,207.0,24.166666666666668,1023.7999999999998,52.333333333333336,12.333333333333334,22.2,335.73224499203155
2023-06-26 12:00:00,22.7,1015.75,64.90333856917803,2.448,7.02,299.0,24.266666666666666,1023.7999999999998,53.666666666666664,14.733333333333334,29.3,332.3380551892927
2023-06-26 12:30:00,23.1,1015.95,61.87533328007409,1.908,5.976,208.0,24.2,1023.6,54.333333333333336,13.700000000000001,29.3,344.59832848936145
2023-06-26 13:00:00,23.6,1016.0,59.35205579324946,2.5020000000000002,8.424,241.0,24.433333333333334,1023.5,54.0,17.599999999999998,29.9,329.64372286287215
2023-06-26 13:30:00,24.0,1016.1,58.128283147012894,2.4300000000000006,8.964,249.5,24.7,1023.2666666666668,52.333333333333336,16.566666666666666,29.9,324.7195114253874
2023-06-26 14:00:00,24.299999999999997,1016.0,56.00458802870755,2.862,8.028,177.5,25.0,1023.0333333333333,51.0,15.666666666666666,29.9,326.0003047798862
2023-06-26 14:30:00,24.35,1016.05,54.85103333232665,2.7720000000000002,10.116,175.5,24.8,1022.9,51.333333333333336,17.400000000000002,28.2,331.00152529388333
2023-06-26 15:00:00,24.9,1015.8499999999999,53.588815166746514,2.6100000000000003,5.832000000000001,228.0,24.900000000000002,1022.9666666666667,52.666666666666664,17.900000000000002,30.6,322.3338037204484
2023-06-26 15:30:00,25.2,1015.7,51.72017556048638,2.7540000000000004,9.216,231.99999999999997,24.633333333333336,1022.8000000000001,52.666666666666664,20.966666666666665,30.6,309.3336344040273
2023-06-26 16:00:00,25.049999999999997,1015.55,49.72780259529492,3.0600000000000005,8.748000000000001,187.0,24.3,1022.6333333333333,51.666666666666664,21.866666666666664,32.0,305.33346500159416
2023-06-26 16:30:00,25.5,1015.3,49.82599788118107,2.5020000000000002,6.912,185.5,23.833333333333332,1022.5666666666666,52.0,21.733333333333334,34.5,306.6665349984058
2023-06-26 17:00:00,25.549999999999997,1015.3,51.87262963059503,2.34,6.192,224.0,23.333333333333332,1022.5666666666666,52.0,23.566666666666666,34.5,302.3364845642301
2023-06-26 17:30:00,25.4,1015.25,52.55788534269395,2.196,8.784,250.5,22.599999999999998,1022.5333333333333,55.666666666666664,22.5,34.6,303.6666365779404
2023-06-26 18:00:00,24.950000000000003,1015.1,51.910425776929785,2.394,6.264,236.49999999999997,21.866666666666664,1022.7000000000002,58.666666666666664,21.833333333333332,34.6,304.9957233079115
2023-06-26 18:30:00,24.5,1015.05,53.50941514620196,2.3040000000000003,8.064000000000002,246.0,21.0,1022.8666666666667,61.0,19.066666666666666,33.9,301.0
2023-06-26 19:00:00,23.700000000000003,1015.1500000000001,53.66817453191369,2.2860000000000005,5.4,255.5,20.133333333333333,1023.0,64.66666666666667,16.933333333333334,29.9,307.33332957252895
2023-06-26 19:30:00,23.049999999999997,1015.3,52.800122897353816,2.088,4.6080000000000005,264.0,19.333333333333332,1023.1333333333333,68.66666666666667,15.1,28.9,309.0
2023-06-26 20:00:00,22.4,1015.4,54.22861705620198,2.25,4.86,255.5,18.566666666666666,1023.3000000000001,71.33333333333333,13.799999999999999,25.4,319.3343121860284
2023-06-26 20:30:00,21.65,1015.6500000000001,58.469420073121725,1.854,3.672,257.0,18.2,1023.5666666666666,72.66666666666667,13.933333333333332,21.8,324.66670428043915
2023-06-26 21:00:00,20.7,1015.8499999999999,61.158551242952484,2.016,3.996,262.0,18.066666666666666,1023.7999999999998,73.33333333333333,15.333333333333334,19.9,330.0001015623428
2023-06-26 21:30:00,19.65,1015.95,65.32546428116265,1.764,3.168,251.5,17.266666666666666,1023.8000000000001,75.0,11.966666666666667,19.9,337.0003047798862
2023-06-26 22:00:00,18.65,1016.1,69.71553642776988,1.62,3.3120000000000003,253.5,16.866666666666667,1023.9333333333334,77.66666666666667,12.6,19.7,344.0008130560872
2023-06-26 22:30:00,17.85,1016.3499999999999,73.46307090449984,1.53,2.664,256.0,16.933333333333334,1023.8666666666667,77.0,13.066666666666668,17.7,347.33332957252895
2023-06-26 23:00:00,17.1,1016.55,75.76950938576564,1.224,2.664,273.5,16.533333333333335,1023.8000000000001,77.0,11.666666666666666,17.7,355.0006098385439
2023-06-26 23:30:00,16.4,1016.6,78.38133983393094,0.936,2.8440000000000003,277.5,15.933333333333332,1023.6333333333333,79.0,7.433333333333334,17.3,0.3336344040272953
2023-06-27 00:00:00,15.95,1016.6,79.64157897460339,0.81,2.52,276.0,15.166666666666666,1023.4333333333334,81.33333333333333,6.166666666666667,14.5,356.997252795285
2023-06-27 00:30:00,15.8,1016.6,79.68523494682877,0.8460000000000001,3.024,292.5,14.966666666666667,1023.4,83.0,7.733333333333333,12.9,10.998474706116648
2023-06-27 01:00:00,15.55,1016.55,80.66299520049222,0.72,2.3400000000000003,280.0,14.733333333333334,1023.3333333333334,84.0,10.4,15.0,14.333227982674382
2023-06-27 01:30:00,15.0,1016.4,83.32737203305463,0.6660000000000001,1.584,340.0,14.766666666666666,1023.2666666666668,84.33333333333333,11.9,15.8,23.332278943163466
2023-06-27 02:00:00,14.4,1016.2,86.64900119150599,0.702,2.088,5.5,14.9,1023.2000000000002,84.0,11.0,15.8,37.333465001594206
2023-06-27 02:30:00,13.95,1016.1,89.2428533965313,0.8640000000000001,1.908,18.500000000000004,14.566666666666668,1023.1,84.33333333333333,10.733333333333334,15.8,40.333126299903306
2023-06-27 03:00:00,13.6,1016.0,91.23353618576841,0.954,1.908,41.00000000000001,14.266666666666666,1023.0333333333333,85.0,8.833333333333334,14.2,37.66667042747102
2023-06-27 03:30:00,13.149999999999999,1015.9,93.3533974141213,0.6120000000000001,2.232,33.49999999999999,14.300000000000002,1023.0,85.0,8.833333333333334,11.6,35.00010156234282
2023-06-27 04:00:00,12.850000000000001,1015.8,94.52943924408243,0.5760000000000001,1.1880000000000002,30.000000000000004,14.200000000000001,1022.9666666666667,84.0,11.299999999999999,13.3,34.33332957252899
2023-06-27 04:30:00,12.9,1015.6500000000001,94.25510239786159,0.8640000000000001,1.656,51.5,14.200000000000001,1022.9,84.0,10.566666666666666,13.7,34.0
2023-06-27 05:00:00,12.850000000000001,1015.55,95.16942497892337,0.8460000000000001,1.692,38.5,14.300000000000002,1023.0333333333333,83.66666666666667,9.266666666666667,13.7,34.66677201732562
2023-06-27 05:30:00,12.7,1015.45,95.1566820416239,0.81,1.728,25.500000000000004,14.799999999999999,1023.1,83.0,8.733333333333334,13.0,44.00081305608726
2023-06-27 06:00:00,13.1,1015.4,92.83145069275974,1.278,6.803999999999999,91.0,15.433333333333332,1023.0666666666666,81.66666666666667,7.2,13.0,60.33499428378381
2023-06-27 06:30:00,13.4,1015.3499999999999,90.99697206062852,1.44,4.284,91.5,16.3,1023.0666666666666,80.0,8.299999999999999,17.9,65.65939834253432
2023-06-27 07:00:00,13.1,1015.4,92.56742201212703,0.5940000000000001,1.8,360.0,17.599999999999998,1023.1333333333333,76.0,10.766666666666666,18.8,78.99969522011378
2023-06-27 07:30:00,13.25,1015.45,94.60351481653333,0.5760000000000001,1.656,17.499999999999993,18.766666666666666,1023.1,71.33333333333333,9.733333333333334,18.8,82.99989843765718
2023-06-27 08:00:00,14.45,1015.5,93.1708891549076,1.17,4.752000000000001,90.00000000000001,20.099999999999998,1023.1666666666666,67.66666666666667,7.8999999999999995,18.8,80.33455141203405
2023-06-27 08:30:00,15.45,1015.6,89.50071993008672,1.62,6.84,120.00000000000001,21.2,1023.2000000000002,64.33333333333333,6.6000000000000005,14.5,84.66795819615595
2023-06-27 09:00:00,16.549999999999997,1015.5,85.57758552239872,1.728,5.076,99.5,22.433333333333337,1023.0666666666666,61.0,6.233333333333333,12.9,96.40151291616881
2023-06-27 09:30:00,18.0,1015.5,80.20086349180482,2.1060000000000003,5.832000000000001,100.50000000000001,23.2,1022.9,57.666666666666664,5.433333333333334,12.9,91.32509590113312
2023-06-27 10:00:00,19.549999999999997,1015.3499999999999,73.96881914872739,2.1060000000000003,7.632000000000001,98.49999999999999,24.099999999999998,1022.7666666666668,53.333333333333336,6.133333333333333,17.5,83.66820408595107
2023-06-27 10:30:00,20.85,1015.4,68.11401242358674,2.1959999999999997,7.776000000000001,114.00000000000001,24.2,1022.7333333333332,50.333333333333336,3.766666666666666,17.7,75.00826430746326
2023-06-27 11:00:00,22.0,1015.3499999999999,62.5156379739757,1.764,5.832000000000001,98.5,25.5,1022.5666666666666,47.333333333333336,7.666666666666667,20.1,71.79828201201325
2023-06-27 11:30:00,23.049999999999997,1015.1500000000001,59.190422963141444,2.214,8.496,94.50000000000001,25.3,1022.5666666666666,48.0,8.833333333333334,20.9,34.95360488014435
2023-06-27 12:00:00,23.75,1015.1,54.571159373729074,1.998,8.064000000000002,75.99999999999999,25.666666666666668,1022.1999999999999,48.0,6.766666666666667,20.9,68.332753728081
2023-06-27 12:30:00,24.5,1015.0,53.46721672075063,1.908,5.867999999999999,343.0,25.933333333333334,1021.9,46.666666666666664,9.766666666666667,21.7,18.78357864009941
2023-06-27 13:00:00,24.65,1015.05,51.334461985131206,2.07,6.408,136.0,25.766666666666666,1021.6999999999999,45.666666666666664,6.966666666666666,21.7,31.008264307463264
2023-06-27 13:30:00,25.0,1014.95,51.343632012122285,2.484,9.612,117.99999999999999,25.833333333333332,1021.4666666666667,46.333333333333336,7.3,21.7,76.03235661912795
2023-06-27 14:00:00,24.450000000000003,1014.95,52.693914922278196,2.3040000000000003,6.84,157.0,26.233333333333334,1021.2333333333332,44.333333333333336,7.566666666666666,20.0,47.35371710017798
2023-06-27 14:30:00,24.5,1014.65,52.59919705823282,2.412,10.728,182.49999999999997,26.866666666666664,1021.2000000000002,43.666666666666664,8.966666666666667,22.4,60.6700978815524
2023-06-27 15:00:00,25.450000000000003,1014.3499999999999,50.83527039331402,2.592,9.648,160.0,26.933333333333334,1020.9666666666667,44.0,9.200000000000001,22.4,24.223431751144187
2023-06-27 15:30:00,25.65,1014.1500000000001,49.67128645186973,2.124,7.812,148.5,26.46666666666667,1020.6666666666666,45.333333333333336,9.299999999999999,22.5,45.062256964042604
2023-06-27 16:00:00,25.7,1013.95,49.45832587472343,2.2140000000000004,11.088,166.0,25.133333333333336,1020.4333333333334,51.666666666666664,19.166666666666668,30.2,326.6665349984058
2023-06-27 16:30:00,25.75,1013.8,50.124566237236635,2.196,7.704000000000001,162.0,25.46666666666667,1020.2333333333332,50.666666666666664,19.933333333333334,30.2,321.6667720173256
2023-06-27 17:00:00,26.15,1013.75,48.755731885661476,2.34,6.984,205.5,24.599999999999998,1020.1666666666666,51.333333333333336,21.900000000000002,29.3,321.0
2023-06-27 17:30:00,26.45,1013.5,48.65522349681389,2.124,7.38,193.0,24.233333333333334,1020.0333333333333,52.0,20.400000000000002,29.3,320.6668737000967
2023-06-27 18:00:00,26.15,1013.25,46.312735618547606,2.5740000000000003,8.928,170.5,23.233333333333334,1020.0333333333333,54.666666666666664,19.933333333333334,28.9,319.0
2023-06-27 18:30:00,25.4,1013.05,47.97783098070201,1.872,7.38,194.0,22.066666666666666,1020.1333333333333,58.666666666666664,17.099999999999998,27.4,320.332753728081
2023-06-27 19:00:00,25.15,1012.9,47.82152093118285,1.8900000000000001,8.46,208.49999999999997,22.0,1020.1999999999999,61.333333333333336,15.166666666666666,26.3,323.0
2023-06-27 19:30:00,24.85,1012.8,47.621342697618985,1.9260000000000002,6.84,206.0,21.633333333333336,1020.3000000000001,65.66666666666667,13.5,22.6,326.3343121860284
2023-06-27 20:00:00,24.299999999999997,1012.8,49.045455672015194,1.548,5.004,231.5,20.466666666666665,1020.2999999999998,70.33333333333333,11.299999999999999,22.3,330.33332957252895
2023-06-27 20:30:00,23.4,1012.95,53.723429782472294,1.26,4.464,248.49999999999997,19.8,1020.4666666666667,74.0,12.133333333333333,17.6,332.33336342205956
2023-06-27 21:00:00,21.95,1013.05,59.52662301955162,1.1520000000000001,3.456,328.0,20.0,1020.6666666666666,75.66666666666667,12.4,16.1,334.9996952201138
2023-06-27 21:30:00,21.15,1013.2,62.97357166276292,0.774,2.592,265.0,19.53333333333333,1020.7000000000002,75.0,10.866666666666667,16.1,353.9953988673973
2023-06-27 22:00:00,20.35,1013.25,65.73108022893157,0.468,1.2240000000000002,314.0,18.8,1020.6333333333333,75.66666666666667,11.366666666666667,16.1,3.6667042804391725
2023-06-27 22:30:00,19.65,1013.4,67.65654105790011,0.6300000000000001,1.872,345.5,18.066666666666666,1020.7000000000002,77.33333333333333,11.4,15.2,5.333295719560827
2023-06-27 23:00:00,18.95,1013.7,71.0050646712246,1.008,2.9160000000000004,61.0,17.466666666666665,1020.6,78.66666666666667,10.133333333333333,15.2,11.002442146058142
2023-06-27 23:30:00,18.0,1013.8,76.74714677821355,1.404,2.952,74.0,16.933333333333334,1020.4333333333334,80.0,7.7,15.1,28.0
2023-06-28 00:00:00,17.35,1013.6500000000001,78.74746109564414,1.17,2.4120000000000004,62.0,15.966666666666667,1020.4333333333334,82.66666666666667,5.5,12.9,32.0
2023-06-28 00:30:00,16.8,1013.6,81.54033615095616,1.008,2.124,56.0,15.733333333333334,1020.3333333333334,83.66666666666667,5.733333333333333,11.3,29.333634404027304
2023-06-28 01:00:00,16.299999999999997,1013.55,83.73716318160575,1.008,1.764,60.49999999999999,15.5,1020.2999999999998,84.0,6.6000000000000005,8.0,24.000000000000004
2023-06-28 01:30:00,15.9,1013.3499999999999,84.82327245947948,1.008,1.764,65.0,14.9,1020.2333333333332,85.33333333333333,4.833333333333333,8.0,24.000000000000004
2023-06-28 02:00:00,15.45,1013.2,86.36243386616226,0.9179999999999999,1.548,62.50000000000001,14.666666666666666,1020.1666666666666,86.66666666666667,5.133333333333334,8.0,24.000000000000004
2023-06-28 02:30:00,15.0,1013.1500000000001,87.75265214448666,0.756,1.512,35.5,14.366666666666667,1019.9666666666667,87.33333333333333,5.400000000000001,8.0,24.000000000000004
2023-06-28 03:00:00,14.75,1013.1,88.58224415744357,0.9,1.476,36.5,14.366666666666667,1019.7333333333332,88.0,5.566666666666666,8.0,24.000000000000004
2023-06-28 03:30:00,14.6,1012.95,88.84439546366283,1.008,1.692,49.50000000000001,14.166666666666666,1019.7000000000002,88.0,6.3,10.0,25.999186943912747
2023-06-28 04:00:00,14.2,1012.9,90.2764991019346,0.792,1.692,40.5,14.033333333333333,1019.7000000000002,88.0,5.533333333333334,9.7,24.000000000000004
2023-06-28 04:30:00,13.9,1012.75,91.26451376093175,0.774,1.26,41.0,13.4,1019.7333333333332,88.66666666666667,4.3,9.7,24.000000000000004
2023-06-28 05:00:00,13.75,1012.45,91.5530505278308,0.882,1.98,46.49999999999999,14.166666666666666,1019.7000000000002,89.33333333333333,5.066666666666666,8.0,24.000000000000004
2023-06-28 05:30:00,13.5,1012.25,92.37832257734233,0.8280000000000001,1.476,40.0,16.033333333333335,1019.6333333333333,86.66666666666667,6.166666666666667,9.7,24.000000000000004
2023-06-28 06:00:00,13.25,1012.2,93.43549287047111,0.792,1.476,32.5,17.233333333333334,1019.6999999999999,82.0,5.6000000000000005,11.3,39.00918115961118
2023-06-28 06:30:00,13.0,1012.2,95.10800332533469,0.72,1.692,28.500000000000004,18.466666666666665,1019.7000000000002,76.0,8.466666666666667,13.6,45.33329571956083
2023-06-28 07:00:00,13.149999999999999,1012.2,95.33576040067126,0.7020000000000001,1.26,41.99999999999999,19.3,1019.7000000000002,71.66666666666667,9.200000000000001,14.2,57.997860674076115
2023-06-28 07:30:00,13.65,1012.2,95.34623375971401,0.792,1.8,41.0,20.666666666666668,1019.7000000000002,69.66666666666667,4.8,14.5,74.33686150518623
2023-06-28 08:00:00,14.65,1012.1500000000001,94.72000454360364,0.918,2.7,70.5,21.900000000000002,1019.7000000000002,64.0,7.233333333333333,14.5,75.002747204715
2023-06-28 08:30:00,16.25,1012.1500000000001,90.55955102478562,1.422,4.644,113.5,23.03333333333333,1019.6333333333333,60.666666666666664,5.3,12.9,72.37656922547954
2023-06-28 09:00:00,17.85,1012.1,84.19256626243416,2.5020000000000002,8.496,137.50000000000003,23.866666666666664,1019.5333333333333,55.0,8.166666666666666,14.3,68.05179885009605
2023-06-28 09:30:00,19.35,1012.0,78.36641130767295,2.2140000000000004,6.3,135.5,24.333333333333332,1019.3333333333334,52.333333333333336,8.433333333333332,17.7,47.498986440565325
2023-06-28 10:00:00,20.950000000000003,1011.9,71.00317986379434,2.0340000000000003,6.012,114.49999999999999,25.233333333333334,1019.1333333333333,50.0,7.6000000000000005,18.4,57.280488574612555
2023-06-28 10:30:00,22.4,1011.9,65.950164128815,1.8719999999999999,4.86,120.50000000000001,26.066666666666666,1019.0666666666666,48.333333333333336,10.866666666666667,20.8,69.66500913598081
2023-06-28 11:00:00,23.4,1011.8,61.74946613995067,2.232,6.803999999999999,129.99999999999997,26.133333333333336,1018.9333333333334,47.333333333333336,9.466666666666667,27.0,36.36268453923383
2023-06-28 11:30:00,24.1,1011.6500000000001,56.49901744532845,2.484,9.432,142.99999999999997,26.633333333333336,1018.9666666666667,46.333333333333336,12.633333333333333,27.0,12.99847470611665
2023-06-28 12:00:00,24.75,1011.5,54.075068114747495,2.2860000000000005,5.976,143.5,26.666666666666668,1018.8000000000001,44.0,9.799999999999999,27.0,23.185759004917333
2023-06-28 12:30:00,25.55,1011.45,53.03082040728802,2.232,11.88,166.0,27.433333333333334,1018.5666666666666,43.666666666666664,9.733333333333334,25.4,37.99510674900902
2023-06-28 13:00:00,25.95,1011.3499999999999,50.495310091427655,2.736,8.676,186.49999999999997,27.733333333333334,1018.4,41.333333333333336,9.766666666666667,21.3,62.33329571956083
2023-06-28 13:30:00,26.2,1011.3,49.927817332424056,2.8260000000000005,10.224,201.5,28.03333333333333,1018.1333333333333,42.666666666666664,10.766666666666666,28.2,4.662018846393194
2023-06-28 14:00:00,26.35,1011.3499999999999,48.224959288567575,2.4480000000000004,8.856,164.0,27.96666666666667,1017.9333333333334,45.666666666666664,19.166666666666668,30.3,332.33332957252895
2023-06-28 14:30:00,26.85,1011.1,47.57659026712203,2.502,8.208,147.5,27.733333333333334,1017.7000000000002,46.0,20.866666666666664,31.0,328.9993901614561
2023-06-28 15:00:00,27.2,1011.1,47.78276034479045,2.556,9.432,167.5,27.133333333333336,1017.5333333333333,48.0,24.433333333333337,34.3,319.9989829823174
2023-06-28 15:30:00,27.35,1010.95,46.505958995462706,2.5200000000000005,11.232,204.5,26.7,1017.4,49.0,24.7,34.3,316.0
2023-06-28 16:00:00,27.65,1010.7,46.266005356894325,2.286,8.712,217.0,26.099999999999998,1017.1666666666666,50.0,25.53333333333333,34.3,314.33332957252895
2023-06-28 16:30:00,27.95,1010.5,45.09142897840085,2.016,6.5520000000000005,203.5,25.766666666666666,1016.8333333333334,50.666666666666664,24.666666666666668,35.5,317.6669074498284
2023-06-28 17:00:00,27.9,1010.3,44.28701590987528,2.2140000000000004,7.884,219.5,25.233333333333334,1016.9,51.333333333333336,24.3,36.0,305.6661962795516
2023-06-28 17:30:00,27.65,1010.05,44.03648861766093,2.196,6.192,242.99999999999997,24.53333333333333,1017.0,52.666666666666664,25.433333333333334,36.4,306.0008130560873
2023-06-28 18:00:00,27.3,1009.8,47.52683835345452,2.214,8.388,251.5,23.96666666666667,1017.0666666666666,54.0,24.233333333333334,38.3,306.33336342205956
2023-06-28 18:30:00,26.25,1009.6500000000001,49.93366328773592,2.3760000000000003,6.48,254.5,23.46666666666667,1017.1,55.333333333333336,22.03333333333333,38.3,308.3332957195608
2023-06-28 19:00:00,25.65,1009.55,51.64800181214136,2.16,5.04,254.5,22.400000000000002,1017.0666666666666,58.666666666666664,18.933333333333334,38.3,308.66670428043915
2023-06-28 19:30:00,24.75,1009.75,52.371702091572345,2.322,4.932,260.0,21.566666666666666,1017.1999999999999,62.0,17.766666666666666,33.6,310.3331262999033
2023-06-28 20:00:00,23.9,1009.9,54.182512738205375,2.178,4.716,259.5,21.099999999999998,1017.3666666666667,65.66666666666667,17.2,26.7,315.33332957252895
2023-06-28 20:30:00,23.25,1009.95,55.363319371001666,2.466,5.148,254.0,20.633333333333333,1017.6333333333333,69.33333333333333,15.299999999999999,25.6,320.0
2023-06-28 21:00:00,22.6,1009.95,57.65697481153576,2.286,4.212,254.5,20.066666666666666,1017.7000000000002,72.0,12.200000000000001,21.6,323.0
2023-06-28 21:30:00,21.7,1010.05,60.77402327945015,1.854,3.024,251.0,20.03333333333333,1017.7333333333332,73.33333333333333,12.5,18.5,329.6663655959727
2023-06-28 22:00:00,20.8,1010.1500000000001,64.9146370770216,1.6920000000000002,2.7,256.0,20.2,1017.6666666666666,70.33333333333333,14.366666666666667,19.8,333.33336342205956
2023-06-28 22:30:00,20.1,1010.4,67.51544856310039,1.674,3.24,261.5,19.833333333333332,1017.6,69.66666666666667,14.4,19.8,331.66667042747105
2023-06-28 23:00:00,19.5,1010.6500000000001,68.99840370298145,1.3860000000000001,3.024,263.0,19.46666666666667,1017.5,70.33333333333333,15.0,21.5,333.9996952201138
2023-06-28 23:30:00,18.85,1010.7,71.45724235867522,1.044,2.0160000000000005,262.0,19.099999999999998,1017.4,71.66666666666667,14.799999999999999,21.5,335.0
2023-06-29 00:00:00,18.299999999999997,1010.7,74.22118199193906,0.864,1.872,271.5,18.8,1017.3333333333334,73.33333333333333,13.833333333333334,21.5,342.6665349984058
2023-06-29 00:30:00,17.9,1010.55,75.98680543640373,0.666,1.584,272.0,18.3,1017.1333333333333,75.0,13.366666666666667,20.9,345.0
2023-06-29 01:00:00,17.8,1010.5,76.83339134993525,0.774,2.0160000000000005,274.5,17.7,1017.0,78.0,12.133333333333333,18.6,343.0
2023-06-29 01:30:00,17.55,1010.3499999999999,78.60315724717863,0.738,1.908,273.5,17.633333333333336,1016.8000000000001,79.0,13.333333333333334,17.2,350.9993901614561
2023-06-29 02:00:00,17.299999999999997,1010.2,80.00518526840203,0.6660000000000001,1.8,285.0,17.099999999999998,1016.6,80.33333333333333,9.700000000000001,17.2,355.6650091359808
2023-06-29 02:30:00,17.0,1010.0,81.53873493606642,0.738,2.088,319.0,16.5,1016.6,82.66666666666667,12.266666666666666,19.1,334.3332957195608
2023-06-29 03:00:00,17.05,1009.8,81.82071641036224,0.81,2.52,266.5,16.766666666666666,1016.6999999999999,84.33333333333333,13.433333333333332,19.1,334.33336342205956
2023-06-29 03:30:00,16.700000000000003,1009.6500000000001,84.13268929007786,0.666,2.52,298.0,16.8,1016.7000000000002,85.66666666666667,14.0,19.1,338.66717930710007
2023-06-29 04:00:00,16.15,1009.45,86.15070681006111,0.4680000000000001,1.62,270.0,16.8,1016.6333333333333,86.33333333333333,10.366666666666667,18.5,356.002747204715
2023-06-29 04:30:00,15.6,1009.1500000000001,89.00920529413798,0.558,1.26,40.50000000000001,16.46666666666667,1016.6333333333333,87.33333333333333,10.633333333333333,18.5,344.6868306963793
2023-06-29 05:00:00,15.45,1009.1,90.18019730017538,0.8640000000000001,2.3040000000000003,335.5,16.433333333333334,1016.7666666666668,88.33333333333333,9.066666666666668,15.8,339.6666365779404
2023-06-29 05:30:00,15.2,1009.3,91.00366770083899,1.008,1.944,265.5,17.099999999999998,1016.6999999999999,89.0,9.5,14.7,342.9996952201138
2023-06-29 06:00:00,14.6,1009.3,92.93497259235176,0.6660000000000001,1.368,294.5,17.866666666666667,1016.7000000000002,89.0,10.533333333333333,18.0,344.0
2023-06-29 06:30:00,14.45,1009.2,93.53567067259384,0.558,1.26,324.5,18.966666666666665,1016.8333333333334,87.0,10.333333333333334,18.0,350.33332957252895
2023-06-29 07:00:00,14.649999999999999,1009.1500000000001,94.01336077668654,0.6120000000000001,1.404,295.0,20.166666666666668,1016.9333333333334,82.66666666666667,9.666666666666666,18.0,350.0003047798862
2023-06-29 07:30:00,15.05,1009.3,94.8035298774349,0.7020000000000001,1.656,281.0,21.599999999999998,1017.0333333333333,77.33333333333333,8.9,14.8,342.33227894316343
2023-06-29 08:00:00,15.899999999999999,1009.2,94.76876611467836,0.81,2.3400000000000003,297.5,22.599999999999998,1017.1333333333333,72.66666666666667,11.799999999999999,18.1,329.3368615051862
2023-06-29 08:30:00,17.15,1009.3,93.28398342212301,0.8640000000000001,2.952,299.5,23.5,1017.0666666666666,66.33333333333333,13.200000000000001,19.7,330.3332957195608
2023-06-29 09:00:00,18.6,1009.25,91.22719542996703,1.1520000000000001,4.032000000000001,291.5,24.099999999999998,1016.9666666666667,63.666666666666664,14.5,24.9,322.663911814407
2023-06-29 09:30:00,20.1,1009.3499999999999,84.40179382271577,1.62,5.328,275.5,25.066666666666666,1016.9,60.666666666666664,12.700000000000001,24.9,325.3343121860284
2023-06-29 10:00:00,21.75,1009.3,78.1585480884838,1.638,4.86,334.0,24.899999999999995,1016.9666666666667,61.0,17.166666666666668,24.9,317.9984733092803
2023-06-29 10:30:00,23.6,1009.2,72.92742072658297,1.764,5.724,249.5,24.96666666666667,1016.9666666666667,59.0,16.466666666666665,25.6,318.33584037688144
2023-06-29 11:00:00,24.3,1009.1,69.1557078614515,2.178,7.920000000000001,238.0,25.46666666666667,1017.0,56.666666666666664,16.133333333333333,25.6,300.6567711598667
2023-06-29 11:30:00,24.85,1009.1,63.64016099849002,1.998,5.004,243.5,25.733333333333334,1017.0,55.666666666666664,19.066666666666666,30.9,293.3336344040273
2023-06-29 12:00:00,25.299999999999997,1009.1500000000001,60.69871948057881,2.0700000000000003,5.652,207.5,25.633333333333336,1016.8333333333334,54.666666666666664,15.133333333333333,30.9,303.3316677603159
2023-06-29 12:30:00,24.45,1009.3499999999999,61.980164604589774,1.728,5.58,274.5,26.2,1016.7999999999998,55.0,18.666666666666668,30.9,304.6668737000967
2023-06-29 13:00:00,24.299999999999997,1009.4,62.84151679382955,1.962,7.308,252.0,26.2,1016.8333333333334,56.666666666666664,22.3,32.9,302.9996952201138
2023-06-29 13:30:00,24.25,1009.4,64.29570051983002,2.16,6.372,248.0,24.599999999999998,1016.7999999999998,63.0,25.46666666666667,34.9,298.6665349984058
2023-06-29 14:00:00,24.95,1009.2,63.177815544249256,2.034,5.688000000000001,257.0,24.8,1016.7333333333332,62.666666666666664,23.666666666666668,34.9,304.9984747061166
2023-06-29 14:30:00,25.049999999999997,1009.1,61.10096917599681,2.286,8.604000000000001,250.99999999999997,25.266666666666666,1016.6333333333333,62.333333333333336,21.900000000000002,34.9,313.6677210568365
2023-06-29 15:00:00,24.8,1009.1,59.2308982313145,2.3400000000000003,6.372,257.5,25.23333333333333,1016.5666666666666,61.666666666666664,24.233333333333334,36.9,304.9957233079115
2023-06-29 15:30:00,24.799999999999997,1009.1,58.862858519703806,2.34,6.948,258.0,25.333333333333332,1016.4333333333334,62.0,23.900000000000002,36.9,301.66670428043915
2023-06-29 16:00:00,26.2,1008.9,55.90367159877947,2.718,6.084,255.0,24.46666666666667,1016.5,64.0,25.099999999999998,37.7,305.33109155785013
2023-06-29 16:30:00,25.3,1009.1,60.413541408542294,2.6100000000000003,6.768,259.5,23.833333333333332,1016.5,66.66666666666667,23.866666666666664,37.7,300.9993901614561
2023-06-29 17:00:00,25.0,1008.95,61.819590975103296,2.124,5.796,264.0,23.433333333333334,1016.4666666666667,67.33333333333333,22.03333333333333,37.7,302.6663655959727
2023-06-29 17:30:00,25.15,1008.8499999999999,58.802778103198776,2.4120000000000004,7.452,257.5,23.333333333333332,1016.5333333333333,67.33333333333333,24.7,36.8,304.9993901614561
2023-06-29 18:00:00,24.45,1008.9,61.00385810415933,2.736,7.128,245.5,22.066666666666666,1016.6333333333333,70.66666666666667,25.599999999999998,38.8,306.0
2023-06-29 18:30:00,24.450000000000003,1009.0,60.60899062187163,2.5920000000000005,6.984,248.0,21.433333333333334,1016.7666666666668,71.66666666666667,26.433333333333334,38.8,308.6667720173256
2023-06-29 19:00:00,24.049999999999997,1009.1,60.29110196570349,1.728,5.760000000000001,252.5,20.933333333333334,1016.9333333333334,72.66666666666667,23.099999999999998,38.8,310.0
2023-06-29 19:30:00,23.549999999999997,1009.1500000000001,64.82381967522885,1.9080000000000004,4.716,268.0,19.900000000000002,1017.0,73.66666666666667,24.133333333333336,38.4,306.666670427471
2023-06-29 20:00:00,22.95,1009.3,69.02920266621811,1.8900000000000001,5.4,261.5,19.333333333333332,1017.1666666666666,75.0,21.400000000000002,36.1,308.333329572529
2023-06-29 20:30:00,22.450000000000003,1009.45,69.50567158651434,2.16,7.02,253.0,19.133333333333336,1017.6333333333333,76.33333333333333,19.566666666666666,31.7,311.33336342205956
2023-06-29 21:00:00,21.200000000000003,1009.55,74.15832671260026,1.6740000000000004,6.768,247.5,18.833333333333332,1017.8333333333334,78.0,17.466666666666665,28.2,314.33332957252895
2023-06-29 21:30:00,20.6,1009.6,78.98534450257803,1.314,5.688000000000001,255.0,18.566666666666666,1018.0333333333333,80.33333333333333,16.0,24.8,319.3332279826744
2023-06-29 22:00:00,20.1,1009.8499999999999,78.72692220415918,1.9979999999999998,4.5,252.99999999999997,18.400000000000002,1018.1999999999999,82.0,12.566666666666668,23.8,319.33329571956085
2023-06-29 22:30:00,19.45,1010.25,76.46546346299172,2.3040000000000003,4.356,260.0,19.2,1018.4666666666667,78.33333333333333,13.766666666666666,23.4,334.3394225313758
2023-06-29 23:00:00,18.65,1010.55,78.63552890151348,1.71,3.924,261.0,19.0,1018.5666666666666,74.0,13.133333333333333,18.9,355.33455141203405
2023-06-29 23:30:00,18.0,1010.7,80.93386313513395,1.764,3.852,262.5,18.566666666666666,1018.6666666666666,73.66666666666667,11.833333333333334,18.9,0.33329571956082166
2023-06-30 00:00:00,17.8,1011.0,80.68487361109102,1.674,5.148,262.0,18.433333333333334,1018.6333333333333,72.33333333333333,13.200000000000001,21.0,357.9991869439127
2023-06-30 00:30:00,17.7,1011.25,81.61446667938836,1.1340000000000001,3.42,269.5,18.2,1018.6666666666666,70.33333333333333,13.366666666666667,21.0,355.66670428043915
2023-06-30 01:00:00,17.450000000000003,1011.3499999999999,83.31828124071095,0.9720000000000002,2.3760000000000003,267.0,17.7,1018.7333333333332,69.33333333333333,16.433333333333334,26.0,352.3332957195608
2023-06-30 01:30:00,16.9,1011.3,84.80848615251965,1.206,6.156,258.0,16.866666666666667,1018.7333333333332,71.0,15.166666666666666,27.5,1.6672462719190009
2023-06-30 02:00:00,16.6,1011.2,85.14401653868383,1.062,4.176,284.5,15.933333333333332,1019.0333333333333,73.66666666666667,14.466666666666667,27.5,1.6656878139715774
2023-06-30 02:30:00,16.55,1011.25,83.21456540089825,1.08,3.492,292.0,15.233333333333334,1019.2333333333332,75.0,12.766666666666666,27.5,0.3379811536068052
2023-06-30 03:00:00,16.700000000000003,1011.3,80.45505512420122,1.3679999999999999,4.464,284.5,14.533333333333333,1019.4333333333334,78.66666666666667,11.066666666666668,25.3,1.681627305845072
2023-06-30 03:30:00,16.95,1011.25,76.98496860325048,1.908,6.84,256.5,14.233333333333334,1019.6,80.33333333333333,10.133333333333333,17.7,5.333465001594214
2023-06-30 04:00:00,16.700000000000003,1011.4,77.89879174393653,1.44,4.5360000000000005,264.5,13.533333333333333,1019.7000000000002,81.66666666666667,13.0,16.1,348.3310915578502
2023-06-30 04:30:00,16.2,1011.6500000000001,75.79625338685041,2.4480000000000004,9.864,244.5,13.433333333333332,1019.9333333333334,82.33333333333333,11.966666666666667,16.0,346.0165971337593
2023-06-30 05:00:00,14.95,1011.8,80.06928831819278,1.602,5.328,274.5,13.9,1019.9333333333334,83.0,10.9,16.0,341.0024421460581
2023-06-30 05:30:00,13.85,1012.0,84.23565240729654,0.9900000000000001,4.824000000000001,292.0,14.766666666666666,1020.2000000000002,82.0,10.833333333333334,19.4,339.3334650015942
2023-06-30 06:00:00,13.05,1012.0,86.88201374940793,0.8640000000000001,3.024,304.0,15.4,1020.2333333333332,79.0,11.966666666666667,19.4,348.0
2023-06-30 06:30:00,12.55,1012.2,89.84181949955513,0.81,1.944,321.0,15.9,1020.5,76.66666666666667,13.233333333333334,19.4,338.66762222421085
2023-06-30 07:00:00,12.350000000000001,1012.3,91.75980284373696,0.774,1.728,314.5,16.7,1020.7333333333332,74.0,15.899999999999999,20.9,328.667246271919
2023-06-30 07:30:00,12.85,1012.45,92.12847288886331,1.0620000000000003,2.124,276.5,17.766666666666666,1020.8666666666667,68.0,16.099999999999998,21.6,337.0
2023-06-30 08:00:00,13.5,1012.55,91.95242815814991,1.314,2.952,282.5,18.400000000000002,1020.8333333333334,62.666666666666664,16.966666666666665,25.0,331.332753728081
2023-06-30 08:30:00,14.2,1012.75,89.75142406570438,1.566,4.932,269.5,19.333333333333332,1020.7999999999998,58.666666666666664,14.733333333333334,28.9,324.6567711598667
2023-06-30 09:00:00,15.15,1013.0,86.42760691224335,1.7280000000000002,6.012,264.5,19.633333333333336,1020.8333333333334,56.333333333333336,18.2,28.9,314.01574851103726
2023-06-30 09:30:00,15.95,1013.0,85.20238367708005,1.8900000000000001,7.956,245.5,20.233333333333334,1020.9,54.333333333333336,20.033333333333335,35.3,302.66670428043915
2023-06-30 10:00:00,17.5,1013.0,79.8789290936197,2.25,7.308,274.0,20.033333333333335,1020.9333333333334,55.666666666666664,22.03333333333333,43.0,300.3380551892927
2023-06-30 10:30:00,18.7,1012.9,68.68108748344616,2.3760000000000003,6.66,284.0,20.633333333333333,1020.9,55.333333333333336,19.233333333333334,43.0,300.34096479781243
2023-06-30 11:00:00,19.75,1012.9,62.35639881738388,2.394,6.444,279.0,20.76666666666667,1020.8666666666667,54.666666666666664,23.766666666666666,36.1,294.0042766920885
2023-06-30 11:30:00,20.35,1012.9,58.83421151274972,2.394,6.588,277.5,20.833333333333332,1020.8333333333334,55.333333333333336,22.733333333333334,36.5,292.35593600032405
2023-06-30 12:00:00,20.15,1013.0,56.87890544405228,2.8979999999999997,9.576,261.5,20.733333333333334,1020.8333333333334,60.0,21.400000000000002,36.5,275.66194481070727
2023-06-30 12:30:00,20.4,1013.1,56.736818605733205,2.682,6.6240000000000006,257.5,20.900000000000002,1020.6666666666666,60.666666666666664,21.5,35.1,270.65819797960023
2023-06-30 13:00:00,20.7,1013.1,57.550555945168924,2.646,7.704000000000001,259.0,19.533333333333335,1020.5666666666666,66.66666666666667,20.966666666666665,35.3,268.99847470611667
2023-06-30 13:30:00,20.700000000000003,1013.1,58.15233674259851,2.466,6.372,252.5,20.466666666666665,1020.3000000000001,65.66666666666667,19.733333333333334,35.3,272.33387178440324
2023-06-30 14:00:00,20.55,1013.1,58.53211806875192,2.3040000000000003,6.912,251.5,19.733333333333334,1020.1666666666666,67.33333333333333,19.733333333333334,35.2,276.0
2023-06-30 14:30:00,20.75,1013.0,56.52873301873537,3.042,6.732,252.99999999999997,19.466666666666665,1020.1,67.33333333333333,21.733333333333334,40.3,282.0003047798862
2023-06-30 15:00:00,20.75,1012.9,59.58216000556311,3.096,12.168,248.0,18.933333333333334,1019.9333333333334,67.66666666666667,18.733333333333334,40.3,267.6631384948137
2023-06-30 15:30:00,19.3,1012.95,66.85433650832343,3.294,6.372,252.5,17.766666666666666,1019.7666666666668,73.66666666666667,14.266666666666666,40.3,262.66670428043915
2023-06-30 16:00:00,19.45,1012.75,68.5025409818864,2.97,6.6240000000000006,252.5,17.533333333333335,1019.5333333333333,81.66666666666667,15.466666666666667,30.4,278.3254767656713
2023-06-30 16:30:00,19.1,1012.8,68.64563732143587,3.51,7.416,255.0,17.733333333333334,1019.1999999999999,80.66666666666667,16.900000000000002,30.4,261.9975578539419
2023-06-30 17:00:00,18.8,1012.6500000000001,68.81718820750629,2.9880000000000004,7.452,246.5,17.900000000000002,1018.8333333333334,82.0,15.9,30.4,254.0
2023-06-30 17:30:00,18.35,1012.55,69.67355594664315,2.988,6.803999999999999,239.0,17.8,1018.6666666666666,82.66666666666667,15.333333333333334,27.8,262.3330925501716
2023-06-30 18:00:00,18.2,1012.25,73.25051125618057,2.8440000000000003,7.128,235.0,17.366666666666664,1018.5333333333333,86.0,11.033333333333333,27.7,253.9892738859367
2023-06-30 18:30:00,17.950000000000003,1012.1,77.03616175084738,3.456,10.44,215.99999999999997,17.3,1018.3333333333334,88.66666666666667,10.366666666666667,26.0,254.3316677603159
2023-06-30 19:00:00,17.1,1012.0,85.63912563564912,2.484,7.056,216.0,17.7,1018.2000000000002,89.0,13.833333333333334,24.6,266.66568781397154
2023-06-30 19:30:00,17.15,1011.6500000000001,84.62941672088711,2.646,6.372,205.0,17.466666666666665,1018.1333333333333,89.66666666666667,18.233333333333334,28.5,268.666670427471
2023-06-30 20:00:00,17.05,1011.55,84.47325222357907,2.718,7.236,210.5,17.400000000000002,1017.9,90.0,10.9,28.5,269.00030477988616
2023-06-30 20:30:00,16.55,1011.45,91.49790447859155,2.1420000000000003,4.248,205.0,17.666666666666668,1017.7999999999998,91.0,10.733333333333334,27.9,249.3309196185259
2023-06-30 21:00:00,16.45,1011.2,94.74988751144457,2.124,3.888,203.99999999999997,17.833333333333332,1017.6333333333333,91.0,11.033333333333333,18.4,243.00244214605812
2023-06-30 21:30:00,16.6,1011.05,95.3867067470987,1.9620000000000002,4.5,204.99999999999997,18.1,1017.5,91.0,13.700000000000001,30.1,266.6677210568365
2023-06-30 22:00:00,16.75,1010.8,95.89684392009465,1.944,4.356,210.99999999999997,17.933333333333334,1017.2666666666668,91.66666666666667,15.866666666666667,30.1,271.6666365779404
2023-06-30 22:30:00,16.8,1010.7,96.61289386766035,2.106,4.104,211.5,18.099999999999998,1017.0333333333333,92.0,14.6,32.6,268.66568781397154
2023-06-30 23:00:00,16.9,1010.55,96.70297880570254,2.196,4.896000000000001,207.0,17.933333333333334,1016.8000000000001,92.66666666666667,19.166666666666668,32.6,274.3338037204484
2023-06-30 23:30:00,16.95,1010.3,96.99204173267319,2.6639999999999997,6.192,204.99999999999997,18.1,1016.5,93.0,18.866666666666667,32.6,274.6665349984058
2023-07-01 00:00:00,16.95,1010.0,97.56234215329653,2.5380000000000003,5.364,203.99999999999997,18.2,1016.3000000000001,93.33333333333333,19.433333333333334,29.3,277.0
2023-07-01 00:30:00,17.05,1009.8499999999999,97.7162155067655,2.3760000000000003,4.572,216.5,18.366666666666664,1015.9333333333334,94.0,19.733333333333334,29.6,276.66670428043915
2023-07-01 01:00:00,17.299999999999997,1009.5,98.1062257624303,2.088,5.22,211.49999999999997,18.4,1015.7333333333332,94.0,21.366666666666664,35.3,279.666670427471
2023-07-01 01:30:00,17.55,1009.2,98.43881382106669,2.592,8.064000000000002,227.99999999999997,18.466666666666665,1015.4333333333334,94.0,20.833333333333332,35.3,282.0
2023-07-01 02:00:00,17.65,1008.95,98.95952605495737,2.106,3.636,238.0,18.4,1015.3000000000001,94.0,22.100000000000005,35.3,284.6666365779404
2023-07-01 02:30:00,17.8,1008.65,98.8628886143803,2.088,3.636,236.99999999999997,18.4,1015.1,94.0,22.900000000000002,32.2,284.666670427471
2023-07-01 03:00:00,17.95,1008.3499999999999,99.14879209140103,2.25,4.032000000000001,238.49999999999997,18.5,1014.8000000000001,94.0,21.099999999999998,32.2,284.0
2023-07-01 03:30:00,18.05,1008.05,99.5658193198594,2.5020000000000002,4.824000000000001,241.49999999999997,18.633333333333336,1014.6,94.0,21.3,30.7,283.66670428043915
2023-07-01 04:00:00,18.15,1007.8499999999999,99.56662977424443,2.556,5.076,246.5,18.733333333333334,1014.4333333333334,95.0,17.133333333333333,30.7,292.9654942361491
2023-07-01 04:30:00,18.2,1007.6500000000001,99.61304012760809,2.5200000000000005,5.364,245.5,18.566666666666666,1014.5333333333333,94.66666666666667,20.900000000000002,34.9,303.3332279826744
2023-07-01 05:00:00,18.2,1007.45,99.7565747675614,2.1420000000000003,4.068,245.0,18.4,1014.5,95.0,18.566666666666666,34.9,303.0
2023-07-01 05:30:00,18.2,1007.25,99.92613226376514,2.1420000000000003,3.852,245.0,18.433333333333334,1014.6666666666666,95.0,19.900000000000002,35.0,301.6666365779404
2023-07-01 06:00:00,18.3,1007.05,99.85153692050305,2.016,3.3120000000000003,244.0,18.566666666666666,1014.7666666666668,95.0,22.46666666666667,38.7,300.0
2023-07-01 06:30:00,18.4,1006.9,99.84703795318522,2.034,3.528,246.5,18.533333333333335,1014.8333333333334,95.0,21.233333333333334,38.7,303.6665349984058
2023-07-01 07:00:00,18.299999999999997,1007.0,99.96515889620224,2.7720000000000002,6.264,257.0,18.466666666666665,1014.9666666666667,95.0,24.366666666666664,39.2,307.3330925501716
2023-07-01 07:30:00,18.15,1007.05,99.83037946268087,2.412,4.86,253.5,18.8,1015.2333333333332,95.0,26.166666666666668,42.3,303.3338037204484
2023-07-01 08:00:00,18.15,1007.2,99.7586751838196,2.2860000000000005,4.14,252.0,18.933333333333334,1015.3666666666667,94.66666666666667,24.96666666666667,42.5,303.3336344040273
2023-07-01 08:30:00,18.2,1007.2,99.61304012760806,2.8440000000000003,6.768,257.0,18.7,1015.5666666666666,94.0,26.633333333333336,49.5,309.0
2023-07-01 09:00:00,18.25,1007.2,99.65775768078474,2.952,5.867999999999999,256.5,19.4,1015.6,93.66666666666667,24.3,49.5,312.0
2023-07-01 09:30:00,18.4,1007.45,99.96515889620224,2.5920000000000005,6.264,254.5,20.066666666666666,1015.6333333333333,91.0,25.96666666666667,49.5,309.33329571956085
2023-07-01 10:00:00,18.55,1007.5,100.0,3.114,6.6240000000000006,254.5,20.366666666666664,1015.6,85.66666666666667,25.166666666666668,39.8,308.3334650015942
2023-07-01 10:30:00,19.2,1007.4,99.54867532410162,3.582,8.1,251.5,20.266666666666666,1015.7666666666668,78.33333333333333,27.2,43.2,308.666670427471
2023-07-01 11:00:00,18.85,1007.65,99.54862123227815,3.582,13.068,255.5,20.766666666666666,1015.7666666666668,76.0,24.96666666666667,43.2,301.99643554570355
2023-07-01 11:30:00,18.55,1007.75,97.50988326484845,3.096,9.432,263.0,21.3,1015.7333333333332,72.66666666666667,28.899999999999995,44.6,298.6668737000967
2023-07-01 12:00:00,19.25,1007.7,92.2030699300914,3.348,14.472,255.0,21.599999999999998,1015.7999999999998,69.0,29.099999999999998,45.1,300.6689084421498
2023-07-01 12:30:00,19.700000000000003,1007.7,86.86120141309269,3.294,9.792000000000002,258.5,22.166666666666668,1015.8666666666667,67.0,30.566666666666666,46.8,299.3349908640192
2023-07-01 13:00:00,19.5,1007.9,82.80447088053137,3.5460000000000003,7.524,257.5,21.766666666666666,1015.9333333333334,68.0,30.7,50.8,299.9975578539418
2023-07-01 13:30:00,20.7,1007.6,79.34920592816096,3.888,8.46,257.5,21.96666666666667,1015.9,67.33333333333333,32.93333333333333,50.8,301.332753728081
2023-07-01 14:00:00,21.3,1007.6,76.67883744024466,4.05,9.9,253.5,22.400000000000002,1015.9,67.33333333333333,30.333333333333332,50.8,299.6690803814741
2023-07-01 14:30:00,21.65,1007.7,70.58353398625857,4.878,10.62,252.0,22.3,1015.9,68.33333333333333,32.13333333333333,50.1,298.9998984376572
2023-07-01 15:00:00,22.0,1007.75,67.79677191603844,5.256,12.564000000000002,255.0,22.400000000000002,1015.8333333333334,67.66666666666667,31.0,50.1,296.33332957252895
2023-07-01 15:30:00,21.85,1007.8499999999999,66.26180114481267,5.472,11.16,252.0,21.233333333333334,1015.7999999999998,69.0,32.7,48.3,293.3329905781327
2023-07-01 16:00:00,21.700000000000003,1008.0,67.3956317220966,4.212,8.964,254.0,21.166666666666668,1015.8333333333334,71.66666666666667,28.833333333333332,47.6,295.0003047798862
2023-07-01 16:30:00,21.8,1008.05,66.4083102962871,4.428,9.0,254.5,20.7,1016.0666666666666,71.0,31.433333333333334,48.0,296.3331262999033
2023-07-01 17:00:00,21.85,1008.0,67.10459036417507,4.914,12.096,254.5,20.400000000000002,1016.1333333333333,74.0,29.03333333333333,48.0,293.0
2023-07-01 17:30:00,21.55,1008.1,68.45314859047772,4.59,10.368,255.0,20.166666666666668,1016.2666666666668,74.66666666666667,27.333333333333332,46.8,293.33332957252895
2023-07-01 18:00:00,20.85,1008.25,69.10433351399128,4.554,9.036,254.0,20.0,1016.2999999999998,76.0,25.133333333333336,42.7,293.0
2023-07-01 18:30:00,20.5,1008.3499999999999,72.98167366930363,4.05,8.604000000000001,255.0,19.8,1016.4,78.0,22.133333333333336,41.0,292.3343121860284
2023-07-01 19:00:00,20.2,1008.55,72.50056625882229,4.3740000000000006,7.776000000000001,251.5,18.866666666666664,1016.5,82.33333333333333,21.900000000000002,36.3,291.6650091359808
2023-07-01 19:30:00,19.65,1008.75,74.2777812172898,4.122,7.884,254.0,18.033333333333335,1016.4333333333334,88.0,15.366666666666667,35.5,280.3322789431635
2023-07-01 20:00:00,19.45,1008.95,76.64266972544495,3.582,7.308,253.5,18.133333333333336,1016.5333333333333,90.33333333333333,17.333333333333332,31.2,289.33805518929273
2023-07-01 20:30:00,19.35,1009.1,78.30182314823668,2.97,6.5520000000000005,255.5,18.266666666666666,1016.8333333333334,91.0,16.833333333333332,28.4,301.6677210568365
2023-07-01 21:00:00,19.25,1009.2,79.5518319848791,2.8440000000000003,6.84,254.0,18.3,1017.1333333333333,91.66666666666667,16.866666666666667,28.4,298.3330925501716
2023-07-01 21:30:00,18.45,1009.25,86.22263744765823,3.024,7.272,250.5,18.233333333333334,1017.2333333333332,92.0,16.966666666666665,28.4,300.3338037204484
2023-07-01 22:00:00,17.6,1009.3,93.6577764687531,2.016,4.356,248.0,18.066666666666666,1017.2000000000002,92.0,14.433333333333332,25.9,303.3349908640192
2023-07-01 22:30:00,17.65,1009.5,95.19448944235738,1.908,3.96,243.49999999999997,18.066666666666666,1017.2999999999998,92.0,14.466666666666667,24.9,298.3309196185259
2023-07-01 23:00:00,17.75,1009.75,95.97531088490173,2.232,4.176,248.99999999999997,18.066666666666666,1017.2999999999998,92.0,16.1,28.2,300.00152529388333
2023-07-01 23:30:00,17.8,1009.9,95.91908051668165,2.2680000000000002,3.708,249.5,17.833333333333332,1017.2999999999998,91.33333333333333,15.600000000000001,28.2,306.0
2023-07-02 00:00:00,17.75,1009.8,96.24655529696999,2.178,4.14,247.0,17.233333333333334,1017.2666666666668,91.0,12.4,28.2,307.666670427471
2023-07-02 00:30:00,17.7,1009.8,96.59933699832021,2.2680000000000002,3.492,248.0,16.53333333333333,1017.1333333333333,91.66666666666667,10.799999999999999,24.3,313.0
2023-07-02 01:00:00,17.6,1009.9,96.58924002931353,2.0700000000000003,3.384,250.5,16.266666666666666,1016.9666666666667,92.0,11.4,17.1,315.6666365779404
2023-07-02 01:30:00,17.5,1009.9,96.70062976768878,1.8900000000000001,3.852,252.5,15.266666666666666,1017.0,92.0,6.166666666666667,17.7,303.0
2023-07-02 02:00:00,17.45,1009.8,96.25311408866227,1.728,3.3480000000000003,259.5,14.766666666666666,1017.0,93.0,8.766666666666666,16.1,321.07449058474447
2023-07-02 02:30:00,17.0,1009.8,95.87903674496275,1.746,3.492,262.5,13.866666666666667,1017.0666666666666,93.0,5.866666666666667,12.9,325.0
2023-07-02 03:00:00,16.15,1009.6500000000001,95.84005321353848,1.548,2.8080000000000003,258.0,13.466666666666667,1017.1666666666666,93.0,9.5,12.9,305.00101701768256
2023-07-02 03:30:00,15.65,1009.6,96.08914341525815,1.548,2.628,255.5,13.4,1017.2333333333332,93.66666666666667,10.5,12.7,312.6673835118722
2023-07-02 04:00:00,15.2,1009.6,96.81965124744036,1.044,2.0160000000000005,264.5,13.4,1017.3666666666667,94.0,9.833333333333334,12.7,319.3332279826744
2023-07-02 04:30:00,14.9,1009.55,96.96656900074584,1.008,1.728,266.0,13.366666666666667,1017.6333333333333,94.0,10.4,13.4,325.33312629990326
2023-07-02 05:00:00,14.7,1009.6,97.44992581024718,1.206,2.124,262.5,13.9,1017.6666666666666,94.0,8.9,13.4,324.3332279826744
2023-07-02 05:30:00,14.6,1009.7,97.59781917285815,1.332,2.52,263.0,15.133333333333333,1017.9,94.0,10.933333333333332,17.4,323.33336342205956
2023-07-02 06:00:00,14.55,1009.75,97.73225542080169,1.1340000000000001,2.16,267.0,16.3,1018.2666666666668,94.0,12.700000000000001,20.0,331.6667720173256
2023-07-02 06:30:00,14.350000000000001,1009.95,98.23988308916203,0.8640000000000001,2.124,270.0,17.099999999999998,1018.4,92.66666666666667,12.833333333333334,20.0,346.6665349984058
2023-07-02 07:00:00,14.3,1010.05,98.95742306616134,0.954,1.692,276.0,18.03333333333333,1018.5333333333333,89.66666666666667,13.966666666666667,20.1,340.66795819615595
2023-07-02 07:30:00,14.45,1010.25,99.45925654908262,0.8460000000000001,1.872,287.5,18.333333333333332,1018.4666666666667,84.33333333333333,15.333333333333334,23.3,338.33204180384405
2023-07-02 08:00:00,14.85,1010.5,99.94958985812963,1.206,3.492,286.0,18.8,1018.6999999999999,79.66666666666667,17.033333333333335,27.5,326.65541999283846
2023-07-02 08:30:00,15.5,1010.7,99.97823112586002,1.4580000000000002,4.572,273.5,19.599999999999998,1018.7000000000002,74.0,19.533333333333335,29.1,322.65270805159884
2023-07-02 09:00:00,16.4,1010.6,100.0,1.566,4.968,274.5,19.966666666666665,1018.6333333333333,70.66666666666667,17.966666666666665,29.1,318.66677201732557
2023-07-02 09:30:00,17.9,1010.5,91.56202971674291,1.8900000000000001,5.076,269.0,20.866666666666664,1018.6,67.66666666666667,13.833333333333334,29.1,324.678070021241
2023-07-02 10:00:00,18.85,1010.7,80.58837100684114,1.8720000000000003,5.4,269.5,21.400000000000002,1018.6,65.33333333333333,15.6,27.2,310.0028554874213
2023-07-02 10:30:00,18.5,1011.0,79.32754271520983,2.25,8.208,264.5,21.733333333333334,1018.6666666666666,64.33333333333333,15.466666666666667,29.8,314.9998984376572
2023-07-02 11:00:00,19.45,1010.8,79.2318584381743,2.25,7.56,245.0,22.166666666666668,1018.6666666666666,62.0,14.733333333333334,29.8,311.9876992186034
2023-07-02 11:30:00,20.2,1010.75,75.39956391099457,2.412,6.3,257.0,22.53333333333333,1018.6999999999999,60.333333333333336,16.7,26.8,306.35627713712785
2023-07-02 12:00:00,21.05,1010.6500000000001,70.27212019013737,2.5740000000000003,8.496,246.0,22.933333333333334,1018.6666666666666,58.0,16.900000000000002,31.7,302.67152760742243
2023-07-02 12:30:00,21.75,1010.7,66.34106068076588,2.43,5.328,247.5,23.0,1018.6666666666666,57.666666666666664,20.900000000000002,31.7,296.3331262999033
2023-07-02 13:00:00,22.9,1010.6500000000001,62.861834028500795,2.6100000000000003,9.576,264.5,23.400000000000002,1018.6999999999999,57.0,22.066666666666666,39.8,296.0
2023-07-02 13:30:00,22.9,1010.8,60.58822290531246,2.646,9.432,251.5,22.53333333333333,1018.8666666666667,56.666666666666664,26.7,41.0,295.3332279826744
2023-07-02 14:00:00,23.1,1010.8,61.789680117800536,2.3580000000000005,6.3,256.0,22.333333333333332,1019.0333333333333,57.333333333333336,28.666666666666668,41.0,293.0
2023-07-02 14:30:00,22.55,1010.8499999999999,62.67547426455762,2.43,6.084,253.0,21.53333333333333,1019.0666666666666,62.666666666666664,28.133333333333336,41.0,295.6661962795516
2023-07-02 15:00:00,22.85,1010.8,62.245687459125044,2.646,6.732,250.5,21.599999999999998,1019.0666666666666,64.33333333333333,27.166666666666668,41.0,300.3336344040273
2023-07-02 15:30:00,21.65,1011.1,64.51028959333617,2.7540000000000004,6.984,262.0,21.133333333333336,1019.0666666666666,66.0,26.833333333333332,41.2,296.6670094218673
2023-07-02 16:00:00,21.700000000000003,1011.2,64.25455443404098,2.8080000000000003,7.128,256.5,21.633333333333336,1019.0666666666666,66.33333333333333,24.900000000000002,41.2,298.9975578539419
2023-07-02 16:30:00,21.450000000000003,1011.2,63.853621302418134,3.0780000000000003,7.668,255.5,21.066666666666666,1019.0,67.0,25.900000000000002,39.5,299.66670428043915
2023-07-02 17:00:00,21.25,1011.3,62.7930357222385,3.942,12.528,256.5,20.5,1018.9666666666667,69.0,23.7,38.6,296.6665349984058
2023-07-02 17:30:00,20.95,1011.4,63.17860542713305,3.6180000000000003,8.316,252.5,20.233333333333334,1019.0333333333333,70.0,22.833333333333332,38.6,296.9991869439128
2023-07-02 18:00:00,20.5,1011.45,67.5083613655486,3.69,7.308,257.0,19.7,1019.1333333333333,71.0,23.666666666666668,33.2,296.6677210568365
2023-07-02 18:30:00,20.75,1011.4,67.1708233510122,3.582,6.84,255.0,19.566666666666666,1019.1333333333333,72.33333333333333,23.566666666666666,33.2,297.6665349984058
2023-07-02 19:00:00,20.4,1011.45,67.73316517060027,3.6180000000000003,7.776000000000001,253.5,19.033333333333335,1019.1666666666666,74.0,22.066666666666666,32.9,300.0
2023-07-02 19:30:00,19.9,1011.5,67.73001431913278,3.8339999999999996,7.236,255.0,18.266666666666666,1019.1666666666666,77.0,19.233333333333334,32.9,300.3333634220596
2023-07-02 20:00:00,19.8,1011.6500000000001,67.39588306384287,3.6900000000000004,7.416,253.5,17.599999999999998,1019.2333333333332,81.0,15.466666666666667,32.9,303.6665349984058
2023-07-02 20:30:00,19.4,1011.8,68.34191266299541,3.528,6.768,253.5,17.266666666666666,1019.4666666666667,84.0,13.766666666666666,26.8,303.6665349984058
2023-07-02 21:00:00,18.7,1011.8499999999999,70.9494428350213,3.0420000000000003,6.048,255.0,17.5,1019.6333333333333,85.0,12.166666666666666,20.8,306.33312629990326
2023-07-02 21:30:00,18.0,1011.9,75.44558631214933,2.7720000000000002,5.22,254.5,17.833333333333332,1019.5666666666666,85.0,12.066666666666668,17.6,299.0001015623428
2023-07-02 22:00:00,17.3,1012.0,78.89872561822261,2.016,3.456,257.0,16.866666666666664,1019.5666666666666,86.33333333333333,11.9,15.8,299.0001015623428
2023-07-02 22:30:00,16.65,1012.25,83.32504393952328,1.908,3.888,252.5,16.366666666666667,1019.4,88.33333333333333,9.566666666666666,15.8,287.664738050777
2023-07-02 23:00:00,16.4,1012.4,86.15392672594179,1.8359999999999999,3.168,252.0,16.933333333333334,1019.1,88.33333333333333,10.466666666666667,13.8,283.66670428043915
2023-07-02 23:30:00,16.6,1012.45,87.94763542029307,1.4220000000000002,2.556,251.0,16.866666666666667,1018.9666666666667,88.0,10.666666666666666,13.8,275.666670427471
2023-07-03 00:00:00,16.85,1012.4,88.88225818196125,1.35,2.592,251.0,15.766666666666666,1018.8666666666667,88.33333333333333,9.9,13.8,269.99939016145606
2023-07-03 00:30:00,17.0,1012.3,88.86689972145975,1.314,2.7,253.0,15.033333333333333,1018.8333333333334,89.66666666666667,10.366666666666667,13.3,277.66670428043915
2023-07-03 01:00:00,17.0,1012.0,89.48618125261974,1.116,2.664,235.99999999999997,15.033333333333333,1019.0,91.0,10.666666666666666,13.3,279.0
2023-07-03 01:30:00,17.0,1011.8,90.05385598951642,1.2600000000000002,2.3760000000000003,224.0,15.333333333333334,1018.8333333333334,91.33333333333333,7.566666666666666,13.3,257.6690803814741
2023-07-03 02:00:00,17.0,1011.7,90.00224919525309,1.2600000000000002,2.268,235.0,15.0,1018.6,92.0,4.1,12.9,251.0
2023-07-03 02:30:00,16.85,1011.6,89.82039385337671,1.08,2.196,231.49999999999997,15.200000000000001,1018.4333333333334,92.33333333333333,4.6000000000000005,9.7,251.0
2023-07-03 03:00:00,16.700000000000003,1011.6500000000001,90.4188523995774,1.458,3.132,219.99999999999997,15.933333333333332,1018.1666666666666,93.0,5.833333333333333,8.0,251.0
2023-07-03 03:30:00,16.1,1011.6500000000001,92.27027256446783,1.674,2.8080000000000003,215.0,16.766666666666666,1018.0333333333333,93.0,5.166666666666667,8.0,233.66473805077695
2023-07-03 04:00:00,15.8,1011.4,93.44423741580236,1.764,3.168,203.5,17.266666666666666,1017.9666666666667,93.0,5.2,8.0,231.33332957252898
2023-07-03 04:30:00,15.95,1011.2,94.07084337635446,1.9980000000000002,3.852,201.99999999999997,17.599999999999998,1017.9,93.0,5.666666666666667,9.7,230.0003047798862
2023-07-03 05:00:00,15.9,1011.0,94.50822019814827,2.052,3.276,196.5,18.0,1017.9333333333334,93.0,7.0,14.9,248.19675735931253
2023-07-03 05:30:00,16.2,1010.75,94.96943635407241,2.0700000000000003,3.96,196.0,18.333333333333332,1018.0333333333333,93.33333333333333,6.533333333333334,14.9,255.9525693938506
2023-07-03 06:00:00,16.5,1010.7,95.16681122747886,1.8719999999999999,4.032000000000001,198.5,18.266666666666666,1018.2666666666668,93.33333333333333,16.033333333333335,28.4,291.9624057282958
2023-07-03 06:30:00,16.6,1010.6,96.07484614094568,2.178,3.996,199.49999999999997,18.53333333333333,1018.4,94.0,11.9,28.4,313.3334650015942
2023-07-03 07:00:00,16.75,1010.6500000000001,96.28966795867478,1.9800000000000002,3.492,199.99999999999997,18.7,1018.4666666666667,93.0,14.700000000000001,27.4,316.6581979796003
2023-07-03 07:30:00,17.049999999999997,1010.6500000000001,97.30335110653041,1.908,3.96,202.5,18.433333333333334,1018.7000000000002,93.0,13.866666666666667,20.4,324.98986819398806
2023-07-03 08:00:00,17.4,1010.8,97.51447827450016,2.016,4.6080000000000005,200.5,18.7,1018.7666666666668,93.0,11.733333333333334,20.8,326.33237777578915
2023-07-03 08:30:00,17.5,1010.95,98.67564263005885,1.854,3.78,206.99999999999997,18.933333333333334,1018.7999999999998,93.33333333333333,13.5,20.8,327.3331262999033
2023-07-03 09:00:00,17.65,1011.1,99.0829599126092,1.1520000000000001,3.456,237.5,19.900000000000002,1018.7666666666668,92.33333333333333,8.733333333333333,20.8,344.68233462696685
2023-07-03 09:30:00,18.15,1011.1,99.72886524189454,1.17,2.952,244.5,20.933333333333334,1018.7333333333332,89.66666666666667,9.666666666666666,18.1,302.3248865875779
2023-07-03 10:00:00,18.2,1011.2,99.8782873837807,1.5299999999999998,4.5360000000000005,257.0,22.099999999999998,1018.7999999999998,82.33333333333333,15.933333333333335,26.5,299.6650091359808
2023-07-03 10:30:00,18.05,1011.25,99.87913690018209,1.6019999999999999,4.5360000000000005,253.0,22.099999999999998,1018.9,75.66666666666667,18.53333333333333,26.7,303.66996617033215
2023-07-03 11:00:00,18.15,1011.3,99.89908249696515,1.584,8.604000000000001,326.5,21.733333333333334,1019.1333333333333,78.0,17.366666666666667,26.7,294.0279907236704
2023-07-03 11:30:00,18.95,1011.15,99.71660609140524,1.728,5.112,115.49999999999999,21.900000000000002,1019.1666666666666,78.0,16.26666666666667,26.7,281.33329571956085
2023-07-03 12:00:00,20.25,1010.95,99.29260589121552,1.71,4.32,233.5,23.366666666666664,1018.9666666666667,73.0,17.566666666666666,32.8,281.3394225313758
2023-07-03 12:30:00,20.75,1011.2,94.67168574906418,1.6560000000000001,3.78,270.5,23.833333333333332,1018.8333333333334,70.33333333333333,21.166666666666668,36.8,278.3379811536068
2023-07-03 13:00:00,21.05,1011.2,89.51744926095215,2.0340000000000003,5.328,254.5,23.866666666666664,1018.8333333333334,70.33333333333333,21.266666666666666,36.8,284.6689084421498
2023-07-03 13:30:00,21.85,1011.2,83.3922300534133,2.466,5.328,252.99999999999997,23.2,1018.6999999999999,70.66666666666667,22.633333333333336,39.3,272.0006098385439
2023-07-03 14:00:00,21.5,1011.3499999999999,80.99516674132855,3.024,6.228,252.0,23.599999999999998,1018.7333333333332,70.33333333333333,23.2,39.3,280.6670094218673
2023-07-03 14:30:00,23.05,1010.95,77.08253626063262,2.862,7.524,248.0,23.8,1018.6,68.0,20.3,39.3,279.33109155785013
2023-07-03 15:00:00,22.95,1011.0,75.98017105442409,2.592,6.048,241.49999999999997,23.46666666666667,1018.6,68.33333333333333,21.033333333333335,36.5,280.67152760742243
2023-07-03 15:30:00,23.200000000000003,1010.9,73.21529329644726,3.1500000000000004,8.46,245.5,23.233333333333334,1018.4666666666667,69.0,20.866666666666667,35.9,278.9996952201138
2023-07-03 16:00:00,23.799999999999997,1010.8,70.46524769443644,3.582,7.056,232.49999999999997,23.333333333333332,1018.2666666666668,69.0,24.7,36.3,283.667246271919
2023-07-03 16:30:00,23.450000000000003,1010.9,71.6669923825113,3.33,7.164,240.49999999999997,23.2,1018.2666666666668,70.66666666666667,22.566666666666666,36.3,289.3406016574657
2023-07-03 17:00:00,23.549999999999997,1010.8,70.74574568295375,3.0420000000000003,6.372,238.49999999999997,22.3,1018.1333333333333,73.33333333333333,20.900000000000002,35.6,283.33204180384405
2023-07-03 17:30:00,23.85,1010.8,68.10048936692243,3.69,8.064000000000002,238.0,21.8,1018.1333333333333,77.0,22.099999999999998,31.8,279.9996952201138
2023-07-03 18:00:00,23.65,1010.7,68.05591955027162,3.1500000000000004,6.912,236.49999999999997,20.95,1017.95,77.5,20.5,31.4,278.0
2023-07-03 18:30:00,23.35,1010.6,68.1261286178528,3.132,8.028,243.0,20.7,1017.9,79.33333333333333,18.900000000000002,31.4,279.0008130560873
2023-07-03 19:00:00,22.799999999999997,1010.7,69.19431741269781,3.132,6.12,247.0,20.099999999999998,1017.9333333333334,82.0,19.2,27.8,282.3336344040273
2023-07-03 19:30:00,22.35,1010.7,70.02040234971989,3.096,7.38,241.0,19.3,1018.1333333333333,85.0,16.333333333333332,25.5,280.0
2023-07-03 20:00:00,21.45,1010.7,73.56935103631994,2.952,5.6160000000000005,242.99999999999997,18.8,1018.3000000000001,87.66666666666667,14.233333333333334,23.6,279.33329571956085
2023-07-03 20:30:00,20.950000000000003,1010.6500000000001,76.9377563617443,2.2860000000000005,5.867999999999999,241.0,18.266666666666666,1018.4666666666667,89.33333333333333,10.299999999999999,23.6,274.6670094218673
2023-07-03 21:00:00,20.5,1010.6500000000001,78.78257118505137,2.5020000000000002,5.148,248.49999999999997,18.0,1018.5333333333333,90.66666666666667,10.1,20.0,276.3336344040273
2023-07-03 21:30:00,19.799999999999997,1010.8,81.6863955673306,2.0340000000000003,3.78,238.49999999999997,17.566666666666666,1018.4666666666667,91.33333333333333,9.700000000000001,14.2,276.6666365779404
2023-07-03 22:00:00,18.95,1011.1,85.49080943076854,1.854,3.42,227.5,17.0,1018.2999999999998,92.0,5.066666666666666,12.9,263.0
2023-07-03 22:30:00,18.25,1011.3499999999999,89.33756814354768,1.674,3.276,215.0,16.8,1018.3666666666667,92.66666666666667,4.633333333333333,12.9,263.0
2023-07-03 23:00:00,17.75,1011.5,91.7689761861601,1.08,2.52,226.99999999999997,17.2,1018.1666666666666,93.0,3.5,6.4,263.0
2023-07-03 23:30:00,17.299999999999997,1011.45,93.85494139933196,1.584,2.7,207.5,17.866666666666667,1018.0333333333333,93.0,3.4,6.4,263.0
2023-07-04 00:00:00,17.0,1011.3,94.90489465026971,1.5659999999999998,2.628,206.0,18.3,1017.9666666666667,93.0,5.566666666666666,8.0,263.0
2023-07-04 00:30:00,17.0,1011.1500000000001,95.49837278429806,1.692,3.132,201.99999999999997,18.333333333333332,1017.8666666666667,93.0,4.266666666666667,8.0,263.0
2023-07-04 01:00:00,17.25,1011.05,95.67050187541072,1.62,2.8080000000000003,208.49999999999997,18.133333333333333,1017.6,93.0,4.133333333333334,8.0,272.67043694469766
2023-07-04 01:30:00,17.55,1010.9,96.99273565992358,1.314,2.4480000000000004,219.0,17.266666666666666,1017.5333333333333,93.0,4.1,6.4,276.0
2023-07-04 02:00:00,17.7,1010.6500000000001,97.63618140259555,1.5659999999999998,3.24,199.99999999999997,17.033333333333335,1017.2333333333332,93.0,4.466666666666667,6.4,337.9472413082127
2023-07-04 02:30:00,17.6,1010.6500000000001,97.88107142888255,1.53,3.24,206.0,15.766666666666667,1017.1333333333333,93.33333333333333,1.9000000000000001,6.4,7.0
2023-07-04 03:00:00,17.65,1010.5,97.77206278150288,1.08,2.3040000000000003,209.5,15.766666666666666,1016.7666666666668,94.0,1.5999999999999999,6.4,7.0
2023-07-04 03:30:00,17.55,1010.25,98.29007085445491,0.8460000000000001,1.944,213.5,15.266666666666666,1016.6666666666666,94.0,2.966666666666667,4.8,7.0
2023-07-04 04:00:00,17.299999999999997,1010.2,98.3861710183208,0.666,1.512,230.99999999999997,14.533333333333333,1016.6,94.0,2.8333333333333335,6.4,82.75864244774837
2023-07-04 04:30:00,16.85,1009.9,99.53736249343535,0.6660000000000001,2.0160000000000005,143.0,14.033333333333333,1016.7333333333332,94.0,2.1999999999999997,6.4,102.33332957252898
2023-07-04 05:00:00,16.1,1009.7,99.07064177286894,0.6480000000000001,1.332,92.0,15.366666666666667,1016.7333333333332,94.0,3.8333333333333335,4.8,103.0
2023-07-04 05:30:00,16.15,1009.5,97.91398589296898,0.43200000000000005,1.476,60.00000000000001,16.8,1016.7333333333332,94.33333333333333,1.5333333333333332,4.8,104.0
2023-07-04 06:00:00,16.15,1009.3499999999999,99.085257048423,0.774,1.368,101.5,17.7,1016.7666666666668,94.66666666666667,0.8333333333333334,4.8,100.0
2023-07-04 06:30:00,15.7,1009.3499999999999,99.00474113181535,0.8280000000000001,1.548,79.5,18.466666666666665,1016.8333333333334,94.33333333333333,4.333333333333333,9.7,139.0981394577475
2023-07-04 07:00:00,15.6,1009.5,98.73812659086286,0.522,1.044,45.50000000000001,19.46666666666667,1016.8000000000001,94.0,7.966666666666666,17.5,193.6683322396841
2023-07-04 07:30:00,16.5,1009.45,99.43760466174072,0.792,1.98,23.499999999999996,20.7,1016.6333333333333,93.0,9.566666666666666,17.9,230.73970724873152
2023-07-04 08:00:00,17.15,1009.4,99.9381974657358,0.756,2.772,35.5,21.333333333333332,1016.5333333333333,88.33333333333333,11.200000000000001,20.5,254.02314619158392
2023-07-04 08:30:00,17.450000000000003,1009.55,99.98393799870854,1.0619999999999998,3.6,133.00000000000003,21.433333333333334,1016.5,83.0,14.666666666666666,27.5,243.33674022881854
2023-07-04 09:00:00,18.15,1009.55,100.0,1.17,3.852,201.0,19.933333333333334,1016.6,85.0,13.266666666666666,27.5,262.3441298270917
2023-07-04 09:30:00,19.6,1009.3,98.92482415283806,2.016,7.416,180.0,18.933333333333334,1016.6666666666666,90.0,7.033333333333334,27.5,290.9858979002978
2023-07-04 10:00:00,20.9,1008.95,92.07057068429665,2.178,6.012,196.5,20.46666666666667,1016.6,91.0,15.166666666666666,30.8,267.0
2023-07-04 10:30:00,21.9,1008.8,85.68308135713961,2.5380000000000003,7.848000000000001,194.5,21.733333333333334,1016.5,89.66666666666667,23.333333333333332,39.5,264.0006098385439
2023-07-04 11:00:00,21.75,1008.8499999999999,86.65720249727651,2.5920000000000005,7.488,211.5,22.099999999999998,1016.3333333333334,85.66666666666667,30.03333333333333,44.3,269.66670428043915
2023-07-04 11:30:00,20.950000000000003,1009.05,87.50357160488528,2.124,4.176,241.0,22.53333333333333,1016.2333333333332,81.0,27.833333333333332,44.3,268.6669074498284
2023-07-04 12:00:00,19.25,1009.25,95.84392026677574,2.394,5.652,253.5,23.3,1016.0666666666666,77.0,27.933333333333334,48.8,264.6661962795516
2023-07-04 12:30:00,18.7,1009.2,98.74515041462797,2.3580000000000005,5.184,241.5,22.866666666666664,1016.0666666666666,77.33333333333333,27.433333333333334,48.8,263.6665349984058
2023-07-04 13:00:00,20.1,1008.75,99.09111939096849,3.024,7.884,245.0,21.233333333333334,1016.2999999999998,83.33333333333333,26.766666666666666,48.8,268.3379811536068
2023-07-04 13:30:00,20.700000000000003,1008.45,95.92773361017083,3.6,6.5520000000000005,244.0,22.599999999999998,1016.1666666666666,79.66666666666667,29.46666666666667,45.9,269.66670428043915
2023-07-04 14:00:00,20.9,1008.5,89.67258118618336,4.032,8.028,246.0,22.8,1016.0333333333333,73.0,32.56666666666666,48.7,266.6663655959727
2023-07-04 14:30:00,21.15,1008.4,85.95700384281301,3.564,7.668,235.5,23.433333333333334,1015.7666666666668,70.66666666666667,28.933333333333334,49.3,261.3334650015942
2023-07-04 15:00:00,21.549999999999997,1008.4,82.78465447675848,3.726,7.164,239.5,23.066666666666666,1015.6666666666666,71.66666666666667,27.066666666666666,49.3,261.33227894316343
2023-07-04 15:30:00,20.85,1008.6500000000001,86.53043754689992,4.122,7.092,246.5,23.5,1015.4333333333334,72.33333333333333,26.7,49.3,255.9989829823174
2023-07-04 16:00:00,21.35,1008.45,84.83073046028852,4.626,10.836,233.0,23.233333333333334,1015.2666666666668,71.0,30.433333333333334,47.0,260.66670428043915
2023-07-04 16:30:00,21.950000000000003,1008.25,79.00021215853634,4.698,9.828,235.0,22.96666666666667,1015.0666666666666,72.66666666666667,28.233333333333334,47.0,262.0003047798862
2023-07-04 17:00:00,21.75,1008.2,77.63218307788988,4.32,7.884,234.0,22.03333333333333,1015.0,74.66666666666667,30.3,46.9,259.333329572529
2023-07-04 17:30:00,21.700000000000003,1008.1,76.61660438914294,4.716,9.252,233.0,21.0,1014.9333333333334,78.0,24.099999999999998,46.9,258.33332957252895
2023-07-04 18:00:00,21.75,1007.9,77.50158024936907,4.6080000000000005,12.6,215.5,18.633333333333336,1015.0,86.33333333333333,29.599999999999998,52.7,271.33387178440324
2023-07-04 18:30:00,22.15,1007.6,73.7603497315063,5.508,12.456,220.5,18.366666666666667,1014.9,89.66666666666667,20.900000000000002,52.7,265.332753728081
2023-07-04 19:00:00,21.8,1007.6500000000001,74.10394037386203,5.346,10.656,228.99999999999997,18.7,1015.1666666666666,91.0,22.633333333333336,52.7,265.666670427471
2023-07-04 19:30:00,21.35,1007.7,75.47038759168362,4.95,12.348,227.5,18.03333333333333,1015.3666666666667,92.0,24.599999999999998,48.9,270.3299021184476
2023-07-04 20:00:00,20.6,1007.6500000000001,78.18097090510327,5.0040000000000004,11.592,224.0,17.766666666666666,1015.8000000000001,92.0,20.833333333333332,48.9,289.3334650015942
2023-07-04 20:30:00,18.200000000000003,1007.8499999999999,94.18919010026461,4.122,9.504,234.5,17.5,1016.2666666666668,92.0,18.133333333333333,48.9,298.0
2023-07-04 21:00:00,17.65,1007.95,96.60694417958166,2.754,6.048,226.49999999999997,17.2,1016.5333333333333,91.33333333333333,17.533333333333335,27.9,301.0
2023-07-04 21:30:00,18.0,1008.1500000000001,96.46368292206171,2.718,6.264,230.5,16.8,1016.7999999999998,91.0,17.099999999999998,27.9,305.666670427471
2023-07-04 22:00:00,17.6,1008.3,98.07981472112394,3.06,8.784,233.5,16.266666666666666,1017.0333333333333,91.0,14.133333333333333,27.9,307.33282069289993
2023-07-04 22:30:00,17.35,1008.8,97.82263257621301,2.466,4.464,252.0,15.799999999999999,1017.3000000000001,91.66666666666667,10.799999999999999,22.3,308.0006098385439
2023-07-04 23:00:00,16.950000000000003,1009.2,97.71337190038355,2.3040000000000003,3.888,255.0,15.066666666666668,1017.4333333333334,92.0,4.866666666666667,19.2,310.9991869439127
2023-07-04 23:30:00,16.3,1009.4,97.54303027220972,1.332,2.772,258.5,14.800000000000002,1017.6,93.0,4.3,14.5,309.0
2023-07-05 00:00:00,15.850000000000001,1009.6500000000001,96.89287628345146,1.548,2.592,245.5,14.566666666666668,1017.5,93.0,4.3999999999999995,6.4,279.6752617576806
2023-07-05 00:30:00,15.4,1010.0,97.5543577596286,1.098,3.06,276.0,14.299999999999999,1017.5333333333333,93.0,5.166666666666667,11.3,265.9998984376572
2023-07-05 01:00:00,15.0,1010.1500000000001,98.2197896901315,0.8280000000000001,2.088,271.5,14.6,1017.6333333333333,93.33333333333333,8.266666666666667,13.8,297.0036758364123
2023-07-05 01:30:00,14.45,1010.3,98.94068385939043,0.48600000000000004,1.044,11.000000000000004,14.5,1017.7333333333332,94.0,2.6666666666666665,12.9,288.0
2023-07-05 02:00:00,14.3,1010.2,98.34544344842959,0.738,2.8080000000000003,106.5,14.9,1017.7666666666668,94.0,0.5,12.9,288.0
2023-07-05 02:30:00,14.350000000000001,1010.2,98.8820785820001,1.008,2.736,153.50000000000003,15.333333333333334,1017.7666666666668,94.0,2.1666666666666665,8.0,317.64417456903664
2023-07-05 03:00:00,14.55,1010.2,98.45619586830347,1.836,3.708,164.5,15.733333333333334,1017.8333333333334,94.0,5.566666666666666,11.3,288.0075060444595
2023-07-05 03:30:00,15.1,1010.4,98.69524565329428,1.206,4.428,215.0,15.5,1017.9333333333334,94.0,8.033333333333333,13.3,2.02150160064933
2023-07-05 04:00:00,15.2,1010.4,99.48311258073366,0.738,1.404,250.5,15.0,1018.1,93.0,6.233333333333333,12.9,6.666772017325619
2023-07-05 04:30:00,15.2,1010.4,99.929697178285,0.4860000000000001,1.476,298.5,15.0,1018.1333333333333,92.66666666666667,9.433333333333334,13.6,19.66670428043917
2023-07-05 05:00:00,15.2,1010.4,99.91728386054481,0.45000000000000007,1.152,285.5,15.0,1018.3666666666667,91.66666666666667,5.933333333333334,12.9,24.000000000000004
2023-07-05 05:30:00,15.1,1010.45,99.92097167605439,0.432,0.9,318.5,15.266666666666666,1018.4666666666667,90.33333333333333,5.6000000000000005,12.9,25.999186943912747
2023-07-05 06:00:00,15.05,1010.55,99.83380855048208,0.45000000000000007,0.864,16.500000000000007,15.466666666666667,1018.5,88.66666666666667,7.233333333333334,12.9,31.661944810707293
2023-07-05 06:30:00,14.95,1010.7,99.9898486269459,0.36,0.756,56.0,15.766666666666666,1018.8666666666667,86.33333333333333,5.2,12.9,53.32769203182398
2023-07-05 07:00:00,14.95,1010.8,99.89972728562864,0.4860000000000001,1.26,351.5,16.0,1018.9666666666667,83.33333333333333,6.8999999999999995,12.9,44.66717930710007
2023-07-05 07:30:00,14.9,1011.05,99.68141855165791,0.6300000000000001,1.296,255.49999999999997,16.533333333333335,1019.0666666666666,80.0,4.733333333333333,12.9,60.349632618271784
2023-07-05 08:00:00,14.8,1011.05,99.82111628088416,0.648,1.692,247.0,17.333333333333332,1019.1999999999999,75.33333333333333,6.766666666666667,15.7,35.53518540327626
2023-07-05 08:30:00,15.2,1011.2,99.85724623467277,0.972,3.96,214.5,18.166666666666668,1019.2999999999998,67.33333333333333,7.8,16.1,9.357589383165275
2023-07-05 09:00:00,15.3,1011.5,99.72494840465039,1.3319999999999999,5.472,213.49999999999997,18.599999999999998,1019.4666666666667,63.0,7.1000000000000005,16.1,6.036943506632085
2023-07-05 09:30:00,15.65,1011.5,98.289175729023,1.8359999999999999,4.896000000000001,209.0,19.099999999999998,1019.4333333333334,60.666666666666664,6.6000000000000005,17.7,343.4011675916466
2023-07-05 10:00:00,15.85,1011.55,93.07005597824181,1.458,4.068,191.5,19.666666666666668,1019.5,57.666666666666664,5.5,17.7,335.88344190410675
2023-07-05 10:30:00,17.2,1011.5,86.4440621628994,2.358,6.444,149.00000000000003,20.966666666666665,1019.4666666666667,54.333333333333336,7.900000000000001,19.7,287.84912486940925
2023-07-05 11:00:00,17.75,1011.6500000000001,82.657441571013,2.0340000000000003,6.444,165.5,21.433333333333334,1019.2666666666668,54.333333333333336,7.066666666666666,19.7,325.7064575736488
2023-07-05 11:30:00,18.700000000000003,1011.7,73.5551245215441,1.872,5.364,333.5,21.96666666666667,1019.1,49.0,9.166666666666666,20.2,347.3683723317569
2023-07-05 12:00:00,19.4,1011.6500000000001,69.66265807945194,2.124,6.48,239.5,22.266666666666666,1019.0,46.0,11.566666666666668,22.3,303.6635154357699
2023-07-05 12:30:00,20.05,1011.75,64.77472239949523,2.016,7.308,177.50000000000003,22.400000000000002,1018.9333333333334,45.333333333333336,11.166666666666666,27.3,315.0168708191585
2023-07-05 13:00:00,20.85,1011.6,61.15236361092545,2.178,6.66,216.5,22.73333333333333,1018.7666666666668,49.333333333333336,14.4,29.5,308.77189337983003
2023-07-05 13:30:00,21.55,1011.55,60.58922695629181,2.232,9.288,235.99999999999997,22.566666666666666,1018.6,57.666666666666664,20.666666666666668,33.9,276.0001015623428
2023-07-05 14:00:00,22.3,1011.3499999999999,57.80519516419768,2.034,7.272,212.0,22.53333333333333,1018.5,56.0,18.333333333333332,36.5,280.997252795285
2023-07-05 14:30:00,22.65,1011.3,54.35108074643084,2.358,8.1,249.0,22.5,1018.3666666666667,57.333333333333336,18.400000000000002,36.5,267.3349908640192
2023-07-05 15:00:00,22.65,1011.1500000000001,55.44923851695292,1.9260000000000002,6.264,268.0,22.333333333333332,1018.3333333333334,59.0,22.2,36.5,271.66667042747105
2023-07-05 15:30:00,22.6,1010.95,52.49483174207063,2.1239999999999997,6.408,288.0,22.066666666666666,1018.3666666666667,60.666666666666664,25.400000000000002,38.9,276.98927388593665
2023-07-05 16:00:00,23.45,1010.75,47.15327348348327,2.232,5.867999999999999,164.5,21.833333333333332,1018.3333333333334,57.666666666666664,22.566666666666666,38.9,304.66908038147403
2023-07-05 16:30:00,24.2,1010.6500000000001,43.911919963402966,1.98,5.58,258.0,21.3,1018.3333333333334,58.666666666666664,21.833333333333332,38.9,305.995106749009
2023-07-05 17:00:00,23.9,1010.5,41.991815227728374,2.088,4.6080000000000005,225.0,20.533333333333335,1018.3666666666667,60.333333333333336,21.366666666666664,31.8,306.9996952201138
2023-07-05 17:30:00,23.450000000000003,1010.55,48.920797824801554,2.934,6.048,236.99999999999997,19.8,1018.2666666666668,62.666666666666664,21.566666666666666,31.8,309.0
2023-07-05 18:00:00,22.7,1010.6,52.316567340263376,2.808,7.128,236.0,19.233333333333334,1018.2000000000002,66.33333333333333,21.766666666666666,31.8,308.0
2023-07-05 18:30:00,21.5,1010.8,57.2428967809103,3.114,9.18,248.5,18.633333333333333,1018.1333333333333,67.0,21.766666666666666,30.8,312.6665349984058
2023-07-05 19:00:00,20.5,1011.05,58.94413846737925,2.646,7.344,251.0,18.366666666666664,1018.1,68.66666666666667,19.833333333333332,30.8,314.666670427471
2023-07-05 19:30:00,19.75,1011.0,61.33314484121075,2.5200000000000005,7.704000000000001,259.5,17.900000000000002,1018.1666666666666,70.66666666666667,16.933333333333334,29.5,315.0001015623428
2023-07-05 20:00:00,18.950000000000003,1011.05,63.59409403742159,2.322,6.084,264.0,17.066666666666666,1018.3333333333334,74.0,12.433333333333332,27.2,314.666670427471
2023-07-05 20:30:00,18.4,1011.05,66.57650752158412,2.178,6.372,259.0,15.866666666666667,1018.6333333333333,79.0,10.299999999999999,21.1,312.9998984376572
2023-07-05 21:00:00,17.9,1011.05,69.74687245430863,1.728,4.212,260.5,14.866666666666665,1018.6,84.0,10.299999999999999,18.8,322.6631384948137
2023-07-05 21:30:00,17.5,1011.05,72.12724317111861,1.6019999999999999,3.42,256.0,15.233333333333334,1018.6,85.0,11.700000000000001,16.0,333.0
2023-07-05 22:00:00,16.85,1011.1500000000001,75.39351392972668,1.512,2.664,251.0,15.4,1018.5666666666666,83.33333333333333,12.799999999999999,16.3,342.0
2023-07-05 22:30:00,16.25,1011.45,78.51418598797187,1.3679999999999999,2.268,250.5,15.200000000000001,1018.6,82.66666666666667,13.466666666666667,16.5,349.0
2023-07-05 23:00:00,15.7,1011.5,80.92662643157502,1.098,1.98,262.0,14.799999999999999,1018.6666666666666,83.0,10.799999999999999,16.5,356.9996952201138
2023-07-05 23:30:00,15.15,1011.4,83.51693822600645,0.918,1.584,295.0,14.1,1018.5,84.0,8.466666666666667,16.5,5.999390161456108
2023-07-06 00:00:00,14.65,1011.4,85.64806361640495,0.684,1.8,333.5,13.699999999999998,1018.4,85.33333333333333,9.933333333333332,15.1,359.6656878139716
2023-07-06 00:30:00,14.1,1011.3,86.13599619162676,0.6300000000000001,1.872,326.5,13.6,1018.3333333333334,86.0,8.966666666666667,13.0,10.000304779886221
2023-07-06 01:00:00,13.75,1011.3,86.12040279549325,0.8460000000000001,2.7,304.5,13.0,1018.2666666666668,86.66666666666667,6.866666666666667,13.0,9.33332957252898
2023-07-06 01:30:00,13.2,1011.3,88.27771774398497,0.738,1.872,334.5,12.766666666666666,1018.1333333333333,88.0,6.766666666666666,10.2,10.333092550171601
2023-07-06 02:00:00,12.6,1011.1,90.84696270883967,0.792,1.548,338.0,12.433333333333332,1017.9333333333334,89.0,7.166666666666667,10.3,9.33332957252898
2023-07-06 02:30:00,12.3,1010.95,90.97996337044583,0.738,2.088,318.5,11.766666666666666,1017.8000000000001,89.33333333333333,5.6000000000000005,9.7,9.0
2023-07-06 03:00:00,11.9,1010.75,92.5126866543995,0.684,1.26,357.0,10.799999999999999,1017.6666666666666,90.33333333333333,4.6000000000000005,8.0,9.0
2023-07-06 03:30:00,11.649999999999999,1010.6500000000001,93.39501858233572,0.6480000000000001,1.26,352.0,10.466666666666667,1017.6333333333333,91.0,4.266666666666667,8.0,8.666670427471022
2023-07-06 04:00:00,11.45,1010.4,94.23333395809237,0.6480000000000001,1.332,1.0000000000000036,10.966666666666667,1017.5333333333333,92.0,7.900000000000001,11.4,9.333295719560827
2023-07-06 04:30:00,11.3,1010.2,95.17638822976895,0.5940000000000001,1.1880000000000002,339.0,11.533333333333333,1017.3666666666667,92.0,7.7,11.7,359.08668638138755
2023-07-06 05:00:00,11.149999999999999,1010.1500000000001,96.01371979699027,0.4860000000000001,1.044,331.5,12.066666666666668,1017.3666666666667,92.0,6.233333333333333,11.3,6.000000000000001
2023-07-06 05:30:00,11.1,1009.95,96.2967364442004,0.6120000000000001,1.296,339.0,13.1,1017.2666666666668,92.0,4.166666666666667,11.3,17.330657725970962
2023-07-06 06:00:00,10.95,1009.95,96.72479372718459,0.6300000000000001,1.404,342.0,14.299999999999999,1017.2333333333332,91.66666666666667,7.033333333333334,13.4,6.401512916168804
2023-07-06 06:30:00,10.8,1009.7,97.50154518457848,0.666,1.4400000000000002,355.0,15.466666666666667,1017.4,89.0,8.866666666666667,15.0,11.999898437657182
2023-07-06 07:00:00,10.850000000000001,1009.6500000000001,98.0230055137076,0.6300000000000001,1.26,8.000000000000002,16.466666666666665,1017.5,84.0,9.200000000000001,15.0,21.666636577940412
2023-07-06 07:30:00,11.35,1009.6500000000001,97.45899298097748,0.6300000000000001,1.4400000000000002,332.0,17.566666666666666,1017.3666666666667,77.0,8.266666666666666,15.0,23.009181159611188
2023-07-06 08:00:00,12.3,1009.6,98.03857606430289,0.792,3.492,11.0,18.7,1017.1999999999999,71.33333333333333,6.733333333333333,14.5,27.662018846393202
2023-07-06 08:30:00,13.600000000000001,1009.6500000000001,99.20601098203393,1.026,4.32,203.0,19.8,1016.9666666666667,65.66666666666667,5.599999999999999,14.5,35.66612821559673
2023-07-06 09:00:00,15.5,1009.7,94.45764435403066,1.6019999999999999,5.184,121.5,20.5,1016.9,61.666666666666664,5.166666666666667,14.5,350.00902682847874
2023-07-06 09:30:00,17.450000000000003,1009.6,81.3691753397868,2.2140000000000004,5.904,123.5,21.46666666666667,1016.8333333333334,57.666666666666664,3.6333333333333333,14.5,340.7064575736488
2023-07-06 10:00:00,19.0,1009.3499999999999,71.03609350809356,1.998,4.716,101.5,22.566666666666666,1016.7666666666668,54.0,4.433333333333334,16.1,140.15745932073278
2023-07-06 10:30:00,20.1,1009.1,66.0059806786376,1.98,5.867999999999999,107.49999999999999,22.733333333333334,1016.7000000000002,52.333333333333336,6.333333333333333,16.1,195.8837302376203
2023-07-06 11:00:00,21.25,1009.0,62.94528633176613,1.764,4.428,178.0,23.433333333333334,1016.6,51.0,4.8,16.1,218.1966764879139
2023-07-06 11:30:00,21.9,1009.05,58.40282091714781,2.178,6.66,141.0,24.46666666666667,1016.5333333333333,53.0,14.1,28.3,249.0107261140633
2023-07-06 12:00:00,22.8,1008.95,57.19419715554468,2.0700000000000003,5.867999999999999,267.5,24.099999999999998,1016.3666666666667,52.666666666666664,13.933333333333332,28.3,291.0462370623357
2023-07-06 12:30:00,23.3,1008.95,54.05790610085562,2.484,6.984,111.5,24.8,1016.2333333333332,52.333333333333336,11.433333333333332,28.3,300.60297747685865
2023-07-06 13:00:00,23.8,1008.9,52.69687428815873,2.5380000000000003,7.164,132.50000000000017,24.8,1015.9,50.333333333333336,14.299999999999999,27.1,280.06318494118
2023-07-06 13:30:00,24.45,1008.8499999999999,51.98022909022704,2.0160000000000005,4.644,291.0,25.133333333333336,1015.5333333333333,48.333333333333336,12.433333333333332,26.2,305.9957233079115
2023-07-06 14:00:00,25.1,1008.8,50.599256566249615,2.0160000000000005,5.976,204.0,25.2,1015.3666666666667,46.333333333333336,12.033333333333333,26.2,304.0
2023-07-06 14:30:00,25.549999999999997,1008.6,49.804225435597175,2.034,5.256,239.0,25.5,1015.1999999999999,45.333333333333336,12.766666666666666,25.3,292.3349908640192
2023-07-06 15:00:00,25.799999999999997,1008.4,48.55622467930394,2.1420000000000003,7.2,175.0,25.766666666666666,1014.9666666666667,45.333333333333336,13.766666666666666,25.3,294.67496453193235
2023-07-06 15:30:00,26.4,1008.05,46.94665643216144,2.088,5.4,160.0,25.733333333333334,1014.8000000000001,45.666666666666664,13.4,24.9,312.9998984376572
2023-07-06 16:00:00,26.65,1007.9,45.46498486468769,1.908,6.984,258.5,25.5,1014.5666666666666,45.333333333333336,12.066666666666668,22.9,332.6670094218673
2023-07-06 16:30:00,26.9,1007.8,44.20817058893179,1.854,5.004,156.0,25.46666666666667,1014.4,45.0,13.799999999999999,21.8,317.33003382966785
2023-07-06 17:00:00,27.0,1007.6,45.184590714427095,1.728,4.464,216.5,25.333333333333332,1014.4,45.666666666666664,13.666666666666666,20.6,312.32291521334565
2023-07-06 17:30:00,26.9,1007.45,45.135073620964675,1.9260000000000002,6.084,144.00000000000003,24.7,1014.7666666666668,46.666666666666664,14.299999999999999,20.6,305.9984747061166
2023-07-06 18:00:00,27.05,1007.1500000000001,45.61437132155514,1.62,5.184,331.5,24.0,1014.7999999999998,49.0,12.799999999999999,20.6,312.65376176915754
2023-07-06 18:30:00,26.700000000000003,1007.0,44.63107178803902,1.548,5.508,209.5,23.03333333333333,1014.8333333333334,52.333333333333336,13.300000000000002,18.8,326.0
2023-07-06 19:00:00,26.15,1007.1,47.26843163249397,1.62,5.652,242.99999999999997,21.666666666666668,1014.9333333333334,56.0,11.266666666666666,18.5,327.332753728081
2023-07-06 19:30:00,25.35,1007.45,48.70329234555063,1.278,4.392,250.5,20.2,1014.8333333333334,61.333333333333336,13.299999999999999,18.3,323.0
2023-07-06 20:00:00,24.2,1007.75,51.04854259010061,1.296,5.184,262.5,18.8,1014.9666666666667,67.0,11.533333333333333,17.7,323.66568781397154
2023-07-06 20:30:00,23.15,1007.8499999999999,52.507181950545444,1.206,2.664,269.0,17.566666666666666,1015.4666666666667,72.33333333333333,8.066666666666668,16.1,319.30988911523957
2023-07-06 21:00:00,22.1,1007.9,54.56613793615671,1.1520000000000001,2.556,261.5,18.166666666666668,1015.5,77.66666666666667,12.833333333333334,16.4,336.9993901614561
2023-07-06 21:30:00,20.85,1007.95,57.490250024043235,0.81,2.484,350.0,17.8,1015.7666666666668,79.0,10.233333333333333,16.4,346.0001015623428
2023-07-06 22:00:00,19.55,1008.05,60.79608386659713,0.8280000000000001,1.944,29.000000000000004,17.666666666666668,1015.8333333333334,78.0,10.733333333333334,16.1,350.6658226397521
2023-07-06 22:30:00,18.450000000000003,1008.45,64.03317443337293,0.36,1.26,342.0,18.2,1015.8000000000001,73.0,8.700000000000001,14.5,3.0000000000000004
2023-07-06 23:00:00,17.799999999999997,1008.6,67.66219430130613,0.4860000000000001,1.152,334.0,18.099999999999998,1015.7333333333332,70.66666666666667,9.700000000000001,13.8,9.666772017325622
2023-07-06 23:30:00,17.299999999999997,1008.8499999999999,71.80836060832209,0.522,1.404,274.5,17.633333333333336,1015.5666666666666,70.66666666666667,7.166666666666667,14.5,23.341802020399726
2023-07-07 00:00:00,16.75,1008.8499999999999,76.47302551957878,0.45,1.26,22.999999999999996,17.3,1015.2333333333332,71.33333333333333,8.266666666666666,13.4,25.332753728081002
2023-07-07 00:30:00,16.8,1008.8499999999999,75.65760549105637,0.6120000000000001,1.332,348.5,16.866666666666667,1015.1333333333333,71.0,7.833333333333333,14.5,24.333295719560827
2023-07-07 01:00:00,16.4,1008.75,76.61245633449477,0.864,1.944,37.0,16.533333333333335,1014.9666666666667,70.66666666666667,7.866666666666667,14.5,33.33109155785018
2023-07-07 01:30:00,16.0,1008.6500000000001,78.75761426154989,0.774,1.836,17.5,16.066666666666666,1014.7999999999998,72.0,7.6000000000000005,12.9,38.33322798267439
2023-07-07 02:00:00,15.8,1008.25,81.35592294347228,0.774,1.728,30.5,15.366666666666667,1014.6999999999999,76.33333333333333,5.566666666666666,12.9,30.682334626966842
2023-07-07 02:30:00,15.55,1008.1,81.67813965579646,0.972,2.4480000000000004,49.5,15.533333333333333,1014.5333333333333,76.0,6.033333333333334,11.6,31.33798115360681
2023-07-07 03:00:00,15.05,1007.95,84.84252473082665,0.702,1.512,31.5,15.200000000000001,1014.4333333333334,78.33333333333333,2.6999999999999997,11.3,36.0
2023-07-07 03:30:00,14.7,1007.75,85.25291886112132,0.9180000000000001,1.548,52.0,15.066666666666668,1014.4333333333334,79.66666666666667,3.6333333333333333,11.3,42.33526194922302
2023-07-07 04:00:00,14.75,1007.6500000000001,84.5890128488551,1.134,2.088,65.99999999999999,14.833333333333334,1014.2999999999998,81.0,3.533333333333333,8.0,48.32956305530232
2023-07-07 04:30:00,15.0,1007.45,86.14060513703092,0.738,1.98,41.50000000000001,15.733333333333334,1014.3333333333334,80.0,3.9,8.0,65.0
2023-07-07 05:00:00,15.55,1007.3,82.44473534510286,1.512,3.168,106.00000000000001,16.0,1014.3666666666667,80.0,3.5666666666666664,8.0,65.0
2023-07-07 05:30:00,16.25,1007.3,80.7046081990521,1.2060000000000002,3.096,94.0,16.8,1014.3333333333334,79.33333333333333,3.5333333333333337,8.0,65.0
2023-07-07 06:00:00,16.35,1007.3,78.84459656933461,1.296,2.8440000000000003,91.50000000000001,18.2,1014.1333333333333,76.33333333333333,5.366666666666667,11.3,93.72551876576999
2023-07-07 06:30:00,16.05,1007.3,78.47559073133864,1.4220000000000002,2.8080000000000003,94.0,20.233333333333334,1013.9,70.33333333333333,5.466666666666666,14.5,111.33805518929272
2023-07-07 07:00:00,15.850000000000001,1007.3,79.37581991319931,1.368,2.8080000000000003,91.0,22.133333333333336,1013.6666666666666,63.666666666666664,9.200000000000001,20.1,106.33336342205959
2023-07-07 07:30:00,16.1,1007.3,79.5644259005859,1.4940000000000002,4.680000000000001,90.0,24.066666666666666,1013.5333333333333,58.333333333333336,12.666666666666666,20.1,128.0
2023-07-07 08:00:00,16.5,1007.1500000000001,80.43035910819894,1.3860000000000001,2.8080000000000003,85.0,25.599999999999998,1013.3333333333334,57.0,14.566666666666668,28.1,136.99939016145612
2023-07-07 08:30:00,17.85,1006.8,79.50288032626511,1.548,4.5360000000000005,91.0,26.46666666666667,1013.2333333333332,57.333333333333336,15.666666666666666,28.1,151.6590352021876
2023-07-07 09:00:00,19.85,1006.45,78.66209336915864,1.53,3.564,74.5,27.733333333333334,1013.2000000000002,56.0,14.933333333333332,28.1,151.6620188463932
2023-07-07 09:30:00,22.549999999999997,1006.25,69.74732892225958,1.9260000000000002,8.64,90.5,28.433333333333334,1013.0333333333333,54.666666666666664,17.566666666666666,26.7,156.0385910176085
2023-07-07 10:00:00,24.549999999999997,1006.05,62.74741609209734,2.4480000000000004,8.46,78.0,28.96666666666667,1012.9333333333334,53.0,17.2,28.0,148.66700942186728
2023-07-07 10:30:00,26.05,1005.8,60.95446573176716,2.502,6.516,80.5,29.733333333333334,1012.8000000000001,51.333333333333336,18.566666666666666,35.1,152.32956305530234
2023-07-07 11:00:00,27.4,1005.7,58.522746985697005,2.394,8.172,94.0,30.366666666666664,1012.6,50.666666666666664,19.53333333333333,37.3,163.6673835118722
2023-07-07 11:30:00,28.2,1005.7,54.90207670513723,2.8440000000000003,8.496,302.0,30.733333333333334,1012.2666666666668,50.333333333333336,19.833333333333332,37.3,164.33363440402732
2023-07-07 12:00:00,28.75,1005.7,54.179762803051915,2.808,9.504,13.999999999999998,31.53333333333333,1011.9,49.0,18.266666666666666,33.0,158.99182459338184
2023-07-07 12:30:00,29.25,1005.7,51.67357162778546,3.168,10.584,359.0,32.13333333333333,1011.6,48.333333333333336,17.433333333333334,33.0,147.0003047798862
2023-07-07 13:00:00,29.7,1005.45,50.811235998011504,3.3120000000000003,16.56,348.5,32.1,1011.3333333333334,47.333333333333336,17.900000000000002,32.0,168.99539886739728
2023-07-07 13:30:00,30.5,1005.25,49.81188111244113,3.528,16.992,255.0,32.56666666666666,1011.1333333333333,44.0,18.433333333333334,32.0,165.0124122210556
2023-07-07 14:00:00,30.85,1004.9,48.394513823182606,3.204,14.544,359.0,32.6,1010.9666666666667,44.666666666666664,18.066666666666666,31.2,167.29367854378182
2023-07-07 14:30:00,31.65,1004.7,46.44651876783598,3.168,12.132,303.5,32.03333333333333,1010.7666666666668,43.666666666666664,18.233333333333334,32.3,157.3665660006965
2023-07-07 15:00:00,32.0,1004.45,44.96532058445679,3.0060000000000002,13.896,77.5,32.5,1010.5,43.666666666666664,14.5,32.3,148.59788862000872
2023-07-07 15:30:00,32.25,1004.3,43.65160065493774,3.258,12.852,296.0,32.4,1010.2000000000002,44.333333333333336,15.533333333333333,29.4,158.66057746862415
2023-07-07 16:00:00,30.75,1004.5,44.636408148828444,2.718,8.532,31.5,33.300000000000004,1010.1,41.0,18.066666666666666,30.5,152.33309255017159
2023-07-07 16:30:00,30.4,1004.2,49.53577361360924,2.1060000000000003,9.828,325.5,33.1,1009.7666666666668,41.333333333333336,18.099999999999998,32.3,161.78154971274733
2023-07-07 17:00:00,31.9,1003.75,46.23433344333486,2.3040000000000003,6.372,326.5,33.03333333333333,1009.5,42.333333333333336,15.166666666666666,32.3,163.0
2023-07-07 17:30:00,32.25,1003.6,43.32705108402749,2.574,8.928,16.0,32.5,1009.3666666666667,44.333333333333336,15.733333333333334,28.3,174.33329571956082
2023-07-07 18:00:00,32.1,1003.45,41.83210838293313,2.196,12.78,291.5,31.8,1009.4666666666667,46.0,16.2,29.3,175.66687370009672
2023-07-07 18:30:00,32.45,1003.3,39.307014980669834,2.412,9.108,325.5,31.333333333333332,1009.6333333333333,48.0,13.933333333333332,29.3,197.6217126931293
2023-07-07 19:00:00,32.25,1003.05,38.61290316344041,2.646,11.592,340.5,29.8,1010.0,53.666666666666664,6.3999999999999995,29.3,193.68524178348798
2023-07-07 19:30:00,31.65,1002.8499999999999,40.209586474101414,2.3580000000000005,9.828,23.499999999999996,27.900000000000002,1010.0666666666666,61.0,2.6333333333333333,19.3,199.00000000000003
2023-07-07 20:00:00,30.9,1002.8499999999999,43.78908503313431,1.944,6.6240000000000006,38.0,26.099999999999998,1010.3666666666667,66.33333333333333,3.733333333333333,12.9,223.64434927440655
2023-07-07 20:30:00,30.1,1003.1,47.9935127996149,1.854,9.936,40.0,25.266666666666666,1010.8666666666667,68.0,9.933333333333334,19.3,261.35280948423025
2023-07-07 21:00:00,28.65,1003.4,55.327885171122404,1.4040000000000001,4.932,75.99999999999999,23.53333333333333,1011.1666666666666,72.33333333333333,5.333333333333333,19.3,245.33526194922297
2023-07-07 21:30:00,27.7,1003.5,57.43371341638243,1.134,3.3120000000000003,99.5,24.233333333333334,1011.6666666666666,73.0,15.066666666666668,27.6,194.027815534711
2023-07-07 22:00:00,26.25,1003.7,60.78504541169835,1.008,2.3040000000000003,96.00000000000001,24.833333333333332,1012.2333333333332,66.33333333333333,20.166666666666668,31.2,203.0
2023-07-07 22:30:00,25.75,1003.95,62.590212056697396,1.098,6.264,207.0,24.5,1012.6,63.333333333333336,23.633333333333336,39.2,194.33346500159422
2023-07-07 23:00:00,25.950000000000003,1004.45,63.20309323208222,1.692,6.3,234.0,23.666666666666668,1012.6,64.0,21.866666666666664,39.2,199.3334650015942
2023-07-07 23:30:00,25.25,1004.95,66.4429128499716,2.0700000000000003,11.7,257.0,22.633333333333336,1012.5333333333333,67.66666666666667,14.566666666666668,39.2,204.9908188403888
2023-07-08 00:00:00,25.25,1005.35,60.97376935258599,3.24,9.936,309.5,21.599999999999998,1012.9333333333334,71.0,7.733333333333333,29.0,207.34729194840114
2023-07-08 00:30:00,24.4,1005.6500000000001,58.05376005698264,3.438,12.636,292.5,20.966666666666665,1013.1666666666666,74.66666666666667,6.733333333333333,20.6,242.6697938298194
2023-07-08 01:00:00,23.15,1005.8,63.122323562560524,2.0700000000000003,8.676,272.5,21.066666666666666,1013.2333333333332,76.0,8.700000000000001,15.8,264.8142409950827
2023-07-08 01:30:00,22.049999999999997,1005.8499999999999,67.74297604515927,1.35,5.184,256.0,20.766666666666666,1013.6666666666666,76.66666666666667,10.133333333333333,15.8,276.0021393259239
2023-07-08 02:00:00,21.45,1005.9,69.29064973237924,1.674,6.588,290.0,20.733333333333334,1013.6333333333333,76.0,7.766666666666667,15.8,220.2529469757335
2023-07-08 02:30:00,21.2,1006.05,70.02360290058414,1.5300000000000002,5.256,233.5,19.7,1013.4666666666667,78.66666666666667,9.0,15.6,198.66996617033215
2023-07-08 03:00:00,21.25,1006.25,71.13617932808626,1.584,3.168,226.5,18.900000000000002,1013.6333333333333,81.0,9.9,15.0,189.38760843315023
2023-07-08 03:30:00,21.049999999999997,1006.6,72.38321283639031,0.9720000000000002,3.204,318.99999999999994,18.966666666666665,1013.7333333333332,82.0,11.533333333333333,16.0,145.31159666199983
2023-07-08 04:00:00,20.65,1007.1500000000001,75.06072921721676,1.044,2.628,61.0,18.900000000000002,1013.6666666666666,82.0,11.133333333333333,16.0,130.33363440402732
2023-07-08 04:30:00,19.5,1006.85,77.17561169935755,1.1340000000000001,2.484,81.5,18.03333333333333,1014.3333333333334,83.0,4.766666666666667,16.1,119.33336342205958
2023-07-08 05:00:00,18.75,1006.95,79.87948080291008,1.818,3.672,99.0,18.633333333333336,1014.2333333333332,84.66666666666667,5.3999999999999995,14.5,124.00010156234282
2023-07-08 05:30:00,18.7,1007.25,81.47075891761713,1.2060000000000002,3.384,79.5,19.766666666666666,1014.1666666666666,81.66666666666667,8.200000000000001,14.1,134.0
2023-07-08 06:00:00,18.2,1007.1,83.6336562505324,1.35,2.52,77.5,20.566666666666666,1014.4666666666667,77.33333333333333,9.733333333333333,16.2,161.9971445125787
2023-07-08 06:30:00,17.549999999999997,1007.05,85.33374799684742,1.116,2.3040000000000003,73.5,21.26666666666667,1014.3333333333334,75.33333333333333,11.200000000000001,16.4,147.33526194922302
2023-07-08 07:00:00,17.2,1007.55,87.0861014989209,0.99,2.3760000000000003,71.00000000000001,21.933333333333334,1014.6666666666666,74.0,9.299999999999999,16.4,151.3671289275175
2023-07-08 07:30:00,18.0,1007.3499999999999,84.1806624111154,1.512,4.572,63.0,22.46666666666667,1014.8666666666667,72.0,5.7,16.1,160.74344917842615
2023-07-08 08:00:00,19.4,1007.3,80.79107572926337,2.1060000000000003,9.072,49.0,23.5,1014.9666666666667,70.0,4.266666666666667,16.1,242.0464643558289
2023-07-08 08:30:00,20.6,1007.25,78.21177168700405,2.6820000000000004,11.16,328.0,23.833333333333332,1015.2999999999998,68.0,4.966666666666667,14.5,322.94680372338064
2023-07-08 09:00:00,21.25,1007.1,79.38184403702081,2.6100000000000003,9.108,9.000000000000004,24.5,1015.4333333333334,66.33333333333333,5.966666666666666,14.5,299.09234415293895
2023-07-08 09:30:00,22.3,1007.25,74.72266076526097,2.16,10.512,18.499999999999996,25.133333333333336,1015.5,65.66666666666667,5.966666666666666,16.1,259.87317766799515
2023-07-08 10:00:00,23.3,1007.3,71.2260246663034,2.16,7.092,57.5,25.53333333333333,1015.7333333333332,63.333333333333336,7.166666666666667,16.1,349.3316677603159
2023-07-08 10:30:00,24.2,1007.5,69.53146035283778,2.088,6.803999999999999,184.5,26.2,1015.9333333333334,62.666666666666664,6.333333333333333,16.1,325.54620383452794
2023-07-08 11:00:00,24.75,1007.95,68.31173396359156,2.052,6.264,214.0,27.03333333333333,1015.9,60.666666666666664,11.433333333333332,21.3,287.37892657123126
2023-07-08 11:30:00,25.5,1008.0,65.16430077795128,1.926,5.472,122.0,27.733333333333334,1015.9333333333334,59.0,13.966666666666667,30.0,278.6764930136725
2023-07-08 12:00:00,25.85,1008.1500000000001,63.76387488244902,2.0340000000000003,4.392,217.0,28.03333333333333,1016.1666666666666,58.333333333333336,14.366666666666667,30.8,264.3394225313758
2023-07-08 12:30:00,26.85,1008.3,61.49516381713379,2.016,5.5440000000000005,135.5,28.366666666666664,1016.1,57.333333333333336,13.766666666666666,30.8,256.0024421460581
2023-07-08 13:00:00,27.0,1008.45,59.73079533253765,2.4480000000000004,5.58,66.0,28.233333333333334,1016.1666666666666,57.333333333333336,16.599999999999998,32.5,266.90537630468907
2023-07-08 13:30:00,27.700000000000003,1008.45,60.351172753313456,2.0700000000000003,5.436,223.0,28.233333333333334,1016.3666666666667,57.0,15.333333333333334,32.5,273.3331262999033
2023-07-08 14:00:00,28.4,1008.5,58.362731468777056,2.322,6.588,188.49999999999997,28.46666666666667,1016.3666666666667,56.666666666666664,13.766666666666666,32.5,288.33584037688144
2023-07-08 14:30:00,28.549999999999997,1008.75,59.40002294111932,2.34,7.776000000000001,201.5,28.5,1016.3666666666667,52.333333333333336,15.733333333333334,28.1,308.6665349984058
2023-07-08 15:00:00,29.5,1008.6500000000001,58.102692051657215,2.466,6.12,196.0,28.0,1016.4333333333334,52.666666666666664,20.133333333333333,32.2,302.33584037688144
2023-07-08 15:30:00,29.05,1008.85,58.56033001803176,2.34,6.264,222.0,27.7,1016.5666666666666,53.666666666666664,22.266666666666666,32.2,303.0
2023-07-08 16:00:00,29.75,1008.9,56.35359678308703,2.5920000000000005,7.02,197.0,27.133333333333336,1016.5666666666666,54.666666666666664,22.566666666666666,33.0,305.3343121860284
2023-07-08 16:30:00,30.049999999999997,1008.9,55.50841836415682,2.1420000000000003,5.184,221.49999999999997,26.666666666666668,1016.6,56.0,23.2,34.1,300.33329571956085
2023-07-08 17:00:00,29.35,1009.0,56.00175664465982,2.2140000000000004,6.012,233.5,25.900000000000002,1016.6,59.0,23.8,34.1,302.0008130560873
2023-07-08 17:30:00,29.049999999999997,1009.1500000000001,55.45453877027865,2.1060000000000003,4.716,235.99999999999997,24.866666666666664,1016.8666666666667,64.0,24.933333333333334,36.4,303.3343121860284
2023-07-08 18:00:00,28.450000000000003,1009.2,54.05549644724656,2.3580000000000005,4.86,242.0,23.933333333333334,1017.1666666666666,67.0,23.066666666666666,37.2,304.0003047798862
2023-07-08 18:30:00,27.75,1009.3,54.24882558250948,2.2680000000000002,4.284,243.49999999999997,23.099999999999998,1017.5,69.33333333333333,22.3,37.2,302.3329905781327
2023-07-08 19:00:00,27.1,1009.5,55.360209145926966,2.124,4.428,247.5,22.266666666666666,1017.5666666666666,71.33333333333333,16.400000000000002,32.9,308.9996952201138
2023-07-08 19:30:00,25.950000000000003,1009.6500000000001,57.29515852929336,2.43,6.156,248.5,21.599999999999998,1017.6666666666666,73.0,13.299999999999999,32.6,316.3334650015942
2023-07-08 20:00:00,25.0,1010.0,60.41202578450675,2.358,4.5360000000000005,250.5,20.766666666666666,1017.9666666666667,77.66666666666667,11.166666666666666,24.7,319.0
2023-07-08 20:30:00,23.9,1010.3499999999999,65.63215009120097,2.43,4.572,253.5,19.466666666666665,1018.2666666666668,82.0,8.466666666666667,18.0,315.0028554874213
2023-07-08 21:00:00,22.9,1010.6,68.94059207471304,2.0340000000000003,4.104,256.5,19.366666666666664,1018.2333333333332,85.0,9.666666666666666,14.6,345.3349908640192
2023-07-08 21:30:00,21.9,1010.6500000000001,72.99398061439081,1.746,2.9160000000000004,251.0,19.866666666666664,1018.1999999999999,84.0,12.200000000000001,15.4,345.9984747061166
2023-07-08 22:00:00,20.95,1010.95,76.07139182175146,1.512,2.772,249.0,19.466666666666665,1018.4,84.0,12.766666666666666,16.0,328.997252795285
2023-07-08 22:30:00,20.049999999999997,1011.25,79.30248690175273,1.044,2.3400000000000003,260.5,19.433333333333334,1018.6,84.66666666666667,12.933333333333332,18.2,335.6650091359808
2023-07-08 23:00:00,19.4,1011.3,82.74809343114842,0.8460000000000001,1.836,290.0,18.933333333333334,1018.9666666666667,85.33333333333333,8.1,18.2,344.66762222421085
2023-07-08 23:30:00,19.0,1011.2,84.30329851644481,0.6480000000000001,2.052,225.0,18.033333333333335,1019.0333333333333,87.0,10.133333333333333,18.2,338.672307968176
2023-07-09 00:00:00,18.6,1011.25,84.54814843612505,0.5940000000000001,1.944,336.5,18.666666666666668,1018.8666666666667,87.0,12.566666666666668,16.0,344.6667720173256
2023-07-09 00:30:00,18.35,1011.4,85.33818249061542,0.792,1.584,313.0,18.566666666666666,1018.6333333333333,87.0,11.266666666666666,18.6,357.653343669476
2023-07-09 01:00:00,18.1,1011.7,86.75964025027449,0.774,2.124,316.0,18.533333333333335,1018.3333333333334,88.0,12.633333333333333,18.7,7.666704280439172
2023-07-09 01:30:00,17.75,1011.9,88.57149101849362,0.684,1.872,301.0,18.533333333333335,1018.6666666666666,88.0,8.633333333333333,19.3,359.4297514830762
2023-07-09 02:00:00,17.35,1011.75,90.04971954165512,0.738,2.484,354.5,18.5,1018.5666666666666,87.33333333333333,10.1,18.7,23.578659708282952
2023-07-09 02:30:00,17.4,1011.7,90.7496631440562,0.666,2.3040000000000003,320.0,18.5,1018.8666666666667,87.33333333333333,4.866666666666666,16.1,43.99097317152126
2023-07-09 03:00:00,17.5,1011.15,91.77466775999855,1.278,8.964,289.0,18.066666666666666,1018.2333333333332,89.33333333333333,11.9,19.3,30.667895664498733
2023-07-09 03:30:00,17.85,1011.3,91.41190210318032,1.4580000000000002,8.1,215.0,18.033333333333335,1018.3333333333334,90.0,9.799999999999999,19.3,24.670097881552405
2023-07-09 04:00:00,17.9,1011.4,91.78238231430507,1.242,2.952,294.5,17.566666666666666,1019.0,90.66666666666667,1.9333333333333336,19.3,23.666670427471022
2023-07-09 04:30:00,17.9,1011.6,92.03020331421844,1.314,3.456,119.99999999999999,17.53333333333333,1019.0666666666666,91.66666666666667,5.833333333333333,14.6,322.3268010634248
2023-07-09 05:00:00,17.65,1011.3,94.27951749573577,1.26,3.456,344.5,17.633333333333336,1019.3666666666667,92.33333333333333,2.6666666666666665,11.3,328.3330925501716
2023-07-09 05:30:00,17.55,1010.95,93.65592295064849,1.062,4.752000000000001,174.5,18.099999999999998,1019.5333333333333,93.0,8.166666666666666,13.2,345.67807002124107
2023-07-09 06:00:00,17.4,1011.6,94.98421440841085,1.3679999999999999,3.24,48.999999999999986,18.633333333333336,1019.6666666666666,93.0,10.6,15.4,358.33107294724834
2023-07-09 06:30:00,16.9,1011.75,96.80903730328288,0.7020000000000001,1.908,40.0,18.9,1019.7333333333332,92.66666666666667,8.733333333333333,16.1,358.33975309425784
2023-07-09 07:00:00,16.65,1011.8499999999999,97.64366586849849,1.152,3.132,342.5,19.733333333333334,1019.8666666666667,91.66666666666667,14.466666666666667,27.5,355.64719051576975
2023-07-09 07:30:00,16.700000000000003,1012.05,98.06759545531713,0.918,2.124,288.0,20.933333333333334,1019.8666666666667,88.0,14.266666666666666,27.5,13.333803720448369
2023-07-09 08:00:00,17.35,1012.0,98.93795034824541,1.53,4.14,266.5,21.53333333333333,1019.9333333333334,83.0,14.366666666666667,27.5,23.666704280439173
2023-07-09 08:30:00,18.1,1012.25,99.0588336372048,1.332,4.284,283.5,21.666666666666668,1020.0666666666666,79.33333333333333,13.9,22.8,4.665687813971583
2023-07-09 09:00:00,19.200000000000003,1012.0,98.02930338437689,1.908,7.308,253.0,22.03333333333333,1020.1666666666666,76.33333333333333,11.0,21.8,19.338354255749845
2023-07-09 09:30:00,20.5,1012.1,89.85022704948733,2.196,9.216,249.5,22.8,1020.4666666666667,73.66666666666667,10.333333333333334,20.1,27.061439298741696
2023-07-09 10:00:00,21.35,1012.35,82.76661526033139,2.178,7.812,267.0,23.96666666666667,1020.5333333333333,65.33333333333333,9.9,18.0,7.6666704274710185
2023-07-09 10:30:00,21.45,1012.25,78.81681716368699,2.358,12.096,219.00000000000003,25.266666666666666,1020.5666666666666,62.0,8.700000000000001,18.7,345.4560708968607
2023-07-09 11:00:00,22.85,1012.4,76.36811748278305,2.466,6.948,174.99999999999997,25.7,1020.5666666666666,58.333333333333336,12.933333333333332,22.6,330.82356967338745
2023-07-09 11:30:00,23.15,1012.6,74.21492899179565,2.574,11.124,175.0,26.266666666666666,1020.7000000000002,57.0,14.733333333333334,23.5,323.6663655959727
2023-07-09 12:00:00,24.6,1012.5,70.7947489331209,2.394,9.108,178.0,26.5,1020.6333333333333,56.333333333333336,16.633333333333336,28.1,313.02150160064934
2023-07-09 12:30:00,25.65,1012.7,67.48752576920687,1.9620000000000002,6.732,287.0,26.633333333333336,1020.7999999999998,56.0,17.0,28.1,306.3326164881278
2023-07-09 13:00:00,26.4,1012.8,65.09776483016861,2.124,4.896000000000001,228.5,26.833333333333332,1020.9666666666667,54.666666666666664,19.3,29.9,304.9996952201138
2023-07-09 13:30:00,26.65,1012.95,60.55575740245955,2.1420000000000003,5.256,165.5,26.566666666666666,1021.1,55.0,20.733333333333334,31.3,303.99847470611667
2023-07-09 14:00:00,27.299999999999997,1012.95,57.98807733648052,1.908,5.976,249.5,26.133333333333336,1021.1666666666666,56.0,23.2,38.1,302.3310915578502
2023-07-09 14:30:00,27.75,1012.95,55.338793196785204,2.124,5.688000000000001,240.0,25.96666666666667,1021.2999999999998,54.333333333333336,23.066666666666666,38.1,302.6669074498284
2023-07-09 15:00:00,27.75,1013.1500000000001,53.957660838446856,2.43,7.056,233.0,25.766666666666666,1021.4,54.333333333333336,24.566666666666666,38.1,296.6663655959727
2023-07-09 15:30:00,28.049999999999997,1013.3,54.02067386001225,2.412,5.292,248.5,25.566666666666666,1021.5,52.666666666666664,23.733333333333334,33.9,300.0
2023-07-09 16:00:00,27.799999999999997,1013.45,53.29201404284349,2.394,6.732,248.0,25.233333333333334,1021.6666666666666,53.666666666666664,22.566666666666666,33.9,299.6665349984058
2023-07-09 16:30:00,27.5,1013.6500000000001,53.646441905330974,2.5740000000000003,6.444,252.0,24.666666666666668,1021.8333333333334,54.666666666666664,22.8,34.6,302.666670427471
2023-07-09 17:00:00,27.15,1013.8499999999999,54.43544897782707,2.3760000000000003,5.472,247.5,23.7,1022.1,62.0,21.7,34.6,308.3316677603159
2023-07-09 17:30:00,26.85,1013.9,53.76249475351315,2.322,6.228,254.0,22.5,1022.2999999999998,66.66666666666667,23.2,34.6,305.9996952201138
2023-07-09 18:00:00,25.9,1014.1,54.41568659163967,2.808,6.192,255.0,22.233333333333334,1022.3666666666667,67.66666666666667,18.066666666666666,33.7,312.6667720173256
2023-07-09 18:30:00,24.95,1014.3,54.420664029864625,2.7720000000000002,5.22,255.0,21.599999999999998,1022.5,70.0,19.53333333333333,32.6,313.3332279826744
2023-07-09 19:00:00,24.200000000000003,1014.6500000000001,55.01892261673836,2.7540000000000004,5.58,254.5,21.033333333333335,1022.5666666666666,72.33333333333333,18.166666666666668,26.7,310.6668737000967
2023-07-09 19:30:00,23.15,1014.9,56.96525702441568,2.9160000000000004,6.912,251.5,20.3,1022.6,76.0,12.766666666666666,26.7,319.3322789431635
2023-07-09 20:00:00,22.25,1015.1,61.90520680195358,2.466,9.972,256.0,19.433333333333334,1022.7666666666668,80.0,10.799999999999999,23.3,329.3332279826744
2023-07-09 20:30:00,21.65,1015.3,65.8044695823094,2.4480000000000004,5.22,253.5,18.566666666666666,1023.2333333333332,83.0,10.133333333333333,19.0,327.3332279826744
2023-07-09 21:00:00,21.049999999999997,1015.4,68.78558550053621,2.2680000000000002,5.256,250.99999999999997,17.666666666666668,1023.5666666666666,85.66666666666667,5.8,16.1,317.9998984376572
2023-07-09 21:30:00,20.4,1015.55,71.3916301880524,2.412,6.084,253.5,16.933333333333334,1023.6999999999999,87.66666666666667,3.8666666666666667,14.5,317.0
2023-07-09 22:00:00,19.5,1015.6500000000001,74.02613414877615,1.4400000000000002,3.06,260.0,16.566666666666666,1023.9666666666667,88.66666666666667,2.1,11.3,317.0
2023-07-09 22:30:00,18.7,1016.0,78.5169934799635,1.548,3.204,255.0,15.966666666666667,1024.0333333333333,89.66666666666667,3.3333333333333335,4.8,317.0
2023-07-09 23:00:00,18.1,1016.4,82.95913351448333,1.5299999999999998,2.7,256.5,15.333333333333334,1024.1,91.0,2.1666666666666665,4.8,315.0008130560873
2023-07-09 23:30:00,17.549999999999997,1016.6500000000001,85.98315225817585,1.098,2.664,265.5,15.0,1024.2333333333333,91.33333333333333,3.3333333333333335,4.8,309.0
2023-07-10 00:00:00,17.15,1016.9,87.74622752564613,1.008,2.052,271.0,14.733333333333334,1024.1333333333332,92.0,1.5333333333333332,4.8,309.0
2023-07-10 00:30:00,16.45,1017.0,91.39163735681163,0.7200000000000001,1.476,4.499999999999981,14.133333333333333,1024.0333333333333,92.0,1.9666666666666666,3.2,309.0
2023-07-10 01:00:00,15.8,1017.0,93.69456708984613,0.396,1.044,64.0,14.033333333333333,1023.8000000000001,92.66666666666667,1.0666666666666667,3.2,309.0
2023-07-10 01:30:00,15.55,1017.0,94.52846348460538,0.4860000000000001,1.2240000000000002,66.0,13.733333333333334,1023.7000000000002,93.0,1.7666666666666666,3.2,309.0
2023-07-10 02:00:00,15.5,1017.0,95.34231507110707,0.54,1.08,65.0,12.966666666666667,1023.6,93.0,1.8333333333333333,4.8,309.0
2023-07-10 02:30:00,15.6,1016.9,95.80514132457421,0.7020000000000001,1.1880000000000002,75.5,12.766666666666666,1023.3666666666667,93.0,2.433333333333333,4.8,309.0
2023-07-10 03:00:00,15.6,1016.75,96.28473125464421,0.81,1.296,66.5,12.533333333333333,1023.2999999999998,93.33333333333333,2.1666666666666665,4.8,309.0
2023-07-10 03:30:00,15.45,1016.55,97.0438251258526,0.864,1.26,66.0,12.200000000000001,1023.3666666666667,93.33333333333333,1.5333333333333334,4.8,309.0
2023-07-10 04:00:00,15.25,1016.3499999999999,97.54779633782096,0.738,1.296,51.0,12.199999999999998,1023.5333333333333,94.0,0.0,4.8,309.0
2023-07-10 04:30:00,15.149999999999999,1016.1,97.80055907415823,0.954,1.692,56.0,11.966666666666667,1023.5666666666666,94.0,0.4333333333333333,3.2,309.0
2023-07-10 05:00:00,15.0,1016.0,98.04460633930036,0.882,1.548,45.0,12.333333333333334,1023.6666666666666,94.0,1.9000000000000001,6.4,309.0
2023-07-10 05:30:00,14.9,1016.0,98.26498631646564,0.9720000000000002,2.16,43.0,13.233333333333334,1023.7666666666668,94.0,0.6333333333333333,6.4,309.0
2023-07-10 06:00:00,14.7,1016.1500000000001,98.79220521395125,0.774,1.656,48.0,15.166666666666666,1023.7999999999998,94.0,0.9333333333333335,6.4,309.0
2023-07-10 06:30:00,14.55,1016.2,99.00053271271585,0.8820000000000001,1.692,95.5,17.099999999999998,1023.8333333333334,94.0,2.6333333333333333,6.4,309.0
2023-07-10 07:00:00,14.45,1016.2,99.46004229347912,0.5940000000000001,1.584,72.5,18.266666666666666,1023.8333333333334,94.0,2.5,6.4,315.3073002134554
2023-07-10 07:30:00,14.7,1016.25,99.74761524621442,0.756,2.196,83.5,19.3,1023.8666666666667,92.66666666666667,3.1,6.4,84.33332957252898
2023-07-10 08:00:00,15.25,1016.4,99.99934986307909,0.774,2.3040000000000003,95.0,20.2,1023.8333333333334,90.0,4.266666666666667,8.0,84.0
2023-07-10 08:30:00,16.3,1016.3499999999999,99.672697920677,0.738,2.232,72.0,21.3,1023.7333333333332,82.66666666666667,5.733333333333333,12.9,98.57013263457077
2023-07-10 09:00:00,16.85,1016.3,99.9948635241991,1.1880000000000002,3.78,44.5,22.400000000000002,1023.6,68.66666666666667,5.1,12.9,107.21958404951047
2023-07-10 09:30:00,17.9,1016.3,99.43913352811083,1.44,4.788,121.0,23.2,1023.5,62.666666666666664,3.9,12.9,136.10975330215408
2023-07-10 10:00:00,19.799999999999997,1016.1,91.72283191439053,1.926,5.724,105.0,24.3,1023.2666666666668,57.333333333333336,3.6333333333333333,12.9,153.10870076782845
2023-07-10 10:30:00,21.5,1015.95,78.23270624251953,2.088,5.832000000000001,107.5,24.8,1023.1666666666666,51.0,4.566666666666666,11.3,213.66139812033475
2023-07-10 11:00:00,22.75,1015.7,67.79273094670187,2.25,6.48,107.49999999999999,25.53333333333333,1022.9,48.666666666666664,5.133333333333334,16.1,183.7027366401201
2023-07-10 11:30:00,23.9,1015.6500000000001,61.05095519761904,2.2860000000000005,7.668,149.00000000000003,26.7,1022.5,47.666666666666664,5.133333333333334,16.1,84.3445729524975
2023-07-10 12:00:00,24.65,1015.55,55.46209712296846,2.268,6.84,111.50000000000001,26.733333333333334,1022.0333333333333,47.333333333333336,5.733333333333333,16.1,356.5692302225601
2023-07-10 12:30:00,25.25,1015.45,52.52255852615531,2.3760000000000003,7.632000000000001,160.50000000000003,27.366666666666664,1021.8333333333334,47.333333333333336,7.833333333333333,16.2,355.28132792137995
2023-07-10 13:00:00,26.0,1015.3499999999999,49.353850867224615,2.322,6.66,139.5,27.53333333333333,1021.5666666666666,50.333333333333336,10.799999999999999,25.3,306.54244644207336
2023-07-10 13:30:00,26.9,1015.0,47.785632739263974,1.944,6.768,141.0,28.2,1021.3666666666667,50.0,13.5,25.3,290.002747204715
2023-07-10 14:00:00,27.200000000000003,1014.6500000000001,47.13678857387629,2.628,8.46,199.99999999999997,28.333333333333332,1021.0666666666666,49.666666666666664,11.5,25.3,293.2873257227068
2023-07-10 14:30:00,28.05,1014.5,47.07122312974665,2.394,7.920000000000001,121.0,28.166666666666668,1020.7333333333332,49.0,7.666666666666667,22.1,304.0
2023-07-10 15:00:00,28.3,1014.25,46.41421874916149,2.412,9.072,203.0,28.53333333333333,1020.4666666666667,48.333333333333336,9.533333333333333,23.2,314.40717779123213
2023-07-10 15:30:00,28.6,1014.1500000000001,46.08112519215767,2.484,8.064000000000002,185.5,28.599999999999998,1020.0666666666666,48.333333333333336,8.0,23.2,274.9218899672881
2023-07-10 16:00:00,29.0,1013.95,44.91946130501022,2.286,7.2,193.99999999999997,28.46666666666667,1019.9,48.666666666666664,12.333333333333334,21.1,326.50709629445646
2023-07-10 16:30:00,29.5,1013.65,43.74312845734828,2.124,8.532,151.99999999999997,28.400000000000002,1019.6333333333333,49.0,12.9,21.1,322.6605774686241
2023-07-10 17:00:00,29.45,1013.3499999999999,43.56660801793467,2.2680000000000002,8.604000000000001,149.0,27.933333333333334,1019.5,50.333333333333336,13.799999999999999,22.7,324.9831291808415
2023-07-10 17:30:00,29.35,1013.1,44.77186573476105,2.5380000000000003,8.28,166.0,27.266666666666666,1019.5,51.333333333333336,16.166666666666668,22.7,329.66544858796595
2023-07-10 18:00:00,28.8,1012.8,45.659811074630326,2.2860000000000005,7.488,150.5,26.633333333333336,1019.4,53.333333333333336,15.1,22.7,328.9998984376572
2023-07-10 18:30:00,28.5,1012.55,46.940203238742455,1.71,6.408,111.5,25.8,1019.3666666666667,54.333333333333336,14.200000000000001,22.4,338.00356445429645
2023-07-10 19:00:00,28.05,1012.45,48.219044066210046,1.854,5.724,218.0,24.766666666666666,1019.4333333333334,54.666666666666664,13.5,20.8,339.66762222421085
2023-07-10 19:30:00,27.5,1012.45,48.62388845012666,1.1880000000000002,4.572,162.00000000000003,23.333333333333332,1019.3000000000001,57.0,12.4,17.9,340.0042766920885
2023-07-10 20:00:00,26.549999999999997,1012.3,52.37650552738384,1.1880000000000002,3.3120000000000003,237.0,21.8,1019.2000000000002,62.666666666666664,12.733333333333334,17.5,330.66762222421085
2023-07-10 20:30:00,25.7,1012.4,54.73621860488247,1.116,4.464,272.0,20.733333333333334,1019.0333333333333,66.66666666666667,10.433333333333332,16.0,343.6668737000967
2023-07-10 21:00:00,24.6,1012.3499999999999,55.990208130495134,1.116,2.988,263.0,20.366666666666664,1018.9333333333334,67.66666666666667,8.433333333333334,14.7,352.002747204715
2023-07-10 21:30:00,23.35,1012.4,59.98847628884208,0.684,2.16,285.5,18.7,1018.9333333333334,72.0,4.066666666666666,12.9,346.33332957252895
2023-07-10 22:00:00,22.1,1012.25,62.19546112471657,0.486,2.7,40.0,18.233333333333334,1018.9,74.66666666666667,4.733333333333333,9.7,350.0
2023-07-10 22:30:00,21.05,1012.2,62.886843655198575,0.702,1.872,22.000000000000004,18.366666666666664,1018.7333333333332,75.0,5.3,12.9,351.66670428043915
2023-07-10 23:00:00,20.2,1012.2,62.659214379945226,0.6660000000000001,1.836,31.500000000000007,18.966666666666665,1018.6,70.66666666666667,5.5,12.9,7.334177360247881
2023-07-10 23:30:00,19.549999999999997,1012.1500000000001,63.39156359484407,0.6300000000000001,1.872,42.00000000000001,17.666666666666668,1018.4666666666667,75.0,4.8,12.9,334.0944133448705
2023-07-11 00:00:00,18.950000000000003,1012.0,65.14757553800283,0.5760000000000001,1.08,42.00000000000001,17.2,1018.1666666666666,76.33333333333333,4.066666666666666,12.9,295.3332279826744
2023-07-11 00:30:00,18.5,1011.95,67.09710905983688,0.522,1.2240000000000002,32.5,16.400000000000002,1018.1666666666666,79.66666666666667,3.6999999999999997,9.7,293.33329571956085
2023-07-11 01:00:00,18.25,1011.75,69.11188221312528,0.4860000000000001,1.4400000000000002,1.9999999999999956,16.133333333333336,1017.8666666666667,81.33333333333333,6.1000000000000005,9.7,341.94176306468535
2023-07-11 01:30:00,17.9,1011.6,71.89216580566071,0.5940000000000001,1.26,28.5,16.533333333333335,1017.6,80.66666666666667,6.7,11.5,5.332278943163465
2023-07-11 02:00:00,17.5,1011.3,74.72794959046087,0.756,1.4400000000000002,39.0,16.666666666666668,1017.2666666666668,79.33333333333333,7.833333333333333,11.5,3.6668737000966947
2023-07-11 02:30:00,17.15,1011.1,77.14612290709206,0.72,1.584,33.49999999999999,17.2,1016.8666666666667,77.33333333333333,9.9,14.2,12.333634404027304
2023-07-11 03:00:00,16.95,1010.8499999999999,79.13288656402959,0.882,1.836,41.5,17.0,1016.6,78.0,9.799999999999999,14.2,15.334990864019188
2023-07-11 03:30:00,16.85,1010.5,80.57317191322271,0.6300000000000001,1.656,10.499999999999998,16.133333333333336,1016.6333333333333,79.33333333333333,3.9,14.5,24.000000000000004
2023-07-11 04:00:00,16.65,1010.25,81.5545315162796,0.738,1.908,355.5,15.333333333333334,1016.6333333333333,83.0,1.2333333333333334,12.9,24.000000000000004
2023-07-11 04:30:00,16.299999999999997,1009.9,83.52202894443937,0.792,2.4120000000000004,41.0,15.366666666666667,1016.4666666666667,85.33333333333333,4.0,8.0,22.666907449828397
2023-07-11 05:00:00,15.9,1009.55,84.73900812898486,0.6300000000000001,2.7,24.999999999999996,17.133333333333336,1016.1333333333333,82.66666666666667,8.799999999999999,11.6,13.002139325923888
2023-07-11 05:30:00,15.649999999999999,1009.4,85.43140540007164,0.8460000000000001,1.8,51.49999999999999,18.166666666666668,1016.1,77.0,6.6000000000000005,12.9,23.333465001594217
2023-07-11 06:00:00,15.75,1009.45,84.49499542493118,0.8460000000000001,2.124,54.5,19.266666666666666,1016.0,72.33333333333333,7.866666666666667,12.9,22.666534998405787
2023-07-11 06:30:00,16.05,1009.3499999999999,84.86154463637419,1.0979999999999999,2.8440000000000003,53.00000000000001,20.366666666666667,1016.0333333333333,69.0,7.366666666666667,14.1,27.078083697715005
2023-07-11 07:00:00,16.3,1009.1,85.51746147481427,0.936,2.8800000000000003,48.50000000000001,21.099999999999998,1016.1999999999999,72.0,6.1000000000000005,12.9,22.99173569253674
2023-07-11 07:30:00,16.450000000000003,1008.75,87.3427658092524,0.684,1.764,16.499999999999986,22.0,1016.2000000000002,73.33333333333333,7.1000000000000005,12.1,12.655870172908312
2023-07-11 08:00:00,17.15,1008.7,86.49309368749155,0.9,5.472,276.0,22.433333333333334,1016.1333333333333,71.33333333333333,5.666666666666667,12.9,347.65376176915754
2023-07-11 08:30:00,18.200000000000003,1008.6,85.16645091304842,0.8460000000000001,3.672,290.0,23.166666666666668,1015.6333333333333,69.0,9.133333333333333,16.2,15.725518765769984
2023-07-11 09:00:00,19.75,1008.5,80.76378117598054,1.116,4.104,275.5,23.133333333333336,1015.7333333333332,70.0,11.1,16.2,344.23464264309047
2023-07-11 09:30:00,21.15,1008.75,69.74651008258749,1.2600000000000002,4.428,333.0,23.666666666666668,1015.6,70.33333333333333,10.9,18.1,340.0
2023-07-11 10:00:00,21.95,1008.7,64.44878944402959,1.782,5.867999999999999,281.5,24.166666666666668,1015.4,68.66666666666667,9.933333333333334,18.1,335.6700978815524
2023-07-11 10:30:00,22.5,1008.45,59.15124249462942,1.746,6.12,237.0,24.933333333333334,1015.2666666666668,66.33333333333333,12.1,21.4,328.3349908640192
2023-07-11 11:00:00,23.0,1008.1500000000001,59.050964035446626,1.962,6.084,205.0,25.333333333333332,1015.1,65.66666666666667,14.299999999999999,23.2,305.0
2023-07-11 11:30:00,23.2,1008.3499999999999,60.06464539199634,1.4940000000000002,5.256,220.5,25.399999999999995,1014.9333333333334,64.33333333333333,14.133333333333333,23.2,309.6663655959727
2023-07-11 12:00:00,23.5,1008.25,64.92764703416574,1.3679999999999999,4.86,254.5,25.8,1014.7666666666668,61.666666666666664,18.133333333333336,27.0,312.68687251979327
2023-07-11 12:30:00,23.75,1008.05,66.12007355199057,1.818,4.356,224.0,25.866666666666664,1014.6666666666666,61.0,17.766666666666666,29.2,311.6632597711814
2023-07-11 13:00:00,24.6,1007.8499999999999,66.65985047619063,1.6920000000000002,5.508,227.5,25.366666666666664,1014.6999999999999,62.666666666666664,20.633333333333333,31.4,307.6689084421498
2023-07-11 13:30:00,25.35,1007.55,64.65223760048352,1.782,4.572,238.0,25.266666666666666,1014.7666666666668,63.0,23.066666666666666,36.4,303.667246271919
2023-07-11 14:00:00,26.1,1007.3499999999999,63.258536619959784,1.818,4.680000000000001,257.0,24.366666666666664,1014.7333333333332,65.0,24.96666666666667,37.9,311.6665349984058
2023-07-11 14:30:00,26.1,1007.2,61.865065530111124,2.034,4.6080000000000005,248.49999999999997,24.599999999999998,1014.7999999999998,64.33333333333333,24.266666666666666,37.9,306.3334650015942
2023-07-11 15:00:00,25.45,1007.3,59.10879081317799,2.052,5.364,260.5,24.266666666666666,1014.9,64.33333333333333,25.933333333333334,38.5,296.6665349984058
2023-07-11 15:30:00,25.4,1007.25,55.43311675996328,2.34,5.328,251.0,23.96666666666667,1014.9333333333334,64.66666666666667,27.5,39.7,302.0
2023-07-11 16:00:00,25.4,1007.2,58.14942893531676,2.7,5.364,255.0,23.366666666666664,1015.0,66.0,26.333333333333332,39.7,302.6665349984058
2023-07-11 16:30:00,24.9,1007.3,62.13123415027775,2.934,5.867999999999999,251.5,23.133333333333336,1015.0,69.0,25.0,38.9,302.0024421460581
2023-07-11 17:00:00,24.4,1007.3,63.28112293252601,3.582,6.516,254.5,23.099999999999998,1015.0333333333333,72.0,23.03333333333333,36.5,305.0003047798862
2023-07-11 17:30:00,24.1,1007.45,63.76005407373803,3.636,6.588,250.99999999999997,22.5,1015.1333333333333,74.0,23.666666666666668,36.5,299.6661282155967
2023-07-11 18:00:00,23.85,1007.45,64.84315412835812,3.906,7.236,251.5,22.03333333333333,1015.1999999999999,75.33333333333333,24.666666666666668,36.5,305.3343121860284
2023-07-11 18:30:00,23.35,1007.6500000000001,66.52422931780205,3.348,7.524,255.0,21.566666666666666,1015.4,78.0,22.8,35.3,305.332753728081
2023-07-11 19:00:00,22.700000000000003,1007.6500000000001,67.31220449014185,4.194,8.532,254.5,21.133333333333333,1015.4666666666667,79.66666666666667,19.03333333333333,34.5,308.33336342205956
2023-07-11 19:30:00,22.200000000000003,1007.8499999999999,70.9067367666811,4.122,8.892000000000001,254.0,20.633333333333333,1015.6,80.33333333333333,15.666666666666666,34.5,303.33332957252895
2023-07-11 20:00:00,22.0,1008.0,73.62400984795087,3.6900000000000004,9.216,257.0,20.2,1015.8333333333334,81.33333333333333,15.233333333333334,29.2,284.3178287571871
2023-07-11 20:30:00,21.5,1008.1500000000001,74.6180754654597,2.97,9.54,252.0,20.266666666666666,1016.1999999999999,82.0,17.833333333333332,25.0,279.666670427471
2023-07-11 21:00:00,20.9,1008.3499999999999,77.7820395140529,2.88,6.6240000000000006,255.0,20.5,1016.4333333333334,83.0,18.133333333333333,28.8,282.0003047798862
2023-07-11 21:30:00,20.35,1008.45,80.23160679363718,2.556,4.86,255.0,20.066666666666666,1016.5,84.0,16.966666666666665,28.8,282.9998984376572
2023-07-11 22:00:00,19.85,1008.6500000000001,83.18584363975478,2.232,4.32,249.0,19.400000000000002,1016.5333333333333,85.66666666666667,13.166666666666666,28.8,275.33387178440324
2023-07-11 22:30:00,19.549999999999997,1008.95,83.31314556106591,2.358,4.032000000000001,252.0,19.066666666666666,1016.7000000000002,86.66666666666667,14.5,24.3,282.6666365779404
2023-07-11 23:00:00,18.9,1009.3,85.22323330704268,1.296,3.132,248.0,19.566666666666666,1016.7000000000002,86.66666666666667,13.666666666666666,19.7,275.32847239257757
2023-07-11 23:30:00,18.8,1009.45,86.55648721913653,1.296,2.592,240.0,20.099999999999998,1016.6333333333333,85.33333333333333,10.733333333333334,19.7,266.6668737000967
2023-07-12 00:00:00,18.799999999999997,1009.3499999999999,88.43003440245255,1.2240000000000002,2.8080000000000003,231.49999999999997,19.8,1016.6666666666666,85.66666666666667,15.466666666666669,27.8,274.69550186944974
2023-07-12 00:30:00,18.75,1009.45,88.913129051494,1.8360000000000003,3.672,241.49999999999997,19.066666666666666,1016.5666666666666,89.33333333333333,14.0,27.8,274.0
2023-07-12 01:00:00,18.7,1009.6500000000001,88.93620694592467,1.8359999999999999,3.42,234.5,19.033333333333335,1016.5333333333333,91.0,10.4,27.8,284.0782670936105
2023-07-12 01:30:00,18.45,1009.75,89.49111827164666,1.548,3.204,201.0,18.5,1016.4666666666667,92.0,13.033333333333333,25.4,325.6751134124221
2023-07-12 02:00:00,18.5,1009.55,89.63378457729243,1.6920000000000002,3.852,203.5,18.2,1016.4333333333334,92.0,10.566666666666666,25.4,345.66717930710007
2023-07-12 02:30:00,18.65,1009.4,91.07454044838619,1.674,3.096,199.99999999999997,17.833333333333332,1016.5,92.0,9.866666666666667,23.3,350.3332279826744
2023-07-12 03:00:00,18.55,1009.4,93.66220369700977,1.53,3.672,224.99999999999997,17.433333333333334,1016.5333333333333,92.0,4.533333333333333,17.7,350.666670427471
2023-07-12 03:30:00,18.4,1009.3,96.24494437027325,1.098,2.196,238.5,17.133333333333336,1016.6,93.0,4.133333333333334,14.5,351.0
2023-07-12 04:00:00,18.299999999999997,1009.25,97.75616664399644,1.1700000000000002,4.392,260.0,17.0,1016.6333333333333,93.0,3.5,8.0,351.0
2023-07-12 04:30:00,18.0,1009.3,97.72337943435383,0.6660000000000001,1.908,258.0,17.166666666666668,1016.8666666666667,93.0,3.5666666666666664,8.0,356.666670427471
2023-07-12 05:00:00,17.700000000000003,1009.25,98.4250887959013,0.8460000000000001,2.736,255.0,17.033333333333335,1016.9,93.0,2.6,6.4,6.5729489217086545
2023-07-12 05:30:00,17.45,1009.3,97.88335092491229,0.81,2.8080000000000003,238.5,17.166666666666668,1017.2000000000002,93.0,1.8666666666666665,6.4,38.0
2023-07-12 06:00:00,16.950000000000003,1009.4,98.41009515748406,0.738,2.124,249.0,17.333333333333332,1017.4,93.0,2.6,6.4,62.360837380076646
2023-07-12 06:30:00,16.55,1009.55,98.05329648075404,0.54,1.368,242.5,17.833333333333332,1017.5333333333333,92.0,3.8666666666666667,8.0,71.76906558834663
2023-07-12 07:00:00,16.45,1009.6500000000001,98.41259180861371,0.54,1.152,267.5,18.166666666666668,1017.6999999999999,90.33333333333333,4.733333333333333,11.3,329.78190426862045
2023-07-12 07:30:00,16.55,1009.8,99.08786957758645,0.6300000000000001,1.908,241.5,18.3,1018.0,88.33333333333333,7.766666666666666,13.9,1.6668737000967018
2023-07-12 08:00:00,16.75,1009.9,99.75051460246883,0.7020000000000001,1.512,250.5,18.633333333333336,1018.0,86.0,7.1000000000000005,14.5,25.332753728081002
2023-07-12 08:30:00,16.95,1010.05,99.95537684690652,1.044,4.932,240.49999999999997,19.033333333333335,1018.2666666666668,83.0,6.0,14.5,0.07171384231685908
2023-07-12 09:00:00,17.3,1010.1500000000001,99.39860259393555,1.332,5.148,250.0,19.46666666666667,1018.2333333333332,78.33333333333333,7.266666666666666,14.5,358.8712638583997
2023-07-12 09:30:00,17.65,1010.4,97.67175429538335,1.3860000000000001,4.356,288.0,19.833333333333332,1018.2666666666668,74.66666666666667,8.733333333333333,16.1,356.32847239257757
2023-07-12 10:00:00,18.2,1010.4,95.08841453070536,1.4940000000000002,5.112,242.5,20.099999999999998,1018.4333333333334,73.0,8.433333333333332,15.8,343.9935702385353
2023-07-12 10:30:00,18.55,1010.5,92.46855841164594,1.764,5.292,236.49999999999997,20.333333333333332,1018.5333333333333,70.33333333333333,6.633333333333333,16.1,336.63698875881073
2023-07-12 11:00:00,18.7,1010.75,88.44932990060025,1.6560000000000001,5.292,247.0,20.73333333333333,1018.2333333333332,68.0,6.5,22.5,353.82541096923313
2023-07-12 11:30:00,19.45,1010.6,84.78706252601978,1.908,5.4,224.5,21.033333333333335,1018.4666666666667,65.66666666666667,8.799999999999999,22.5,287.33282069289993
2023-07-12 12:00:00,19.35,1010.9,80.7689915199303,1.6560000000000001,4.896000000000001,258.0,21.099999999999998,1018.2666666666668,65.66666666666667,11.4,24.2,309.6620188463932
2023-07-12 12:30:00,19.6,1011.05,78.78787416102483,1.638,5.184,251.5,21.033333333333335,1018.5333333333333,70.0,12.9,24.2,300.2963426628201
2023-07-12 13:00:00,20.45,1010.8499999999999,75.92946509694181,1.746,5.904,238.0,21.3,1018.6333333333333,68.33333333333333,16.2,25.8,274.66717930710007
2023-07-12 13:30:00,20.25,1010.9,74.32541129142359,1.6560000000000001,5.5440000000000005,242.99999999999997,21.733333333333334,1018.5666666666666,66.66666666666667,17.933333333333334,27.5,276.6667720173256
2023-07-12 14:00:00,20.5,1011.05,72.60615474559765,1.6560000000000001,6.588,234.0,23.133333333333336,1018.5333333333333,61.333333333333336,16.3,27.5,271.6631384948137
2023-07-12 14:30:00,20.7,1010.9,71.90122694480695,1.494,4.5360000000000005,12.0,23.833333333333332,1018.4333333333334,59.0,18.833333333333332,31.9,260.99939016145606
2023-07-12 15:00:00,20.8,1011.1500000000001,71.70431871291925,1.314,4.32,253.5,23.333333333333332,1018.5333333333333,57.0,22.866666666666664,38.6,272.6709904229787
2023-07-12 15:30:00,20.95,1011.1500000000001,69.55517202633249,1.35,4.644,264.0,23.066666666666666,1018.5,58.333333333333336,24.53333333333333,38.6,267.0003047798862
2023-07-12 16:00:00,21.0,1011.25,68.91822598696587,1.71,9.108,265.5,22.866666666666664,1018.4,60.333333333333336,23.633333333333336,38.6,297.34268342193445
2023-07-12 16:30:00,22.0,1011.05,65.66631808255177,1.854,4.428,306.5,22.833333333333332,1018.4333333333334,56.666666666666664,23.900000000000002,35.1,307.0024421460581
2023-07-12 17:00:00,23.299999999999997,1010.95,62.1414852838669,2.07,5.760000000000001,234.49999999999997,21.566666666666663,1018.6999999999999,57.666666666666664,25.766666666666666,36.7,305.0
2023-07-12 17:30:00,23.35,1010.95,58.85946197045244,2.3040000000000003,5.904,217.49999999999997,21.066666666666666,1018.7999999999998,63.0,23.53333333333333,36.7,302.3336344040273
2023-07-12 18:00:00,23.1,1010.8499999999999,58.199611946137985,3.1500000000000004,6.66,237.5,20.366666666666664,1018.9333333333334,63.666666666666664,21.133333333333336,34.9,300.9998984376572
2023-07-12 18:30:00,22.85,1010.95,57.94713697265014,2.88,6.876,248.0,20.266666666666666,1018.9333333333334,65.66666666666667,19.666666666666668,32.6,299.332753728081
2023-07-12 19:00:00,21.85,1011.2,57.97875482980782,2.9699999999999998,7.74,256.5,19.933333333333334,1019.1666666666666,67.0,18.7,30.3,299.6677210568365
2023-07-12 19:30:00,20.75,1011.5,58.37397791022153,3.2220000000000004,6.372,252.5,18.866666666666667,1019.4333333333334,70.0,16.7,28.0,304.0003047798862
2023-07-12 20:00:00,19.950000000000003,1011.6500000000001,61.781223703429056,3.2220000000000004,6.264,254.5,18.03333333333333,1019.6,74.33333333333333,14.766666666666666,27.2,307.3333634220596
2023-07-12 20:30:00,19.299999999999997,1011.8,65.66573962221133,3.0060000000000002,6.588,250.5,17.133333333333333,1019.8666666666667,79.66666666666667,11.833333333333334,26.4,309.0
2023-07-12 21:00:00,19.05,1011.95,67.73463862180489,2.25,4.428,250.5,16.400000000000002,1020.0666666666666,82.66666666666667,10.200000000000001,23.4,314.6562956988091
2023-07-12 21:30:00,18.55,1012.1500000000001,70.9662151366073,1.8719999999999999,3.6,250.0,15.633333333333333,1020.2333333333332,84.66666666666667,11.033333333333331,15.9,330.33336342205956
2023-07-12 22:00:00,17.75,1012.4,73.53433390012434,1.9260000000000002,3.888,255.5,15.200000000000001,1020.5666666666666,85.66666666666667,12.333333333333334,15.7,330.3332957195608
2023-07-12 22:30:00,17.25,1012.7,77.1708960224617,2.232,4.356,254.0,14.666666666666666,1020.6,87.0,9.866666666666667,15.7,333.3349908640192
2023-07-12 23:00:00,16.6,1012.8499999999999,81.92283285053443,1.8900000000000001,3.3480000000000003,259.0,13.6,1020.7666666666668,88.0,7.766666666666666,15.7,328.6661282155967
2023-07-12 23:30:00,15.8,1013.0,85.39851941083266,1.4940000000000002,2.52,266.5,12.166666666666666,1020.9,89.66666666666667,4.733333333333333,11.3,328.0
2023-07-13 00:00:00,15.05,1013.1,87.76239131062708,1.206,2.196,274.0,11.666666666666666,1020.8666666666667,90.66666666666667,5.233333333333333,8.0,328.0
2023-07-13 00:30:00,14.65,1013.3499999999999,88.73734889527827,1.368,2.4480000000000004,273.0,11.433333333333332,1020.8666666666667,91.0,4.666666666666667,6.4,328.0
2023-07-13 01:00:00,13.7,1013.4,91.69206578679908,0.6120000000000001,1.656,356.5,11.266666666666666,1020.8333333333334,91.66666666666667,4.1,6.4,328.0
2023-07-13 01:30:00,13.1,1013.45,93.36037515681613,0.648,1.2240000000000002,350.0,11.566666666666668,1020.9,92.0,3.633333333333333,6.4,328.0
2023-07-13 02:00:00,12.5,1013.5,95.06672487445033,0.4860000000000001,1.044,5.000000000000009,11.233333333333334,1020.9333333333334,92.0,2.6333333333333333,6.4,328.0
2023-07-13 02:30:00,12.45,1013.4,94.7945143795256,0.522,1.332,351.5,10.666666666666666,1021.0333333333333,92.66666666666667,1.2333333333333334,4.8,328.0
2023-07-13 03:00:00,12.350000000000001,1013.4,96.1145452787944,0.468,0.972,0.4999999999999874,10.033333333333333,1021.0,93.0,0.0,4.8,328.0
2023-07-13 03:30:00,12.55,1013.45,96.09961363847881,0.41400000000000003,1.1880000000000002,312.0,9.666666666666666,1021.0666666666666,93.0,0.0,3.2,328.0
2023-07-13 04:00:00,12.350000000000001,1013.5,97.50871341413082,0.41400000000000003,1.0080000000000002,352.5,9.200000000000001,1021.1666666666666,93.0,1.5333333333333332,3.2,328.0
2023-07-13 04:30:00,12.149999999999999,1013.45,97.24602593365151,0.54,1.2240000000000002,32.5,9.333333333333334,1021.4,93.0,2.5,4.8,328.0
2023-07-13 05:00:00,11.8,1013.5,97.56603665605667,0.36,0.9,341.5,9.799999999999999,1021.6333333333333,93.0,2.8333333333333335,4.8,328.0
2023-07-13 05:30:00,11.7,1013.5,97.19586996695328,0.396,1.044,348.0,11.033333333333333,1021.8666666666667,93.66666666666667,4.366666666666666,6.4,324.33329571956085
2023-07-13 06:00:00,11.8,1013.55,97.09763443923403,0.36,1.044,329.0,13.733333333333334,1022.0,94.0,2.1,6.4,324.66670428043915
2023-07-13 06:30:00,11.850000000000001,1013.75,97.2817537598583,0.378,1.548,352.0,16.233333333333334,1022.1999999999999,93.33333333333333,0.6666666666666666,6.4,329.99898298231744
2023-07-13 07:00:00,12.2,1013.9,97.52283913772135,0.41400000000000003,1.296,336.5,18.099999999999998,1022.3333333333334,90.66666666666667,3.1,8.0,278.99181623426966
2023-07-13 07:30:00,12.649999999999999,1014.1500000000001,98.40476328045071,0.378,0.8280000000000001,353.0,19.066666666666666,1022.6333333333333,85.0,7.333333333333333,15.9,256.91836998375794
2023-07-13 08:00:00,13.3,1014.4,98.36052337843304,0.45,1.2240000000000002,6.999999999999999,19.933333333333334,1022.6666666666666,77.66666666666667,7.933333333333333,18.5,249.29579555594324
2023-07-13 08:30:00,14.55,1014.45,99.27041915638952,0.522,1.4400000000000002,348.0,20.5,1022.6333333333333,70.66666666666667,9.299999999999999,21.0,283.46706888062874
2023-07-13 09:00:00,16.299999999999997,1014.6,99.83163703763245,0.8280000000000001,1.98,309.0,21.166666666666668,1022.5,68.66666666666667,11.299999999999999,21.0,275.40717779123213
2023-07-13 09:30:00,18.549999999999997,1014.7,90.73891477194047,1.314,3.42,209.0,22.0,1022.5,64.33333333333333,13.433333333333332,26.5,292.6593983425343
2023-07-13 10:00:00,19.9,1014.8499999999999,78.71111699470525,1.854,4.356,221.99999999999997,21.46666666666667,1022.5333333333333,64.33333333333333,16.066666666666666,28.8,293.3316677603159
2023-07-13 10:30:00,20.85,1014.95,72.18581079519379,1.8719999999999999,4.788,232.49999999999997,22.03333333333333,1022.6,63.0,17.766666666666666,28.8,288.995106749009
2023-07-13 11:00:00,19.9,1015.2,73.95480361207603,1.3860000000000001,4.6080000000000005,259.0,22.266666666666666,1022.6333333333333,61.0,18.233333333333334,30.6,280.00356445429645
2023-07-13 11:30:00,19.5,1014.95,79.44221012126059,1.314,5.867999999999999,243.49999999999997,22.933333333333334,1022.6,58.0,17.599999999999998,33.5,281.64406399967595
2023-07-13 12:00:00,21.95,1014.6,68.65210658720981,2.178,6.156,211.0,23.233333333333334,1022.5,55.333333333333336,19.633333333333333,33.5,270.33584037688144
2023-07-13 12:30:00,22.2,1014.9000000000001,63.10411634343119,2.2680000000000002,7.812,215.49999999999997,23.633333333333336,1022.3666666666667,53.0,19.466666666666665,33.5,280.33499428378383
2023-07-13 13:00:00,22.5,1014.85,62.16061632175554,2.1960000000000006,5.5440000000000005,291.5,23.633333333333336,1022.3333333333334,51.666666666666664,17.866666666666667,32.4,268.65903520218757
2023-07-13 13:30:00,23.15,1014.6500000000001,60.152675555407725,2.3760000000000003,5.112,238.5,23.53333333333333,1022.1,52.666666666666664,20.099999999999998,32.4,278.33312629990326
2023-07-13 14:00:00,23.65,1014.6500000000001,58.272251846954525,2.8080000000000003,5.652,251.0,23.566666666666666,1021.8666666666667,52.666666666666664,18.466666666666665,32.2,279.6668737000967
2023-07-13 14:30:00,22.549999999999997,1014.8,58.9583942037616,2.736,5.472,249.5,23.666666666666668,1021.6666666666666,54.333333333333336,17.933333333333334,32.2,287.00652234094207
2023-07-13 15:00:00,23.1,1014.7,57.63328703229307,2.4480000000000004,6.984,244.5,23.866666666666664,1021.4333333333334,55.0,16.133333333333336,31.4,286.9993901614561
2023-07-13 15:30:00,24.05,1014.5,54.25452380257042,2.5020000000000002,5.724,246.0,23.666666666666668,1021.1666666666666,54.666666666666664,14.5,29.8,289.0008130560873
2023-07-13 16:00:00,24.6,1014.3,51.74451718174051,2.6820000000000004,5.4,243.0,23.599999999999998,1020.9,56.0,16.766666666666666,27.7,261.3334650015942
2023-07-13 16:30:00,24.200000000000003,1014.2,51.9405051206402,2.16,4.32,243.99999999999994,23.0,1020.8000000000001,58.333333333333336,16.033333333333335,27.6,267.9996952201138
2023-07-13 17:00:00,24.65,1014.05,51.05792247530169,2.3760000000000003,5.184,237.5,22.933333333333334,1020.5,59.0,15.9,25.5,278.9957233079115
2023-07-13 17:30:00,24.8,1013.8499999999999,50.36362731699067,2.394,9.216,230.5,22.5,1020.3000000000001,60.333333333333336,18.633333333333333,26.0,280.6665349984058
2023-07-13 18:00:00,24.9,1013.55,50.479262158906934,2.016,4.86,243.49999999999997,21.766666666666666,1019.9666666666667,62.0,15.1,26.0,287.33346500159416
2023-07-13 18:30:00,24.299999999999997,1013.4,51.84136839689948,2.0340000000000003,5.867999999999999,247.5,20.900000000000002,1020.0666666666666,64.0,13.933333333333332,26.0,280.6666365779404
2023-07-13 19:00:00,23.5,1013.4,53.256198933996444,1.8719999999999999,4.680000000000001,258.5,20.5,1019.9333333333334,68.0,12.299999999999999,20.6,308.3981553638034
2023-07-13 19:30:00,23.0,1013.2,55.270970298394005,1.854,4.032000000000001,257.5,19.400000000000002,1019.8333333333334,71.66666666666667,8.566666666666668,17.4,331.6669074498284
2023-07-13 20:00:00,22.1,1013.05,59.23812911075542,1.62,4.716,247.5,18.033333333333335,1019.7999999999998,76.0,6.033333333333334,16.1,332.66351543576985
2023-07-13 20:30:00,21.1,1012.95,62.86918049896418,1.35,4.14,274.0,16.766666666666666,1019.7333333333332,80.0,4.2,12.9,343.0
2023-07-13 21:00:00,20.1,1013.0,66.50189363592546,0.6660000000000001,2.4480000000000004,319.5,15.200000000000001,1019.5333333333333,83.66666666666667,2.6999999999999997,8.0,343.0
2023-07-13 21:30:00,19.15,1013.0,70.59239680724946,0.648,1.98,325.0,14.066666666666668,1019.4666666666667,86.66666666666667,3.733333333333333,6.4,0.9494688789041522
2023-07-13 22:00:00,18.049999999999997,1012.9,74.09944959886178,0.54,1.404,20.999999999999996,13.833333333333334,1019.3000000000001,87.66666666666667,5.766666666666667,6.4,55.00000000000001
2023-07-13 22:30:00,16.85,1012.95,77.44725496010543,0.684,1.548,33.5,12.700000000000001,1019.0,88.66666666666667,2.766666666666667,6.4,55.00000000000001
2023-07-13 23:00:00,16.1,1012.75,80.25153747651677,0.9900000000000001,1.872,55.99999999999999,12.933333333333332,1018.6999999999999,89.33333333333333,4.7,6.4,55.00000000000001
2023-07-13 23:30:00,15.5,1012.5,83.02002812703907,1.098,1.656,78.0,12.466666666666669,1018.3666666666667,90.0,5.1000000000000005,6.4,55.00000000000001
2023-07-14 00:00:00,15.149999999999999,1012.4,84.85049328126749,1.026,1.4400000000000002,73.5,12.4,1018.0666666666666,90.33333333333333,4.366666666666666,8.0,55.00000000000001
2023-07-14 00:30:00,15.05,1012.0999999999999,85.66046629509646,1.0979999999999999,2.4120000000000004,55.5,12.933333333333332,1017.3666666666667,91.0,7.3999999999999995,12.9,72.3911071623791
2023-07-14 01:00:00,14.649999999999999,1011.8,88.73726139100859,1.044,1.584,39.0,12.233333333333334,1017.1,91.0,2.466666666666667,12.9,88.0
2023-07-14 01:30:00,14.45,1011.55,90.34736211914785,1.1880000000000002,2.16,57.5,11.866666666666667,1016.8666666666667,91.33333333333333,1.8333333333333333,12.9,88.66663657794041
2023-07-14 02:00:00,14.4,1011.0,91.30936932668885,1.404,2.9160000000000004,85.0,11.633333333333333,1016.4333333333334,91.66666666666667,3.4,8.0,102.0
2023-07-14 02:30:00,14.2,1010.7,92.40867444255214,1.584,2.8800000000000003,86.0,12.266666666666666,1016.1666666666666,92.0,5.166666666666667,8.0,102.0
2023-07-14 03:00:00,14.149999999999999,1010.0,92.79946596124515,1.224,3.924,90.0,11.833333333333334,1016.0,92.0,3.533333333333333,6.4,102.0
2023-07-14 03:30:00,14.2,1009.8499999999999,92.37582258753106,1.26,3.06,85.0,11.6,1015.6,92.0,4.3999999999999995,6.4,102.0
2023-07-14 04:00:00,14.149999999999999,1009.35,92.52079444396597,1.278,2.628,72.0,11.733333333333334,1015.1999999999999,92.66666666666667,6.066666666666666,11.0,111.95052346041352
2023-07-14 04:30:00,14.25,1009.1,91.7390319936648,1.296,2.7,68.0,13.133333333333333,1014.6999999999999,93.0,6.8,11.3,127.32956305530233
2023-07-14 05:00:00,14.1,1008.8499999999999,91.88884259605388,1.278,2.664,69.5,14.066666666666668,1014.2666666666668,92.66666666666667,9.5,12.1,133.6666365779404
2023-07-14 05:30:00,13.95,1008.55,91.5959824867852,1.368,3.204,69.5,14.766666666666666,1014.0666666666666,91.66666666666667,8.933333333333332,16.6,139.66500913598082
2023-07-14 06:00:00,13.8,1008.2,92.04837590029715,1.7280000000000002,3.492,53.5,16.0,1013.7666666666668,90.0,10.9,16.7,145.6656878139716
2023-07-14 06:30:00,13.9,1007.7,91.48427249986705,1.9620000000000002,5.256,52.0,18.133333333333336,1013.5333333333333,85.0,12.0,21.7,158.66313849481378
2023-07-14 07:00:00,14.65,1007.25,89.87465474776872,1.746,3.924,38.5,19.5,1013.2999999999998,75.66666666666667,16.166666666666668,28.4,162.0
2023-07-14 07:30:00,14.9,1006.95,90.2071381436611,1.746,4.896000000000001,27.5,21.0,1013.1666666666666,66.66666666666667,21.733333333333334,30.2,175.66653499840578
2023-07-14 08:00:00,15.4,1006.7,89.32484258474094,1.782,3.996,30.000000000000004,22.266666666666666,1012.8000000000001,62.333333333333336,23.3,32.3,177.0
2023-07-14 08:30:00,16.799999999999997,1006.4,86.35934177027738,1.9980000000000002,6.912,70.00000000000001,23.666666666666668,1012.5333333333333,57.333333333333336,23.866666666666664,37.5,183.33003382966785
2023-07-14 09:00:00,18.9,1006.05,77.80905979192045,2.484,8.892000000000001,7.999999999999994,25.133333333333336,1012.3333333333334,53.666666666666664,23.166666666666668,37.5,189.66667042747102
2023-07-14 09:30:00,21.0,1005.75,68.23712610128527,2.88,8.676,11.000000000000002,25.833333333333332,1012.0333333333333,52.333333333333336,23.566666666666666,39.1,195.99847330928029
2023-07-14 10:00:00,22.4,1005.45,59.66826976827586,3.4379999999999997,12.852,27.500000000000004,26.400000000000002,1011.7333333333332,51.333333333333336,23.400000000000002,39.1,193.34673867434657
2023-07-14 10:30:00,23.450000000000003,1005.25,54.85884839616044,3.402,14.472,345.5,27.3,1011.3333333333334,49.666666666666664,21.7,35.4,195.65270805159884
2023-07-14 11:00:00,24.85,1004.9,52.71164526461223,3.492,11.484,354.0,28.3,1011.1,45.666666666666664,20.099999999999998,35.4,206.6868306963793
2023-07-14 11:30:00,25.95,1004.6500000000001,50.17683250049969,3.636,11.124,341.0,29.166666666666668,1010.9,43.333333333333336,19.5,35.2,216.6369541722158
2023-07-14 12:00:00,26.950000000000003,1004.45,49.198697104070405,3.186,10.188,273.0,29.833333333333332,1010.6,42.333333333333336,19.066666666666666,36.7,218.6650057162162
2023-07-14 12:30:00,27.55,1004.2,47.583459720593915,3.384,14.616,16.99999999999999,30.5,1010.4666666666667,37.0,19.933333333333334,37.5,248.00010156234282
2023-07-14 13:00:00,28.2,1003.9,44.67367345913843,3.2220000000000004,9.252,261.0,30.133333333333336,1010.3000000000001,37.333333333333336,21.233333333333334,37.5,235.6661282155967
2023-07-14 13:30:00,29.05,1003.6500000000001,41.08696289660037,3.0060000000000002,8.748000000000001,253.5,30.133333333333336,1010.1666666666666,37.666666666666664,21.900000000000002,42.0,245.99755785394183
2023-07-14 14:00:00,29.549999999999997,1003.55,39.27253504106588,3.258,11.304,226.5,29.633333333333336,1010.1666666666666,39.0,24.666666666666668,42.0,242.0
2023-07-14 14:30:00,30.45,1003.3,38.93092253738748,2.9880000000000004,8.928,220.99999999999997,29.766666666666666,1010.1666666666666,38.333333333333336,23.866666666666664,41.2,253.32654175963046
2023-07-14 15:00:00,31.0,1003.1500000000001,37.83962184335387,3.294,8.1,210.99999999999997,29.133333333333336,1010.0333333333333,39.666666666666664,22.900000000000002,39.6,262.6668737000967
2023-07-14 15:30:00,31.1,1002.95,37.07201971621873,4.158,8.136,210.5,28.5,1010.1,44.333333333333336,28.900000000000002,48.7,268.3316677603159
2023-07-14 16:00:00,30.950000000000003,1002.9,36.479816676210326,3.9960000000000004,7.74,221.0,27.46666666666667,1010.0666666666666,52.0,32.0,48.7,270.6668737000967
2023-07-14 16:30:00,30.85,1002.9,33.76484537853365,4.41,10.512,221.5,26.8,1010.1666666666666,59.333333333333336,30.133333333333336,48.7,268.33417736024785
2023-07-14 17:00:00,30.25,1002.8,33.27532290383063,3.9959999999999996,8.172,230.0,25.96666666666667,1010.0333333333333,62.0,26.333333333333332,44.9,273.0003047798862
2023-07-14 17:30:00,29.25,1002.9,35.914857607225315,4.3919999999999995,8.748000000000001,242.5,25.53333333333333,1009.8000000000001,64.33333333333333,25.2,43.8,274.33282069289993
2023-07-14 18:00:00,28.65,1003.0,37.729237110161165,4.698,8.028,241.99999999999994,24.633333333333336,1009.6666666666666,67.33333333333333,22.233333333333334,43.1,270.0006098385439
2023-07-14 18:30:00,27.7,1003.0,42.861484987139775,4.5360000000000005,8.784,243.5,23.933333333333334,1009.5666666666666,70.0,21.0,43.1,269.6663655959727
2023-07-14 19:00:00,26.55,1003.25,54.21228085048338,4.644,8.892000000000001,246.49999999999997,23.366666666666664,1009.6,72.33333333333333,18.0,34.4,268.6661282155967
2023-07-14 19:30:00,25.549999999999997,1003.1500000000001,60.26905235009754,3.8520000000000003,8.064000000000002,242.99999999999997,22.766666666666666,1009.6666666666666,74.66666666666667,23.866666666666664,36.1,278.3343121860284
2023-07-14 20:00:00,24.9,1002.95,63.16615942562026,3.33,6.732,237.49999999999994,22.46666666666667,1009.6999999999999,77.0,19.033333333333335,36.1,274.3334650015942
2023-07-14 20:30:00,24.3,1002.9,65.65530758704567,3.024,6.912,240.0,21.599999999999998,1009.6,81.33333333333333,17.566666666666666,35.4,282.3329905781327
2023-07-14 21:00:00,23.549999999999997,1002.9,69.02437180901613,2.2860000000000005,6.048,233.0,21.266666666666666,1010.1666666666666,84.66666666666667,12.833333333333334,31.3,266.3310915578502
2023-07-14 21:30:00,22.9,1002.8,71.49518848606719,2.5380000000000003,6.588,236.49999999999997,21.666666666666668,1010.2000000000002,85.0,14.1,24.0,260.9996952201138
2023-07-14 22:00:00,22.299999999999997,1002.9,74.42755220683036,2.7,6.408,247.5,21.433333333333334,1010.3666666666667,85.33333333333333,14.166666666666666,25.2,262.3406016574657
2023-07-14 22:30:00,21.6,1002.75,78.06254619965878,1.9260000000000002,3.888,244.0,20.900000000000002,1010.4666666666667,86.0,20.933333333333334,35.2,274.0006098385439
2023-07-14 23:00:00,20.9,1003.05,81.62502348467514,1.728,4.068,205.5,20.400000000000002,1010.3333333333334,86.0,15.666666666666666,35.2,276.3333634220596
2023-07-14 23:30:00,20.7,1003.3499999999999,85.54013812260287,2.412,4.716,213.5,20.166666666666668,1010.0666666666666,86.66666666666667,14.233333333333334,35.2,277.0
2023-07-15 00:00:00,20.85,1003.5,87.26920881367946,2.2140000000000004,4.104,209.0,20.133333333333336,1010.0333333333333,87.0,17.7,25.8,285.667246271919
2023-07-15 00:30:00,21.0,1003.5,87.71593348341074,2.322,5.436,205.5,19.933333333333334,1009.9,86.0,15.533333333333333,25.8,283.33336342205956
2023-07-15 01:00:00,21.05,1003.3499999999999,88.10851637715466,2.8440000000000003,5.760000000000001,226.99999999999997,19.833333333333332,1009.6999999999999,86.0,13.766666666666666,25.8,282.9998984376572
2023-07-15 01:30:00,20.65,1003.1,86.15044045617759,2.4480000000000004,4.6080000000000005,239.99999999999994,19.733333333333334,1009.3666666666667,86.0,10.299999999999999,21.6,277.672307968176
2023-07-15 02:00:00,20.1,1002.9,86.85325083761239,1.818,3.636,227.5,19.7,1009.4333333333334,86.0,7.233333333333333,20.9,235.65326132565343
2023-07-15 02:30:00,20.05,1002.95,87.33587901443948,1.818,3.744,233.99999999999997,19.866666666666664,1009.3333333333334,85.66666666666667,9.166666666666666,16.4,248.00030477988622
2023-07-15 03:00:00,19.9,1002.75,87.97452948528972,2.2680000000000002,3.852,247.0,20.033333333333335,1009.1666666666666,84.33333333333333,9.466666666666667,16.4,253.3336344040273
2023-07-15 03:30:00,19.75,1002.55,86.21688034866983,1.818,3.888,230.0,20.099999999999998,1009.0666666666666,83.66666666666667,10.700000000000001,18.4,258.66670428043915
2023-07-15 04:00:00,19.55,1002.4,87.66856795022561,1.404,2.556,212.5,20.2,1009.0,81.33333333333333,10.866666666666667,21.3,264.67043694469766
2023-07-15 04:30:00,19.6,1002.45,87.81214075495495,1.548,2.8800000000000003,212.5,20.133333333333336,1008.9666666666667,81.0,7.7,21.3,229.72679113062188
2023-07-15 05:00:00,19.6,1002.25,88.82046788294495,1.746,3.204,207.5,20.366666666666664,1009.3333333333334,81.0,10.733333333333334,19.3,245.62736210844173
2023-07-15 05:30:00,19.4,1002.1,88.42207862656807,1.764,3.96,210.99999999999997,20.433333333333334,1009.4,82.33333333333333,13.533333333333333,22.6,258.00918115961116
2023-07-15 06:00:00,19.5,1002.1,87.03592215338848,1.602,6.48,214.0,20.533333333333335,1009.3000000000001,82.0,14.933333333333332,30.3,241.6666365779404
2023-07-15 06:30:00,19.45,1002.1500000000001,87.04097718781372,1.26,2.52,217.0,20.166666666666668,1009.6666666666666,80.66666666666667,15.733333333333334,30.3,249.33309255017159
2023-07-15 07:00:00,19.4,1002.1500000000001,87.26797519067912,1.2960000000000003,4.86,223.5,19.599999999999998,1009.6999999999999,83.0,18.066666666666666,30.4,233.96602419811734
2023-07-15 07:30:00,19.5,1002.3499999999999,86.94769516691774,1.6019999999999999,4.356,239.0,19.266666666666666,1009.9333333333334,85.33333333333333,16.266666666666666,30.4,232.0
2023-07-15 08:00:00,19.5,1002.55,87.9623055113313,2.358,7.02,214.0,19.466666666666665,1010.1,86.66666666666667,16.6,31.1,234.6661282155967
2023-07-15 08:30:00,19.450000000000003,1002.45,87.68539919265433,2.9880000000000004,11.664,210.0,19.8,1010.0,87.0,17.5,31.1,221.33166776031587
2023-07-15 09:00:00,19.25,1002.75,89.7010974169893,2.484,5.5440000000000005,212.5,20.166666666666668,1010.5,88.0,19.0,36.1,248.03397580188266
2023-07-15 09:30:00,19.4,1002.8,88.67214844993295,2.7540000000000004,5.688000000000001,213.5,20.5,1011.0333333333333,87.0,24.03333333333333,39.7,266.00152529388333
2023-07-15 10:00:00,19.5,1002.9,83.44892791467103,3.132,6.768,213.5,21.066666666666666,1011.3000000000001,81.0,29.7,42.1,270.6661962795516
2023-07-15 10:30:00,18.6,1003.25,89.6782834453468,2.9880000000000004,6.84,214.5,21.766666666666666,1011.4333333333334,72.0,33.166666666666664,49.7,272.664738050777
2023-07-15 11:00:00,17.95,1003.2,97.06208498664326,2.808,7.956,228.0,22.0,1011.8333333333334,69.0,33.06666666666667,49.7,276.3338037204484
2023-07-15 11:30:00,18.4,1003.5,98.03838589444804,3.546,9.504,210.99999999999997,22.53333333333333,1012.0333333333333,69.33333333333333,30.566666666666666,50.8,274.99847330928026
2023-07-15 12:00:00,18.950000000000003,1003.95,96.82514805588318,3.672,8.496,212.5,22.733333333333334,1012.1,64.33333333333333,33.666666666666664,50.8,272.33584037688144
2023-07-15 12:30:00,20.1,1003.7,90.93324083843747,4.068,7.452,244.0,22.96666666666667,1012.3333333333334,62.0,32.03333333333333,50.8,272.3332279826744
2023-07-15 13:00:00,20.25,1004.2,81.1819479439315,4.302,8.712,238.99999999999997,22.333333333333332,1012.6333333333333,65.0,32.7,48.9,274.6667720173256
2023-07-15 13:30:00,20.950000000000003,1004.3499999999999,76.41415976127763,4.986000000000001,9.144,244.5,21.733333333333334,1012.8666666666667,64.0,36.2,51.2,274.6666365779404
2023-07-15 14:00:00,21.1,1004.55,73.78282620167433,4.968,8.46,247.0,22.933333333333334,1013.1333333333333,63.333333333333336,32.93333333333334,51.2,274.00030477988616
2023-07-15 14:30:00,22.25,1004.6,65.45500504014267,5.202,10.26,234.99999999999994,22.666666666666668,1013.4,62.0,34.0,52.5,276.3334650015942
2023-07-15 15:00:00,22.299999999999997,1004.8,62.468436470711964,5.382,8.496,242.99999999999997,22.7,1013.6999999999999,61.0,35.266666666666666,52.5,276.0
2023-07-15 15:30:00,22.299999999999997,1005.2,61.80632389602119,5.688,11.52,236.50000000000003,22.900000000000002,1013.9333333333334,59.0,34.266666666666666,52.5,278.3338037204484
2023-07-15 16:00:00,21.700000000000003,1005.55,62.660948898376134,5.418,9.54,247.5,22.5,1014.1999999999999,59.333333333333336,32.666666666666664,51.1,274.667246271919
2023-07-15 16:30:00,21.5,1005.95,62.896251228437194,4.878,10.44,239.5,22.133333333333336,1014.3000000000001,59.0,33.03333333333334,50.9,275.664738050777
2023-07-15 17:00:00,22.25,1006.0,59.08080934891335,5.166,11.268,237.5,21.933333333333334,1014.4666666666667,60.0,32.36666666666667,50.9,278.6666365779404
2023-07-15 17:30:00,21.15,1006.45,61.833162407490434,5.256,12.672,246.5,21.433333333333334,1014.7000000000002,62.0,29.833333333333332,50.9,277.66795819615595
2023-07-15 18:00:00,22.1,1006.5,56.52973824239568,5.292,10.728,243.5,20.766666666666666,1015.0,64.33333333333333,28.5,45.5,269.9957233079115
2023-07-15 18:30:00,21.950000000000003,1006.9,56.742841151050634,4.734,9.216,244.5,20.3,1015.3666666666667,66.33333333333333,27.400000000000002,44.5,275.9996952201138
2023-07-15 19:00:00,21.4,1007.1500000000001,56.10017869308375,4.878,9.72,246.0,19.599999999999998,1015.5333333333333,67.0,26.96666666666667,43.3,272.9996952201138
2023-07-15 19:30:00,20.700000000000003,1007.5,57.85460380345462,4.806,8.352,246.0,19.099999999999998,1015.6999999999999,68.33333333333333,23.733333333333334,39.1,275.6666365779404
2023-07-15 20:00:00,20.15,1007.9,61.365338225137634,3.96,7.38,245.0,18.8,1015.8666666666667,69.66666666666667,20.766666666666666,37.7,274.3330925501716
2023-07-15 20:30:00,19.55,1008.2,63.06492573202262,3.834,7.524,241.0,18.53333333333333,1016.3000000000001,70.33333333333333,19.933333333333334,33.9,272.3334650015942
2023-07-15 21:00:00,19.35,1008.55,65.28083313500213,3.5460000000000003,7.704000000000001,240.49999999999997,18.266666666666666,1016.5,71.33333333333333,17.333333333333332,29.8,273.0
2023-07-15 21:30:00,18.65,1008.7,68.20834949029768,2.934,6.5520000000000005,238.0,17.866666666666667,1016.6,73.33333333333333,14.799999999999999,28.0,271.0
2023-07-15 22:00:00,17.9,1008.9,70.23959045137778,2.124,4.428,226.99999999999997,17.96666666666667,1016.6999999999999,75.0,16.166666666666668,27.1,273.9998984376572
2023-07-15 22:30:00,17.15,1009.25,73.84320890810156,2.106,3.996,214.5,17.833333333333332,1017.0,74.0,16.400000000000002,27.1,272.0
2023-07-15 23:00:00,16.700000000000003,1009.55,76.16634343717796,2.0700000000000003,3.708,216.0,17.933333333333334,1017.2000000000002,73.66666666666667,18.099999999999998,27.1,274.3334650015942
2023-07-15 23:30:00,16.05,1009.6500000000001,79.68877038611743,1.494,2.952,203.5,18.066666666666666,1017.1333333333333,73.66666666666667,14.433333333333332,26.3,270.9998984376572
2023-07-16 00:00:00,15.6,1009.8,81.19362650020246,1.584,4.572,181.0,16.900000000000002,1017.0666666666666,80.0,20.533333333333335,38.2,279.99939016145606
2023-07-16 00:30:00,15.5,1009.95,82.42613692509745,1.494,4.176,207.5,15.566666666666668,1017.0666666666666,85.33333333333333,9.733333333333333,38.2,264.3310915578502
2023-07-16 01:00:00,15.2,1010.1500000000001,84.3193214450699,1.8,6.5520000000000005,196.5,14.799999999999999,1016.8333333333334,88.33333333333333,8.833333333333334,26.2,272.00427669208847
2023-07-16 01:30:00,14.75,1010.2,86.49652902417205,1.548,3.528,194.0,15.333333333333334,1016.8333333333334,88.66666666666667,12.866666666666667,17.4,273.66795819615595
2023-07-16 02:00:00,14.75,1010.1500000000001,86.64560478069815,1.782,4.680000000000001,183.99999999999997,16.5,1016.7999999999998,87.0,13.733333333333334,18.0,278.0
2023-07-16 02:30:00,15.350000000000001,1010.1,85.91427942302454,1.494,3.888,242.0,16.466666666666665,1016.8333333333334,85.0,15.033333333333333,23.7,281.667246271919
2023-07-16 03:00:00,14.95,1010.0,87.56955768730039,1.296,3.3480000000000003,185.5,15.333333333333334,1016.9,85.66666666666667,13.133333333333333,23.7,278.33204180384405
2023-07-16 03:30:00,14.7,1009.8,87.82279772781857,1.62,4.464,212.5,15.366666666666667,1016.8666666666667,86.0,13.066666666666668,23.7,275.0
2023-07-16 04:00:00,15.15,1009.75,87.1189521412793,1.2240000000000002,4.5360000000000005,220.5,14.933333333333332,1017.0333333333333,85.0,11.133333333333333,17.7,271.6669074498284
2023-07-16 04:30:00,14.75,1009.8,88.01640979086137,1.3860000000000001,3.42,211.49999999999997,14.666666666666666,1017.2666666666668,85.66666666666667,9.799999999999999,17.7,271.33584037688144
2023-07-16 05:00:00,14.5,1009.8,88.6009303924834,1.53,5.6160000000000005,271.5,15.466666666666667,1017.3333333333334,85.0,9.533333333333333,16.7,275.6690803814741
2023-07-16 05:30:00,14.4,1009.8,88.53586519290297,1.9619999999999997,5.6160000000000005,169.5,15.966666666666667,1017.5,85.0,5.966666666666666,14.5,262.3330925501716
2023-07-16 06:00:00,14.05,1009.8499999999999,89.10104883897995,2.0340000000000003,5.076,167.5,17.266666666666666,1017.6999999999999,84.0,8.466666666666667,17.4,288.93866177612887
2023-07-16 06:30:00,14.0,1010.0,89.0462673861895,1.3860000000000001,5.436,173.5,17.599999999999998,1017.8000000000001,82.0,4.7,17.7,293.33336342205956
2023-07-16 07:00:00,14.2,1010.1,89.84304886931507,1.2240000000000002,4.14,229.99999999999997,18.933333333333334,1018.0333333333333,78.33333333333333,7.900000000000001,21.7,247.00563223585544
2023-07-16 07:30:00,14.95,1010.25,89.18239833484556,1.314,3.672,193.49999999999997,19.866666666666664,1018.2333333333332,71.33333333333333,16.266666666666666,37.1,265.66500913598077
2023-07-16 08:00:00,15.65,1010.3499999999999,87.0596978757456,1.854,4.5,167.5,19.2,1018.5333333333333,73.66666666666667,23.433333333333334,37.1,286.33346500159416
2023-07-16 08:30:00,16.75,1010.5,86.94661721838028,1.584,4.6080000000000005,213.0,21.099999999999998,1018.6333333333333,66.66666666666667,21.400000000000002,37.1,279.99939016145606
2023-07-16 09:00:00,18.1,1010.6500000000001,83.34519664418073,1.764,5.292,201.99999999999997,19.166666666666668,1018.8333333333334,69.66666666666667,24.63333333333333,46.4,276.33282069289993
2023-07-16 09:30:00,18.9,1010.6500000000001,81.03591684157848,1.98,7.056,284.0,21.0,1018.6666666666666,65.66666666666667,13.133333333333333,46.4,263.36304582778416
2023-07-16 10:00:00,20.15,1010.8,74.40840759165093,2.394,6.696000000000001,216.0,21.833333333333332,1018.6,61.666666666666664,17.566666666666666,43.8,264.69011088476043
2023-07-16 10:30:00,19.9,1011.0,69.24404649849637,2.7720000000000002,7.02,224.49999999999997,21.399999999999995,1018.8333333333334,62.0,17.3,45.4,271.332753728081
2023-07-16 11:00:00,21.0,1010.9,69.3621995498141,3.2220000000000004,8.892000000000001,238.99999999999997,18.933333333333334,1018.9666666666667,77.0,12.666666666666666,45.4,242.57013263457077
2023-07-16 11:30:00,20.9,1011.15,65.21367899987204,3.402,9.864,233.5,21.599999999999998,1018.7666666666668,73.66666666666667,16.2,45.4,270.332753728081
2023-07-16 12:00:00,19.95,1011.3499999999999,64.6906610017908,3.0060000000000002,8.028,233.99999999999997,22.400000000000002,1018.7666666666668,65.0,21.766666666666666,32.4,274.6667720173256
2023-07-16 12:30:00,20.95,1011.25,63.164038140489275,3.06,7.524,220.99999999999997,23.46666666666667,1018.7000000000002,59.0,22.0,37.8,264.6666365779404
2023-07-16 13:00:00,21.2,1011.25,63.69151727208357,3.114,7.056,240.49999999999997,23.099999999999998,1018.7666666666668,57.333333333333336,21.400000000000002,37.8,267.6658226397521
2023-07-16 13:30:00,19.5,1011.55,69.70634332120619,3.2940000000000005,8.568,226.99999999999997,22.8,1018.9,58.333333333333336,21.899999999999995,37.8,276.0
2023-07-16 14:00:00,21.25,1011.3,66.80851189816805,2.7720000000000002,7.776000000000001,194.5,23.3,1018.7999999999998,56.0,23.53333333333333,40.0,276.0003047798862
2023-07-16 14:30:00,22.0,1011.2,63.78531973252964,2.7359999999999998,5.976,235.0,23.099999999999998,1018.7999999999998,56.0,22.400000000000002,40.0,279.0006098385439
2023-07-16 15:00:00,23.05,1011.0,58.10589144507301,3.798,9.432,237.5,23.099999999999998,1018.9333333333334,55.666666666666664,24.366666666666664,41.6,278.00030477988616
2023-07-16 15:30:00,23.45,1011.05,54.41227318329732,3.564,7.488,237.0,22.8,1018.9333333333334,57.333333333333336,23.433333333333334,41.6,277.0
2023-07-16 16:00:00,23.9,1011.1,51.984457996104936,3.726,8.64,241.0,22.7,1018.9333333333334,58.666666666666664,24.2,41.6,281.0
2023-07-16 16:30:00,23.7,1011.2,52.37822074900623,3.456,8.028,244.0,22.3,1019.0333333333333,58.666666666666664,23.8,36.8,285.3336344040273
2023-07-16 17:00:00,23.549999999999997,1011.25,51.88783809954898,3.51,7.38,243.5,21.833333333333332,1019.1,58.0,22.866666666666664,36.8,278.0
2023-07-16 17:30:00,23.2,1011.3499999999999,50.20049093313496,4.122,7.74,247.0,21.433333333333334,1019.1999999999999,60.0,19.0,36.8,276.0
2023-07-16 18:00:00,22.6,1011.5,51.257533943861965,3.636,7.488,253.5,20.866666666666667,1019.4333333333334,63.0,19.333333333333332,32.9,283.00152669071974
2023-07-16 18:30:00,22.4,1011.6500000000001,53.78005009167673,3.438,7.272,240.0,20.099999999999998,1019.4,66.66666666666667,18.0,32.9,287.3336344040273
2023-07-16 19:00:00,21.9,1011.8499999999999,55.65286752044539,3.33,6.768,248.5,19.566666666666666,1019.5,68.33333333333333,14.433333333333332,27.7,286.002747204715
2023-07-16 19:30:00,21.4,1012.05,54.135830392255485,3.258,7.092,250.0,18.366666666666667,1019.5333333333333,71.33333333333333,10.433333333333332,23.2,283.667246271919
2023-07-16 20:00:00,20.85,1012.25,56.5147420063464,2.7720000000000002,5.184,251.0,16.3,1019.8333333333334,77.66666666666667,6.099999999999999,19.3,274.0
2023-07-16 20:30:00,20.25,1012.4,59.1076476052149,2.5740000000000003,5.724,251.0,15.233333333333334,1020.1999999999999,82.0,6.2,12.9,274.0
2023-07-16 21:00:00,19.5,1012.55,63.06325239999609,1.9980000000000002,4.176,251.0,14.9,1020.4666666666667,84.33333333333333,3.6333333333333333,8.0,274.666670427471
2023-07-16 21:30:00,18.299999999999997,1012.6500000000001,68.57613150804623,1.1340000000000001,2.4480000000000004,240.5,14.366666666666667,1020.6,86.33333333333333,3.533333333333333,6.4,274.0
2023-07-16 22:00:00,17.2,1012.8499999999999,74.20121677496562,0.72,1.62,249.0,13.833333333333334,1020.6333333333333,87.33333333333333,3.9,6.4,274.0
2023-07-16 22:30:00,16.25,1013.1500000000001,79.07801557623287,0.8280000000000001,1.908,142.50000000000003,12.966666666666667,1020.8000000000001,88.33333333333333,4.2,6.4,274.33332957252895
2023-07-16 23:00:00,15.25,1013.45,84.1931039044604,1.278,1.692,81.5,12.933333333333332,1020.9666666666667,89.0,4.966666666666667,8.0,244.6666365779404
2023-07-16 23:30:00,14.65,1013.5,87.08991852398299,1.6019999999999999,2.4480000000000004,75.50000000000001,12.366666666666667,1020.9,89.66666666666667,3.4,8.0,244.0
2023-07-17 00:00:00,14.4,1013.6,88.71881645860857,1.206,2.52,60.5,11.700000000000001,1020.7999999999998,90.33333333333333,2.9333333333333336,8.0,244.0
2023-07-17 00:30:00,14.45,1013.6500000000001,89.35243419776822,0.9,2.3040000000000003,83.5,11.666666666666666,1020.6333333333333,91.0,3.1999999999999997,6.4,244.0
2023-07-17 01:00:00,15.05,1013.8,87.11967335588358,1.638,4.032000000000001,155.0,11.299999999999999,1020.6,91.0,4.2,9.7,225.468458165721
2023-07-17 01:30:00,14.8,1013.8499999999999,89.42617706686764,1.3860000000000001,3.024,129.5,11.233333333333334,1020.6,91.33333333333333,5.7,9.7,197.181063172189
2023-07-17 02:00:00,14.2,1013.6500000000001,92.28669759969296,1.296,2.052,72.0,11.666666666666666,1020.5,91.66666666666667,5.0,9.7,185.99999999999997
2023-07-17 02:30:00,14.0,1013.55,92.36178604704173,1.3319999999999999,2.088,85.0,12.366666666666667,1020.5333333333333,92.0,4.833333333333333,11.3,261.53394683280885
2023-07-17 03:00:00,13.9,1013.3,93.2466774113282,1.44,2.088,79.0,12.566666666666668,1020.4666666666667,92.0,4.333333333333333,11.3,278.0
2023-07-17 03:30:00,13.4,1013.3,95.22485139153692,1.044,1.656,60.5,11.700000000000001,1020.6333333333333,92.0,1.8999999999999997,9.7,278.0
2023-07-17 04:00:00,13.05,1013.25,96.29611477586141,1.008,1.512,68.5,11.033333333333333,1020.7000000000002,93.0,6.233333333333334,11.3,298.1384638968342
2023-07-17 04:30:00,13.05,1013.1500000000001,96.16274944307696,1.4940000000000002,2.232,82.5,10.6,1020.8333333333334,93.0,5.2,11.3,314.93681505881995
2023-07-17 05:00:00,12.8,1013.1,96.93644801240436,0.9000000000000001,1.728,81.00000000000001,11.533333333333333,1021.1,93.0,2.466666666666667,11.3,306.0
2023-07-17 05:30:00,12.649999999999999,1013.1,97.44925358268267,0.5760000000000001,1.656,56.0,12.733333333333334,1021.3333333333334,93.0,5.3999999999999995,11.3,138.9297246493801
2023-07-17 06:00:00,12.75,1013.1500000000001,96.81369283160971,0.6660000000000001,1.368,60.00000000000001,14.299999999999999,1021.5666666666666,93.0,4.366666666666666,11.3,131.6666365779404
2023-07-17 06:30:00,12.65,1013.3499999999999,98.44679263095264,0.972,3.204,75.5,16.266666666666666,1021.8000000000001,92.33333333333333,2.466666666666667,11.3,127.00000000000001
2023-07-17 07:00:00,12.75,1013.6,97.55891294356621,1.026,2.124,89.5,17.833333333333332,1022.1,89.66666666666667,3.966666666666667,9.7,126.67043694469767
2023-07-17 07:30:00,13.15,1013.8499999999999,97.81273037097273,1.242,2.3760000000000003,89.49999999999999,18.833333333333332,1022.3000000000001,83.0,3.3333333333333335,6.4,150.6183541451945
2023-07-17 08:00:00,14.0,1014.05,97.66420704759737,0.9179999999999999,1.872,102.0,19.933333333333334,1022.4666666666667,74.0,3.8000000000000003,9.7,176.5613183752823
2023-07-17 08:30:00,15.2,1014.1500000000001,99.73740651235988,0.4680000000000001,1.116,62.0,20.7,1022.6,68.66666666666667,4.866666666666667,12.9,310.58918845344107
2023-07-17 09:00:00,17.299999999999997,1014.3499999999999,98.41431928292306,0.8280000000000001,2.592,340.5,21.066666666666666,1022.4333333333334,66.0,4.366666666666666,12.9,341.40881855405075
2023-07-17 09:30:00,19.4,1014.4,82.9170694510758,1.404,4.896000000000001,130.5,21.900000000000002,1022.5,62.0,6.8,17.9,349.3249910493193
2023-07-17 10:00:00,20.549999999999997,1014.6500000000001,73.03553877292907,1.6019999999999999,4.5360000000000005,226.0,22.733333333333334,1022.4,58.333333333333336,6.966666666666666,17.9,308.18705329364263
2023-07-17 10:30:00,21.55,1014.7,66.40480924147145,2.0520000000000005,6.156,255.0,23.566666666666666,1022.5,57.333333333333336,11.033333333333333,24.2,272.9333114816159
2023-07-17 11:00:00,22.55,1014.6500000000001,58.629905453220225,2.232,4.716,206.0,23.96666666666667,1022.4333333333334,55.0,10.366666666666667,24.2,294.2306607351413
2023-07-17 11:30:00,23.1,1014.7,56.163416613471554,2.232,6.66,229.5,24.03333333333333,1022.3333333333334,53.666666666666664,10.266666666666666,23.8,320.30055437849165
2023-07-17 12:00:00,23.4,1014.75,55.035729563333085,2.178,8.028,239.5,25.0,1022.2000000000002,53.0,14.133333333333335,26.1,303.7111455663518
2023-07-17 12:30:00,23.75,1014.8,52.99203959758188,2.4480000000000004,8.388,210.99999999999997,24.733333333333334,1022.0333333333333,51.333333333333336,12.133333333333333,26.6,314.330657725971
2023-07-17 13:00:00,24.85,1014.6,50.56157232254371,2.3760000000000003,6.228,190.99999999999997,25.166666666666668,1022.0333333333333,52.0,13.200000000000001,26.6,301.67137096386045
2023-07-17 13:30:00,25.45,1014.7,49.23624039119166,2.43,8.316,223.5,25.0,1021.8333333333334,52.333333333333336,15.166666666666666,30.6,293.6801061242992
2023-07-17 14:00:00,25.3,1014.75,48.66853971287629,2.016,5.436,269.0,25.3,1021.6,49.0,14.700000000000001,30.6,296.58716260129546
2023-07-17 14:30:00,25.45,1014.6,47.88453058078808,2.25,5.436,188.0,25.53333333333333,1021.2999999999998,50.333333333333336,16.2,29.3,291.0
2023-07-17 15:00:00,26.65,1014.4,45.30441215143519,2.3400000000000003,7.848000000000001,206.49999999999997,24.666666666666668,1021.2999999999998,53.0,18.0,27.6,282.3331262999033
2023-07-17 15:30:00,27.299999999999997,1014.25,41.75269332948281,2.34,5.867999999999999,248.5,24.566666666666666,1021.1333333333333,54.0,16.8,27.6,291.3331262999033
2023-07-17 16:00:00,27.25,1014.2,40.03620084275741,2.556,8.568,224.0,24.366666666666664,1021.0,55.0,16.433333333333334,27.2,286.0
2023-07-17 16:30:00,27.4,1013.95,37.854092633839926,2.3400000000000003,8.712,241.5,24.333333333333332,1020.8000000000001,52.666666666666664,16.0,25.8,287.0
2023-07-17 17:00:00,27.5,1013.9,37.411025774029966,2.1420000000000003,7.2,249.5,24.2,1020.7000000000002,50.333333333333336,12.1,25.4,304.1990515645928
2023-07-17 17:30:00,27.0,1013.75,37.878573527499746,2.1959999999999997,5.904,221.0,23.8,1020.7333333333332,56.333333333333336,12.233333333333334,24.0,292.9133136186124
2023-07-17 18:00:00,26.9,1013.6500000000001,37.8198927696654,1.9620000000000002,10.188,269.0,22.666666666666668,1020.7666666666668,62.333333333333336,15.066666666666668,22.4,280.65731657806555
2023-07-17 18:30:00,26.5,1013.55,38.386224565696864,1.6560000000000001,5.076,258.5,22.433333333333334,1020.7999999999998,58.333333333333336,13.4,22.4,314.33210433550124
2023-07-17 19:00:00,25.8,1013.5,39.48038778404745,1.638,5.22,244.99999999999997,21.1,1020.7333333333332,60.0,14.033333333333333,22.4,322.3334650015942
2023-07-17 19:30:00,24.95,1013.6,41.31231966179623,1.242,4.248,219.0,19.833333333333332,1020.7666666666668,64.0,10.6,19.7,332.9991869439128
2023-07-17 20:00:00,24.05,1013.6500000000001,45.32373795405363,1.08,4.032000000000001,270.5,18.433333333333334,1020.6666666666666,70.33333333333333,11.1,19.4,330.33282069289993
2023-07-17 20:30:00,23.2,1013.7,49.85261837874119,0.9720000000000002,2.9160000000000004,281.0,17.933333333333334,1020.6999999999999,75.66666666666667,9.866666666666667,16.4,337.6677210568365
2023-07-17 21:00:00,22.0,1013.75,54.286946832022934,1.044,3.204,288.0,17.5,1020.7999999999998,80.33333333333333,10.0,16.2,335.3364845642301
2023-07-17 21:30:00,20.65,1013.8,59.338149038184426,1.08,2.4120000000000004,276.0,18.233333333333334,1020.7999999999998,77.33333333333333,12.1,16.5,341.33227894316343
2023-07-17 22:00:00,19.1,1013.7,64.22699233065245,0.72,2.628,349.0,17.633333333333336,1020.6,76.0,12.4,16.5,342.3332279826744
2023-07-17 22:30:00,17.9,1013.8,68.13861839844168,0.8640000000000001,3.456,1.99999999999999,17.666666666666668,1020.4,75.33333333333333,10.433333333333334,15.7,3.6650091359808092
2023-07-17 23:00:00,17.1,1013.9,70.35802491579581,0.6480000000000001,1.8,24.0,17.366666666666667,1020.1333333333333,74.0,11.666666666666666,15.9,12.666534998405785
2023-07-17 23:30:00,16.450000000000003,1013.9,73.70031980589974,0.468,1.332,27.5,16.733333333333334,1019.9,75.0,8.866666666666667,15.9,19.666534998405787
2023-07-18 00:00:00,16.1,1013.8,76.94269746114546,0.504,1.044,27.499999999999993,16.3,1019.4333333333334,76.0,9.733333333333334,15.9,23.999999999999996
2023-07-18 00:30:00,15.850000000000001,1013.55,79.65327696556963,0.5940000000000001,1.404,24.999999999999996,16.233333333333334,1019.0,76.33333333333333,9.366666666666667,15.7,29.999898437657187
2023-07-18 01:00:00,15.45,1013.3,82.4092580648192,0.8820000000000001,1.944,31.999999999999993,15.833333333333334,1018.7000000000002,77.33333333333333,8.5,16.1,33.99725279528499
2023-07-18 01:30:00,14.95,1013.0,85.27682904443108,0.9,1.908,38.0,15.299999999999999,1018.3000000000001,78.66666666666667,7.466666666666666,15.7,37.31436031697679
2023-07-18 02:00:00,14.35,1012.55,88.8877984733364,0.756,1.62,32.0,13.966666666666667,1017.8333333333334,82.0,4.833333333333333,12.9,49.00000000000001
2023-07-18 02:30:00,14.05,1012.05,90.57070772900991,0.738,2.052,29.999999999999996,15.266666666666666,1017.1666666666666,82.66666666666667,11.433333333333332,16.7,29.30915374319117
2023-07-18 03:00:00,13.850000000000001,1011.6,91.52923347981569,0.882,1.656,33.50000000000001,15.1,1016.9,82.0,10.5,16.7,40.66582263975212
2023-07-18 03:30:00,13.7,1011.25,92.29803400863136,0.882,1.656,39.00000000000001,15.233333333333334,1016.6666666666666,82.0,10.633333333333333,17.5,42.67511341242212
2023-07-18 04:00:00,13.55,1010.7,92.75261580452937,0.9,2.124,37.5,14.9,1016.6999999999999,82.66666666666667,7.566666666666666,17.7,52.999695220113786
2023-07-18 04:30:00,13.6,1010.2,93.0287335238001,1.08,2.16,31.5,15.766666666666666,1017.0333333333333,81.33333333333333,6.966666666666666,16.1,42.016597133759305
2023-07-18 05:00:00,13.55,1009.9,93.26749211517468,1.278,2.3760000000000003,42.0,16.433333333333334,1016.5666666666666,79.0,9.433333333333332,15.8,44.66544858796595
2023-07-18 05:30:00,13.55,1009.5,92.81765702301607,1.2960000000000003,2.988,34.50000000000001,16.900000000000002,1016.4333333333334,76.66666666666667,9.6,13.7,40.66738351187217
2023-07-18 06:00:00,13.45,1009.3,92.84108211708502,1.1520000000000001,2.736,35.00000000000001,17.96666666666667,1016.4,73.66666666666667,11.033333333333333,17.2,35.333803720448365
2023-07-18 06:30:00,13.9,1009.25,91.67438962737197,1.026,1.8,32.5,19.166666666666668,1016.2666666666668,69.66666666666667,12.466666666666667,18.7,38.99755785394186
2023-07-18 07:00:00,14.3,1009.4,90.70128843663753,1.08,2.3400000000000003,36.0,20.666666666666668,1016.1,66.0,11.533333333333333,18.7,48.33346500159421
2023-07-18 07:30:00,15.15,1009.1,89.28990955683359,0.738,1.764,354.0,22.233333333333334,1016.0333333333333,62.0,10.933333333333332,19.7,51.664738050777
2023-07-18 08:00:00,15.850000000000001,1008.95,88.173810517663,1.008,3.204,13.000000000000007,23.46666666666667,1016.0,58.0,10.733333333333334,19.7,62.334551412034045
2023-07-18 08:30:00,17.25,1008.9,83.57792088750068,1.404,6.372,105.0,24.3,1016.0333333333333,55.333333333333336,10.0,19.7,45.28048857461256
2023-07-18 09:00:00,19.2,1008.6,75.21096229927817,2.4480000000000004,8.64,134.5,24.8,1016.1333333333333,53.666666666666664,10.666666666666666,19.7,37.647190515769765
2023-07-18 09:30:00,20.85,1008.4,68.54612068268486,2.6820000000000004,9.18,133.50000000000003,26.099999999999998,1016.0666666666666,51.333333333333336,9.700000000000001,17.4,40.28564084078035
2023-07-18 10:00:00,21.9,1008.3499999999999,63.13303213122967,2.6820000000000004,10.368,139.0,26.8,1016.1,49.0,10.0,18.5,22.998473309280275
2023-07-18 10:30:00,23.4,1008.25,58.745712532865575,2.952,10.008,132.0,27.666666666666668,1016.1,47.0,11.533333333333333,20.2,13.335261949223007
2023-07-18 11:00:00,24.9,1008.3499999999999,54.95678997590868,2.4480000000000004,6.803999999999999,180.0,28.766666666666666,1016.2333333333332,45.0,15.766666666666667,31.1,338.00101701768256
2023-07-18 11:30:00,25.75,1008.45,52.675304245445595,2.394,7.488,173.5,28.3,1016.4,45.333333333333336,15.4,32.3,348.33107294724834
2023-07-18 12:00:00,26.9,1008.3499999999999,50.82622935307718,2.394,8.352,194.5,28.733333333333334,1016.6333333333333,45.0,21.833333333333332,35.4,312.95679803313755
2023-07-18 12:30:00,28.2,1008.4,47.789263286120374,2.718,8.784,137.0,28.266666666666666,1016.6333333333333,45.666666666666664,24.933333333333334,36.7,310.00101701768256
2023-07-18 13:00:00,28.9,1008.5,46.6004126696716,2.466,8.46,223.0,27.766666666666666,1016.8000000000001,47.333333333333336,27.866666666666664,40.2,308.6668737000967
2023-07-18 13:30:00,29.55,1008.75,44.23137393506602,2.8260000000000005,8.46,199.0,27.03333333333333,1017.0333333333333,48.333333333333336,29.433333333333334,43.1,305.33329571956085
2023-07-18 14:00:00,29.95,1008.95,42.30752513011754,2.628,8.424,241.49999999999997,27.03333333333333,1017.1666666666666,47.0,31.900000000000002,45.5,302.0006098385439
2023-07-18 14:30:00,29.85,1009.0,42.07693210385024,2.7540000000000004,7.416,236.49999999999997,27.3,1017.3333333333334,45.333333333333336,32.63333333333333,46.0,304.333329572529
2023-07-18 15:00:00,29.0,1009.1,43.91043686661057,3.1500000000000004,8.064000000000002,250.5,27.133333333333336,1017.4,47.666666666666664,31.066666666666666,46.0,309.6668737000967
2023-07-18 15:30:00,28.4,1009.3499999999999,44.50919252190711,3.492,7.632000000000001,248.0,26.833333333333332,1017.5666666666666,46.333333333333336,28.933333333333334,46.0,306.0
2023-07-18 16:00:00,28.0,1009.55,46.38006749155451,3.402,10.044,259.0,26.2,1017.5333333333333,47.666666666666664,27.666666666666668,45.0,307.6663655959727
2023-07-18 16:30:00,27.8,1009.75,47.3082484446287,3.4379999999999997,8.748000000000001,253.0,26.133333333333336,1017.5333333333333,46.666666666666664,30.46666666666667,42.9,303.9998984376572
2023-07-18 17:00:00,28.15,1009.75,46.188910357522914,3.528,8.568,252.5,25.366666666666664,1017.8000000000001,48.666666666666664,24.933333333333334,42.9,308.9998984376572
2023-07-18 17:30:00,28.05,1009.95,45.24469191570796,3.69,8.568,251.5,24.3,1018.1,50.333333333333336,23.066666666666663,42.9,301.3310915578502
2023-07-18 18:00:00,27.65,1010.1,45.374655790957625,3.132,12.024,264.5,23.100000000000005,1018.4333333333334,53.666666666666664,21.599999999999998,34.7,300.33329571956085
2023-07-18 18:30:00,26.8,1010.2,46.43785073013988,3.564,7.596,253.0,21.566666666666666,1018.6333333333333,60.666666666666664,22.3,33.3,299.6669074498284
2023-07-18 19:00:00,26.1,1010.45,45.92722358828819,3.492,7.452,250.5,20.266666666666666,1018.7333333333332,67.0,20.599999999999998,31.3,302.6666365779404
2023-07-18 19:30:00,25.3,1010.7,47.71072583943443,3.168,8.712,254.0,19.099999999999998,1018.8666666666667,72.0,18.0,31.3,305.0
2023-07-18 20:00:00,24.3,1011.0,49.23593733378466,3.1500000000000004,6.048,250.5,18.333333333333332,1018.9666666666667,76.0,16.7,28.4,306.0
2023-07-18 20:30:00,23.25,1011.3499999999999,48.92838607620335,3.024,6.012,255.0,17.866666666666664,1019.2333333333332,78.0,16.900000000000002,26.9,310.33332957252895
2023-07-18 21:00:00,22.15,1011.55,52.034179464468885,2.574,5.472,255.0,17.133333333333336,1019.5666666666666,80.0,13.066666666666668,24.1,315.32847239257757
2023-07-18 21:30:00,20.549999999999997,1011.8499999999999,57.81892407588593,2.574,5.148,254.0,15.833333333333334,1019.7000000000002,82.66666666666667,11.966666666666667,23.3,324.33227894316343
2023-07-18 22:00:00,19.049999999999997,1011.9,67.57177278856747,2.3040000000000003,4.716,249.5,15.033333333333333,1019.9666666666667,83.0,11.299999999999999,18.4,325.0
2023-07-18 22:30:00,17.8,1012.1500000000001,76.65324272377367,2.484,3.924,251.5,13.799999999999999,1020.4,84.66666666666667,9.533333333333333,17.7,318.66677201732557
2023-07-18 23:00:00,17.0,1012.3499999999999,82.19156731964036,2.1420000000000003,3.636,248.5,13.5,1020.6333333333333,86.66666666666667,10.533333333333333,14.5,306.6635154357699
2023-07-18 23:30:00,16.5,1012.6,80.31764717561467,2.4120000000000004,4.176,258.0,13.700000000000001,1020.6666666666666,88.0,10.966666666666667,14.5,311.66194481070727
2023-07-19 00:00:00,15.9,1012.8,78.35105037058953,2.124,3.636,252.99999999999997,14.266666666666666,1020.5333333333333,89.33333333333333,11.333333333333334,14.7,315.0
2023-07-19 00:30:00,15.3,1013.2,80.70139701534353,2.2140000000000004,3.3120000000000003,257.0,14.866666666666667,1020.6,90.0,11.9,15.0,308.66670428043915
2023-07-19 01:00:00,15.2,1013.3499999999999,83.18721721182092,2.394,4.716,256.5,14.200000000000001,1020.5666666666666,90.0,11.5,15.0,305.6666365779404
2023-07-19 01:30:00,15.350000000000001,1013.4,86.17108918336126,2.5200000000000005,3.996,258.5,14.0,1020.5,90.66666666666667,12.4,14.1,303.6667720173256
2023-07-19 02:00:00,15.4,1013.3,88.24058188488034,2.2680000000000002,3.852,257.0,13.866666666666667,1020.4666666666667,91.0,11.766666666666666,13.3,315.66854777516613
2023-07-19 02:30:00,15.1,1013.3,89.7838044830822,1.944,3.492,251.0,14.1,1020.3666666666667,91.66666666666667,11.766666666666666,13.7,334.9996952201138
2023-07-19 03:00:00,14.5,1013.3499999999999,91.53644386090158,1.476,2.8800000000000003,233.5,14.166666666666666,1020.2999999999998,92.0,9.933333333333334,13.7,342.3334650015942
2023-07-19 03:30:00,14.45,1013.2,91.40816727597195,1.368,2.772,249.0,14.333333333333334,1020.3333333333334,92.0,9.866666666666667,13.7,342.6666365779404
2023-07-19 04:00:00,14.2,1013.1500000000001,93.11680512165563,1.0620000000000003,1.764,270.5,14.733333333333334,1020.2666666666668,92.0,11.966666666666667,15.1,343.0003047798862
2023-07-19 04:30:00,13.65,1013.1,94.99893504010046,0.5760000000000001,1.548,339.5,15.033333333333333,1020.1666666666666,92.0,13.0,16.7,344.66670428043915
2023-07-19 05:00:00,13.5,1012.9,94.80006810128478,0.684,1.476,308.0,15.133333333333333,1020.3333333333334,92.0,9.6,16.7,342.3329905781327
2023-07-19 05:30:00,13.35,1012.8499999999999,95.9952777677756,0.6120000000000001,1.404,322.0,16.066666666666666,1020.4,92.0,11.200000000000001,18.0,344.66670428043915
2023-07-19 06:00:00,13.2,1012.75,96.01452582466324,0.72,1.944,290.0,17.033333333333335,1020.5666666666666,90.66666666666667,13.0,19.5,353.6690803814741
2023-07-19 06:30:00,13.4,1012.7,96.1029494064179,0.954,2.3400000000000003,275.0,17.666666666666668,1020.7333333333332,89.0,12.333333333333334,20.9,357.6658226397521
2023-07-19 07:00:00,13.55,1012.75,96.84183239907276,1.17,2.16,276.5,18.766666666666666,1020.7999999999998,84.0,11.700000000000001,20.9,347.66717930710007
2023-07-19 07:30:00,14.0,1012.9,96.67379458844438,1.08,4.176,285.5,19.433333333333334,1020.9333333333334,78.66666666666667,15.6,26.4,334.6670094218673
2023-07-19 08:00:00,14.8,1013.1,97.1353716676521,1.278,4.032000000000001,283.0,20.099999999999998,1020.9333333333334,75.66666666666667,11.766666666666666,26.4,338.6832565598084
2023-07-19 08:30:00,15.55,1013.1500000000001,99.7154239694784,1.512,5.832000000000001,282.0,20.233333333333334,1020.9333333333334,74.33333333333333,13.833333333333334,26.4,320.38928419463474
2023-07-19 09:00:00,16.9,1013.1,98.80755620550318,2.016,5.976,251.5,20.466666666666665,1021.0666666666666,74.33333333333333,14.666666666666666,23.6,310.335261949223
2023-07-19 09:30:00,18.450000000000003,1013.1500000000001,88.95920981008231,2.2860000000000005,6.6240000000000006,257.5,20.933333333333334,1020.8666666666667,72.0,12.633333333333333,23.6,316.01350286235225
2023-07-19 10:00:00,20.1,1013.1,79.76736015993353,2.5020000000000002,9.0,315.0,21.033333333333335,1020.9333333333334,72.66666666666667,13.866666666666665,24.1,309.3406016574657
2023-07-19 10:30:00,20.85,1013.25,73.67860944026998,2.178,6.5520000000000005,231.99999999999997,21.400000000000002,1021.0,74.33333333333333,14.733333333333334,26.4,287.6424106168347
2023-07-19 11:00:00,20.85,1013.4,71.46273116448374,1.8,4.428,242.0,21.166666666666668,1021.1333333333333,75.66666666666667,20.133333333333333,31.2,293.33329571956085
2023-07-19 11:30:00,20.8,1013.5,70.13712241973312,1.584,4.392,325.0,20.233333333333334,1021.1,81.0,15.033333333333333,31.7,295.6801061242992
2023-07-19 12:00:00,20.8,1013.45,71.84679110320889,1.6019999999999999,3.78,252.0,21.900000000000002,1020.9333333333334,73.0,16.866666666666664,31.7,300.3336344040273
2023-07-19 12:30:00,20.85,1013.55,71.70746866650595,1.8359999999999999,4.896000000000001,250.0,22.8,1020.7333333333332,68.66666666666667,18.5,30.4,303.3143603169768
2023-07-19 13:00:00,21.1,1013.5,71.85197875988416,1.782,3.852,256.5,23.366666666666664,1020.6,65.0,21.7,34.6,298.6567711598667
2023-07-19 13:30:00,21.85,1013.3499999999999,71.47069854279428,2.484,5.58,248.49999999999997,23.900000000000002,1020.4666666666667,63.333333333333336,24.133333333333336,37.4,293.66415962311856
2023-07-19 14:00:00,22.35,1013.3,71.34704757617067,2.466,5.148,247.0,23.933333333333334,1020.4,61.666666666666664,22.099999999999998,37.4,296.332753728081
2023-07-19 14:30:00,22.9,1013.1,69.87001140823074,2.5380000000000003,7.056,259.5,23.666666666666668,1020.1999999999999,61.666666666666664,22.933333333333334,39.4,305.0
2023-07-19 15:00:00,23.7,1012.8,65.20629084335519,2.592,5.832000000000001,251.5,23.633333333333336,1020.0,61.666666666666664,23.866666666666664,39.4,302.99357023853526
2023-07-19 15:30:00,25.0,1012.5,59.34407516627532,3.3120000000000003,7.956,251.5,23.599999999999998,1019.7000000000002,61.0,24.166666666666668,39.4,295.66670428043915
2023-07-19 16:00:00,25.25,1012.5,57.60148187823145,3.8339999999999996,8.424,249.0,23.3,1019.6,60.666666666666664,27.133333333333336,40.7,300.0061151618099
2023-07-19 16:30:00,25.1,1012.55,56.50268639642012,3.492,7.272,247.0,23.066666666666666,1019.4333333333334,59.666666666666664,25.53333333333333,40.7,297.33329571956085
2023-07-19 17:00:00,25.0,1012.4,56.064539825028334,3.276,6.876,260.5,22.599999999999998,1019.4666666666667,62.0,25.3,40.7,297.33336342205956
2023-07-19 17:30:00,24.4,1012.3,56.81683116699372,3.366,9.036,256.5,21.866666666666664,1019.4,64.66666666666667,24.666666666666668,36.7,296.0024421460581
2023-07-19 18:00:00,23.799999999999997,1012.2,57.525541613833454,3.618,7.632000000000001,252.5,21.133333333333333,1019.4333333333334,67.66666666666667,24.96666666666667,35.3,296.0042766920885
2023-07-19 18:30:00,23.3,1012.1,58.45923052116709,3.582,9.432,248.5,20.46666666666667,1019.4333333333334,70.66666666666667,22.566666666666666,35.3,299.6631384948137
2023-07-19 19:00:00,23.0,1012.1,57.14666832966219,3.132,6.5520000000000005,252.0,19.7,1019.4333333333334,72.33333333333333,18.433333333333334,35.3,308.6665349984058
2023-07-19 19:30:00,22.5,1012.1500000000001,58.89127695261246,3.042,7.056,253.5,18.833333333333332,1019.3333333333334,75.0,16.866666666666667,34.1,309.9996952201138
2023-07-19 20:00:00,21.55,1012.1500000000001,62.5000436440301,3.132,6.408,251.5,17.8,1019.4333333333334,79.66666666666667,13.466666666666667,26.6,307.667246271919
2023-07-19 20:30:00,20.9,1012.2,65.72896971321305,2.9699999999999998,7.524,256.5,17.3,1019.4666666666667,82.66666666666667,13.366666666666667,23.2,308.66667042747105
2023-07-19 21:00:00,20.05,1012.3,69.09129015688217,3.132,5.508,254.0,16.7,1019.5333333333333,84.0,13.799999999999999,17.4,305.33346500159416
2023-07-19 21:30:00,19.1,1012.2,72.01492971049292,2.358,4.752000000000001,257.0,16.166666666666668,1019.4333333333334,84.66666666666667,12.299999999999999,17.4,314.3331262999033
2023-07-19 22:00:00,18.3,1012.2,74.12534276439305,2.322,3.924,255.0,15.800000000000002,1019.4666666666667,85.66666666666667,9.933333333333334,17.4,336.99786067407615
2023-07-19 22:30:00,17.549999999999997,1012.3,78.56139110385374,2.25,4.14,255.0,15.733333333333334,1019.5333333333333,86.0,11.433333333333332,16.2,337.666670427471
2023-07-19 23:00:00,17.0,1012.4,82.62565076824706,1.8900000000000001,3.672,256.5,15.566666666666668,1019.4333333333334,86.0,12.633333333333333,15.2,339.6666365779404
2023-07-19 23:30:00,16.4,1012.4,85.54006665862721,1.44,3.204,262.0,15.200000000000001,1019.3333333333334,86.33333333333333,12.266666666666666,15.2,339.66670428043915
2023-07-20 00:00:00,15.65,1012.3,87.70758435925816,1.044,2.736,303.0,15.033333333333333,1019.1666666666666,87.0,11.4,15.0,342.3334650015942
2023-07-20 00:30:00,15.2,1012.25,87.17877857085679,1.1340000000000001,4.6080000000000005,290.0,14.233333333333334,1019.2333333333332,87.66666666666667,8.1,15.0,341.33204180384405
2023-07-20 01:00:00,14.5,1012.3,89.0295684281142,0.738,1.62,329.0,12.733333333333334,1019.1666666666666,89.33333333333333,4.433333333333334,14.5,338.99999999999994
2023-07-20 01:30:00,13.899999999999999,1012.1,91.07943412660447,0.54,1.152,352.0,12.366666666666667,1018.6666666666666,90.0,3.3333333333333335,8.0,341.99725279528496
2023-07-20 02:00:00,13.3,1012.0,93.49207718407439,0.5760000000000001,1.2240000000000002,359.0,11.6,1018.4333333333334,91.0,3.5999999999999996,6.4,347.99999999999994
2023-07-20 02:30:00,12.9,1011.8499999999999,94.89245804903783,0.48600000000000004,1.1880000000000002,335.5,12.433333333333332,1018.0666666666666,91.33333333333333,9.033333333333333,15.4,358.6562956988091
2023-07-20 03:00:00,12.6,1011.75,95.81726811435446,0.45000000000000007,0.936,330.5,13.733333333333334,1018.1,91.66666666666667,9.066666666666666,16.1,358.0003047798862
2023-07-20 03:30:00,12.55,1011.5,95.51432548007591,0.6300000000000001,1.152,326.5,12.033333333333333,1017.9666666666667,91.33333333333333,2.9,16.1,346.0
2023-07-20 04:00:00,12.45,1010.95,96.03906670409333,0.522,1.26,348.5,11.1,1017.6999999999999,92.0,3.4666666666666663,9.7,346.0
2023-07-20 04:30:00,12.5,1010.7,96.51729684755807,0.6660000000000001,1.296,344.5,10.299999999999999,1017.5333333333333,92.0,1.0999999999999999,6.4,346.0
2023-07-20 05:00:00,12.649999999999999,1010.6500000000001,96.83710992460743,0.558,1.4400000000000002,2.999999999999991,10.633333333333333,1017.4333333333334,92.66666666666667,2.6999999999999997,6.4,347.99999999999994
2023-07-20 05:30:00,12.4,1010.55,97.60491566938418,0.666,1.4400000000000002,35.5,11.700000000000001,1017.4666666666667,93.0,0.7333333333333334,4.8,347.99999999999994
2023-07-20 06:00:00,12.2,1010.3,97.56058287318146,0.558,1.1880000000000002,359.5,13.833333333333334,1017.5,93.0,0.0,4.8,42.26866920613777
2023-07-20 06:30:00,12.2,1010.1,97.31430660916695,0.5940000000000001,1.116,342.0,16.066666666666666,1017.4,92.33333333333333,2.3333333333333335,6.4,72.93196783283568
2023-07-20 07:00:00,12.149999999999999,1009.95,98.30568020832871,0.792,1.404,52.0,17.266666666666666,1017.3000000000001,91.0,2.9,6.4,12.667383511872176
2023-07-20 07:30:00,12.350000000000001,1009.8499999999999,98.90081992796635,0.666,1.332,37.49999999999999,18.2,1017.1666666666666,87.66666666666667,2.3333333333333335,8.0,45.56705595059533
2023-07-20 08:00:00,12.85,1009.8499999999999,98.4315616326534,0.6120000000000001,1.116,312.0,19.233333333333334,1017.1,80.66666666666667,4.033333333333333,9.7,246.97333807263072
2023-07-20 08:30:00,14.05,1009.9,99.71562884253571,0.756,1.692,314.5,20.033333333333335,1016.9666666666667,73.0,4.633333333333334,12.9,262.96038208802355
2023-07-20 09:00:00,15.799999999999999,1009.6500000000001,99.78639574831925,1.152,3.456,275.5,20.8,1016.8333333333334,68.66666666666667,5.833333333333333,14.5,296.0773197604563
2023-07-20 09:30:00,18.200000000000003,1009.4,94.01458823696302,1.476,4.6080000000000005,298.5,22.0,1016.6666666666666,66.0,7.033333333333334,16.1,295.15893136090386
2023-07-20 10:00:00,19.3,1009.25,81.17285868852005,2.0340000000000003,5.364,163.5,22.3,1016.5,64.66666666666667,7.3999999999999995,17.3,291.579560139848
2023-07-20 10:30:00,20.75,1009.2,72.63287673184338,1.98,5.472,226.99999999999997,23.03333333333333,1016.2666666666668,63.333333333333336,7.8,17.3,266.10745021495893
2023-07-20 11:00:00,21.65,1009.1500000000001,66.57024017256356,1.8900000000000001,5.472,258.0,23.5,1016.0666666666666,63.0,9.6,18.1,299.3290095770213
2023-07-20 11:30:00,22.65,1008.9,61.2154717515548,2.2680000000000002,7.920000000000001,205.50000000000003,23.400000000000002,1015.8000000000001,62.0,10.4,19.7,288.6155133823492
2023-07-20 12:00:00,23.65,1008.8499999999999,55.262438059723955,2.178,6.84,209.5,24.2,1015.5,62.333333333333336,17.133333333333333,34.1,282.667246271919
2023-07-20 12:30:00,24.7,1008.6,50.49507947918636,2.322,6.6240000000000006,190.99999999999997,24.400000000000002,1015.2666666666668,61.666666666666664,15.6,34.1,294.33282069289993
2023-07-20 13:00:00,24.9,1008.3499999999999,44.531015654789314,2.988,8.388,168.5,23.933333333333334,1015.1666666666666,63.0,18.733333333333334,34.1,277.9614089823915
2023-07-20 13:30:00,25.799999999999997,1008.1500000000001,41.9076889103432,2.6100000000000003,8.856,181.99999999999997,24.233333333333334,1015.0,63.666666666666664,20.666666666666668,30.3,275.33332957252895
2023-07-20 14:00:00,26.5,1007.9,39.880188785587976,2.2680000000000002,6.516,169.0,24.433333333333334,1014.8333333333334,61.333333333333336,19.866666666666667,30.3,273.672307968176
2023-07-20 14:30:00,27.15,1007.6,40.618496799442774,2.466,7.920000000000001,295.5,23.8,1014.8000000000001,61.666666666666664,22.7,33.6,274.3332957195608
2023-07-20 15:00:00,27.05,1007.45,40.7038702487915,2.556,6.912,211.5,23.7,1014.8333333333334,62.666666666666664,25.733333333333334,38.4,274.0
2023-07-20 15:30:00,27.049999999999997,1007.25,42.7589266641895,2.2680000000000002,5.58,228.99999999999997,23.53333333333333,1014.6,62.333333333333336,24.266666666666666,38.4,280.667246271919
2023-07-20 16:00:00,27.5,1007.0,46.82807357496677,2.7540000000000004,6.6240000000000006,244.0,23.266666666666666,1014.3000000000001,63.0,23.03333333333333,38.4,280.3332957195608
2023-07-20 16:30:00,27.2,1006.95,49.38475846231417,3.042,6.156,248.0,23.933333333333337,1014.0666666666666,62.0,18.099999999999998,33.9,303.3432288401333
2023-07-20 17:00:00,26.4,1007.1500000000001,52.09598107854815,3.798,8.352,241.5,22.96666666666667,1014.1333333333333,63.666666666666664,23.833333333333332,34.1,300.6665349984058
2023-07-20 17:30:00,25.4,1007.25,52.84999268937176,3.672,6.876,240.49999999999997,22.099999999999998,1014.2333333333332,64.33333333333333,22.633333333333336,34.1,296.9975578539418
2023-07-20 18:00:00,24.6,1007.05,54.276412662752264,3.06,6.696000000000001,248.0,21.433333333333334,1014.2333333333332,66.0,22.866666666666664,34.1,298.0003047798862
2023-07-20 18:30:00,23.9,1006.8499999999999,57.07590524826577,3.258,8.028,240.0,20.900000000000002,1014.2999999999998,66.66666666666667,21.333333333333332,32.4,303.9996952201138
2023-07-20 19:00:00,23.9,1006.8,57.26463120377089,3.222,6.516,226.49999999999997,20.099999999999998,1014.4333333333334,69.0,17.766666666666666,32.4,305.0
2023-07-20 19:30:00,23.549999999999997,1006.8499999999999,58.361386971743386,3.042,5.796,237.5,19.2,1014.5333333333333,72.0,17.133333333333333,32.4,299.66670428043915
2023-07-20 20:00:00,22.35,1007.05,61.2907746797414,2.952,6.48,257.5,18.633333333333336,1014.6999999999999,75.33333333333333,16.599999999999998,24.3,298.0
2023-07-20 20:30:00,21.450000000000003,1007.1,62.46983258254039,2.952,5.328,249.5,18.0,1014.8666666666667,78.0,14.299999999999999,21.9,300.3330925501716
2023-07-20 21:00:00,20.65,1007.3499999999999,65.47196870535805,2.5020000000000002,5.436,249.5,17.7,1015.0,79.33333333333333,14.966666666666667,20.3,299.66670428043915
2023-07-20 21:30:00,19.75,1007.45,68.28494498362622,2.448,4.716,247.5,17.266666666666666,1014.9666666666667,82.0,14.199999999999998,18.1,301.6666365779404
2023-07-20 22:00:00,19.0,1007.55,70.92916890706215,2.0700000000000003,3.924,240.99999999999997,17.2,1014.9,84.0,13.766666666666666,20.7,306.666670427471
2023-07-20 22:30:00,18.2,1007.75,74.35633337223261,1.818,3.456,243.0,17.066666666666666,1014.9,86.0,13.133333333333333,20.7,316.3326164881278
2023-07-20 23:00:00,17.549999999999997,1007.8499999999999,77.61008443300673,1.728,2.988,249.0,16.599999999999998,1014.8666666666667,86.0,12.700000000000001,20.7,312.33003382966785
2023-07-20 23:30:00,17.200000000000003,1007.8499999999999,79.54620454443295,1.854,3.276,251.5,16.166666666666668,1014.7999999999998,86.0,11.733333333333334,17.6,314.33329571956085
2023-07-21 00:00:00,16.9,1007.7,80.70849248739546,1.9620000000000002,3.204,252.5,15.966666666666667,1014.7999999999998,87.0,12.466666666666667,17.6,308.3334650015942
2023-07-21 00:30:00,16.55,1007.6,82.04259207797358,2.3400000000000003,3.852,257.5,16.599999999999998,1014.7000000000002,87.0,11.5,16.5,312.9996952201137
2023-07-21 01:00:00,16.45,1007.55,81.20423170756061,2.3760000000000003,3.6,258.5,16.733333333333334,1014.7000000000002,87.0,11.6,20.1,321.3338037204484
2023-07-21 01:30:00,16.1,1007.5,83.09288744687171,2.1060000000000003,3.492,257.0,17.400000000000002,1014.6666666666666,85.0,14.066666666666668,22.0,324.0024421460581
2023-07-21 02:00:00,15.8,1007.45,85.09105875395642,1.9440000000000004,3.456,256.0,17.333333333333332,1014.5666666666666,83.0,13.433333333333332,22.0,329.9993901614561
2023-07-21 02:30:00,15.5,1007.4,87.30941094743326,1.728,2.9160000000000004,255.0,16.966666666666665,1014.4666666666667,82.66666666666667,12.533333333333331,22.0,336.0015266907197
2023-07-21 03:00:00,15.45,1007.4,88.07147108600134,1.746,3.06,259.0,16.7,1014.2999999999998,83.33333333333333,11.133333333333333,21.4,339.00152529388333
2023-07-21 03:30:00,15.55,1007.25,89.09486519376716,1.512,3.204,270.0,16.133333333333333,1014.4333333333334,84.0,11.766666666666666,17.7,339.6670094218673
2023-07-21 04:00:00,15.649999999999999,1007.1500000000001,88.91806336227921,1.3320000000000003,3.024,274.0,15.800000000000002,1014.5666666666666,84.66666666666667,12.299999999999999,17.3,341.3326164881278
2023-07-21 04:30:00,15.7,1007.1,89.36300836030276,1.0620000000000003,3.096,284.5,16.066666666666666,1014.7000000000002,82.0,11.466666666666667,18.9,354.65819797960023
2023-07-21 05:00:00,15.649999999999999,1007.05,88.38493294001205,1.008,3.492,301.5,16.133333333333336,1015.0333333333333,80.33333333333333,11.633333333333333,18.9,356.2936785437818
2023-07-21 05:30:00,15.2,1007.0,89.6416586924579,0.774,2.8440000000000003,320.5,16.333333333333332,1015.3666666666667,79.33333333333333,15.700000000000001,24.0,345.0
2023-07-21 06:00:00,14.5,1007.1,91.11369665504559,0.6480000000000001,1.584,317.5,16.666666666666668,1015.5666666666666,77.66666666666667,15.233333333333334,24.0,358.3290095770213
2023-07-21 06:30:00,14.05,1007.2,92.31422807989037,0.6660000000000001,1.764,310.5,17.166666666666668,1015.9,76.0,15.933333333333332,27.3,356.6709904229787
2023-07-21 07:00:00,13.850000000000001,1007.4,93.29647789920797,0.558,1.368,320.5,18.133333333333333,1016.1999999999999,72.33333333333333,13.566666666666668,27.3,5.000000000000001
2023-07-21 07:30:00,14.75,1007.65,91.71337000798607,1.08,3.744,280.5,18.933333333333334,1016.3333333333334,67.33333333333333,12.233333333333334,27.3,6.0
2023-07-21 08:00:00,15.7,1008.1500000000001,87.48712153033914,1.1340000000000001,3.708,276.0,19.833333333333332,1016.3666666666667,64.33333333333333,12.833333333333334,19.6,12.00010156234282
2023-07-21 08:30:00,16.05,1008.2,85.81986966869937,1.278,4.14,263.0,20.666666666666668,1016.5,61.666666666666664,12.833333333333334,19.4,352.51115633355664
2023-07-21 09:00:00,17.5,1008.3499999999999,82.70053448806703,1.782,6.984,316.5,21.3,1016.5333333333333,59.333333333333336,13.733333333333334,21.5,335.66449361619107
2023-07-21 09:30:00,18.85,1008.55,75.96979131847121,2.5380000000000003,9.18,183.0,21.666666666666668,1016.6666666666666,59.333333333333336,12.200000000000001,21.5,319.6683322396841
2023-07-21 10:00:00,19.9,1008.55,71.11944608628299,2.25,7.812,236.0,22.400000000000002,1016.7000000000002,58.666666666666664,13.066666666666668,21.1,317.7159652121236
2023-07-21 10:30:00,21.3,1008.5,62.803369259033,2.7,11.412,202.5,22.433333333333334,1016.7333333333332,57.333333333333336,11.533333333333333,23.7,328.314758216512
2023-07-21 11:00:00,22.3,1008.6,56.138891640947406,2.9160000000000004,11.376,188.49999999999997,23.03333333333333,1016.8333333333334,56.666666666666664,13.799999999999999,26.4,305.6620188463932
2023-07-21 11:30:00,22.95,1008.75,54.87296089117713,2.7720000000000002,9.0,207.0,23.46666666666667,1016.7999999999998,54.333333333333336,13.266666666666666,26.4,308.6856396830232
2023-07-21 12:00:00,23.5,1008.9,53.77279264388403,2.016,6.12,203.99999999999997,23.900000000000002,1016.8666666666667,54.0,15.033333333333333,29.5,302.9957233079115
2023-07-21 12:30:00,23.75,1008.95,52.67726217799983,2.5199999999999996,8.352,231.0,23.666666666666668,1016.8666666666667,55.0,17.2,29.5,308.00152529388333
2023-07-21 13:00:00,24.9,1008.95,49.238515024247555,2.7,6.12,235.0,23.599999999999998,1016.9,55.333333333333336,17.833333333333332,29.5,304.0107261140633
2023-07-21 13:30:00,24.65,1009.1500000000001,49.51156606954144,2.7540000000000004,8.604000000000001,248.5,23.733333333333334,1016.8000000000001,55.0,15.366666666666667,29.0,317.32192997875893
2023-07-21 14:00:00,24.1,1009.3,51.038698145988874,2.25,7.74,261.0,23.666666666666668,1016.7666666666668,55.0,18.53333333333333,29.8,311.6821712428129
2023-07-21 14:30:00,24.95,1009.05,49.25185804023994,2.556,5.004,242.0,23.666666666666668,1016.8666666666667,55.0,18.0,29.8,311.3336344040273
2023-07-21 15:00:00,25.05,1009.25,49.350560081169036,2.466,7.092,273.5,23.599999999999998,1016.8666666666667,52.333333333333336,21.666666666666668,33.3,303.66670428043915
2023-07-21 15:30:00,25.75,1009.1,47.85506724467078,2.718,5.760000000000001,247.0,23.066666666666666,1016.9,50.0,24.8,37.1,300.0
2023-07-21 16:00:00,26.0,1009.05,46.80994505860963,2.97,6.444,238.49999999999997,22.900000000000002,1017.0333333333333,47.666666666666664,24.366666666666664,37.3,293.0
2023-07-21 16:30:00,26.05,1009.2,46.702720556860015,2.79,6.012,242.99999999999997,22.566666666666666,1017.0666666666666,45.666666666666664,22.900000000000002,37.3,300.6650091359808
2023-07-21 17:00:00,25.9,1009.25,46.7571109986428,2.7720000000000002,6.228,253.0,22.099999999999998,1017.1333333333333,44.333333333333336,22.900000000000002,35.3,299.66667042747105
2023-07-21 17:30:00,25.35,1009.3,48.46426326318016,2.79,5.688000000000001,249.0,20.833333333333332,1017.3000000000001,52.666666666666664,26.333333333333332,35.5,295.66582263975215
2023-07-21 18:00:00,24.65,1009.45,48.99329871733502,2.88,6.084,249.0,19.900000000000002,1017.4,58.333333333333336,25.833333333333332,35.6,299.9991869439127
2023-07-21 18:30:00,23.5,1009.6,48.37903453799913,3.3840000000000003,8.352,252.5,18.933333333333334,1017.5666666666666,63.666666666666664,25.03333333333333,36.8,297.3334650015942
2023-07-21 19:00:00,22.9,1009.8499999999999,45.03927925192296,3.204,6.588,245.5,18.233333333333334,1017.8000000000001,66.0,21.400000000000002,36.8,299.66670428043915
2023-07-21 19:30:00,22.200000000000003,1010.0,40.91639907042064,3.096,5.724,247.5,17.566666666666666,1017.8666666666667,69.0,18.599999999999998,35.4,306.0
2023-07-21 20:00:00,21.2,1010.1500000000001,43.510209587613375,3.5460000000000003,7.128,250.5,16.933333333333334,1018.1,71.33333333333333,16.533333333333335,31.8,305.6665349984058
2023-07-21 20:30:00,19.95,1010.4,51.671375929302286,3.24,6.012,252.0,16.400000000000002,1018.3000000000001,73.0,14.1,28.9,310.3332957195608
2023-07-21 21:00:00,18.85,1010.55,57.068956115461006,3.186,6.264,254.5,15.633333333333333,1018.4666666666667,76.0,11.666666666666666,24.0,312.3332279826744
2023-07-21 21:30:00,17.95,1010.8,61.35323258842371,2.988,6.48,258.0,13.933333333333332,1018.5666666666666,80.66666666666667,8.766666666666667,22.3,325.33387178440324
2023-07-21 22:00:00,17.15,1010.95,67.53820597828222,2.664,4.824000000000001,255.5,13.466666666666667,1018.6,83.66666666666667,9.0,14.1,331.6683322396841
2023-07-21 22:30:00,16.3,1011.25,72.71099744499558,2.0700000000000003,3.42,252.5,12.966666666666667,1018.6333333333333,85.0,12.700000000000001,15.8,327.33336342205956
2023-07-21 23:00:00,15.600000000000001,1011.4,75.92218347377363,1.692,3.708,259.0,13.75,1018.6500000000001,86.0,13.3,15.8,325.5
2023-07-21 23:30:00,14.95,1011.5,78.30105680025918,1.2960000000000003,2.3040000000000003,266.0,11.85,1018.7,87.5,7.2,16.1,314.0
2023-07-22 00:00:00,14.4,1011.45,79.3020749597798,1.3860000000000001,2.268,263.0,11.1,1018.7,89.0,6.1,12.9,316.0
2023-07-22 00:30:00,14.0,1011.4,81.4176800321917,1.3860000000000001,2.3040000000000003,275.5,10.799999999999999,1018.7333333333332,90.0,6.033333333333334,8.0,316.0
2023-07-22 01:00:00,13.45,1011.4,84.87235880001154,1.08,2.232,280.5,10.666666666666666,1018.6666666666666,90.0,5.066666666666666,8.0,316.0
2023-07-22 01:30:00,12.85,1011.4,88.63412587657383,0.666,2.196,301.5,10.333333333333334,1018.6333333333333,91.0,4.633333333333333,8.0,316.0
2023-07-22 02:00:00,12.5,1011.4,90.7566147269211,0.756,1.512,305.0,10.633333333333333,1018.5,91.0,0.5,6.4,316.0
2023-07-22 02:30:00,12.1,1011.3499999999999,92.89504779878426,0.684,1.548,6.999999999999988,9.966666666666667,1018.4333333333334,91.0,0.3,6.4,316.0
2023-07-22 03:00:00,12.15,1011.25,92.94828594478341,0.7200000000000001,1.512,319.0,9.433333333333332,1018.4333333333334,92.0,1.2333333333333334,3.2,316.0
2023-07-22 03:30:00,12.6,1011.25,92.56161060150231,0.99,1.764,281.0,9.299999999999999,1018.3666666666667,92.0,0.3333333333333333,3.2,316.0
2023-07-22 04:00:00,12.6,1011.1500000000001,94.24081049764214,0.792,1.512,288.0,9.266666666666667,1018.2333333333332,92.0,2.933333333333333,4.8,316.0
2023-07-22 04:30:00,12.3,1011.05,96.08347448901505,0.6300000000000001,1.296,326.0,9.266666666666667,1018.2000000000002,92.0,2.0,4.8,316.0
2023-07-22 05:00:00,12.2,1010.9,96.33154324155558,0.7020000000000001,1.512,4.499999999999987,9.833333333333334,1018.1666666666666,92.0,3.1999999999999997,6.4,316.0
2023-07-22 05:30:00,11.9,1010.8499999999999,97.82378743786664,0.8280000000000001,1.692,76.5,10.766666666666666,1018.3333333333334,92.0,0.8666666666666666,6.4,316.66667042747105
2023-07-22 06:00:00,11.8,1010.8,97.20600233481353,0.396,1.116,11.5,13.133333333333333,1018.3333333333334,92.0,0.9666666666666667,4.8,327.21850145850533
2023-07-22 06:30:00,11.9,1010.6500000000001,96.92640521949863,0.4860000000000001,1.152,355.5,15.9,1018.4666666666667,91.33333333333333,0.5333333333333333,3.2,19.0
2023-07-22 07:00:00,12.0,1010.6,97.67826095675673,0.5760000000000001,1.332,20.500000000000004,17.366666666666664,1018.4333333333334,89.33333333333333,1.9333333333333336,6.4,359.42576772418647
2023-07-22 07:30:00,12.149999999999999,1010.7,98.79846521256653,0.468,1.0080000000000002,37.5,18.966666666666665,1018.6,84.66666666666667,7.433333333333334,14.5,283.3329905781327
2023-07-22 08:00:00,12.65,1010.75,99.2539665409196,0.45,1.08,29.000000000000004,19.9,1018.8333333333334,73.33333333333333,14.866666666666667,24.9,275.332753728081
2023-07-22 08:30:00,13.8,1010.9,99.80020114762286,0.72,2.3760000000000003,343.5,20.666666666666668,1018.9333333333334,66.33333333333333,19.7,29.4,273.33329571956085
2023-07-22 09:00:00,15.85,1010.9,99.62241592292386,0.972,3.672,283.0,21.2,1019.1,65.0,20.099999999999998,36.0,270.3338037204484
2023-07-22 09:30:00,18.05,1010.8499999999999,92.56416882710332,1.674,4.896000000000001,243.5,21.7,1018.9666666666667,62.333333333333336,17.5,36.0,278.33282069289993
2023-07-22 10:00:00,20.0,1010.8499999999999,81.29595390537216,2.1420000000000003,5.436,233.5,22.333333333333332,1019.1,60.333333333333336,25.733333333333334,45.2,288.33805518929273
2023-07-22 10:30:00,21.3,1011.05,69.09000771697926,2.6100000000000003,7.164,224.49999999999997,22.666666666666668,1019.1666666666666,59.0,23.933333333333334,45.2,285.6661282155967
2023-07-22 11:00:00,20.85,1011.4,66.30736837855078,2.952,6.516,228.5,22.7,1019.0666666666666,59.0,21.633333333333336,45.2,289.0
2023-07-22 11:30:00,21.6,1011.25,61.853975684711486,3.402,7.344,227.0,23.099999999999998,1019.0666666666666,59.666666666666664,22.400000000000002,37.1,276.0003047798862
2023-07-22 12:00:00,22.85,1011.1,57.660024046367624,3.708,7.344,245.0,23.133333333333336,1018.9333333333334,60.0,22.766666666666666,36.2,280.9957233079115
2023-07-22 12:30:00,23.55,1011.25,54.46527170680331,4.194,8.208,244.5,22.566666666666666,1018.8666666666667,61.333333333333336,23.03333333333333,35.0,273.3332279826744
2023-07-22 13:00:00,23.05,1011.4,55.49283639997257,4.302,9.324,243.0,23.03333333333333,1018.9,61.333333333333336,20.266666666666666,35.0,271.3316677603159
2023-07-22 13:30:00,22.85,1011.3,55.459182069114284,4.482,8.388,253.5,22.8,1018.9,61.666666666666664,19.96666666666667,33.3,273.3336344040273
2023-07-22 14:00:00,23.5,1011.2,54.77331618106875,4.122,9.18,247.0,23.066666666666666,1018.6666666666666,62.666666666666664,18.433333333333334,33.3,273.6635154357699
2023-07-22 14:30:00,24.2,1011.05,54.00794914035015,3.888,8.928,249.0,22.900000000000002,1018.5,63.333333333333336,20.166666666666668,32.5,278.0
2023-07-22 15:00:00,24.2,1011.1,54.716140705785385,4.122,7.992000000000001,243.5,23.266666666666666,1018.1999999999999,63.333333333333336,17.4,31.8,268.00152529388333
2023-07-22 15:30:00,23.25,1011.3,57.805160007580035,3.852,8.388,244.5,22.899999999999995,1017.9666666666667,64.33333333333333,17.466666666666665,29.8,271.33003382966785
2023-07-22 16:00:00,23.35,1011.2,58.77502089653092,3.7800000000000002,7.452,237.5,22.53333333333333,1017.7666666666668,64.0,17.8,29.0,260.6661282155967
2023-07-22 16:30:00,23.95,1011.0,57.36955798980473,3.654,6.84,236.99999999999997,22.46666666666667,1017.5,66.33333333333333,17.599999999999998,29.0,270.3394225313758
2023-07-22 17:00:00,24.05,1010.8,56.50046686086516,3.816,7.704000000000001,240.49999999999997,21.933333333333334,1017.2999999999998,68.0,20.46666666666667,30.6,284.6668737000967
2023-07-22 17:30:00,23.85,1010.7,56.727008072984546,3.3120000000000003,6.48,238.0,21.666666666666668,1017.1666666666666,68.33333333333333,18.566666666666666,30.6,284.66670428043915
2023-07-22 18:00:00,23.549999999999997,1010.5,57.036467256678804,3.5460000000000003,6.6240000000000006,233.5,20.866666666666667,1017.0,70.66666666666667,16.266666666666666,30.6,279.32654175963046
2023-07-22 18:30:00,23.1,1010.25,57.9508794183813,2.8080000000000003,5.6160000000000005,240.99999999999997,20.233333333333334,1016.9666666666667,72.0,17.46666666666667,25.5,277.3331262999033
2023-07-22 19:00:00,23.0,1010.1,57.48513820504386,2.808,5.760000000000001,242.99999999999997,19.466666666666665,1016.7666666666668,76.66666666666667,14.200000000000001,24.7,283.00152529388333
2023-07-22 19:30:00,22.05,1010.1,61.26274623718106,2.88,5.5440000000000005,237.0,18.666666666666668,1016.6333333333333,81.0,9.799999999999999,24.7,279.33336342205956
2023-07-22 20:00:00,21.75,1009.9,63.27155650554744,2.556,5.724,242.5,18.066666666666666,1016.5666666666666,83.0,5.066666666666666,17.7,262.30915374319113
2023-07-22 20:30:00,21.05,1009.8499999999999,66.44566949930989,2.646,6.588,243.0,18.233333333333334,1016.6333333333333,84.0,6.266666666666667,12.9,215.3355063838089
2023-07-22 21:00:00,20.2,1009.8499999999999,70.06188546755328,2.16,4.212,243.49999999999997,18.533333333333335,1016.7000000000002,84.66666666666667,6.666666666666667,12.3,233.6843893534421
2023-07-22 21:30:00,19.15,1009.75,74.93911139768389,1.4220000000000002,3.6,244.5,18.6,1016.5333333333333,85.33333333333333,6.233333333333333,11.3,213.3334650015942
2023-07-22 22:00:00,18.25,1009.7,79.30154307413224,0.81,1.62,223.0,18.566666666666666,1016.5666666666666,86.0,8.133333333333335,12.9,215.34412982709168
2023-07-22 22:30:00,17.85,1009.8,82.33941614281127,1.008,1.98,210.5,18.8,1016.4333333333334,86.66666666666667,8.433333333333334,13.0,226.33417736024785
2023-07-22 23:00:00,17.65,1009.8,84.27561449750561,1.242,2.4120000000000004,209.0,18.9,1016.4,87.0,8.066666666666666,14.5,226.3329905781327
2023-07-22 23:30:00,17.55,1009.6500000000001,85.63118798110604,1.242,2.7,207.0,19.133333333333333,1016.0333333333333,87.0,9.799999999999999,19.1,260.3513679197887
2023-07-23 00:00:00,17.5,1009.5,86.42556285080147,1.314,4.428,218.0,19.333333333333332,1015.7666666666668,86.66666666666667,16.900000000000002,26.2,274.6666365779404
2023-07-23 00:30:00,17.4,1009.4,87.87875970403228,1.4220000000000002,3.168,216.5,18.7,1015.3666666666667,85.0,13.433333333333332,26.2,269.6667720173256
2023-07-23 01:00:00,17.5,1009.3499999999999,88.17557424783826,1.4940000000000002,4.86,217.99999999999997,18.033333333333335,1015.1999999999999,85.33333333333333,11.333333333333334,26.2,274.0
2023-07-23 01:30:00,17.55,1009.1500000000001,88.99362985833449,1.764,3.456,216.5,18.433333333333334,1014.9333333333334,86.0,12.633333333333333,20.1,274.33332957252895
2023-07-23 02:00:00,17.450000000000003,1008.75,90.28827709493956,1.854,5.796,220.5,18.8,1014.7000000000002,84.66666666666667,15.833333333333334,24.1,277.333329572529
2023-07-23 02:30:00,16.85,1008.4,92.242974421751,1.44,2.9160000000000004,219.5,18.433333333333334,1014.6,82.66666666666667,18.466666666666665,24.5,278.9998984376572
2023-07-23 03:00:00,16.65,1008.2,93.58084042657492,1.44,3.636,217.0,18.2,1014.5666666666666,82.0,16.433333333333334,24.5,276.3330925501716
2023-07-23 03:30:00,16.6,1007.95,94.64563355372502,1.4940000000000002,3.924,212.5,18.2,1014.5666666666666,82.0,15.066666666666668,24.5,272.66667042747105
2023-07-23 04:00:00,16.65,1007.6500000000001,95.79584489182477,1.512,3.096,208.0,18.233333333333334,1014.3333333333334,82.0,10.966666666666667,24.4,266.0
2023-07-23 04:30:00,16.85,1007.5,96.09723848578233,1.584,3.096,207.0,18.266666666666666,1014.2666666666668,82.0,11.200000000000001,24.4,266.33336342205956
2023-07-23 05:00:00,16.85,1007.45,96.59310022042727,1.314,2.664,210.0,18.533333333333335,1014.2000000000002,82.0,10.1,24.4,268.0
2023-07-23 05:30:00,16.8,1007.45,96.32543326919019,1.368,2.772,204.99999999999997,18.866666666666664,1014.1333333333333,82.0,9.366666666666667,20.0,266.0003047798862
2023-07-23 06:00:00,16.7,1007.3499999999999,96.15003737215777,1.512,2.988,197.0,19.400000000000002,1014.1,81.66666666666667,9.133333333333333,17.8,260.333329572529
2023-07-23 06:30:00,16.75,1007.1500000000001,95.29562347879647,1.494,2.7,206.0,19.766666666666666,1014.1333333333333,80.33333333333333,12.266666666666666,22.2,260.6668737000967
2023-07-23 07:00:00,16.7,1007.1500000000001,95.22956381963438,1.314,4.32,192.99999999999997,20.366666666666664,1014.0666666666666,79.33333333333333,12.733333333333334,22.6,261.99939016145606
2023-07-23 07:30:00,16.950000000000003,1007.1,94.63704897390352,1.242,2.8440000000000003,201.99999999999997,21.53333333333333,1014.1999999999999,73.66666666666667,16.3,29.2,258.6665349984058
2023-07-23 08:00:00,17.45,1006.95,93.06874950378878,1.1880000000000002,3.888,212.99999999999997,21.633333333333336,1014.4,72.33333333333333,17.900000000000002,29.4,256.3329905781327
2023-07-23 08:30:00,18.0,1007.0,91.64162632585456,1.494,6.768,217.49999999999997,21.766666666666666,1014.2999999999998,70.33333333333333,18.633333333333336,29.4,265.0006098385439
2023-07-23 09:00:00,18.6,1006.9,90.72974256980875,1.764,5.076,246.5,22.266666666666666,1014.2999999999998,68.33333333333333,16.966666666666665,31.4,241.3379811536068
2023-07-23 09:30:00,19.65,1006.6,89.55860402777637,2.07,8.568,221.50000000000003,23.166666666666668,1014.2000000000002,66.66666666666667,16.433333333333334,31.4,256.3397530942578
2023-07-23 10:00:00,21.6,1006.7,80.66436900418907,3.204,6.732,210.0,23.233333333333334,1014.2000000000002,67.0,18.233333333333334,32.7,256.37656922547956
2023-07-23 10:30:00,21.65,1006.9,74.82085357894522,3.3840000000000003,7.848000000000001,217.0,22.900000000000002,1014.2666666666668,67.66666666666667,22.933333333333334,33.8,267.66670428043915
2023-07-23 11:00:00,21.9,1006.8499999999999,70.88740107940842,3.294,6.768,221.0,23.833333333333332,1014.0,65.33333333333333,20.46666666666667,33.8,265.0
2023-07-23 11:30:00,23.65,1006.5,62.90656718852721,3.888,10.224,219.99999999999997,24.7,1013.6999999999999,62.333333333333336,17.766666666666666,33.8,257.00152529388333
2023-07-23 12:00:00,24.05,1006.5,61.02984972288668,3.888,7.956,219.0,25.333333333333332,1013.5666666666666,58.0,20.133333333333333,38.9,258.36100044750697
2023-07-23 12:30:00,24.5,1006.55,57.092450079779624,3.924,9.684,212.0,24.53333333333333,1013.3000000000001,59.666666666666664,21.733333333333334,38.9,262.33417736024785
2023-07-23 13:00:00,26.2,1006.3499999999999,50.329955941053996,3.9779999999999998,10.692,214.0,25.900000000000002,1012.9333333333334,57.0,19.7,39.0,263.9996952201138
2023-07-23 13:30:00,26.0,1006.25,51.87456860064161,3.9059999999999997,8.568,227.49999999999997,25.3,1012.8666666666667,58.333333333333336,23.366666666666664,39.6,265.66500913598077
2023-07-23 14:00:00,26.25,1005.95,49.53168849963174,4.176,10.764,219.99999999999997,25.0,1012.7333333333332,60.333333333333336,23.933333333333334,39.6,264.0061151618099
2023-07-23 14:30:00,25.4,1005.95,53.44414918386528,4.5,9.756,225.0,24.0,1012.7000000000002,62.0,21.7,38.6,260.66415962311856
2023-07-23 15:00:00,25.1,1005.75,54.61944722163213,4.23,9.432,227.5,22.666666666666668,1012.6333333333333,67.33333333333333,21.96666666666667,38.6,271.6667720173256
2023-07-23 15:30:00,25.8,1005.45,53.06077417921199,4.338,10.08,227.0,22.8,1012.6,69.0,19.5,38.0,265.3332279826744
2023-07-23 16:00:00,25.15,1005.5,54.782678958463876,4.140000000000001,8.172,220.49999999999997,22.433333333333334,1012.3333333333334,69.66666666666667,19.96666666666667,34.2,264.0
2023-07-23 16:30:00,24.450000000000003,1005.45,58.23600586176936,3.87,7.956,238.49999999999997,22.2,1011.9333333333334,70.66666666666667,16.166666666666668,34.2,263.3406016574657
2023-07-23 17:00:00,24.65,1005.3,58.61803750213545,4.302,8.208,234.49999999999997,21.900000000000002,1011.7333333333332,72.33333333333333,17.900000000000002,31.8,263.3332279826744
2023-07-23 17:30:00,23.85,1005.3,60.80987276233168,3.834,8.028,242.5,22.7,1011.6666666666666,72.33333333333333,19.466666666666665,32.8,263.9998984376572
2023-07-23 18:00:00,23.299999999999997,1005.25,62.70865693951737,4.068,7.74,246.0,21.866666666666664,1011.2666666666668,72.33333333333333,15.666666666666666,32.8,257.00356445429645
2023-07-23 18:30:00,22.6,1005.0,64.87959983298398,3.6719999999999997,8.172,244.0,21.333333333333332,1011.0666666666666,74.33333333333333,12.799999999999999,30.3,256.6658226397521
2023-07-23 19:00:00,22.25,1004.8,67.31322047013268,3.06,6.372,233.5,21.099999999999998,1011.1666666666666,76.0,14.600000000000001,31.5,262.3336344040273
2023-07-23 19:30:00,21.95,1004.75,68.53494379963163,3.348,7.164,221.0,20.633333333333336,1010.9666666666667,77.33333333333333,16.599999999999998,31.5,266.0008130560873
2023-07-23 20:00:00,21.75,1004.55,70.38018771250395,2.9699999999999998,5.292,224.49999999999997,20.333333333333332,1011.0666666666666,78.66666666666667,12.033333333333333,31.5,259.66795819615595
2023-07-23 20:30:00,21.4,1004.3499999999999,72.01675272089622,2.826,5.724,217.99999999999997,20.3,1011.0666666666666,79.0,13.233333333333334,25.0,254.66653499840578
2023-07-23 21:00:00,21.0,1004.1,73.82603317127723,2.502,5.976,218.5,20.466666666666665,1011.0,79.0,12.1,25.0,256.666670427471
2023-07-23 21:30:00,20.700000000000003,1004.25,76.04045893234266,2.196,5.256,222.5,20.4,1010.7666666666668,79.66666666666667,14.466666666666667,27.2,246.99939016145612
2023-07-23 22:00:00,20.299999999999997,1004.1500000000001,78.65354817641833,1.9979999999999998,4.392,210.5,20.4,1010.6333333333333,81.66666666666667,15.333333333333334,27.2,246.32769203182397
2023-07-23 22:30:00,19.9,1004.3,81.65560319193926,2.268,5.256,214.50000000000003,20.533333333333335,1010.3333333333334,83.0,15.533333333333333,30.0,247.33166776031587
2023-07-23 23:00:00,19.549999999999997,1004.3,84.26463184882857,2.088,5.652,212.0,20.7,1010.1999999999999,82.0,17.633333333333336,32.4,247.6650057162162
2023-07-23 23:30:00,19.4,1004.05,85.24829417787348,1.44,3.06,215.99999999999997,20.733333333333334,1010.0666666666666,82.0,18.766666666666666,32.4,234.9993901614561
2023-07-24 00:00:00,19.6,1003.8499999999999,84.76523921602866,2.016,5.436,216.0,19.933333333333334,1009.8333333333334,84.0,20.466666666666665,34.5,233.667246271919
2023-07-24 00:30:00,19.6,1003.6500000000001,85.22556247011104,2.322,7.632000000000001,213.49999999999997,19.333333333333332,1009.7333333333332,88.66666666666667,18.8,36.3,235.33227894316346
2023-07-24 01:00:00,19.6,1003.45,85.33516324489257,2.7720000000000002,17.136,215.0,19.133333333333336,1009.5666666666666,90.66666666666667,16.766666666666666,40.4,239.33179591404888
2023-07-24 01:30:00,19.6,1003.4,85.37900355480518,2.6639999999999997,8.568,211.49999999999997,18.366666666666664,1009.6333333333333,91.66666666666667,14.366666666666667,40.4,306.3334650015942
2023-07-24 02:00:00,19.75,1003.1,84.11105606034026,2.862,9.072,219.0,18.233333333333334,1009.4,92.0,10.299999999999999,40.4,291.3338717844033
2023-07-24 02:30:00,19.75,1002.8,83.74179688694838,2.7,9.756,219.0,18.233333333333334,1009.4,92.33333333333333,15.699999999999998,31.7,277.3338717844033
2023-07-24 03:00:00,18.9,1002.65,89.9878531762997,3.186,10.98,221.0,17.733333333333334,1009.5,93.0,20.633333333333333,33.7,281.0003047798862
2023-07-24 03:30:00,18.4,1002.3,93.76958595089323,2.61,6.66,226.0,17.066666666666666,1009.5,93.0,16.533333333333335,33.7,283.33332957252895
2023-07-24 04:00:00,18.15,1002.25,96.64363762748602,2.178,5.832000000000001,230.0,16.7,1009.5666666666666,93.0,13.5,27.0,280.3336344040273
2023-07-24 04:30:00,17.85,1002.2,96.86477533165231,1.044,2.3040000000000003,231.49999999999997,16.433333333333334,1009.5,93.0,9.200000000000001,20.1,275.3330925501716
2023-07-24 05:00:00,17.8,1002.1500000000001,97.3173893630885,1.296,3.42,222.99999999999997,16.366666666666664,1009.4666666666667,93.0,9.200000000000001,16.9,268.3322789431635
2023-07-24 05:30:00,17.75,1002.1500000000001,97.8951426811038,2.574,5.112,242.5,17.133333333333333,1009.6999999999999,93.0,11.833333333333334,20.5,276.0385910176085
2023-07-24 06:00:00,17.15,1002.2,98.06408941584107,2.466,4.14,248.99999999999997,17.8,1009.7999999999998,92.66666666666667,17.0,24.7,279.00101701768256
2023-07-24 06:30:00,16.700000000000003,1002.3,96.99080551712592,2.1420000000000003,4.788,243.5,18.599999999999998,1009.8666666666667,90.33333333333333,19.033333333333335,33.7,273.0001015623428
2023-07-24 07:00:00,16.35,1002.4,97.2117288111609,1.3860000000000001,2.484,238.0,19.46666666666667,1010.0666666666666,86.33333333333333,24.366666666666664,36.0,273.66670428043915
2023-07-24 07:30:00,16.25,1002.4,97.31956213044572,1.35,2.664,224.0,19.900000000000002,1010.2666666666668,80.66666666666667,24.3,37.7,270.66670428043915
2023-07-24 08:00:00,16.8,1002.55,96.65500428232278,1.9620000000000002,6.192,210.0,19.966666666666665,1010.3333333333334,78.33333333333333,24.233333333333334,37.9,275.33387178440324
2023-07-24 08:30:00,17.35,1002.55,99.02176940636905,1.926,3.6,239.5,20.2,1010.4,79.33333333333333,21.333333333333332,37.9,280.33584037688144
2023-07-24 09:00:00,18.549999999999997,1002.4,95.89202278468727,2.9160000000000004,6.516,232.5,21.2,1010.5,75.0,26.03333333333333,38.8,274.6668737000967
2023-07-24 09:30:00,19.35,1002.55,87.8080969087336,3.7440000000000007,7.236,241.49999999999997,21.266666666666666,1010.5666666666666,74.33333333333333,30.400000000000002,46.6,273.0003047798862
2023-07-24 10:00:00,20.1,1002.7,81.06374071439052,3.6180000000000003,7.56,238.49999999999997,22.400000000000002,1010.5666666666666,71.0,31.066666666666666,47.2,274.00030477988616
2023-07-24 10:30:00,20.75,1002.7,77.05157521678264,3.7439999999999998,7.956,243.5,21.866666666666664,1010.7333333333332,70.66666666666667,34.833333333333336,54.3,274.3334650015942
2023-07-24 11:00:00,19.45,1003.25,81.18809964751499,3.348,6.984,247.0,20.900000000000002,1010.9666666666667,75.0,26.933333333333334,54.3,263.9877443986375
2023-07-24 11:30:00,21.2,1002.8,77.09891414835239,3.9779999999999998,8.964,231.0,22.066666666666666,1010.7000000000002,72.66666666666667,24.566666666666666,54.3,269.00101701768256
2023-07-24 12:00:00,22.299999999999997,1002.8,70.04292622701456,4.176,8.964,243.5,22.8,1010.7333333333332,67.66666666666667,31.866666666666664,49.6,272.667246271919
2023-07-24 12:30:00,22.55,1002.8499999999999,68.87877623813534,4.3740000000000006,8.28,245.0,23.566666666666666,1010.6333333333333,65.0,29.2,49.6,263.3338717844033
2023-07-24 13:00:00,22.15,1003.1500000000001,67.00741132710736,4.968,9.072,242.5,23.3,1010.6,65.33333333333333,32.93333333333333,48.3,268.66670428043915
2023-07-24 13:30:00,21.7,1003.35,70.20023747322128,5.3100000000000005,9.504,242.99999999999997,22.833333333333332,1010.6666666666666,65.66666666666667,34.833333333333336,50.1,271.6677210568365
2023-07-24 14:00:00,22.15,1003.25,67.09637921210299,4.788,10.908,240.0,23.099999999999998,1010.6333333333333,67.0,32.36666666666667,50.1,270.00918115961116
2023-07-24 14:30:00,22.45,1003.1500000000001,65.02810582626046,5.274,9.216,245.5,23.066666666666666,1010.4666666666667,67.33333333333333,33.199999999999996,50.9,266.3343121860284
2023-07-24 15:00:00,23.2,1003.05,60.25353427734926,4.914,9.036,242.0,22.899999999999995,1010.2333333333332,67.33333333333333,34.6,50.9,268.66677201732557
2023-07-24 15:30:00,23.799999999999997,1002.95,58.56057239136953,4.662000000000001,9.576,240.49999999999997,22.46666666666667,1010.1999999999999,68.66666666666667,36.199999999999996,53.3,274.332753728081
2023-07-24 16:00:00,22.65,1003.1500000000001,61.75332988227912,5.382,10.584,242.99999999999997,22.266666666666666,1010.1333333333333,70.0,33.1,53.3,275.66670428043915
2023-07-24 16:30:00,23.0,1003.1,61.15102845864816,4.914,9.072,247.5,21.76666666666667,1010.1333333333333,71.33333333333333,35.53333333333333,53.3,270.6666365779404
2023-07-24 17:00:00,22.65,1003.05,64.17618111904748,4.896000000000001,10.044,240.0,19.833333333333332,1010.1,78.66666666666667,31.5,59.0,268.33336342205956
2023-07-24 17:30:00,22.1,1002.9,67.61318326839123,4.59,9.432,237.0,19.966666666666665,1010.0333333333333,80.66666666666667,27.8,59.0,271.66670428043915
2023-07-24 18:00:00,22.15,1002.9,65.45010080758956,4.77,10.476,244.5,19.933333333333334,1010.0333333333333,81.0,25.2,41.7,273.66670428043915
2023-07-24 18:30:00,21.549999999999997,1002.95,68.01960353337896,5.094,9.468,246.5,19.266666666666666,1010.1,82.0,25.766666666666666,43.6,274.3330925501716
2023-07-24 19:00:00,21.25,1002.95,68.38363745282481,5.148,10.332,240.0,18.766666666666666,1010.0333333333333,83.66666666666667,21.933333333333334,43.6,271.6667720173256
2023-07-24 19:30:00,20.450000000000003,1003.0,72.87819898180943,4.77,8.568,246.5,18.133333333333333,1010.2333333333332,86.66666666666667,22.900000000000002,43.6,287.0
2023-07-24 20:00:00,20.1,1003.0,73.53298763067562,4.338,8.28,246.0,17.233333333333334,1010.3333333333334,89.0,17.900000000000002,36.5,284.6661282155967
2023-07-24 20:30:00,19.85,1003.0,75.67004776041591,3.6719999999999997,7.920000000000001,238.49999999999997,17.166666666666668,1010.5666666666666,90.33333333333333,13.200000000000001,36.5,280.0
2023-07-24 21:00:00,18.549999999999997,1003.1,83.08073058346676,3.942,9.612,229.0,17.266666666666666,1010.6666666666666,91.0,12.9,25.3,284.99643554570355
2023-07-24 21:30:00,17.55,1003.2,87.84944066638478,2.3040000000000003,5.652,226.5,17.266666666666666,1010.6666666666666,92.0,19.166666666666668,30.6,309.0024421460581
2023-07-24 22:00:00,17.4,1003.3499999999999,92.38213731268436,1.8359999999999999,4.14,240.0,16.966666666666665,1010.9333333333334,91.0,21.0,30.7,307.0
2023-07-24 22:30:00,17.049999999999997,1003.55,94.78395504458709,2.592,6.876,242.99999999999997,16.633333333333336,1011.1,90.0,21.366666666666664,34.5,305.0
2023-07-24 23:00:00,16.9,1003.6,95.43057118983805,1.62,3.384,229.0,16.333333333333332,1011.1666666666666,88.33333333333333,18.533333333333335,34.5,306.332753728081
2023-07-24 23:30:00,16.65,1003.6,96.69270168647893,1.4220000000000002,3.024,238.99999999999997,16.166666666666668,1011.2333333333332,87.0,19.133333333333336,34.5,305.6665349984058
2023-07-25 00:00:00,16.7,1003.6,96.51822679316713,1.5299999999999998,3.06,248.5,16.1,1011.1666666666666,85.66666666666667,19.233333333333334,30.7,304.0
2023-07-25 00:30:00,16.65,1003.8,97.82792823440872,1.854,3.672,263.0,16.166666666666668,1011.1666666666666,85.0,19.166666666666668,37.2,303.0
2023-07-25 01:00:00,16.2,1003.9,97.51171636372652,1.98,5.652,274.0,16.0,1011.2000000000002,85.0,19.566666666666666,37.2,301.33346500159416
2023-07-25 01:30:00,15.65,1003.9,95.52345305862278,1.4580000000000002,2.952,263.0,16.0,1011.0666666666666,84.33333333333333,20.066666666666666,31.6,301.667246271919
2023-07-25 02:00:00,15.2,1003.95,96.29565674219842,1.278,2.16,270.5,16.23333333333333,1010.9666666666667,85.0,19.099999999999998,32.1,303.3334650015942
2023-07-25 02:30:00,14.850000000000001,1003.95,95.70964451548953,1.44,2.52,264.0,16.633333333333336,1011.0666666666666,85.0,21.733333333333334,36.6,301.66670428043915
2023-07-25 03:00:00,14.4,1003.9,96.24300486873679,1.1880000000000002,1.98,260.0,16.599999999999998,1011.1,85.33333333333333,23.2,37.3,304.33309255017156
2023-07-25 03:30:00,14.1,1003.9,96.1143416468413,0.99,1.692,266.5,16.266666666666666,1011.1333333333333,87.0,22.900000000000002,37.3,309.0
2023-07-25 04:00:00,14.0,1003.7,95.05163149236701,1.296,2.52,260.5,16.266666666666666,1011.4,87.0,24.400000000000002,37.3,311.0
2023-07-25 04:30:00,14.0,1003.6500000000001,95.17594584112737,1.242,2.484,256.5,16.366666666666664,1011.6,86.33333333333333,25.066666666666666,36.8,309.33329571956085
2023-07-25 05:00:00,14.4,1003.7,94.90395281304168,1.71,3.204,255.5,16.333333333333332,1011.9,86.0,20.566666666666666,36.8,311.9996952201138
2023-07-25 05:30:00,14.75,1003.7,94.8395817655572,2.3580000000000005,5.688000000000001,260.0,16.533333333333335,1012.3333333333334,86.0,19.5,36.2,314.9998984376572
2023-07-25 06:00:00,14.850000000000001,1003.8499999999999,94.79295714933528,2.376,4.284,265.0,16.900000000000002,1012.6999999999999,85.0,22.5,38.3,315.6665349984058
2023-07-25 06:30:00,14.9,1004.05,94.78292373828457,2.466,4.32,264.5,17.133333333333336,1013.0333333333333,83.0,24.066666666666666,38.3,314.332753728081
2023-07-25 07:00:00,15.05,1004.3499999999999,95.09833407432131,2.574,6.372,266.5,17.400000000000002,1013.4,81.66666666666667,23.566666666666666,38.3,316.3406016574657
2023-07-25 07:30:00,15.3,1004.65,94.87695407016241,2.4480000000000004,4.716,266.5,17.833333333333332,1013.7333333333332,80.0,25.099999999999998,39.5,316.3349908640192
2023-07-25 08:00:00,15.45,1005.05,94.50975825710104,2.5200000000000005,5.832000000000001,263.5,18.433333333333334,1014.0,75.66666666666667,25.333333333333332,39.5,319.0
2023-07-25 08:30:00,15.649999999999999,1005.4,94.76815575009894,2.4480000000000004,6.768,266.0,19.0,1014.2333333333332,72.66666666666667,26.233333333333334,37.6,314.3331262999033
2023-07-25 09:00:00,16.05,1005.6,94.96340575218326,2.5380000000000003,5.6160000000000005,266.5,19.533333333333335,1014.5333333333333,69.66666666666667,25.46666666666667,42.0,312.33204180384405
2023-07-25 09:30:00,16.75,1005.95,92.0768077262361,3.258,9.648,253.0,19.766666666666666,1014.9,67.33333333333333,24.8,42.0,305.33346500159416
2023-07-25 10:00:00,17.549999999999997,1006.05,87.65462116676909,3.456,6.984,255.5,20.533333333333335,1015.0666666666666,65.33333333333333,26.133333333333336,43.8,303.3343121860284
2023-07-25 10:30:00,18.3,1006.25,82.26933490256532,3.096,8.28,252.5,20.599999999999998,1015.2666666666668,64.0,29.233333333333334,43.8,290.6665349984058
2023-07-25 11:00:00,19.85,1006.3,74.10215728220172,3.2039999999999997,11.268,258.5,21.266666666666666,1015.4666666666667,61.333333333333336,28.900000000000002,43.8,295.6665349984058
2023-07-25 11:30:00,20.15,1006.75,69.32944425506477,3.3120000000000003,9.144,260.0,21.666666666666668,1015.5666666666666,56.666666666666664,28.666666666666668,41.8,295.3332279826744
2023-07-25 12:00:00,19.95,1007.05,66.22979740993088,3.24,8.244,255.0,21.96666666666667,1015.6666666666666,54.0,30.7,47.6,292.66670428043915
2023-07-25 12:30:00,20.6,1007.1500000000001,61.40403518331962,3.258,9.972,253.5,22.066666666666666,1015.7666666666668,49.0,31.333333333333332,47.6,296.6663655959727
2023-07-25 13:00:00,20.95,1007.3,58.059298776302526,3.96,9.828,255.0,22.3,1015.8333333333334,48.333333333333336,31.599999999999998,47.6,293.67152760742243
2023-07-25 13:30:00,21.75,1007.4,54.57681307739459,3.924,9.396,251.5,22.400000000000002,1015.8666666666667,49.333333333333336,31.366666666666664,46.4,294.3336344040273
2023-07-25 14:00:00,22.15,1007.55,54.17268684141528,3.9779999999999998,8.604000000000001,257.0,21.333333333333332,1016.0,60.666666666666664,32.53333333333333,48.5,283.6537617691575
2023-07-25 14:30:00,21.95,1007.75,53.51179106660318,4.284,8.748000000000001,252.0,21.76666666666667,1016.1666666666666,58.333333333333336,34.76666666666667,49.7,276.6667720173256
2023-07-25 15:00:00,22.7,1007.75,51.28828127008394,4.086,8.712,253.0,21.833333333333332,1016.3333333333334,60.0,32.96666666666667,49.7,274.0
2023-07-25 15:30:00,22.6,1007.8499999999999,50.10610991224024,4.77,11.52,251.0,21.400000000000002,1016.2999999999998,62.666666666666664,31.133333333333336,49.7,272.3334650015942
2023-07-25 16:00:00,22.5,1008.05,48.685532651691645,4.914,9.648,247.0,21.46666666666667,1016.4,63.0,29.0,46.2,279.33329571956085
2023-07-25 16:30:00,22.4,1008.25,46.84474909156027,4.878,9.756,253.5,21.033333333333335,1016.2999999999998,63.333333333333336,28.7,44.3,276.3338717844033
2023-07-25 17:00:00,22.200000000000003,1008.5,48.206049036691525,5.256,10.08,250.5,20.366666666666667,1016.3333333333334,64.33333333333333,26.96666666666667,40.9,280.3333634220596
2023-07-25 17:30:00,22.0,1008.6500000000001,50.22823604156153,4.752000000000001,8.208,251.0,20.233333333333334,1016.3333333333334,66.0,21.099999999999998,38.1,289.6749645319323
2023-07-25 18:00:00,21.5,1008.8499999999999,56.2329460981393,4.716000000000001,8.928,247.0,19.433333333333334,1016.5333333333333,68.0,21.833333333333332,37.4,289.0046011326027
2023-07-25 18:30:00,20.55,1009.0,60.291351334565,3.8340000000000005,7.092,252.99999999999997,19.2,1016.6999999999999,71.0,20.033333333333335,32.6,289.3329905781327
2023-07-25 19:00:00,20.1,1009.1,61.33262750571781,4.050000000000001,9.252,252.0,18.566666666666666,1016.9333333333334,71.33333333333333,19.066666666666666,30.3,304.67043694469766
2023-07-25 19:30:00,20.15,1009.2,60.572821032981466,3.7800000000000002,16.740000000000002,254.0,17.666666666666668,1017.1666666666666,72.33333333333333,16.3,29.7,314.0
2023-07-25 20:00:00,19.85,1009.3,59.96240111375222,3.2039999999999997,6.803999999999999,255.0,16.833333333333332,1017.4333333333334,74.33333333333333,13.433333333333332,29.7,312.6661962795516
2023-07-25 20:30:00,19.15,1009.6,61.83583033882282,2.862,5.867999999999999,258.5,16.066666666666666,1017.6999999999999,77.66666666666667,13.0,24.8,304.9975578539418
2023-07-25 21:00:00,18.4,1009.75,65.01773614811054,2.574,4.788,262.0,15.266666666666666,1018.0333333333333,81.0,10.4,18.3,301.66795819615595
2023-07-25 21:30:00,17.5,1010.05,69.48578088516436,2.4480000000000004,7.2,263.0,14.9,1018.0666666666666,83.66666666666667,4.433333333333334,16.1,289.0
2023-07-25 22:00:00,16.85,1010.3,72.97098902407902,2.3040000000000003,4.680000000000001,258.0,14.266666666666666,1018.0666666666666,85.66666666666667,4.333333333333333,11.3,289.0
2023-07-25 22:30:00,16.1,1010.6500000000001,76.31880386094545,1.548,2.8080000000000003,258.5,13.766666666666666,1017.9,87.66666666666667,2.9666666666666663,6.4,289.0
2023-07-25 23:00:00,15.100000000000001,1010.95,80.41745010853934,0.72,2.0160000000000005,288.0,13.200000000000001,1017.8666666666667,88.66666666666667,3.8333333333333335,4.8,289.0
2023-07-25 23:30:00,14.25,1011.05,83.96401865795558,0.612,1.1880000000000002,2.5000000000000036,13.366666666666667,1017.7666666666668,90.0,3.3333333333333335,4.8,289.0
2023-07-26 00:00:00,13.45,1010.9,88.5321122435864,0.972,1.62,61.00000000000001,13.366666666666667,1017.7333333333332,90.0,1.5,4.8,289.0
2023-07-26 00:30:00,13.0,1010.8499999999999,90.4343913683158,0.774,1.4400000000000002,77.0,12.866666666666667,1017.7333333333332,90.66666666666667,3.1666666666666665,4.8,289.0
2023-07-26 01:00:00,12.75,1010.7,91.9957198259215,0.5760000000000001,1.116,63.0,12.700000000000001,1017.6333333333333,91.0,4.733333333333333,6.4,289.0
2023-07-26 01:30:00,12.75,1010.6,93.04645409287474,0.558,1.26,80.5,13.133333333333333,1017.4,91.33333333333333,5.266666666666667,10.0,259.19285209257396
2023-07-26 02:00:00,12.8,1010.6,94.02767811391628,0.774,1.332,82.0,13.299999999999999,1017.3000000000001,91.33333333333333,5.066666666666666,11.3,151.0
2023-07-26 02:30:00,12.75,1010.5,95.01530002831461,0.756,1.404,72.5,13.266666666666666,1017.2333333333332,92.0,4.933333333333334,11.3,151.0
2023-07-26 03:00:00,12.6,1010.45,95.74866346560441,0.99,2.7,74.5,13.433333333333332,1017.0,92.0,6.033333333333334,8.0,151.0
2023-07-26 03:30:00,12.7,1010.25,95.76890577998344,1.4220000000000002,2.8800000000000003,94.0,13.866666666666667,1016.9,92.0,7.1000000000000005,10.1,150.3333634220596
2023-07-26 04:00:00,12.9,1010.1,95.9001058109892,1.512,2.3400000000000003,88.0,14.233333333333334,1016.8333333333334,92.0,5.8,8.0,151.0
2023-07-26 04:30:00,13.4,1010.1,95.84277221682353,1.188,2.4480000000000004,87.00000000000001,14.533333333333333,1016.7666666666668,92.0,8.133333333333333,12.8,148.9799881839581
2023-07-26 05:00:00,13.3,1009.95,96.89488828665836,0.8460000000000001,2.3040000000000003,72.0,14.733333333333334,1016.7000000000002,92.0,12.166666666666666,16.1,166.33584037688146
2023-07-26 05:30:00,12.9,1009.75,97.07950788139986,0.8100000000000002,4.428,50.0,15.033333333333333,1016.7666666666668,91.66666666666667,11.6,16.1,161.3316677603159
2023-07-26 06:00:00,13.55,1009.7,95.13355168298764,1.278,4.896000000000001,41.00000000000001,15.700000000000001,1016.7000000000002,91.33333333333333,10.6,17.3,159.33332957252898
2023-07-26 06:30:00,14.05,1009.55,94.93072203159352,1.1880000000000002,5.112,46.49999999999999,16.566666666666666,1016.7000000000002,91.0,13.933333333333332,21.2,181.00152529388333
2023-07-26 07:00:00,14.5,1009.5,93.59911743813734,1.08,3.924,35.5,17.599999999999998,1016.6333333333333,90.66666666666667,15.333333333333334,22.7,183.3343121860284
2023-07-26 07:30:00,14.8,1009.7,92.3070602204665,1.584,4.752000000000001,323.0,18.466666666666665,1016.5,89.33333333333333,21.7,29.3,187.99969522011378
2023-07-26 08:00:00,14.95,1009.7,93.71184455113868,1.9260000000000002,6.696000000000001,19.5,18.599999999999998,1016.4666666666667,88.33333333333333,21.900000000000002,30.7,191.66653499840578
2023-07-26 08:30:00,15.85,1009.5,93.08589786514946,2.466,7.848000000000001,357.0,18.733333333333334,1016.5333333333333,87.66666666666667,22.53333333333333,32.6,192.99939016145612
2023-07-26 09:00:00,16.85,1009.55,91.53904210956037,2.484,7.02,302.5,18.066666666666666,1016.5666666666666,89.66666666666667,20.066666666666666,32.6,186.66667042747102
2023-07-26 09:30:00,17.6,1009.4,89.82399837407695,2.466,7.272,302.5,18.46666666666667,1016.5333333333333,91.0,20.733333333333334,32.6,194.6731989365752
2023-07-26 10:00:00,19.1,1009.05,87.3139156554593,2.9160000000000004,11.736,299.0,19.03333333333333,1016.7666666666668,91.66666666666667,14.733333333333334,32.5,222.0
2023-07-26 10:30:00,19.35,1009.2,84.31430065164619,3.06,10.08,314.5,20.2,1016.7333333333332,91.0,12.933333333333332,29.9,231.84822154603285
2023-07-26 11:00:00,19.549999999999997,1009.3,84.570970325122,3.258,12.420000000000002,259.5,21.5,1016.5,87.66666666666667,15.733333333333334,25.1,270.71867207862005
2023-07-26 11:30:00,18.6,1009.3499999999999,91.48011878878052,3.096,11.34,291.0,22.366666666666664,1016.4333333333334,76.66666666666667,20.599999999999998,31.9,279.9996952201138
2023-07-26 12:00:00,18.6,1009.45,91.69024043832042,3.132,12.420000000000002,330.0,23.0,1016.6666666666666,69.33333333333333,20.766666666666666,32.5,275.33387178440324
2023-07-26 12:30:00,18.6,1009.55,93.78941285155818,3.258,9.144,323.5,23.233333333333334,1016.7000000000002,69.33333333333333,23.099999999999998,33.4,275.6663655959727
2023-07-26 13:00:00,19.0,1009.3499999999999,96.13663503193803,3.024,11.088,273.0,22.900000000000002,1016.6666666666666,68.66666666666667,23.2,35.5,273.3338037204484
2023-07-26 13:30:00,20.0,1008.9000000000001,92.54445579265187,2.8440000000000003,8.244,158.5,22.733333333333334,1016.6999999999999,67.0,22.733333333333334,35.5,275.99898298231744
2023-07-26 14:00:00,22.4,1008.8,81.88306563879416,2.6640000000000006,10.26,212.99999999999997,22.933333333333334,1016.8666666666667,67.66666666666667,22.666666666666668,35.5,278.3397530942578
2023-07-26 14:30:00,23.65,1008.75,71.39946185699537,3.402,7.488,235.0,23.2,1016.8333333333334,66.0,23.8,35.9,270.66670428043915
2023-07-26 15:00:00,24.15,1008.8499999999999,65.65010501200885,3.582,7.956,231.99999999999997,22.066666666666666,1016.8000000000001,69.0,25.53333333333333,35.9,274.33312629990326
2023-07-26 15:30:00,22.95,1009.0,66.8177107711812,3.294,6.6240000000000006,238.99999999999997,22.8,1016.6333333333333,67.66666666666667,26.03333333333333,41.5,275.6667720173256
2023-07-26 16:00:00,22.4,1009.3,67.2478310251061,3.42,6.948,242.0,22.366666666666664,1016.4666666666667,67.0,22.53333333333333,41.5,271.6635154357699
2023-07-26 16:30:00,22.85,1009.25,64.19303171325832,3.87,7.596,242.99999999999997,21.400000000000002,1016.5333333333333,68.66666666666667,23.400000000000002,41.5,274.6666365779404
2023-07-26 17:00:00,22.6,1009.25,65.42238805135298,3.132,6.588,246.5,20.566666666666666,1016.6,73.66666666666667,24.066666666666666,32.6,271.667246271919
2023-07-26 17:30:00,22.5,1009.2,65.53096589285998,3.042,6.696000000000001,249.5,20.266666666666666,1016.6,75.66666666666667,22.766666666666666,32.6,274.0008130560872
2023-07-26 18:00:00,22.0,1009.1500000000001,65.30048910071987,3.294,7.272,246.5,20.400000000000002,1016.7000000000002,72.33333333333333,24.3,33.6,275.3334650015942
2023-07-26 18:30:00,22.15,1009.1,64.83667069077576,3.2220000000000004,7.74,241.5,19.6,1016.6333333333333,76.0,20.833333333333332,33.6,275.6665349984058
2023-07-26 19:00:00,21.950000000000003,1009.1500000000001,64.13878676578544,3.366,6.732,233.5,19.033333333333335,1016.6333333333333,79.66666666666667,16.8,33.6,274.0
2023-07-26 19:30:00,21.4,1009.25,65.99961607617675,3.402,6.5520000000000005,241.5,18.400000000000002,1016.6,82.66666666666667,15.0,25.8,278.6661962795516
2023-07-26 20:00:00,20.25,1009.5,71.34774898524049,3.24,7.632000000000001,246.5,17.866666666666667,1016.7000000000002,84.66666666666667,12.466666666666667,23.0,280.6665349984058
2023-07-26 20:30:00,19.9,1009.55,74.25125350857692,2.862,5.364,245.0,17.333333333333332,1016.8333333333334,86.66666666666667,12.533333333333333,21.1,285.3332957195608
2023-07-26 21:00:00,19.35,1009.5,74.97569922516413,2.6100000000000003,4.896000000000001,245.5,18.166666666666668,1016.8666666666667,87.0,11.666666666666666,17.3,287.6690803814741
2023-07-26 21:30:00,18.55,1009.55,77.59720584592091,1.7280000000000002,3.564,243.49999999999997,18.866666666666664,1016.6999999999999,85.0,13.333333333333334,18.7,294.3332279826744
2023-07-26 22:00:00,17.8,1009.6500000000001,82.55942920575171,1.44,3.06,234.5,18.933333333333334,1016.4333333333334,84.0,9.4,18.7,286.6677210568365
2023-07-26 22:30:00,17.35,1009.7,86.39572236085436,1.404,2.8440000000000003,231.49999999999997,18.833333333333332,1016.2333333333332,85.33333333333333,6.933333333333334,18.1,271.9998984376572
2023-07-26 23:00:00,16.95,1009.8,88.76112513370137,1.44,3.3480000000000003,233.0,17.900000000000002,1016.1,87.0,4.633333333333333,12.9,271.0
2023-07-26 23:30:00,17.15,1009.75,89.30040414964192,1.44,2.8800000000000003,238.49999999999997,18.266666666666666,1015.9666666666667,89.0,7.666666666666667,12.1,241.6682040859511
2023-07-27 00:00:00,17.700000000000003,1009.55,88.47718681269177,1.4220000000000002,3.168,241.5,18.833333333333332,1015.6999999999999,89.0,9.200000000000001,16.4,229.00356445429645
2023-07-27 00:30:00,18.05,1009.25,87.10536871901297,1.188,3.168,246.0,19.033333333333335,1015.4333333333334,89.0,10.133333333333333,16.8,246.3418020203997
2023-07-27 01:00:00,18.1,1009.1500000000001,87.48183481395601,1.008,2.268,197.49999999999997,18.833333333333332,1015.1333333333333,88.66666666666667,9.066666666666666,16.8,249.33387178440327
2023-07-27 01:30:00,17.799999999999997,1008.95,88.68218801440855,1.0979999999999999,2.7,214.0,18.3,1014.9,88.66666666666667,7.800000000000001,16.8,238.66738351187217
2023-07-27 02:00:00,17.7,1008.8,89.76110128440897,1.548,4.716,212.99999999999997,18.266666666666666,1014.6666666666666,90.0,8.933333333333334,14.6,239.33346500159422
2023-07-27 02:30:00,17.85,1008.5,90.5306069941926,1.638,5.760000000000001,209.5,18.599999999999998,1014.6,90.0,6.766666666666667,13.8,223.00611516180984
2023-07-27 03:00:00,18.05,1008.1500000000001,90.84748373525858,1.8719999999999999,4.392,219.99999999999997,19.033333333333335,1014.3666666666667,90.0,7.533333333333334,13.8,237.6593983425343
2023-07-27 03:30:00,17.9,1007.95,92.09827609472262,1.548,3.132,213.5,19.266666666666666,1014.1666666666666,90.66666666666667,9.333333333333334,15.9,247.66653499840578
2023-07-27 04:00:00,17.6,1007.6500000000001,92.7679700677526,1.3319999999999999,3.096,236.5,19.366666666666664,1014.1,90.0,11.633333333333335,18.3,234.00152529388336
2023-07-27 04:30:00,17.549999999999997,1007.5,93.10395452817174,1.404,3.96,226.49999999999997,18.866666666666667,1014.0666666666666,91.0,10.533333333333333,30.9,224.82356967338748
2023-07-27 05:00:00,17.85,1007.3499999999999,93.85645468976043,1.728,3.78,214.0,18.566666666666666,1014.0666666666666,91.66666666666667,8.666666666666666,30.9,255.6632597711814
2023-07-27 05:30:00,18.0,1007.2,93.89584003162008,1.746,3.996,212.5,18.833333333333332,1014.0,92.33333333333333,7.6000000000000005,30.9,274.01241222105557
2023-07-27 06:00:00,18.0,1007.1,94.01696469626356,1.764,7.236,211.49999999999997,19.2,1013.9666666666667,93.0,6.666666666666667,16.1,249.99725279528496
2023-07-27 06:30:00,18.15,1007.0,93.7826334319376,1.7999999999999998,6.84,214.5,19.333333333333332,1014.0666666666666,93.0,9.933333333333332,20.7,257.3334650015942
2023-07-27 07:00:00,18.25,1006.8,94.53044582090297,1.854,5.328,215.5,19.666666666666668,1014.0,92.0,8.6,20.7,268.3364845642301
2023-07-27 07:30:00,18.200000000000003,1006.95,96.21938750698504,1.7999999999999998,3.42,232.5,20.2,1013.9666666666667,90.66666666666667,8.833333333333334,20.7,262.66568781397154
2023-07-27 08:00:00,17.9,1006.8499999999999,98.60816373475805,1.512,4.068,196.5,20.6,1013.7999999999998,89.33333333333333,11.700000000000001,18.3,275.3334650015942
2023-07-27 08:30:00,18.05,1006.8,99.3232664289605,1.6920000000000002,4.032000000000001,205.0,21.033333333333335,1013.6999999999999,87.0,11.799999999999999,18.4,260.2896009082956
2023-07-27 09:00:00,19.1,1006.6500000000001,99.66034729915951,2.3760000000000003,6.948,208.49999999999997,21.433333333333334,1013.4,84.0,12.933333333333332,21.0,256.67152760742243
2023-07-27 09:30:00,18.95,1006.75,99.06178890476656,1.8180000000000003,4.428,233.99999999999997,22.266666666666666,1013.2666666666668,81.0,14.6,25.8,258.0003047798862
2023-07-27 10:00:00,19.549999999999997,1006.5,97.9494843032296,1.836,3.78,228.99999999999997,23.233333333333334,1013.2999999999998,76.33333333333333,15.933333333333332,28.1,258.99898298231744
2023-07-27 10:30:00,20.4,1006.3,95.07945759148024,2.034,4.32,219.0,23.7,1013.2333333333332,72.0,14.133333333333333,28.1,254.00356445429645
2023-07-27 11:00:00,20.55,1006.2,89.78324408944692,2.502,5.04,234.0,24.53333333333333,1013.1333333333333,70.0,16.566666666666666,29.3,263.66670428043915
2023-07-27 11:30:00,20.9,1005.85,89.48322747430406,2.34,6.12,239.5,23.96666666666667,1013.2000000000002,69.66666666666667,18.266666666666666,29.3,274.6721540864934
2023-07-27 12:00:00,23.35,1005.5,81.71982750863677,2.934,7.884,221.0,23.866666666666664,1013.2000000000002,70.66666666666667,22.133333333333336,31.7,279.0024421460581
2023-07-27 12:30:00,23.8,1005.6,76.54292291288353,2.79,6.516,240.0,23.866666666666664,1013.2000000000002,70.66666666666667,23.2,32.3,275.0001015623428
2023-07-27 13:00:00,24.25,1005.5,71.62125292670942,2.934,7.272,238.5,24.46666666666667,1013.1333333333333,68.0,21.833333333333332,32.3,271.33455141203405
2023-07-27 13:30:00,25.0,1005.3,64.93319648601317,3.582,9.432,242.99999999999997,24.0,1013.0666666666666,69.33333333333333,21.600000000000005,36.1,277.33309255017156
2023-07-27 14:00:00,25.85,1005.3,61.813229712924105,3.888,8.424,233.5,23.366666666666664,1012.9333333333334,71.66666666666667,23.7,36.1,281.3336344040273
2023-07-27 14:30:00,25.4,1005.45,63.08679590157128,4.14,10.584,236.49999999999997,22.933333333333334,1012.7999999999998,72.0,24.0,36.1,279.6671793071
2023-07-27 15:00:00,25.5,1005.55,63.707221347991464,4.338,7.452,242.99999999999997,23.366666666666664,1012.4666666666667,71.0,17.333333333333332,35.2,259.6745232343287
2023-07-27 15:30:00,24.7,1005.6500000000001,65.09152001837799,3.96,7.596,240.5,23.733333333333334,1012.3000000000001,68.66666666666667,16.366666666666667,34.8,263.67727280831184
2023-07-27 16:00:00,24.4,1005.6,65.29109507269564,3.834,9.648,236.49999999999997,23.900000000000002,1012.1333333333333,68.0,20.03333333333333,34.8,278.0001015623428
2023-07-27 16:30:00,23.75,1005.6,68.28203006451146,3.5280000000000005,6.768,241.5,24.233333333333334,1012.0,67.66666666666667,21.033333333333335,34.5,284.332753728081
2023-07-27 17:00:00,23.2,1005.4,69.89373735241654,3.528,7.236,237.5,22.899999999999995,1012.0,69.66666666666667,24.3,36.1,283.33336342205956
2023-07-27 17:30:00,22.75,1005.25,72.10981224049675,3.258,6.516,248.49999999999997,22.400000000000002,1012.1333333333333,70.66666666666667,23.866666666666664,36.1,282.3332279826744
2023-07-27 18:00:00,22.7,1005.0,72.69302601708355,3.474,6.588,243.49999999999997,22.03333333333333,1012.1333333333333,72.0,20.900000000000002,34.9,283.00030477988616
2023-07-27 18:30:00,22.950000000000003,1004.8499999999999,69.08749690809253,3.2220000000000004,7.524,233.0,21.46666666666667,1012.1333333333333,74.33333333333333,21.333333333333332,34.5,281.6667720173256
2023-07-27 19:00:00,22.95,1004.75,68.60207091912628,2.8440000000000003,8.532,242.0,20.433333333333334,1012.4,79.33333333333333,21.53333333333333,31.1,276.666670427471
2023-07-27 19:30:00,22.7,1004.8499999999999,68.9808021755399,3.3840000000000003,9.288,247.5,20.066666666666666,1012.4333333333334,82.33333333333333,17.599999999999998,28.6,273.66670428043915
2023-07-27 20:00:00,21.950000000000003,1005.0,72.08512027021757,3.3120000000000003,5.976,249.0,19.666666666666668,1012.4333333333334,84.66666666666667,15.300000000000002,28.6,276.0
2023-07-27 20:30:00,21.6,1005.1,71.38528604614423,3.042,5.256,248.0,19.766666666666666,1012.7333333333332,86.0,12.733333333333334,24.2,272.0003047798862
2023-07-27 21:00:00,20.75,1005.25,73.82899208331946,2.5920000000000005,6.516,239.5,19.933333333333334,1012.6333333333333,85.0,13.433333333333332,21.2,271.33387178440324
2023-07-27 21:30:00,20.0,1005.5,76.89489433362242,2.394,5.652,246.0,19.666666666666668,1012.5333333333333,86.0,13.1,21.2,273.6668737000967
2023-07-27 22:00:00,19.35,1005.5,80.6029817013596,1.764,3.672,236.99999999999997,20.033333333333335,1012.5666666666666,86.0,16.666666666666668,29.1,271.66670428043915
2023-07-27 22:30:00,19.0,1005.8,84.05413723265778,2.394,4.968,222.5,20.2,1012.5666666666666,85.0,19.666666666666668,31.0,267.6677210568365
2023-07-27 23:00:00,18.85,1005.7,86.36211657779802,1.9260000000000002,3.96,234.5,20.2,1012.6333333333333,85.0,16.633333333333336,31.0,260.66670428043915
2023-07-27 23:30:00,18.75,1005.6,87.91965766923133,2.1959999999999997,4.356,227.0,20.2,1012.6666666666666,85.0,16.46666666666667,28.2,263.66663657794044
2023-07-28 00:00:00,18.55,1005.6500000000001,89.02643107615869,2.6100000000000003,5.112,210.99999999999997,19.766666666666666,1012.6,87.0,16.900000000000002,28.9,266.3334650015942
2023-07-28 00:30:00,18.85,1005.6500000000001,88.93202697597354,2.6100000000000003,4.356,208.0,19.333333333333332,1012.4,89.66666666666667,15.266666666666666,28.9,263.66663657794044
2023-07-28 01:00:00,19.1,1005.6500000000001,89.23000472952734,2.5740000000000003,4.932,219.0,19.333333333333332,1012.1999999999999,91.33333333333333,14.933333333333332,28.9,264.0
2023-07-28 01:30:00,19.2,1005.55,89.28245907883657,2.358,4.896000000000001,224.49999999999997,19.366666666666664,1011.8666666666667,92.33333333333333,14.799999999999999,26.8,262.0001015623428
2023-07-28 02:00:00,19.35,1005.7,88.6975874101511,2.448,5.436,222.99999999999997,19.5,1011.6333333333333,93.0,18.0,34.9,265.3349908640192
2023-07-28 02:30:00,19.65,1005.45,88.15123313442109,2.8260000000000005,5.904,212.0,19.6,1011.5333333333333,93.0,22.433333333333334,34.9,273.6666365779404
2023-07-28 03:00:00,19.35,1005.25,91.77360540859881,2.5920000000000005,5.22,226.99999999999997,19.766666666666666,1011.3666666666667,93.66666666666667,19.866666666666664,34.9,266.6665349984058
2023-07-28 03:30:00,19.0,1004.9,94.93066067532436,3.114,6.5520000000000005,225.0,19.8,1011.3333333333334,94.0,14.533333333333333,31.9,262.3333634220596
2023-07-28 04:00:00,19.1,1004.7,95.81032185479154,3.564,7.596,217.49999999999997,19.8,1011.4333333333334,94.0,13.866666666666667,29.0,262.3330925501716
2023-07-28 04:30:00,19.25,1004.5,96.19560738504475,3.1319999999999997,6.48,218.5,19.733333333333334,1011.6333333333333,94.0,11.833333333333334,25.7,258.3332279826744
2023-07-28 05:00:00,19.4,1004.55,96.45641408410262,2.826,6.48,219.99999999999997,19.766666666666666,1011.8333333333334,94.0,10.766666666666666,25.7,259.33526194922297
2023-07-28 05:30:00,19.55,1004.45,96.24310761552402,2.556,4.680000000000001,219.5,19.900000000000002,1011.8666666666667,94.0,10.700000000000001,21.4,251.9993901614561
2023-07-28 06:00:00,19.65,1004.4,96.19397743496395,3.024,5.364,213.5,20.3,1011.9333333333334,94.0,12.200000000000001,21.1,246.99786067407612
2023-07-28 06:30:00,19.75,1004.55,96.01085085857088,2.898,6.372,208.49999999999997,20.7,1012.1333333333333,94.0,12.299999999999999,24.5,251.33686150518622
2023-07-28 07:00:00,19.7,1004.7,96.41826109985817,2.5020000000000002,4.680000000000001,212.99999999999997,21.066666666666666,1012.1666666666666,94.0,14.633333333333333,29.3,251.3334650015942
2023-07-28 07:30:00,19.7,1004.8,96.78859784606186,2.79,5.5440000000000005,206.49999999999997,21.5,1012.1,93.33333333333333,19.166666666666668,37.4,245.0
2023-07-28 08:00:00,19.799999999999997,1004.8,97.38057117425498,2.646,4.680000000000001,212.5,21.5,1012.1333333333333,93.0,18.400000000000002,38.0,248.67152760742243
2023-07-28 08:30:00,20.15,1004.9,97.64553185388687,2.88,8.1,206.0,21.400000000000002,1012.2333333333332,93.0,19.0,38.0,241.33003382966783
2023-07-28 09:00:00,20.5,1005.0,96.21964122470763,3.276,6.876,209.5,20.933333333333334,1012.2999999999998,93.0,24.366666666666664,40.1,241.33336342205956
2023-07-28 09:30:00,21.1,1004.95,94.17779604980883,3.6719999999999997,9.108,207.5,21.033333333333335,1012.3333333333334,93.0,21.833333333333332,40.1,249.00563223585544
2023-07-28 10:00:00,21.75,1004.8499999999999,91.48570897703175,4.194,9.648,215.5,20.766666666666666,1012.5,93.0,22.03333333333333,40.1,263.3332279826744
2023-07-28 10:30:00,22.15,1004.75,88.13321052556908,4.302,10.116,217.49999999999997,20.866666666666664,1012.6333333333333,93.66666666666667,24.266666666666666,38.0,267.0006098385439
2023-07-28 11:00:00,21.7,1004.9,89.77182958841703,5.238,11.736,209.5,20.8,1012.7000000000002,94.0,19.233333333333334,38.0,260.0
2023-07-28 11:30:00,21.1,1005.05,95.0540713337437,4.338,8.136,214.5,21.233333333333334,1012.7333333333332,94.0,22.53333333333333,37.3,262.33204180384405
2023-07-28 12:00:00,20.95,1005.1500000000001,95.99383410905412,4.518000000000001,10.584,212.99999999999997,21.3,1012.8333333333334,93.33333333333333,26.133333333333336,40.7,267.66670428043915
2023-07-28 12:30:00,20.6,1005.25,98.41155667187533,3.9419999999999997,8.46,212.0,22.03333333333333,1012.8333333333334,93.0,24.233333333333334,43.3,266.33329571956085
2023-07-28 13:00:00,20.35,1005.45,99.3963178452518,4.014,8.82,226.5,22.03333333333333,1012.8000000000001,92.0,26.566666666666666,43.3,268.66670428043915
2023-07-28 13:30:00,20.45,1005.6,99.40834595631246,3.42,8.892000000000001,222.0,22.233333333333334,1012.7333333333332,90.66666666666667,29.03333333333333,49.6,266.0
2023-07-28 14:00:00,20.7,1005.4,99.84074085641562,3.636,8.892000000000001,224.0,21.7,1012.7666666666668,90.0,30.733333333333334,49.6,265.0001015623428
2023-07-28 14:30:00,20.9,1005.5,99.58202420165804,3.942,9.684,226.0,21.766666666666666,1012.6,89.0,28.400000000000002,49.6,264.9991869439128
2023-07-28 15:00:00,21.0,1005.4,99.63804271465506,4.013999999999999,9.396,217.99999999999997,21.133333333333333,1012.6333333333333,89.33333333333333,24.5,48.2,266.33332957252895
2023-07-28 15:30:00,21.15,1005.3499999999999,99.53600870827219,4.338,11.268,225.5,20.900000000000002,1012.6,91.33333333333333,21.7,45.0,264.9991869439128
2023-07-28 16:00:00,21.2,1005.25,98.16411490005315,4.248,10.512,235.5,20.766666666666666,1012.5333333333333,92.0,24.400000000000002,39.3,270.9957233079115
2023-07-28 16:30:00,20.6,1005.45,98.4112309504442,4.481999999999999,10.512,233.5,20.233333333333334,1012.5,92.66666666666667,22.099999999999998,39.3,278.3330925501716
2023-07-28 17:00:00,20.65,1005.3,99.19504518054265,4.0680000000000005,9.144,228.5,19.966666666666665,1012.5,93.0,19.099999999999998,39.3,275.6663655959727
2023-07-28 17:30:00,20.700000000000003,1005.4,97.72234544012035,4.536,10.08,226.99999999999997,19.733333333333334,1012.4333333333334,93.0,16.400000000000002,31.1,275.9996952201138
2023-07-28 18:00:00,20.6,1005.3,97.68768723891793,4.1579999999999995,8.136,223.0,19.8,1012.6666666666666,94.0,14.9,25.7,274.9975578539419
2023-07-28 18:30:00,20.8,1005.25,96.02639105522368,3.7619999999999996,8.46,226.49999999999997,19.166666666666668,1012.8666666666667,94.0,17.400000000000002,25.7,282.9993901614561
2023-07-28 19:00:00,20.75,1005.2,96.0378475464628,3.5100000000000002,8.568,229.0,18.866666666666664,1012.8000000000001,93.66666666666667,8.0,25.7,257.0935375065022
2023-07-28 19:30:00,20.1,1005.25,98.2228199120971,2.6100000000000003,4.788,242.0,18.400000000000002,1013.0,93.66666666666667,6.6000000000000005,25.7,233.31782875718707
2023-07-28 20:00:00,19.65,1005.4,98.33360727083655,1.9980000000000002,4.032000000000001,239.5,18.2,1013.1999999999999,94.0,5.966666666666666,11.3,222.66582263975212
2023-07-28 20:30:00,19.45,1005.55,98.79066085359362,1.944,4.14,233.99999999999997,18.333333333333332,1013.0,94.0,5.833333333333333,11.3,222.6821712428129
2023-07-28 21:00:00,19.2,1005.8,98.33282526923594,2.3760000000000003,4.5,246.0,18.033333333333335,1012.9333333333334,94.0,5.6000000000000005,11.3,206.99999999999997
2023-07-28 21:30:00,18.6,1005.8499999999999,98.1937911632512,1.728,3.888,222.49999999999997,17.433333333333334,1013.1,94.0,5.933333333333334,11.3,235.63343399930346
2023-07-28 22:00:00,18.299999999999997,1006.05,97.23046946694521,1.296,2.556,217.49999999999997,17.599999999999998,1013.1333333333333,94.66666666666667,5.866666666666667,9.7,230.0
2023-07-28 22:30:00,18.25,1006.1500000000001,97.77596611650273,1.8359999999999999,3.096,201.0,17.8,1013.2333333333332,95.0,8.200000000000001,13.5,265.79679457983775
2023-07-28 23:00:00,18.15,1005.8499999999999,98.53464918770803,1.71,3.168,200.5,18.133333333333336,1013.1666666666666,95.0,6.466666666666668,13.5,275.3316677603159
2023-07-28 23:30:00,17.95,1005.8499999999999,98.73498107945093,1.62,3.24,215.0,18.033333333333335,1013.0333333333333,95.0,4.633333333333333,12.9,274.0
2023-07-29 00:00:00,17.95,1005.95,98.15281839986909,2.1960000000000006,6.84,207.5,17.933333333333334,1012.9666666666667,95.0,5.7,11.3,274.0
2023-07-29 00:30:00,18.1,1006.0,98.7480700073879,2.088,3.708,203.0,18.2,1012.6,95.0,6.233333333333333,12.3,223.3058977212933
2023-07-29 01:00:00,18.2,1006.1500000000001,98.87144448784922,1.476,2.9160000000000004,212.99999999999997,17.966666666666665,1012.3333333333334,95.0,5.666666666666667,12.3,184.33204180384405
2023-07-29 01:30:00,18.15,1006.05,99.39887127003792,1.44,3.06,201.99999999999997,18.266666666666666,1012.2333333333332,95.0,9.700000000000001,14.3,211.332753728081
2023-07-29 02:00:00,18.15,1005.8499999999999,99.2785055094243,1.548,2.7,198.5,18.7,1012.2666666666668,95.0,7.366666666666667,14.5,220.00152529388333
2023-07-29 02:30:00,18.15,1005.8,99.30288008580803,1.638,5.5440000000000005,187.0,18.7,1011.9333333333334,95.0,6.766666666666667,14.5,213.97849839935066
2023-07-29 03:00:00,18.299999999999997,1005.4,99.25224506212018,1.278,4.104,226.0,18.766666666666666,1011.7666666666668,95.0,8.366666666666667,12.1,203.0
2023-07-29 03:30:00,18.3,1005.25,99.51289153515772,0.972,2.592,240.5,18.866666666666664,1011.7000000000002,95.0,8.266666666666667,12.1,204.9993901614561
2023-07-29 04:00:00,18.45,1005.05,99.61690957021455,1.1880000000000002,4.356,234.0,19.033333333333335,1011.6,95.0,8.666666666666666,11.8,211.33227894316346
2023-07-29 04:30:00,18.5,1005.0,99.77569000877236,1.35,3.852,212.50000000000003,19.0,1011.7333333333332,95.0,10.266666666666667,16.4,210.00101701768259
2023-07-29 05:00:00,18.5,1004.8,99.75221337582911,1.116,3.78,206.49999999999997,19.166666666666668,1011.6666666666666,95.66666666666667,10.866666666666667,16.4,201.99969522011378
2023-07-29 05:30:00,18.55,1004.6,99.8564518092072,1.2240000000000002,3.42,217.49999999999997,19.3,1011.8333333333334,96.0,12.6,17.9,212.00060983854388
2023-07-29 06:00:00,18.7,1004.5,99.76342504909121,1.3320000000000003,4.212,212.99999999999997,19.333333333333332,1011.6666666666666,96.0,12.966666666666667,21.3,211.66500913598082
2023-07-29 06:30:00,18.7,1004.55,100.0,1.8000000000000003,6.192,215.49999999999997,19.733333333333334,1011.7333333333332,96.0,10.433333333333332,21.3,233.33332957252898
2023-07-29 07:00:00,18.8,1004.7,99.78688592355803,1.9620000000000002,7.308,218.5,20.2,1012.0,96.0,16.866666666666664,38.9,255.3349942837838
2023-07-29 07:30:00,18.95,1004.55,99.76944942689926,1.8719999999999999,6.876,212.5,19.833333333333332,1012.2666666666668,96.0,26.599999999999998,40.9,274.33336342205956
2023-07-29 08:00:00,19.0,1004.8,99.8317705846022,2.0520000000000005,7.74,227.0,19.633333333333336,1012.6,96.0,25.833333333333332,40.9,268.3332279826744
2023-07-29 08:30:00,19.05,1004.6,99.92900416695295,2.1239999999999997,6.588,224.99999999999997,19.833333333333332,1012.8000000000001,96.0,24.133333333333336,40.9,271.3316677603159
2023-07-29 09:00:00,19.35,1004.6,99.64728594732891,2.628,7.524,210.5,20.3,1012.8666666666667,95.66666666666667,17.333333333333332,36.0,279.0
2023-07-29 09:30:00,19.700000000000003,1004.8499999999999,99.99987345533006,3.708,8.1,206.49999999999997,20.400000000000002,1012.9666666666667,95.0,14.433333333333332,33.9,294.66415962311856
2023-07-29 10:00:00,19.95,1005.05,99.93877038085968,3.582,7.884,223.5,21.066666666666666,1013.1,95.0,17.03333333333333,27.0,278.00101701768256
2023-07-29 10:30:00,19.65,1005.4,99.82619060935241,3.636,6.516,240.0,21.933333333333334,1013.2000000000002,94.33333333333333,17.900000000000002,28.2,264.0
2023-07-29 11:00:00,19.35,1005.6,99.89277930535266,3.1319999999999997,7.704000000000001,235.99999999999997,21.8,1013.3666666666667,93.33333333333333,16.366666666666664,28.2,258.6665349984058
2023-07-29 11:30:00,19.8,1005.55,99.73738679174011,2.718,6.372,237.0,22.233333333333334,1013.3333333333334,91.33333333333333,13.766666666666666,27.5,258.66717930710007
2023-07-29 12:00:00,20.15,1005.75,99.46697839346524,2.4300000000000006,5.976,232.5,22.366666666666664,1013.4666666666667,89.0,17.666666666666668,28.1,264.9991869439128
2023-07-29 12:30:00,21.0,1005.6500000000001,98.98606809002905,3.6,8.136,221.5,22.366666666666664,1013.5666666666666,84.66666666666667,21.3,28.6,278.0006098385439
2023-07-29 13:00:00,21.15,1005.8,97.55222276737331,3.366,8.316,226.99999999999997,22.166666666666668,1013.5,81.33333333333333,23.233333333333334,30.9,275.32956305530234
2023-07-29 13:30:00,21.65,1005.8,94.37360308411544,3.9419999999999997,7.704000000000001,224.0,22.7,1013.5333333333333,80.0,23.133333333333336,31.7,273.0003047798862
2023-07-29 14:00:00,22.15,1005.8,92.49189423082217,3.636,8.028,227.5,22.599999999999998,1013.9,79.0,25.099999999999998,34.0,272.3332279826744
2023-07-29 14:30:00,21.9,1005.95,90.0782365364357,3.366,8.316,229.5,22.96666666666667,1014.1333333333333,80.33333333333333,24.866666666666664,37.5,272.667246271919
2023-07-29 15:00:00,22.05,1005.8499999999999,88.34659684804751,3.51,6.912,242.99999999999997,23.333333333333332,1014.2666666666668,77.66666666666667,30.53333333333333,43.6,272.66663657794044
2023-07-29 15:30:00,21.65,1006.1500000000001,86.4121529465317,3.204,6.732,250.5,22.866666666666664,1014.3666666666667,77.0,32.56666666666667,43.6,275.33332957252895
2023-07-29 16:00:00,21.95,1006.25,86.46007436553695,3.24,6.372,242.99999999999997,22.8,1014.3666666666667,76.33333333333333,28.366666666666664,43.6,275.9996952201138
2023-07-29 16:30:00,22.15,1006.55,85.14919754813036,3.726,7.776000000000001,245.0,22.333333333333332,1014.5666666666666,77.33333333333333,30.733333333333334,43.1,273.3338717844033
2023-07-29 17:00:00,22.200000000000003,1006.6500000000001,84.60160625828935,3.816,6.696000000000001,249.0,21.633333333333336,1014.7000000000002,79.0,28.666666666666668,42.1,272.9998984376572
2023-07-29 17:30:00,22.55,1006.75,81.40580577396697,4.3740000000000006,9.72,244.0,20.966666666666665,1015.0,80.0,33.4,50.3,282.0
2023-07-29 18:00:00,22.8,1006.8499999999999,77.96424733518026,4.788,10.692,241.0,20.266666666666666,1015.2666666666668,78.66666666666667,29.5,50.3,281.6667720173256
2023-07-29 18:30:00,22.55,1006.95,77.7638699333921,4.266,9.252,234.0,19.566666666666666,1015.6666666666666,80.66666666666667,27.400000000000002,43.2,290.6605774686242
2023-07-29 19:00:00,22.25,1007.3,76.83919969662098,4.284,8.892000000000001,242.99999999999997,18.433333333333334,1015.9,80.66666666666667,24.03333333333333,42.0,300.9998984376572
2023-07-29 19:30:00,21.55,1007.55,77.07265338909914,3.978,7.272,246.0,17.766666666666666,1016.2000000000002,82.0,21.266666666666666,42.0,301.6665349984058
2023-07-29 20:00:00,20.85,1007.9,81.2797657584031,4.32,8.82,246.0,17.433333333333334,1016.6333333333333,83.0,18.46666666666667,36.4,300.3333634220596
2023-07-29 20:30:00,19.85,1008.2,81.34746209496029,4.284000000000001,10.044,246.49999999999997,17.8,1016.9666666666667,83.33333333333333,16.166666666666668,32.9,306.3334650015942
2023-07-29 21:00:00,19.0,1008.55,81.82422238457968,3.3840000000000003,6.48,242.5,17.066666666666666,1017.1666666666666,83.33333333333333,18.133333333333336,26.5,298.3332957195608
2023-07-29 21:30:00,18.1,1008.95,83.01539355373437,3.582,7.02,254.0,16.166666666666668,1017.4,84.66666666666667,14.200000000000001,26.5,301.6656878139716
2023-07-29 22:00:00,17.2,1009.2,84.25878227390413,2.682,5.472,249.5,14.9,1017.6333333333333,87.66666666666667,10.966666666666667,26.5,299.66795819615595
2023-07-29 22:30:00,16.65,1009.8,85.61231438725254,2.322,3.924,251.0,14.0,1017.8333333333334,89.66666666666667,9.633333333333333,17.0,286.3343121860284
2023-07-29 23:00:00,16.3,1010.0,87.49099334755347,1.278,2.736,251.0,13.9,1018.1999999999999,90.66666666666667,11.299999999999999,16.8,290.66762222421085
2023-07-29 23:30:00,15.600000000000001,1010.2,89.79685292040168,0.9179999999999999,1.764,260.0,13.5,1018.2666666666668,91.33333333333333,10.933333333333332,16.8,297.33227894316343
2023-07-30 00:00:00,14.8,1010.3499999999999,92.27736039414074,0.7920000000000001,2.4120000000000004,331.5,13.433333333333332,1018.4333333333334,92.0,12.5,16.8,298.0
2023-07-30 00:30:00,14.7,1010.55,92.66631680068048,0.9,2.0160000000000005,251.0,13.733333333333334,1018.6,92.0,14.6,16.8,298.33204180384405
2023-07-30 01:00:00,14.75,1010.8,93.1129554643821,1.314,2.556,250.5,13.666666666666666,1018.6,92.0,11.766666666666666,16.8,298.3332279826744
2023-07-30 01:30:00,14.55,1010.95,94.04971626415204,0.954,2.4120000000000004,252.5,13.233333333333334,1018.5666666666666,92.0,6.1000000000000005,16.1,289.0
2023-07-30 02:00:00,14.45,1011.05,94.08268684998258,1.1700000000000002,2.628,243.0,13.1,1018.7666666666668,92.66666666666667,5.566666666666666,12.9,289.0
2023-07-30 02:30:00,14.3,1011.1500000000001,93.58932254590098,1.0260000000000002,1.764,254.5,13.133333333333333,1018.7333333333332,93.0,5.933333333333334,9.7,289.0
2023-07-30 03:00:00,14.05,1011.4,94.08842483417226,0.9720000000000002,2.196,252.99999999999997,13.366666666666667,1018.6666666666666,93.0,6.8999999999999995,10.4,290.3330925501716
2023-07-30 03:30:00,13.600000000000001,1011.3,96.02432802588211,1.026,2.196,10.0,14.133333333333333,1018.9333333333334,93.0,3.5666666666666664,9.7,289.0
2023-07-30 04:00:00,13.1,1011.3,96.64389355773667,0.972,1.728,70.5,14.666666666666666,1019.1666666666666,93.0,7.233333333333334,13.8,273.6832565598084
2023-07-30 04:30:00,13.9,1011.55,95.56831021356172,0.6300000000000001,1.476,2.999999999999998,14.166666666666666,1019.4333333333334,93.0,5.366666666666667,12.9,262.0
2023-07-30 05:00:00,13.6,1011.4,97.96866096399461,0.81,1.548,84.50000000000001,14.366666666666667,1019.5,93.0,4.133333333333334,12.9,286.9923575256448
2023-07-30 05:30:00,13.3,1011.45,97.09197343153394,1.008,2.556,111.50000000000001,15.266666666666666,1019.7666666666668,93.33333333333333,5.333333333333333,10.8,337.9998984376572
2023-07-30 06:00:00,14.05,1011.75,95.26609203756195,1.53,4.752000000000001,132.5,15.833333333333334,1019.9666666666667,93.0,1.1666666666666667,9.7,336.666670427471
2023-07-30 06:30:00,14.6,1012.05,96.09353712642076,1.1880000000000002,2.772,112.5,16.599999999999998,1020.1333333333333,93.0,2.1999999999999997,8.0,336.0
2023-07-30 07:00:00,14.7,1012.25,96.16550280078272,1.17,3.24,136.0,17.766666666666666,1020.2999999999998,91.66666666666667,2.6999999999999997,4.8,336.0
2023-07-30 07:30:00,15.1,1012.45,95.43472396814991,1.134,3.96,126.0,18.833333333333332,1020.4666666666667,88.0,3.8666666666666667,11.3,161.88015246476803
2023-07-30 08:00:00,15.399999999999999,1012.6500000000001,95.50021378330774,1.17,3.3480000000000003,149.5,19.599999999999998,1020.6333333333333,80.33333333333333,9.5,16.7,289.0
2023-07-30 08:30:00,16.05,1012.8499999999999,94.72856017364916,0.864,2.772,203.5,20.03333333333333,1020.6666666666666,69.33333333333333,12.066666666666668,21.1,291.33455141203405
2023-07-30 09:00:00,16.9,1012.8499999999999,94.20069314128267,1.35,4.464,148.5,20.333333333333332,1020.8333333333334,68.33333333333333,12.866666666666667,21.1,290.65376176915754
2023-07-30 09:30:00,18.1,1012.8499999999999,89.0066939768151,1.674,3.78,150.0,20.5,1020.9333333333334,68.33333333333333,16.766666666666666,30.0,279.3343121860284
2023-07-30 10:00:00,19.15,1012.95,85.91235233734074,2.034,6.012,196.0,21.633333333333336,1020.9666666666667,66.66666666666667,15.466666666666667,30.0,287.6670094218673
2023-07-30 10:30:00,19.95,1013.1500000000001,80.16269410360997,2.124,7.164,226.49999999999997,21.633333333333336,1021.1,64.33333333333333,18.666666666666668,31.1,274.3254767656713
2023-07-30 11:00:00,19.8,1013.3,71.87739536522915,1.9620000000000002,6.696000000000001,240.5,21.933333333333334,1021.3000000000001,62.0,16.966666666666665,31.1,272.3334650015942
2023-07-30 11:30:00,20.05,1013.3499999999999,70.82645725768434,2.628,6.444,241.5,22.633333333333336,1021.1666666666666,60.333333333333336,16.533333333333335,29.4,275.6749645319323
2023-07-30 12:00:00,20.8,1013.35,66.85568814225735,2.8260000000000005,6.3,244.5,22.8,1021.1666666666666,61.0,19.166666666666668,30.4,280.66795819615595
2023-07-30 12:30:00,21.05,1013.5,66.90448254938067,2.6640000000000006,7.848000000000001,251.5,22.833333333333332,1021.1666666666666,61.666666666666664,19.5,31.2,277.3349908640192
2023-07-30 13:00:00,21.049999999999997,1013.8,66.456810545064,2.592,6.5520000000000005,260.5,22.8,1021.2333333333332,59.666666666666664,19.0,31.2,277.6663655959727
2023-07-30 13:30:00,21.200000000000003,1013.8,65.3414286129921,3.114,6.66,242.0,22.7,1021.2999999999998,62.0,21.46666666666667,33.9,284.3290095770213
2023-07-30 14:00:00,22.55,1013.5,60.055527977758445,3.1140000000000003,7.416,234.5,22.333333333333332,1021.2333333333332,62.666666666666664,19.5,33.9,277.9957233079115
2023-07-30 14:30:00,23.45,1013.4,54.51411902402354,3.474,8.136,247.5,22.666666666666668,1021.0333333333333,64.0,19.933333333333334,40.9,273.66717930710007
2023-07-30 15:00:00,23.700000000000003,1013.3499999999999,52.801827740027036,3.7800000000000002,11.34,240.99999999999997,22.900000000000002,1020.9,59.333333333333336,19.333333333333332,40.9,290.6532613256534
2023-07-30 15:30:00,23.3,1013.55,53.69087861035514,3.3840000000000003,6.803999999999999,237.0,22.566666666666666,1020.7999999999998,57.333333333333336,17.633333333333333,40.9,285.01574851103726
2023-07-30 16:00:00,23.450000000000003,1013.6,53.67887743386691,3.7439999999999998,8.172,245.5,22.5,1020.7333333333332,56.333333333333336,16.833333333333332,32.1,285.0
2023-07-30 16:30:00,23.75,1013.5,52.255816029616575,3.8339999999999996,8.352,231.0,21.900000000000002,1020.6999999999999,59.0,18.933333333333334,31.6,279.99347765905793
2023-07-30 17:00:00,23.9,1013.45,51.85101359207465,3.816,11.376,217.0,21.53333333333333,1020.6666666666666,62.666666666666664,20.233333333333334,32.3,271.3332957195608
2023-07-30 17:30:00,23.15,1013.55,54.641590900535135,2.898,5.760000000000001,242.5,20.866666666666664,1020.9333333333334,65.33333333333333,20.666666666666668,32.3,278.9938848381901
2023-07-30 18:00:00,22.5,1013.4,56.72171374177334,2.5920000000000005,5.652,250.0,20.133333333333333,1021.0333333333333,68.0,21.599999999999998,32.3,281.3329905781327
2023-07-30 18:30:00,22.35,1013.3,55.51835550621498,2.5920000000000005,5.4,250.0,19.566666666666666,1021.0,69.33333333333333,18.933333333333334,29.8,282.33346500159416
2023-07-30 19:00:00,22.0,1013.45,53.929669713600646,3.258,6.768,242.5,18.766666666666666,1021.0,73.0,16.0,28.6,286.667246271919
2023-07-30 19:30:00,21.5,1013.6500000000001,54.59654576705884,3.1500000000000004,6.408,236.5,17.766666666666666,1021.0666666666666,76.0,13.066666666666668,25.8,293.00152529388333
2023-07-30 20:00:00,20.7,1013.8499999999999,61.34132741308652,2.898,5.04,250.5,16.233333333333334,1021.2333333333332,80.66666666666667,10.2,21.9,296.0
2023-07-30 20:30:00,19.85,1014.0,67.12347187615599,2.592,4.356,254.5,15.466666666666667,1021.2333333333332,84.66666666666667,10.366666666666667,15.4,289.0
2023-07-30 21:00:00,19.15,1014.1,69.68214838254156,1.9260000000000002,4.284,254.0,14.933333333333332,1021.3333333333334,86.33333333333333,8.333333333333334,12.9,288.3330925501716
2023-07-30 21:30:00,17.950000000000003,1014.1500000000001,74.30535165347635,0.8099999999999999,2.52,293.0,14.700000000000001,1021.1999999999999,87.66666666666667,6.166666666666667,11.3,287.0
2023-07-30 22:00:00,17.0,1014.2,77.98490677566548,0.8460000000000001,2.16,251.5,14.833333333333334,1021.0,88.66666666666667,3.766666666666667,9.7,287.0
2023-07-30 22:30:00,16.35,1014.3499999999999,81.63149229776303,0.9180000000000001,2.3040000000000003,230.5,15.466666666666667,1020.6999999999999,89.0,4.8999999999999995,9.7,287.0
2023-07-30 23:00:00,16.05,1014.3,83.54862128049902,1.2240000000000002,2.8080000000000003,240.99999999999997,15.1,1020.2666666666668,89.0,5.433333333333334,8.0,257.85601419356465
2023-07-30 23:30:00,15.850000000000001,1014.25,84.53946831994341,1.0620000000000003,2.268,250.0,14.366666666666667,1020.1,89.66666666666667,4.366666666666666,8.0,233.99999999999997
